date,destination,lat,lon,is_weekend,month,dow,temp_c,rain,marketing_spend,social_sentiment,price_index,bookings,avg_party_size,channel,lead_time_days,rooms_available,guides_available,vehicles_available
2025-05-25,Goa,15.2993,74.124,1,5,6,38.9,0,98.71,0.011,76.84,857,2,Agent,7,2000,250,800
2024-12-31,Jaipur,26.9124,75.7873,0,12,1,16.9,0,252.21,1.0,55.8,569,2,Kiosk,22,1500,180,600
2025-01-17,Andaman,11.7401,92.6586,0,1,4,20.2,0,363.87,0.709,89.15,640,3,App,15,900,120,300
2024-11-18,Goa,15.2993,74.124,0,11,0,21.7,0,899.93,0.141,81.5,676,3,Kiosk,2,2000,250,800
2024-04-08,Varanasi,25.3176,82.9739,0,4,0,30.8,0,1267.37,0.603,59.62,393,2,Agent,6,1400,160,500
2024-01-18,Goa,15.2993,74.124,0,1,3,23.2,0,869.03,0.136,78.41,942,2,Web,20,2000,250,800
2025-08-18,Kerala,10.8505,76.2711,0,8,0,35.6,0,324.03,0.866,58.26,371,2,Agent,8,1700,220,700
2024-04-16,Varanasi,25.3176,82.9739,0,4,1,30.5,0,469.21,0.156,43.22,633,3,Web,11,1400,160,500
2024-05-03,Kerala,10.8505,76.2711,0,5,4,37.2,0,490.43,0.332,70.36,716,2,App,4,1700,220,700
2025-07-23,Agra,27.1767,78.0081,0,7,2,37.0,0,224.36,0.358,49.48,298,1,App,9,1300,150,550
2024-08-02,Agra,27.1767,78.0081,0,8,4,32.7,1,816.06,-0.479,47.29,767,2,App,30,1300,150,550
2024-04-06,Goa,15.2993,74.124,1,4,5,36.5,0,184.79,0.124,85.89,883,1,Agent,10,2000,250,800
2024-04-23,Leh,34.1526,77.5771,0,4,1,14.8,0,144.33,0.669,107.8,82,2,App,3,600,90,220
2025-09-30,Goa,15.2993,74.124,0,9,1,30.2,0,1335.54,-0.051,69.73,708,3,App,8,2000,250,800
2024-02-17,Kerala,10.8505,76.2711,1,2,5,24.4,0,745.88,-0.202,68.49,841,3,Web,25,1700,220,700
2024-03-14,Goa,15.2993,74.124,0,3,3,30.9,0,481.31,-0.266,83.02,552,3,Agent,17,2000,250,800
2025-06-28,Agra,27.1767,78.0081,1,6,5,37.6,1,469.28,-1.0,55.74,451,2,Kiosk,19,1300,150,550
2024-08-12,Andaman,11.7401,92.6586,0,8,0,33.8,0,743.07,0.401,97.07,517,2,Kiosk,20,900,120,300
2024-04-21,Goa,15.2993,74.124,1,4,6,35.8,0,353.25,0.662,82.21,579,1,Agent,10,2000,250,800
2025-02-13,Varanasi,25.3176,82.9739,0,2,3,23.0,0,663.73,0.227,51.84,349,2,Kiosk,30,1400,160,500
2024-12-05,Manali,32.2432,77.1892,0,12,3,5.9,0,294.96,0.837,72.26,455,3,Agent,12,1200,140,450
2024-09-10,Goa,15.2993,74.124,0,9,1,29.8,1,426.48,0.127,79.99,602,3,Kiosk,3,2000,250,800
2025-02-24,Agra,27.1767,78.0081,0,2,0,22.3,0,38.84,0.357,67.96,770,2,Kiosk,13,1300,150,550
2025-08-31,Agra,27.1767,78.0081,1,8,6,32.7,0,724.79,0.564,56.2,580,2,Agent,2,1300,150,550
2024-07-27,Goa,15.2993,74.124,1,7,5,38.0,0,96.03,0.288,73.91,1034,1,Web,1,2000,250,800
2024-03-09,Jaipur,26.9124,75.7873,1,3,5,26.2,0,188.18,-1.0,54.29,296,2,Kiosk,8,1500,180,600
2025-03-27,Andaman,11.7401,92.6586,0,3,3,27.4,0,280.04,-0.77,88.13,446,1,Web,16,900,120,300
2024-01-03,Varanasi,25.3176,82.9739,0,1,2,18.5,0,163.97,-0.067,54.9,235,1,Agent,20,1400,160,500
2024-12-06,Agra,27.1767,78.0081,0,12,4,16.7,0,136.71,0.334,48.9,469,2,App,14,1300,150,550
2024-02-09,Leh,34.1526,77.5771,0,2,4,4.1,0,506.79,0.194,108.79,215,2,Kiosk,17,600,90,220
2024-11-18,Varanasi,25.3176,82.9739,0,11,0,18.0,0,1095.71,-0.724,47.26,339,1,App,3,1400,160,500
2025-08-19,Manali,32.2432,77.1892,0,8,1,18.6,0,382.2,-0.539,68.09,509,1,App,8,1200,140,450
2025-07-13,Varanasi,25.3176,82.9739,1,7,6,35.7,0,225.49,-0.302,43.61,566,2,App,22,1400,160,500
2025-05-19,Varanasi,25.3176,82.9739,0,5,0,35.5,0,214.15,0.187,49.18,519,3,Web,3,1400,160,500
2024-06-25,Agra,27.1767,78.0081,0,6,1,34.2,0,965.07,-0.256,51.19,875,1,App,20,1300,150,550
2024-05-15,Andaman,11.7401,92.6586,0,5,2,37.6,0,182.82,-0.279,89.89,348,1,Kiosk,32,900,120,300
2024-04-09,Manali,32.2432,77.1892,0,4,1,19.3,0,1719.05,0.674,74.24,311,1,Kiosk,16,1200,140,450
2025-01-15,Kerala,10.8505,76.2711,0,1,2,20.3,0,550.88,0.439,75.79,915,2,Web,15,1700,220,700
2024-06-29,Leh,34.1526,77.5771,1,6,5,20.6,0,1514.11,0.134,97.83,496,3,Kiosk,15,600,90,220
2024-12-24,Leh,34.1526,77.5771,0,12,1,2.3,0,522.33,0.267,99.28,293,1,App,21,600,90,220
2024-08-01,Goa,15.2993,74.124,0,8,3,37.7,0,720.41,0.671,79.31,687,2,Web,8,2000,250,800
2025-09-22,Leh,34.1526,77.5771,0,9,0,8.3,1,266.1,0.122,86.92,82,3,Web,9,600,90,220
2025-02-15,Goa,15.2993,74.124,1,2,5,24.9,0,198.11,0.382,76.06,877,2,Agent,3,2000,250,800
2024-10-17,Varanasi,25.3176,82.9739,0,10,3,20.0,0,605.78,-0.056,55.59,358,2,Agent,46,1400,160,500
2025-08-11,Agra,27.1767,78.0081,0,8,0,32.7,0,157.17,-1.0,59.65,419,3,Kiosk,9,1300,150,550
2024-04-16,Goa,15.2993,74.124,0,4,1,34.8,0,666.22,0.203,73.21,816,2,App,29,2000,250,800
2025-07-30,Jaipur,26.9124,75.7873,0,7,2,35.5,0,282.28,0.353,59.98,503,2,Agent,2,1500,180,600
2025-02-22,Jaipur,26.9124,75.7873,1,2,5,20.7,0,772.22,-0.686,55.91,650,1,App,29,1500,180,600
2025-01-29,Agra,27.1767,78.0081,0,1,2,18.6,0,378.44,0.241,58.38,281,3,App,6,1300,150,550
2024-05-26,Agra,27.1767,78.0081,1,5,6,36.6,0,740.06,-1.0,63.4,763,3,App,11,1300,150,550
2025-04-29,Agra,27.1767,78.0081,0,4,1,33.2,0,280.1,-0.162,59.43,538,3,App,2,1300,150,550
2024-09-28,Varanasi,25.3176,82.9739,1,9,5,28.6,0,232.54,-0.319,43.99,423,3,Agent,61,1400,160,500
2025-02-15,Leh,34.1526,77.5771,1,2,5,5.1,0,160.67,0.138,98.39,287,2,App,9,600,90,220
2024-06-07,Varanasi,25.3176,82.9739,0,6,4,38.3,0,330.0,0.626,60.94,259,2,Kiosk,10,1400,160,500
2024-06-29,Varanasi,25.3176,82.9739,1,6,5,38.8,0,349.45,-0.602,43.49,587,2,App,4,1400,160,500
2025-08-05,Kerala,10.8505,76.2711,0,8,1,34.7,0,90.08,-0.069,59.62,894,1,Kiosk,11,1700,220,700
2024-12-31,Jaipur,26.9124,75.7873,0,12,1,17.0,0,731.57,-0.009,57.12,451,2,Web,4,1500,180,600
2025-01-06,Varanasi,25.3176,82.9739,0,1,0,17.2,0,88.95,1.0,52.0,527,2,Web,5,1400,160,500
2024-06-03,Jaipur,26.9124,75.7873,0,6,0,38.0,0,415.59,-0.064,64.61,885,2,App,26,1500,180,600
2025-01-25,Agra,27.1767,78.0081,1,1,5,18.6,0,919.24,0.192,50.67,576,2,Agent,6,1300,150,550
2024-09-12,Kerala,10.8505,76.2711,0,9,3,30.3,0,92.67,0.151,74.12,607,2,Agent,27,1700,220,700
2024-09-01,Agra,27.1767,78.0081,1,9,6,29.3,0,393.39,-0.063,63.94,647,2,Agent,12,1300,150,550
2024-12-25,Kerala,10.8505,76.2711,0,12,2,19.8,0,562.16,0.264,72.02,535,1,Agent,22,1700,220,700
2024-05-09,Jaipur,26.9124,75.7873,0,5,3,36.3,0,798.74,0.106,56.72,948,2,Web,5,1500,180,600
2025-07-09,Agra,27.1767,78.0081,0,7,2,36.0,0,486.63,-0.234,47.34,494,3,Kiosk,7,1300,150,550
2024-07-05,Goa,15.2993,74.124,0,7,4,39.5,0,972.79,0.18,69.76,768,1,Web,20,2000,250,800
2024-12-23,Leh,34.1526,77.5771,0,12,0,0.6,1,823.48,0.697,87.63,551,2,App,23,600,90,220
2025-06-21,Varanasi,25.3176,82.9739,1,6,5,36.8,0,228.36,-0.035,49.08,689,2,Kiosk,10,1400,160,500
2025-03-10,Leh,34.1526,77.5771,0,3,0,8.0,0,114.79,0.936,92.08,501,3,Agent,7,600,90,220
2024-11-01,Agra,27.1767,78.0081,0,11,4,17.4,0,2103.14,-0.547,67.17,495,3,App,9,1300,150,550
2025-06-14,Kerala,10.8505,76.2711,1,6,5,39.6,0,84.95,0.581,63.82,579,2,Agent,2,1700,220,700
2025-04-10,Kerala,10.8505,76.2711,0,4,3,35.8,0,221.93,-0.857,70.61,641,3,Agent,5,1700,220,700
2025-05-28,Jaipur,26.9124,75.7873,0,5,2,37.2,0,493.11,-0.641,63.64,793,1,Agent,12,1500,180,600
2024-02-21,Manali,32.2432,77.1892,0,2,2,8.5,0,328.51,0.796,70.2,649,2,Agent,23,1200,140,450
2024-10-31,Jaipur,26.9124,75.7873,0,10,3,21.2,0,231.24,-0.279,66.29,325,3,Agent,26,1500,180,600
2024-02-26,Manali,32.2432,77.1892,0,2,0,10.5,0,409.59,-0.051,80.87,440,2,Web,20,1200,140,450
2024-12-08,Varanasi,25.3176,82.9739,1,12,6,16.8,0,488.47,-0.363,55.09,541,3,Agent,6,1400,160,500
2025-05-30,Agra,27.1767,78.0081,0,5,4,34.2,0,402.19,-0.484,54.55,717,2,App,9,1300,150,550
2024-03-08,Jaipur,26.9124,75.7873,0,3,4,28.5,0,198.75,1.0,52.56,672,2,Web,24,1500,180,600
2024-05-19,Manali,32.2432,77.1892,1,5,6,22.4,0,736.5,0.692,84.26,399,2,App,15,1200,140,450
2025-04-18,Manali,32.2432,77.1892,0,4,4,19.9,0,399.4,-0.207,78.38,548,3,Agent,17,1200,140,450
2025-09-07,Manali,32.2432,77.1892,1,9,6,16.0,1,260.05,-0.707,71.53,211,2,App,4,1200,140,450
2025-05-04,Varanasi,25.3176,82.9739,1,5,6,36.8,1,393.75,0.587,45.17,319,1,App,11,1400,160,500
2024-12-20,Varanasi,25.3176,82.9739,0,12,4,16.6,0,118.75,-0.447,49.33,364,1,Web,8,1400,160,500
2024-01-04,Kerala,10.8505,76.2711,0,1,3,19.8,0,247.39,-1.0,66.01,579,2,Kiosk,31,1700,220,700
2024-09-16,Leh,34.1526,77.5771,0,9,0,10.4,1,921.46,-0.048,91.24,149,2,Kiosk,25,600,90,220
2024-08-10,Goa,15.2993,74.124,1,8,5,36.6,0,232.77,-0.05,69.67,888,2,Agent,3,2000,250,800
2024-09-19,Leh,34.1526,77.5771,0,9,3,10.1,0,49.87,0.212,91.04,0,2,Agent,12,600,90,220
2024-09-22,Agra,27.1767,78.0081,1,9,6,25.9,0,929.37,0.601,64.64,768,2,Web,1,1300,150,550
2024-03-28,Kerala,10.8505,76.2711,0,3,3,27.5,0,261.71,-0.552,53.21,483,3,App,6,1700,220,700
2024-01-15,Leh,34.1526,77.5771,0,1,0,1.4,0,511.7,0.38,96.01,481,2,Agent,9,600,90,220
2025-04-12,Jaipur,26.9124,75.7873,1,4,5,31.4,0,459.79,0.729,67.16,844,1,App,15,1500,180,600
2024-07-17,Varanasi,25.3176,82.9739,0,7,2,35.5,0,83.4,-0.791,51.09,498,3,Kiosk,9,1400,160,500
2024-05-20,Varanasi,25.3176,82.9739,0,5,0,35.8,0,201.23,0.384,38.78,175,3,Kiosk,28,1400,160,500
2025-03-14,Varanasi,25.3176,82.9739,0,3,4,25.9,0,500.14,0.065,59.89,387,2,Agent,2,1400,160,500
2025-06-23,Manali,32.2432,77.1892,0,6,0,25.4,0,379.22,0.316,82.48,663,1,Kiosk,20,1200,140,450
2025-02-05,Varanasi,25.3176,82.9739,0,2,2,19.5,0,641.5,0.366,44.81,550,2,Web,4,1400,160,500
2025-09-20,Kerala,10.8505,76.2711,1,9,5,30.3,0,577.57,0.869,62.32,829,1,Kiosk,11,1700,220,700
2024-04-09,Goa,15.2993,74.124,0,4,1,35.0,0,278.26,0.408,69.51,443,2,Kiosk,7,2000,250,800
2024-07-12,Agra,27.1767,78.0081,0,7,4,36.6,0,296.38,-0.584,55.46,643,3,Agent,6,1300,150,550
2025-05-08,Kerala,10.8505,76.2711,0,5,3,38.1,0,501.91,0.079,68.55,767,3,Kiosk,18,1700,220,700
2024-01-17,Varanasi,25.3176,82.9739,0,1,2,18.1,0,736.01,0.504,48.7,626,1,App,4,1400,160,500
2024-12-26,Andaman,11.7401,92.6586,0,12,3,18.5,0,651.6,-0.148,87.16,569,2,App,7,900,120,300
2024-04-19,Andaman,11.7401,92.6586,0,4,4,34.3,0,535.91,0.121,84.02,379,4,Agent,5,900,120,300
2024-03-27,Goa,15.2993,74.124,0,3,2,32.1,0,808.28,0.565,83.15,551,3,Kiosk,11,2000,250,800
2024-02-16,Goa,15.2993,74.124,0,2,4,26.1,0,197.35,1.0,81.06,883,3,Kiosk,5,2000,250,800
2024-09-28,Andaman,11.7401,92.6586,1,9,5,27.2,0,976.83,-0.475,82.66,443,1,App,6,900,120,300
2024-11-11,Leh,34.1526,77.5771,0,11,0,0.6,0,544.65,0.512,87.54,294,3,Agent,12,600,90,220
2024-10-23,Manali,32.2432,77.1892,0,10,2,9.2,0,414.15,0.596,67.58,443,1,Kiosk,4,1200,140,450
2025-02-13,Andaman,11.7401,92.6586,0,2,3,23.0,0,203.32,0.95,92.22,326,2,Kiosk,7,900,120,300
2024-10-28,Varanasi,25.3176,82.9739,0,10,0,23.1,0,826.45,1.0,44.96,808,3,Web,18,1400,160,500
2025-03-09,Leh,34.1526,77.5771,1,3,6,9.8,0,132.32,-0.102,87.44,218,2,Agent,22,600,90,220
2025-02-23,Varanasi,25.3176,82.9739,1,2,6,23.2,0,214.84,-0.72,46.14,511,3,App,9,1400,160,500
2025-01-20,Kerala,10.8505,76.2711,0,1,0,19.9,0,211.53,0.207,75.06,478,3,App,12,1700,220,700
2025-05-01,Goa,15.2993,74.124,0,5,3,37.5,0,249.06,0.475,88.52,460,2,Kiosk,1,2000,250,800
2024-03-01,Leh,34.1526,77.5771,0,3,4,8.8,0,335.74,0.819,99.32,357,3,Web,34,600,90,220
2024-11-17,Leh,34.1526,77.5771,1,11,6,3.9,0,96.78,-0.307,90.66,338,2,App,10,600,90,220
2024-11-19,Leh,34.1526,77.5771,0,11,1,2.2,0,646.8,-0.272,85.19,252,2,Web,11,600,90,220
2024-03-29,Varanasi,25.3176,82.9739,0,3,4,26.4,0,802.48,0.559,45.14,682,1,Agent,4,1400,160,500
2024-05-21,Manali,32.2432,77.1892,0,5,1,23.2,0,255.54,-0.268,76.11,542,2,App,5,1200,140,450
2025-02-16,Leh,34.1526,77.5771,1,2,6,5.2,0,1181.44,-0.144,92.21,216,2,Agent,8,600,90,220
2024-12-30,Goa,15.2993,74.124,0,12,0,18.2,0,267.87,0.474,74.69,693,2,Agent,1,2000,250,800
2024-11-15,Agra,27.1767,78.0081,0,11,4,19.5,0,1178.84,0.559,65.27,809,4,Web,5,1300,150,550
2024-12-06,Jaipur,26.9124,75.7873,0,12,4,19.1,0,287.57,-0.261,64.1,525,2,Agent,13,1500,180,600
2025-09-23,Andaman,11.7401,92.6586,0,9,1,26.6,0,269.28,0.709,86.37,590,2,Web,4,900,120,300
2025-05-11,Agra,27.1767,78.0081,1,5,6,37.0,0,418.7,0.762,58.51,581,3,Agent,2,1300,150,550
2025-04-25,Agra,27.1767,78.0081,0,4,4,32.7,0,261.33,0.791,36.01,554,2,App,14,1300,150,550
2025-01-12,Goa,15.2993,74.124,1,1,6,20.8,0,63.22,0.818,75.0,902,3,Kiosk,15,2000,250,800
2025-02-28,Kerala,10.8505,76.2711,0,2,4,22.2,0,346.59,0.42,76.09,725,2,Web,7,1700,220,700
2025-04-17,Goa,15.2993,74.124,0,4,3,36.5,0,365.84,1.0,84.58,429,2,Agent,11,2000,250,800
2024-02-28,Kerala,10.8505,76.2711,0,2,2,24.2,0,335.07,0.979,72.74,710,3,Web,18,1700,220,700
2025-05-08,Andaman,11.7401,92.6586,0,5,3,36.8,0,437.64,0.392,75.04,110,3,Kiosk,39,900,120,300
2024-03-18,Leh,34.1526,77.5771,0,3,0,8.9,0,251.97,-0.098,89.35,97,2,Web,15,600,90,220
2024-01-09,Andaman,11.7401,92.6586,0,1,1,21.2,0,522.83,-0.36,103.45,406,4,App,8,900,120,300
2024-07-25,Jaipur,26.9124,75.7873,0,7,3,35.0,0,667.3,0.016,53.65,567,3,Kiosk,6,1500,180,600
2025-01-25,Andaman,11.7401,92.6586,1,1,5,19.7,0,816.1,0.295,86.53,388,2,Web,4,900,120,300
2024-03-06,Jaipur,26.9124,75.7873,0,3,2,28.0,0,401.16,0.637,56.95,565,2,Kiosk,12,1500,180,600
2024-08-10,Agra,27.1767,78.0081,1,8,5,34.2,0,417.42,0.26,48.09,721,3,Kiosk,4,1300,150,550
2024-07-17,Jaipur,26.9124,75.7873,0,7,2,36.7,0,972.36,-0.394,56.77,697,3,App,9,1500,180,600
2025-07-06,Agra,27.1767,78.0081,1,7,6,34.7,0,287.46,0.546,55.95,409,2,Kiosk,20,1300,150,550
2024-03-17,Varanasi,25.3176,82.9739,1,3,6,27.3,0,398.24,0.188,50.67,515,3,Web,4,1400,160,500
2025-04-05,Leh,34.1526,77.5771,1,4,5,16.1,0,383.56,-0.131,111.57,758,2,Web,30,600,90,220
2025-05-05,Manali,32.2432,77.1892,0,5,0,23.7,0,428.65,0.473,67.92,155,2,Web,3,1200,140,450
2025-09-27,Manali,32.2432,77.1892,1,9,5,15.6,0,269.94,-0.228,77.42,459,3,App,11,1200,140,450
2025-05-12,Manali,32.2432,77.1892,0,5,0,24.2,0,264.4,0.13,70.22,684,3,Web,3,1200,140,450
2024-05-15,Jaipur,26.9124,75.7873,0,5,2,36.6,0,329.2,-0.35,52.05,595,2,Kiosk,2,1500,180,600
2025-03-04,Goa,15.2993,74.124,0,3,1,30.0,1,322.87,-0.048,87.98,454,2,App,8,2000,250,800
2024-09-14,Agra,27.1767,78.0081,1,9,5,26.5,0,327.24,-0.589,49.27,442,2,Agent,8,1300,150,550
2024-07-25,Goa,15.2993,74.124,0,7,3,39.4,0,198.59,0.421,80.58,538,2,App,8,2000,250,800
2025-03-16,Manali,32.2432,77.1892,1,3,6,16.5,0,233.6,0.014,66.93,153,1,Kiosk,17,1200,140,450
2025-04-16,Andaman,11.7401,92.6586,0,4,2,33.0,0,116.89,0.297,103.75,625,1,Web,7,900,120,300
2025-07-29,Andaman,11.7401,92.6586,0,7,1,36.9,0,516.07,-0.439,90.47,603,2,App,4,900,120,300
2025-04-26,Andaman,11.7401,92.6586,1,4,5,35.2,0,270.0,0.878,93.07,223,2,Agent,8,900,120,300
2025-05-30,Manali,32.2432,77.1892,0,5,4,24.0,0,198.13,0.243,66.14,622,1,App,14,1200,140,450
2024-01-18,Varanasi,25.3176,82.9739,0,1,3,17.5,0,199.91,0.291,54.11,530,2,Web,6,1400,160,500
2024-03-29,Leh,34.1526,77.5771,0,3,4,8.6,0,72.93,-0.814,101.45,272,3,Web,6,600,90,220
2024-08-03,Agra,27.1767,78.0081,1,8,5,32.5,0,441.68,0.262,52.05,781,1,Web,15,1300,150,550
2024-07-16,Agra,27.1767,78.0081,0,7,1,37.2,1,86.55,0.418,49.96,400,3,Kiosk,19,1300,150,550
2025-09-01,Manali,32.2432,77.1892,0,9,0,14.8,0,332.51,0.438,80.85,317,2,Kiosk,2,1200,140,450
2025-07-16,Jaipur,26.9124,75.7873,0,7,2,35.4,0,390.92,-0.233,57.17,646,2,Kiosk,24,1500,180,600
2024-12-23,Goa,15.2993,74.124,0,12,0,17.9,0,210.48,0.444,82.22,862,2,Agent,4,2000,250,800
2024-05-10,Kerala,10.8505,76.2711,0,5,4,38.3,0,402.55,0.37,67.08,308,2,Kiosk,4,1700,220,700
2025-07-11,Jaipur,26.9124,75.7873,0,7,4,36.3,0,650.92,0.424,59.09,389,2,Web,17,1500,180,600
2025-06-14,Jaipur,26.9124,75.7873,1,6,5,36.4,0,251.21,0.543,68.54,493,2,Kiosk,2,1500,180,600
2025-04-20,Varanasi,25.3176,82.9739,1,4,6,31.7,0,499.55,0.123,61.22,1013,2,App,13,1400,160,500
2025-05-18,Leh,34.1526,77.5771,1,5,6,19.0,0,452.75,0.503,84.65,177,2,Agent,9,600,90,220
2024-03-14,Andaman,11.7401,92.6586,0,3,3,26.7,0,456.16,-0.932,88.61,297,2,Agent,8,900,120,300
2025-07-28,Manali,32.2432,77.1892,0,7,0,24.5,0,488.79,0.095,61.43,460,2,Kiosk,7,1200,140,450
2025-02-14,Goa,15.2993,74.124,0,2,4,26.8,0,422.45,0.402,76.44,1125,3,App,12,2000,250,800
2024-04-02,Jaipur,26.9124,75.7873,0,4,1,34.0,0,51.98,-0.343,62.07,554,2,Agent,11,1500,180,600
2025-04-04,Jaipur,26.9124,75.7873,0,4,4,34.2,0,65.86,-1.0,69.56,738,2,Web,29,1500,180,600
2025-07-11,Agra,27.1767,78.0081,0,7,4,35.9,0,532.52,0.277,57.67,788,1,Web,7,1300,150,550
2025-09-26,Agra,27.1767,78.0081,0,9,4,26.6,0,1269.77,-0.533,40.11,310,2,Web,8,1300,150,550
2025-03-18,Leh,34.1526,77.5771,0,3,1,10.0,0,484.06,0.135,101.02,343,2,Web,32,600,90,220
2024-07-06,Goa,15.2993,74.124,1,7,5,40.4,0,332.04,-0.103,72.12,748,1,Web,34,2000,250,800
2025-02-11,Jaipur,26.9124,75.7873,0,2,1,23.7,0,99.73,0.147,57.24,307,2,Agent,2,1500,180,600
2024-10-08,Goa,15.2993,74.124,0,10,1,24.7,0,679.65,-0.186,73.3,565,4,App,20,2000,250,800
2025-03-17,Kerala,10.8505,76.2711,0,3,0,28.2,0,507.48,-0.784,74.18,645,3,Web,13,1700,220,700
2025-09-14,Leh,34.1526,77.5771,1,9,6,12.1,1,266.19,0.359,88.87,62,4,Kiosk,10,600,90,220
2025-05-22,Manali,32.2432,77.1892,0,5,3,23.7,0,618.82,0.317,76.3,669,2,Kiosk,4,1200,140,450
2024-09-16,Goa,15.2993,74.124,0,9,0,29.1,0,472.62,1.0,87.03,927,3,App,11,2000,250,800
2025-09-03,Kerala,10.8505,76.2711,0,9,2,29.5,0,734.1,-0.41,69.15,656,1,App,9,1700,220,700
2024-12-07,Leh,34.1526,77.5771,1,12,5,-1.3,0,151.99,0.145,90.34,302,2,App,22,600,90,220
2025-05-17,Kerala,10.8505,76.2711,1,5,5,38.0,0,701.3,0.316,72.92,696,2,App,8,1700,220,700
2025-03-08,Varanasi,25.3176,82.9739,1,3,5,27.6,0,144.46,0.244,54.34,390,1,Kiosk,4,1400,160,500
2024-11-08,Manali,32.2432,77.1892,0,11,4,4.9,0,191.39,0.192,73.16,407,1,Web,12,1200,140,450
2025-09-04,Manali,32.2432,77.1892,0,9,3,13.4,0,1050.42,1.0,61.23,380,4,Kiosk,2,1200,140,450
2024-11-21,Varanasi,25.3176,82.9739,0,11,3,16.6,0,758.26,-0.153,43.77,292,2,Web,5,1400,160,500
2024-04-22,Jaipur,26.9124,75.7873,0,4,0,32.8,0,191.5,0.119,60.89,854,3,App,14,1500,180,600
2024-11-08,Andaman,11.7401,92.6586,0,11,4,18.3,0,360.24,-0.583,91.06,296,3,Agent,12,900,120,300
2025-07-26,Agra,27.1767,78.0081,1,7,5,34.2,0,94.05,-0.095,52.12,684,3,Agent,17,1300,150,550
2024-07-13,Manali,32.2432,77.1892,1,7,5,23.9,0,196.86,-0.124,75.0,748,3,App,17,1200,140,450
2024-03-10,Goa,15.2993,74.124,1,3,6,30.5,0,229.58,0.349,81.8,776,1,App,7,2000,250,800
2025-09-28,Jaipur,26.9124,75.7873,1,9,6,27.4,1,260.01,0.2,68.51,427,3,Web,5,1500,180,600
2025-01-28,Andaman,11.7401,92.6586,0,1,1,20.0,0,726.83,0.077,86.34,541,2,Web,2,900,120,300
2024-07-26,Kerala,10.8505,76.2711,0,7,4,36.9,0,407.15,-0.416,63.01,915,2,App,5,1700,220,700
2024-09-08,Andaman,11.7401,92.6586,1,9,6,29.9,0,439.8,1.0,88.79,723,3,Kiosk,5,900,120,300
2025-06-24,Varanasi,25.3176,82.9739,0,6,1,38.2,0,398.92,0.347,46.08,457,2,Agent,9,1400,160,500
2024-11-18,Kerala,10.8505,76.2711,0,11,0,19.3,0,164.07,0.377,69.33,563,1,Kiosk,13,1700,220,700
2024-01-11,Goa,15.2993,74.124,0,1,3,20.9,0,341.98,0.668,70.47,937,1,Agent,18,2000,250,800
2024-10-17,Varanasi,25.3176,82.9739,0,10,3,23.2,0,529.53,0.505,50.58,443,2,Agent,2,1400,160,500
2024-10-20,Goa,15.2993,74.124,1,10,6,26.7,0,629.54,-0.602,71.24,659,2,Agent,16,2000,250,800
2024-11-01,Goa,15.2993,74.124,0,11,4,22.1,0,278.65,-0.283,72.39,411,3,Agent,20,2000,250,800
2025-02-05,Jaipur,26.9124,75.7873,0,2,2,23.1,0,165.16,-0.713,65.99,305,3,Kiosk,15,1500,180,600
2024-07-05,Kerala,10.8505,76.2711,0,7,4,36.3,0,380.82,-0.811,55.77,575,2,Agent,2,1700,220,700
2024-07-13,Leh,34.1526,77.5771,1,7,5,18.7,0,116.01,0.732,80.29,329,1,App,15,600,90,220
2024-10-28,Manali,32.2432,77.1892,0,10,0,9.2,0,921.71,0.566,71.33,867,1,Kiosk,10,1200,140,450
2024-01-11,Jaipur,26.9124,75.7873,0,1,3,17.6,0,301.26,0.44,64.13,828,2,Web,1,1500,180,600
2024-05-16,Manali,32.2432,77.1892,0,5,3,20.8,1,645.81,0.412,75.9,531,3,Agent,52,1200,140,450
2024-10-08,Agra,27.1767,78.0081,0,10,1,24.2,0,1063.73,-0.734,45.06,207,2,Kiosk,2,1300,150,550
2024-12-21,Andaman,11.7401,92.6586,1,12,5,17.1,0,235.78,-0.22,91.54,336,2,Web,18,900,120,300
2025-08-02,Agra,27.1767,78.0081,1,8,5,30.9,0,415.36,0.407,44.91,487,2,App,19,1300,150,550
2025-09-19,Andaman,11.7401,92.6586,0,9,4,31.4,1,556.07,0.296,86.06,785,3,App,11,900,120,300
2024-11-17,Kerala,10.8505,76.2711,1,11,6,20.1,0,390.54,1.0,68.21,1109,1,Web,5,1700,220,700
2025-06-03,Varanasi,25.3176,82.9739,0,6,1,36.1,0,458.89,0.062,60.58,1016,2,Web,11,1400,160,500
2025-03-30,Jaipur,26.9124,75.7873,1,3,6,28.6,0,94.9,-0.288,58.19,365,4,Web,9,1500,180,600
2024-08-13,Jaipur,26.9124,75.7873,0,8,1,34.6,0,447.12,1.0,59.72,314,2,Agent,19,1500,180,600
2024-08-08,Jaipur,26.9124,75.7873,0,8,3,34.7,1,217.68,-0.723,63.8,735,1,App,42,1500,180,600
2025-02-26,Varanasi,25.3176,82.9739,0,2,2,21.5,0,614.84,0.31,46.17,319,2,App,4,1400,160,500
2024-05-17,Andaman,11.7401,92.6586,0,5,4,36.4,0,646.12,-0.015,98.46,358,1,Agent,4,900,120,300
2024-06-17,Kerala,10.8505,76.2711,0,6,0,39.5,0,409.96,0.248,66.73,814,2,Agent,14,1700,220,700
2025-05-04,Agra,27.1767,78.0081,1,5,6,35.2,0,110.28,-0.317,52.16,801,1,App,1,1300,150,550
2024-11-20,Andaman,11.7401,92.6586,0,11,2,18.1,0,870.58,-0.062,84.88,204,2,App,9,900,120,300
2025-05-21,Jaipur,26.9124,75.7873,0,5,2,36.4,0,270.73,0.642,61.47,330,2,Agent,14,1500,180,600
2024-08-03,Andaman,11.7401,92.6586,1,8,5,33.0,0,305.01,0.099,84.77,485,2,Agent,9,900,120,300
2025-02-09,Leh,34.1526,77.5771,1,2,6,2.8,0,589.32,0.394,112.03,820,1,Web,6,600,90,220
2025-08-24,Goa,15.2993,74.124,1,8,6,37.9,0,939.32,0.577,67.7,701,2,App,15,2000,250,800
2024-02-14,Jaipur,26.9124,75.7873,0,2,2,24.5,0,480.8,-0.746,60.18,711,2,App,14,1500,180,600
2025-08-27,Leh,34.1526,77.5771,0,8,2,15.4,0,187.24,0.517,94.98,163,2,Kiosk,12,600,90,220
2024-12-05,Varanasi,25.3176,82.9739,0,12,3,16.4,0,235.81,0.414,44.44,582,1,Web,17,1400,160,500
2024-12-03,Kerala,10.8505,76.2711,0,12,1,21.1,0,464.12,0.992,72.94,824,4,Kiosk,7,1700,220,700
2025-01-18,Goa,15.2993,74.124,1,1,5,21.2,1,351.8,0.078,79.94,787,2,Kiosk,27,2000,250,800
2024-04-18,Manali,32.2432,77.1892,0,4,3,18.6,0,186.19,-0.201,55.72,812,4,Web,10,1200,140,450
2025-07-27,Goa,15.2993,74.124,1,7,6,37.9,0,270.64,0.575,74.2,353,2,Kiosk,11,2000,250,800
2024-09-04,Kerala,10.8505,76.2711,0,9,2,29.4,0,43.11,1.0,67.77,736,2,App,24,1700,220,700
2024-01-15,Kerala,10.8505,76.2711,0,1,0,21.9,0,591.04,0.94,67.58,756,2,Agent,3,1700,220,700
2025-06-19,Agra,27.1767,78.0081,0,6,3,36.1,0,206.9,0.347,55.41,598,1,Web,7,1300,150,550
2025-09-21,Agra,27.1767,78.0081,1,9,6,25.1,0,35.99,0.396,64.46,694,3,Agent,5,1300,150,550
2025-08-15,Jaipur,26.9124,75.7873,0,8,4,31.6,0,452.45,-0.09,75.62,880,3,App,5,1500,180,600
2024-08-26,Jaipur,26.9124,75.7873,0,8,0,34.0,1,210.68,0.705,67.34,517,1,Kiosk,6,1500,180,600
2024-06-01,Andaman,11.7401,92.6586,1,6,5,38.2,0,262.44,1.0,96.91,391,2,App,7,900,120,300
2024-05-06,Manali,32.2432,77.1892,0,5,0,24.5,0,230.41,1.0,77.54,157,3,Agent,1,1200,140,450
2024-05-23,Andaman,11.7401,92.6586,0,5,3,37.2,0,337.68,-0.774,85.34,272,2,Agent,30,900,120,300
2025-04-09,Goa,15.2993,74.124,0,4,2,35.0,0,717.3,-0.454,85.7,978,3,Web,7,2000,250,800
2025-10-01,Andaman,11.7401,92.6586,0,10,2,24.4,0,226.15,1.0,88.87,303,3,Agent,12,900,120,300
2025-05-09,Manali,32.2432,77.1892,0,5,4,24.8,0,763.57,0.872,79.09,134,1,Kiosk,1,1200,140,450
2025-08-19,Manali,32.2432,77.1892,0,8,1,18.7,1,98.55,-0.585,62.99,477,2,Kiosk,1,1200,140,450
2024-08-06,Goa,15.2993,74.124,0,8,1,36.6,0,299.75,-0.267,86.41,663,2,Kiosk,2,2000,250,800
2025-05-31,Jaipur,26.9124,75.7873,1,5,5,34.7,0,57.32,0.024,59.57,1071,2,Web,7,1500,180,600
2024-05-29,Kerala,10.8505,76.2711,0,5,2,37.4,0,130.03,-0.38,68.19,689,2,App,17,1700,220,700
2025-06-28,Manali,32.2432,77.1892,1,6,5,24.5,0,124.92,-0.648,75.51,730,3,App,23,1200,140,450
2025-02-27,Leh,34.1526,77.5771,0,2,3,5.1,0,471.12,-0.156,98.27,544,1,Web,16,600,90,220
2025-01-20,Agra,27.1767,78.0081,0,1,0,18.5,0,544.5,0.087,52.87,173,2,Kiosk,2,1300,150,550
2024-04-16,Varanasi,25.3176,82.9739,0,4,1,32.2,0,261.85,0.769,53.08,325,2,App,19,1400,160,500
2025-04-11,Manali,32.2432,77.1892,0,4,4,17.7,0,763.37,0.203,71.08,692,2,App,5,1200,140,450
2025-09-07,Leh,34.1526,77.5771,1,9,6,10.3,0,167.58,-0.47,94.03,335,2,App,4,600,90,220
2024-12-25,Andaman,11.7401,92.6586,0,12,2,18.5,0,732.62,0.02,94.17,381,3,App,24,900,120,300
2025-02-23,Manali,32.2432,77.1892,1,2,6,11.9,0,785.55,-0.751,77.87,717,3,App,19,1200,140,450
2025-07-24,Kerala,10.8505,76.2711,0,7,3,39.1,0,38.75,-0.656,59.75,964,1,App,6,1700,220,700
2025-05-03,Goa,15.2993,74.124,1,5,5,38.0,0,404.12,0.138,73.55,797,2,Kiosk,6,2000,250,800
2025-03-12,Leh,34.1526,77.5771,0,3,2,7.4,0,389.28,0.58,108.11,457,2,Kiosk,5,600,90,220
2024-06-22,Varanasi,25.3176,82.9739,1,6,5,37.4,0,101.87,0.416,58.05,313,2,Web,30,1400,160,500
2025-05-25,Agra,27.1767,78.0081,1,5,6,35.4,0,523.73,0.275,57.53,943,3,Kiosk,19,1300,150,550
2024-02-23,Jaipur,26.9124,75.7873,0,2,4,23.2,0,381.01,-0.18,76.79,606,2,App,30,1500,180,600
2024-11-26,Goa,15.2993,74.124,0,11,1,20.1,0,830.34,0.262,84.06,658,3,Web,8,2000,250,800
2025-05-10,Kerala,10.8505,76.2711,1,5,5,36.9,0,138.86,0.769,65.38,690,2,Web,4,1700,220,700
2024-03-24,Andaman,11.7401,92.6586,1,3,6,29.7,0,1682.84,0.69,92.77,663,2,Agent,16,900,120,300
2024-12-16,Agra,27.1767,78.0081,0,12,0,18.1,0,440.21,0.999,57.38,895,3,Agent,14,1300,150,550
2025-08-06,Andaman,11.7401,92.6586,0,8,2,33.0,0,499.82,0.54,97.89,329,3,Kiosk,7,900,120,300
2024-02-09,Kerala,10.8505,76.2711,0,2,4,22.9,0,157.83,-1.0,65.69,467,2,App,10,1700,220,700
2025-05-16,Goa,15.2993,74.124,0,5,4,38.6,0,366.54,0.433,81.45,663,2,Web,25,2000,250,800
2024-11-30,Jaipur,26.9124,75.7873,1,11,5,19.2,0,1429.86,0.68,61.93,958,2,Kiosk,11,1500,180,600
2024-01-30,Manali,32.2432,77.1892,0,1,1,7.8,0,583.06,-0.634,79.63,556,2,Kiosk,4,1200,140,450
2024-01-20,Goa,15.2993,74.124,1,1,5,20.3,0,208.15,-0.922,79.05,819,2,Agent,14,2000,250,800
2024-10-20,Andaman,11.7401,92.6586,1,10,6,22.9,0,183.44,-0.369,82.12,317,2,Kiosk,5,900,120,300
2024-01-02,Varanasi,25.3176,82.9739,0,1,1,19.5,0,334.21,-0.143,44.6,172,2,Agent,29,1400,160,500
2024-05-13,Varanasi,25.3176,82.9739,0,5,0,35.9,0,363.0,0.257,52.59,628,3,Web,16,1400,160,500
2024-12-27,Kerala,10.8505,76.2711,0,12,4,20.4,0,428.19,-0.094,73.42,686,3,App,11,1700,220,700
2024-03-22,Varanasi,25.3176,82.9739,0,3,4,26.5,0,182.13,0.22,46.51,326,3,App,7,1400,160,500
2025-08-12,Jaipur,26.9124,75.7873,0,8,1,36.4,0,339.62,0.409,58.37,345,3,Kiosk,17,1500,180,600
2024-01-26,Varanasi,25.3176,82.9739,0,1,4,17.9,0,177.92,0.742,49.42,703,1,Kiosk,11,1400,160,500
2025-09-01,Kerala,10.8505,76.2711,0,9,0,31.4,1,768.85,-0.443,67.15,957,1,App,14,1700,220,700
2025-09-21,Jaipur,26.9124,75.7873,1,9,6,27.3,1,288.49,-0.315,57.08,367,2,Web,6,1500,180,600
2025-04-22,Agra,27.1767,78.0081,0,4,1,31.7,0,223.15,0.724,53.58,305,2,Web,21,1300,150,550
2025-03-30,Jaipur,26.9124,75.7873,1,3,6,27.6,0,75.38,0.244,59.52,305,1,Kiosk,8,1500,180,600
2025-03-18,Manali,32.2432,77.1892,0,3,1,13.7,0,313.62,1.0,70.6,430,1,Kiosk,13,1200,140,450
2025-02-17,Varanasi,25.3176,82.9739,0,2,0,20.8,0,839.16,0.429,47.06,470,2,Agent,9,1400,160,500
2025-08-16,Agra,27.1767,78.0081,1,8,5,32.8,0,1031.42,-1.0,45.49,454,3,Agent,17,1300,150,550
2025-02-09,Varanasi,25.3176,82.9739,1,2,6,21.9,0,1631.46,0.942,59.88,947,3,Kiosk,6,1400,160,500
2024-05-24,Kerala,10.8505,76.2711,0,5,4,38.8,0,288.09,-0.63,69.35,920,3,Web,33,1700,220,700
2024-10-13,Jaipur,26.9124,75.7873,1,10,6,22.2,0,609.81,0.27,60.56,672,2,App,24,1500,180,600
2025-03-15,Kerala,10.8505,76.2711,1,3,5,29.8,0,597.82,-0.151,57.06,574,1,Agent,4,1700,220,700
2025-04-09,Goa,15.2993,74.124,0,4,2,34.5,0,741.09,-0.734,85.12,936,2,Web,2,2000,250,800
2024-06-07,Kerala,10.8505,76.2711,0,6,4,38.9,0,163.27,-0.452,69.33,736,2,Web,6,1700,220,700
2024-01-13,Agra,27.1767,78.0081,1,1,5,20.1,0,1142.36,0.616,53.26,730,3,Web,10,1300,150,550
2025-08-25,Manali,32.2432,77.1892,0,8,0,20.3,0,310.49,0.269,76.17,463,2,Web,7,1200,140,450
2025-04-12,Leh,34.1526,77.5771,1,4,5,15.6,0,491.0,0.412,108.66,531,2,App,35,600,90,220
2025-02-04,Leh,34.1526,77.5771,0,2,1,5.5,1,215.65,-0.592,98.65,350,1,Web,11,600,90,220
2024-04-02,Andaman,11.7401,92.6586,0,4,1,33.0,0,294.87,-0.535,90.47,317,2,Agent,14,900,120,300
2025-07-04,Leh,34.1526,77.5771,0,7,4,16.5,1,712.46,0.151,102.87,632,3,Web,12,600,90,220
2024-12-20,Jaipur,26.9124,75.7873,0,12,4,18.0,0,680.0,-0.097,71.19,488,2,Kiosk,16,1500,180,600
2025-06-03,Leh,34.1526,77.5771,0,6,1,19.4,0,523.3,0.237,86.53,468,2,Kiosk,13,600,90,220
2025-09-10,Varanasi,25.3176,82.9739,0,9,2,26.7,0,300.13,-0.338,46.09,327,2,App,1,1400,160,500
2024-06-14,Agra,27.1767,78.0081,0,6,4,36.9,0,675.22,-0.061,59.41,864,1,Kiosk,2,1300,150,550
2024-01-15,Jaipur,26.9124,75.7873,0,1,0,16.7,0,535.73,-0.427,56.81,328,2,Agent,8,1500,180,600
2025-09-17,Leh,34.1526,77.5771,0,9,2,9.2,1,219.86,-0.024,96.39,35,2,Kiosk,3,600,90,220
2025-04-25,Goa,15.2993,74.124,0,4,4,37.8,0,188.46,-0.212,78.61,919,1,App,16,2000,250,800
2024-02-07,Goa,15.2993,74.124,0,2,2,24.7,0,219.24,-0.064,83.71,643,1,Agent,2,2000,250,800
2024-03-03,Varanasi,25.3176,82.9739,1,3,6,27.2,0,45.69,0.244,49.76,458,2,Agent,16,1400,160,500
2025-03-21,Manali,32.2432,77.1892,0,3,4,15.5,0,83.34,-1.0,75.04,102,2,Kiosk,19,1200,140,450
2025-06-10,Varanasi,25.3176,82.9739,0,6,1,37.1,0,226.46,-0.662,46.66,576,2,Web,3,1400,160,500
2024-03-02,Goa,15.2993,74.124,1,3,5,29.1,0,669.71,-0.419,74.36,505,1,Web,17,2000,250,800
2024-12-27,Kerala,10.8505,76.2711,0,12,4,18.9,0,206.61,0.743,81.68,586,3,Kiosk,11,1700,220,700
2024-03-22,Manali,32.2432,77.1892,0,3,4,15.5,0,161.37,0.822,71.94,439,2,Kiosk,7,1200,140,450
2025-07-03,Agra,27.1767,78.0081,0,7,3,36.6,1,890.69,-0.842,70.42,854,3,App,20,1300,150,550
2024-08-10,Varanasi,25.3176,82.9739,1,8,5,32.9,0,181.05,0.268,49.45,768,1,Web,16,1400,160,500
2025-02-07,Andaman,11.7401,92.6586,0,2,4,23.2,0,192.89,0.068,91.17,269,2,Agent,10,900,120,300
2025-03-18,Andaman,11.7401,92.6586,0,3,1,28.1,0,140.14,0.15,87.91,192,2,App,4,900,120,300
2024-01-07,Varanasi,25.3176,82.9739,1,1,6,18.2,0,77.81,0.361,49.64,616,2,Web,18,1400,160,500
2025-08-06,Goa,15.2993,74.124,0,8,2,34.2,0,250.83,0.054,77.88,734,2,App,17,2000,250,800
2024-08-29,Kerala,10.8505,76.2711,0,8,3,34.4,0,345.43,0.336,70.26,915,3,App,16,1700,220,700
2024-08-12,Leh,34.1526,77.5771,0,8,0,13.4,0,634.66,-0.568,94.34,625,2,Kiosk,14,600,90,220
2025-07-17,Agra,27.1767,78.0081,0,7,3,37.0,0,480.84,0.761,64.56,613,2,Kiosk,5,1300,150,550
2024-09-16,Jaipur,26.9124,75.7873,0,9,0,27.2,0,423.7,1.0,61.72,915,1,Web,6,1500,180,600
2024-05-08,Kerala,10.8505,76.2711,0,5,2,36.2,0,97.81,0.665,62.47,385,2,Agent,8,1700,220,700
2024-04-14,Manali,32.2432,77.1892,1,4,6,21.3,0,222.75,-1.0,75.49,620,2,Agent,16,1200,140,450
2025-09-30,Agra,27.1767,78.0081,0,9,1,26.4,1,335.83,0.145,55.31,399,2,Kiosk,2,1300,150,550
2024-05-06,Jaipur,26.9124,75.7873,0,5,0,35.8,0,449.05,0.504,71.81,469,2,Kiosk,10,1500,180,600
2024-11-29,Jaipur,26.9124,75.7873,0,11,4,19.2,0,182.31,0.347,54.87,545,2,Agent,15,1500,180,600
2025-08-29,Agra,27.1767,78.0081,0,8,4,31.5,0,386.85,0.422,54.68,362,2,App,15,1300,150,550
2024-06-14,Manali,32.2432,77.1892,0,6,4,27.3,1,367.84,-0.988,80.76,617,1,Agent,6,1200,140,450
2025-09-17,Jaipur,26.9124,75.7873,0,9,2,27.2,0,92.94,0.262,56.2,438,3,App,3,1500,180,600
2025-07-18,Varanasi,25.3176,82.9739,0,7,4,33.7,1,283.81,0.396,54.17,357,3,Web,21,1400,160,500
2025-05-08,Manali,32.2432,77.1892,0,5,3,24.2,0,633.45,0.391,70.94,206,2,App,7,1200,140,450
2024-08-12,Jaipur,26.9124,75.7873,0,8,0,32.8,0,560.07,0.031,53.16,721,2,Kiosk,1,1500,180,600
2025-06-10,Leh,34.1526,77.5771,0,6,1,21.8,0,411.31,-0.687,99.58,462,1,Kiosk,3,600,90,220
2025-05-29,Leh,34.1526,77.5771,0,5,3,18.9,0,128.31,-0.538,92.25,577,3,App,13,600,90,220
2025-01-01,Agra,27.1767,78.0081,0,1,2,18.8,0,91.56,0.255,51.64,508,2,App,3,1300,150,550
2024-08-26,Jaipur,26.9124,75.7873,0,8,0,31.0,0,364.56,-0.274,55.07,784,3,Agent,8,1500,180,600
2025-01-12,Agra,27.1767,78.0081,1,1,6,18.2,0,309.41,-0.227,56.95,487,1,Kiosk,1,1300,150,550
2024-10-15,Varanasi,25.3176,82.9739,0,10,1,21.1,0,181.71,-0.497,56.85,220,2,Agent,22,1400,160,500
2025-02-18,Varanasi,25.3176,82.9739,0,2,1,20.9,0,376.3,-0.006,57.93,283,3,App,12,1400,160,500
2024-08-21,Varanasi,25.3176,82.9739,0,8,2,32.9,0,436.04,-0.194,44.6,786,1,Web,8,1400,160,500
2024-08-07,Jaipur,26.9124,75.7873,0,8,2,32.8,0,306.33,0.363,53.94,325,2,App,3,1500,180,600
2024-09-04,Leh,34.1526,77.5771,0,9,2,11.4,1,181.28,-0.258,98.45,0,2,Kiosk,13,600,90,220
2024-04-16,Varanasi,25.3176,82.9739,0,4,1,32.2,0,196.6,0.49,55.27,273,1,App,9,1400,160,500
2024-04-21,Manali,32.2432,77.1892,1,4,6,21.4,0,336.44,-0.113,79.16,642,3,Agent,6,1200,140,450
2025-06-17,Varanasi,25.3176,82.9739,0,6,1,38.1,0,91.08,0.803,64.43,259,1,Agent,1,1400,160,500
2024-06-07,Kerala,10.8505,76.2711,0,6,4,38.2,0,138.46,0.147,66.19,608,1,Agent,50,1700,220,700
2024-03-11,Leh,34.1526,77.5771,0,3,0,10.6,0,150.38,-0.437,102.87,54,2,Agent,7,600,90,220
2025-01-26,Manali,32.2432,77.1892,1,1,6,4.7,0,198.61,-0.721,75.39,499,3,App,5,1200,140,450
2025-08-12,Leh,34.1526,77.5771,0,8,1,14.7,0,255.97,0.561,88.65,143,2,Web,1,600,90,220
2024-07-08,Manali,32.2432,77.1892,0,7,0,25.8,0,56.43,-0.237,66.64,344,2,Agent,15,1200,140,450
2024-09-05,Manali,32.2432,77.1892,0,9,3,15.1,1,664.5,-0.07,63.6,348,2,Kiosk,19,1200,140,450
2024-08-04,Manali,32.2432,77.1892,1,8,6,22.2,0,364.76,0.154,80.94,364,2,Agent,15,1200,140,450
2024-08-11,Kerala,10.8505,76.2711,1,8,6,32.8,0,154.76,0.634,62.91,701,1,Web,1,1700,220,700
2024-01-28,Leh,34.1526,77.5771,1,1,6,0.9,0,286.42,1.0,102.26,292,2,Kiosk,11,600,90,220
2024-11-17,Varanasi,25.3176,82.9739,1,11,6,18.4,0,358.45,0.683,59.08,735,4,Kiosk,11,1400,160,500
2024-01-17,Leh,34.1526,77.5771,0,1,2,1.6,0,527.91,-0.321,92.57,237,2,Kiosk,1,600,90,220
2025-04-19,Andaman,11.7401,92.6586,1,4,5,32.4,0,661.84,0.767,86.23,262,2,Kiosk,7,900,120,300
2024-05-15,Andaman,11.7401,92.6586,0,5,2,35.7,1,643.24,-0.219,94.46,647,1,App,6,900,120,300
2024-10-20,Agra,27.1767,78.0081,1,10,6,22.9,0,131.69,-0.101,54.88,454,2,Kiosk,14,1300,150,550
2025-02-07,Jaipur,26.9124,75.7873,0,2,4,24.9,0,606.04,-0.45,54.42,548,2,Agent,25,1500,180,600
2024-07-10,Agra,27.1767,78.0081,0,7,2,34.3,0,87.95,1.0,48.35,292,2,Web,1,1300,150,550
2025-02-08,Manali,32.2432,77.1892,1,2,5,7.4,0,219.0,0.019,72.86,446,2,App,3,1200,140,450
2024-03-30,Kerala,10.8505,76.2711,1,3,5,31.7,0,447.21,0.582,67.47,742,2,Kiosk,3,1700,220,700
2024-10-13,Leh,34.1526,77.5771,1,10,6,7.5,1,224.81,0.479,91.72,270,1,Agent,19,600,90,220
2024-07-30,Manali,32.2432,77.1892,0,7,1,21.3,1,548.67,0.025,70.32,376,2,Agent,9,1200,140,450
2024-04-23,Kerala,10.8505,76.2711,0,4,1,31.4,0,258.08,0.589,66.51,526,2,Web,16,1700,220,700
2025-02-02,Agra,27.1767,78.0081,1,2,6,21.5,0,419.04,1.0,65.53,984,2,App,5,1300,150,550
2024-09-13,Agra,27.1767,78.0081,0,9,4,27.0,0,469.46,0.488,54.38,555,3,App,13,1300,150,550
2024-03-30,Varanasi,25.3176,82.9739,1,3,5,25.4,0,116.04,0.56,57.2,670,2,Kiosk,19,1400,160,500
2025-07-31,Kerala,10.8505,76.2711,0,7,3,39.8,0,1080.03,0.461,72.36,675,3,Web,28,1700,220,700
2024-10-04,Varanasi,25.3176,82.9739,0,10,4,23.8,0,769.24,-0.953,46.91,475,1,Web,10,1400,160,500
2025-06-24,Kerala,10.8505,76.2711,0,6,1,38.6,0,205.55,0.146,75.02,678,3,Agent,2,1700,220,700
2024-01-09,Agra,27.1767,78.0081,0,1,1,16.8,0,488.52,-0.591,61.71,449,3,Web,8,1300,150,550
2024-01-21,Kerala,10.8505,76.2711,1,1,6,19.4,0,521.01,-0.245,64.84,352,3,Kiosk,34,1700,220,700
2025-03-14,Andaman,11.7401,92.6586,0,3,4,29.5,0,64.89,0.785,89.47,471,4,Web,8,900,120,300
2025-08-30,Manali,32.2432,77.1892,1,8,5,19.8,0,63.88,0.125,73.56,375,2,Agent,39,1200,140,450
2025-09-14,Manali,32.2432,77.1892,1,9,6,14.0,0,761.78,0.305,67.79,430,2,App,13,1200,140,450
2025-07-05,Andaman,11.7401,92.6586,1,7,5,37.6,1,231.04,-0.502,84.93,427,2,Web,5,900,120,300
2024-10-08,Leh,34.1526,77.5771,0,10,1,4.5,1,1264.43,-0.084,86.79,135,1,App,32,600,90,220
2024-05-05,Kerala,10.8505,76.2711,1,5,6,37.6,0,405.88,0.158,64.12,775,2,Web,11,1700,220,700
2024-08-11,Varanasi,25.3176,82.9739,1,8,6,31.5,0,852.38,-0.194,40.37,787,2,Web,4,1400,160,500
2025-06-28,Varanasi,25.3176,82.9739,1,6,5,37.5,0,80.23,0.683,37.23,524,2,App,4,1400,160,500
2024-10-24,Jaipur,26.9124,75.7873,0,10,3,24.6,0,262.58,0.962,61.97,665,2,Web,39,1500,180,600
2024-08-21,Goa,15.2993,74.124,0,8,2,35.3,0,173.02,0.891,75.34,652,2,Agent,2,2000,250,800
2024-03-17,Manali,32.2432,77.1892,1,3,6,14.9,0,304.59,0.51,77.42,656,3,App,7,1200,140,450
2025-05-30,Kerala,10.8505,76.2711,0,5,4,39.3,0,105.94,0.261,72.67,829,3,Kiosk,7,1700,220,700
2024-07-16,Agra,27.1767,78.0081,0,7,1,33.7,0,492.8,-0.196,63.19,909,1,Web,13,1300,150,550
2025-03-10,Jaipur,26.9124,75.7873,0,3,0,26.3,0,225.66,-0.583,61.15,600,4,App,16,1500,180,600
2025-03-26,Manali,32.2432,77.1892,0,3,2,15.3,0,334.57,-0.098,77.45,245,2,App,4,1200,140,450
2024-08-19,Agra,27.1767,78.0081,0,8,0,31.7,1,553.29,-1.0,43.86,820,2,Web,21,1300,150,550
2025-04-12,Manali,32.2432,77.1892,1,4,5,19.2,0,1049.86,-0.642,68.84,607,2,Agent,8,1200,140,450
2025-02-05,Kerala,10.8505,76.2711,0,2,2,26.8,0,541.61,0.37,66.39,798,2,Kiosk,22,1700,220,700
2024-07-20,Kerala,10.8505,76.2711,1,7,5,38.3,0,1173.06,0.914,60.15,629,1,Agent,17,1700,220,700
2024-06-28,Agra,27.1767,78.0081,0,6,4,34.8,0,424.04,0.37,50.16,295,1,App,11,1300,150,550
2024-10-29,Leh,34.1526,77.5771,0,10,1,5.4,0,794.83,0.934,89.69,270,2,Agent,15,600,90,220
2025-01-21,Agra,27.1767,78.0081,0,1,1,17.4,0,94.84,-0.502,61.34,416,2,Kiosk,1,1300,150,550
2024-02-19,Kerala,10.8505,76.2711,0,2,0,24.6,0,151.54,0.151,62.91,476,3,Web,2,1700,220,700
2025-01-12,Manali,32.2432,77.1892,1,1,6,6.6,0,327.87,-0.498,83.72,424,1,Web,26,1200,140,450
2025-05-24,Andaman,11.7401,92.6586,1,5,5,35.7,0,450.34,-0.136,91.07,521,1,Kiosk,16,900,120,300
2025-06-04,Kerala,10.8505,76.2711,0,6,2,39.4,1,578.13,0.053,56.79,790,3,Web,6,1700,220,700
2025-05-11,Kerala,10.8505,76.2711,1,5,6,37.2,0,185.22,0.447,58.33,664,3,Web,1,1700,220,700
2025-02-06,Manali,32.2432,77.1892,0,2,3,10.4,0,149.07,-0.28,71.86,167,1,Kiosk,26,1200,140,450
2025-02-23,Jaipur,26.9124,75.7873,1,2,6,21.8,0,245.25,-0.096,63.62,604,2,App,13,1500,180,600
2024-12-13,Andaman,11.7401,92.6586,0,12,4,18.4,0,427.85,-0.1,85.95,173,2,Web,4,900,120,300
2024-08-22,Goa,15.2993,74.124,0,8,3,35.3,0,342.48,1.0,88.38,466,2,Kiosk,17,2000,250,800
2025-09-18,Agra,27.1767,78.0081,0,9,3,26.9,0,171.48,-0.882,59.33,307,1,Web,13,1300,150,550
2024-03-12,Manali,32.2432,77.1892,0,3,1,15.1,1,957.54,-0.441,86.2,508,2,Kiosk,6,1200,140,450
2024-04-15,Jaipur,26.9124,75.7873,0,4,0,32.4,0,1450.07,-0.351,62.81,985,2,Agent,9,1500,180,600
2025-05-10,Andaman,11.7401,92.6586,1,5,5,37.9,0,520.46,-0.764,94.85,315,2,Agent,15,900,120,300
2025-08-06,Andaman,11.7401,92.6586,0,8,2,31.7,0,63.6,0.174,83.59,410,2,Web,9,900,120,300
2025-08-16,Kerala,10.8505,76.2711,1,8,5,34.1,0,729.66,0.766,58.96,438,3,Web,6,1700,220,700
2025-05-08,Manali,32.2432,77.1892,0,5,3,22.9,1,207.3,-0.576,83.58,515,2,App,4,1200,140,450
2025-07-27,Jaipur,26.9124,75.7873,1,7,6,37.6,0,656.71,1.0,52.94,306,2,Kiosk,4,1500,180,600
2024-10-22,Andaman,11.7401,92.6586,0,10,1,23.5,0,155.48,-1.0,82.83,290,3,Kiosk,5,900,120,300
2024-10-22,Jaipur,26.9124,75.7873,0,10,1,25.8,0,406.35,-0.608,57.71,586,2,Web,22,1500,180,600
2024-05-06,Leh,34.1526,77.5771,0,5,0,18.1,0,184.69,-0.52,103.63,306,3,Agent,24,600,90,220
2024-09-21,Jaipur,26.9124,75.7873,1,9,5,29.8,1,9.7,-0.142,60.27,306,2,Kiosk,10,1500,180,600
2025-02-14,Andaman,11.7401,92.6586,0,2,4,24.1,0,899.62,0.72,87.27,799,2,App,3,900,120,300
2024-09-15,Leh,34.1526,77.5771,1,9,6,11.4,0,209.08,-0.028,92.7,184,1,App,15,600,90,220
2024-06-29,Kerala,10.8505,76.2711,1,6,5,40.6,0,112.67,0.806,78.72,327,1,Agent,10,1700,220,700
2024-10-22,Varanasi,25.3176,82.9739,0,10,1,23.3,0,222.11,-0.448,52.08,502,1,Web,8,1400,160,500
2024-06-28,Leh,34.1526,77.5771,0,6,4,21.8,0,321.17,-0.562,104.25,288,2,Kiosk,6,600,90,220
2024-07-24,Andaman,11.7401,92.6586,0,7,2,37.0,1,420.1,0.054,85.1,360,2,App,6,900,120,300
2024-07-18,Leh,34.1526,77.5771,0,7,3,19.2,0,234.14,0.037,85.61,555,2,Kiosk,10,600,90,220
2024-01-30,Varanasi,25.3176,82.9739,0,1,1,19.1,0,193.7,-0.173,51.07,420,3,Agent,10,1400,160,500
2024-01-25,Jaipur,26.9124,75.7873,0,1,3,21.7,0,378.44,-0.625,55.13,443,2,Web,15,1500,180,600
2024-02-08,Varanasi,25.3176,82.9739,0,2,3,22.7,0,403.8,0.317,48.25,272,2,Agent,1,1400,160,500
2024-11-26,Andaman,11.7401,92.6586,0,11,1,19.4,0,750.08,-0.938,86.33,330,2,App,5,900,120,300
2024-06-01,Jaipur,26.9124,75.7873,1,6,5,39.5,0,94.62,0.352,64.44,624,3,App,5,1500,180,600
2024-02-02,Varanasi,25.3176,82.9739,0,2,4,21.6,0,352.33,0.636,49.45,509,2,Agent,18,1400,160,500
2025-05-23,Leh,34.1526,77.5771,0,5,4,19.1,0,533.22,-0.335,88.9,709,2,Kiosk,8,600,90,220
2024-04-25,Agra,27.1767,78.0081,0,4,3,31.4,0,903.93,0.288,60.79,717,1,Web,33,1300,150,550
2025-03-10,Kerala,10.8505,76.2711,0,3,0,29.2,0,824.75,0.781,73.11,1080,1,Web,9,1700,220,700
2025-09-15,Kerala,10.8505,76.2711,0,9,0,27.4,1,783.31,0.715,57.32,644,3,Agent,16,1700,220,700
2024-06-28,Manali,32.2432,77.1892,0,6,4,27.6,1,349.11,0.066,69.32,374,2,Kiosk,19,1200,140,450
2025-03-11,Kerala,10.8505,76.2711,0,3,1,29.5,0,256.24,-0.135,66.76,471,3,Web,19,1700,220,700
2025-09-17,Agra,27.1767,78.0081,0,9,2,26.8,0,112.74,-0.301,44.59,141,2,Agent,12,1300,150,550
2025-08-07,Agra,27.1767,78.0081,0,8,3,33.1,1,179.18,0.324,52.39,548,2,Web,4,1300,150,550
2024-01-01,Andaman,11.7401,92.6586,0,1,0,22.0,0,947.22,0.037,88.6,458,2,Agent,19,900,120,300
2024-08-13,Agra,27.1767,78.0081,0,8,1,35.2,0,247.51,-0.183,46.73,512,2,Kiosk,14,1300,150,550
2024-01-31,Goa,15.2993,74.124,0,1,2,21.5,0,399.43,0.209,76.0,698,3,Web,17,2000,250,800
2024-01-24,Leh,34.1526,77.5771,0,1,2,1.8,0,359.76,0.626,91.02,549,3,Web,7,600,90,220
2025-06-14,Manali,32.2432,77.1892,1,6,5,23.4,1,322.23,-0.535,75.56,520,2,Web,4,1200,140,450
2024-03-01,Varanasi,25.3176,82.9739,0,3,4,26.1,0,386.34,-0.148,54.6,407,2,Kiosk,16,1400,160,500
2024-04-21,Varanasi,25.3176,82.9739,1,4,6,34.1,0,480.83,0.521,54.61,718,1,App,12,1400,160,500
2025-03-19,Leh,34.1526,77.5771,0,3,2,13.1,0,292.48,0.81,105.48,16,2,Agent,2,600,90,220
2025-09-27,Leh,34.1526,77.5771,1,9,5,12.7,0,237.37,0.85,88.6,296,1,App,14,600,90,220
2025-04-13,Manali,32.2432,77.1892,1,4,6,19.9,0,514.68,0.077,80.07,703,3,App,10,1200,140,450
2025-06-15,Andaman,11.7401,92.6586,1,6,6,37.7,0,63.85,-0.301,92.43,475,3,Web,3,900,120,300
2024-04-26,Andaman,11.7401,92.6586,0,4,4,33.4,0,980.07,0.725,99.89,363,2,Web,16,900,120,300
2024-06-02,Leh,34.1526,77.5771,1,6,6,18.8,1,712.67,0.72,92.92,511,3,Web,15,600,90,220
2024-05-06,Kerala,10.8505,76.2711,0,5,0,37.0,0,123.64,-0.456,67.22,774,2,Web,21,1700,220,700
2025-06-02,Kerala,10.8505,76.2711,0,6,0,39.9,0,335.08,-0.224,51.6,829,3,Web,11,1700,220,700
2025-03-26,Andaman,11.7401,92.6586,0,3,2,27.4,0,166.52,1.0,96.37,252,3,Kiosk,1,900,120,300
2024-11-07,Leh,34.1526,77.5771,0,11,3,-0.1,0,589.53,-0.675,95.75,322,1,App,8,600,90,220
2024-03-12,Agra,27.1767,78.0081,0,3,1,26.3,0,469.69,0.226,51.84,446,3,Kiosk,33,1300,150,550
2025-05-15,Andaman,11.7401,92.6586,0,5,3,37.9,0,188.73,-0.01,89.64,286,3,Agent,6,900,120,300
2024-04-03,Kerala,10.8505,76.2711,0,4,2,32.9,0,154.97,-0.137,71.25,762,2,App,26,1700,220,700
2025-06-06,Manali,32.2432,77.1892,0,6,4,24.3,0,1307.16,0.505,72.42,587,1,Kiosk,7,1200,140,450
2025-03-31,Andaman,11.7401,92.6586,0,3,0,28.1,0,407.37,-0.38,94.35,324,3,App,27,900,120,300
2024-09-05,Varanasi,25.3176,82.9739,0,9,3,28.6,0,526.52,0.107,50.13,542,1,Web,3,1400,160,500
2025-04-29,Agra,27.1767,78.0081,0,4,1,28.4,0,253.93,0.358,62.13,469,3,Agent,12,1300,150,550
2025-02-04,Leh,34.1526,77.5771,0,2,1,5.0,0,199.32,0.922,95.98,554,3,Kiosk,4,600,90,220
2025-08-06,Goa,15.2993,74.124,0,8,2,35.9,0,245.88,0.258,83.75,743,3,App,1,2000,250,800
2024-06-23,Manali,32.2432,77.1892,1,6,6,26.5,0,38.17,1.0,89.48,466,1,Web,9,1200,140,450
2024-07-10,Leh,34.1526,77.5771,0,7,2,19.7,0,839.5,0.2,107.92,465,3,Kiosk,14,600,90,220
2025-02-17,Manali,32.2432,77.1892,0,2,0,9.6,0,478.09,0.272,75.59,467,3,App,42,1200,140,450
2025-07-08,Leh,34.1526,77.5771,0,7,1,18.4,0,297.2,0.028,95.47,388,2,App,2,600,90,220
2024-08-22,Varanasi,25.3176,82.9739,0,8,3,31.9,0,1256.37,-0.484,59.52,823,1,Web,10,1400,160,500
2025-06-11,Manali,32.2432,77.1892,0,6,2,25.4,0,319.22,0.322,73.18,527,3,Web,2,1200,140,450
2024-04-28,Goa,15.2993,74.124,1,4,6,34.9,0,344.2,-0.562,73.48,1031,2,App,9,2000,250,800
2024-09-16,Jaipur,26.9124,75.7873,0,9,0,29.0,0,436.52,0.684,53.24,522,2,Kiosk,27,1500,180,600
2024-12-06,Leh,34.1526,77.5771,0,12,4,0.9,0,204.52,1.0,92.54,529,2,Agent,13,600,90,220
2024-02-19,Manali,32.2432,77.1892,0,2,0,10.1,0,132.15,0.804,72.72,441,3,Agent,5,1200,140,450
2025-06-29,Agra,27.1767,78.0081,1,6,6,36.3,0,222.78,0.898,48.41,491,3,Web,4,1300,150,550
2024-10-17,Manali,32.2432,77.1892,0,10,3,10.3,0,18.93,0.555,74.37,464,2,Web,7,1200,140,450
2024-03-04,Goa,15.2993,74.124,0,3,0,28.9,0,121.11,0.11,83.16,724,3,Web,1,2000,250,800
2024-09-25,Andaman,11.7401,92.6586,0,9,2,26.8,0,575.01,0.9,99.23,475,1,Agent,21,900,120,300
2025-06-22,Leh,34.1526,77.5771,1,6,6,19.4,0,1006.86,0.882,94.21,394,2,Agent,14,600,90,220
2025-03-31,Kerala,10.8505,76.2711,0,3,0,28.5,0,114.74,-0.264,78.24,366,1,Kiosk,29,1700,220,700
2024-09-10,Varanasi,25.3176,82.9739,0,9,1,27.6,0,220.06,-0.251,39.19,339,2,Web,24,1400,160,500
2024-08-22,Manali,32.2432,77.1892,0,8,3,20.8,0,680.34,0.283,69.37,505,3,Web,3,1200,140,450
2024-06-29,Jaipur,26.9124,75.7873,1,6,5,38.3,1,49.45,-0.352,64.77,747,2,Agent,7,1500,180,600
2025-07-11,Manali,32.2432,77.1892,0,7,4,22.3,1,100.19,0.291,83.57,344,2,Agent,13,1200,140,450
2024-12-25,Jaipur,26.9124,75.7873,0,12,2,19.2,0,454.16,-0.833,55.98,350,2,Kiosk,10,1500,180,600
2025-05-04,Goa,15.2993,74.124,1,5,6,40.0,0,689.26,-0.869,79.52,1159,3,App,5,2000,250,800
2024-05-22,Varanasi,25.3176,82.9739,0,5,2,36.8,0,377.22,0.833,56.14,465,2,App,12,1400,160,500
2024-01-09,Agra,27.1767,78.0081,0,1,1,18.6,0,887.14,-0.179,47.15,164,2,Agent,26,1300,150,550
2025-02-05,Jaipur,26.9124,75.7873,0,2,2,23.8,0,338.49,-0.096,68.53,448,2,Web,14,1500,180,600
2024-10-15,Manali,32.2432,77.1892,0,10,1,9.8,0,513.16,-0.525,74.7,347,1,Agent,6,1200,140,450
2025-03-06,Agra,27.1767,78.0081,0,3,3,27.2,0,682.33,0.092,58.3,457,1,Web,44,1300,150,550
2024-04-04,Leh,34.1526,77.5771,0,4,3,15.2,0,418.59,0.84,96.99,286,1,Agent,15,600,90,220
2024-07-26,Manali,32.2432,77.1892,0,7,4,23.1,0,279.35,0.486,75.81,422,1,Agent,13,1200,140,450
2024-03-01,Andaman,11.7401,92.6586,0,3,4,29.3,0,375.5,-0.344,86.28,35,3,Kiosk,18,900,120,300
2025-03-22,Andaman,11.7401,92.6586,1,3,5,26.2,0,72.33,0.359,105.88,283,1,Kiosk,7,900,120,300
2024-04-11,Varanasi,25.3176,82.9739,0,4,3,31.6,0,628.49,0.596,47.3,220,3,Agent,41,1400,160,500
2025-03-23,Kerala,10.8505,76.2711,1,3,6,27.1,0,288.77,1.0,66.59,812,2,Kiosk,3,1700,220,700
2025-03-06,Leh,34.1526,77.5771,0,3,3,11.3,0,449.0,0.173,101.53,346,2,App,15,600,90,220
2024-11-27,Kerala,10.8505,76.2711,0,11,2,19.2,0,552.56,-0.509,55.04,483,1,Web,26,1700,220,700
2025-01-21,Agra,27.1767,78.0081,0,1,1,17.6,0,369.98,-0.219,46.24,552,2,App,23,1300,150,550
2025-02-09,Varanasi,25.3176,82.9739,1,2,6,23.8,0,221.17,1.0,43.3,665,2,Kiosk,2,1400,160,500
2025-08-19,Leh,34.1526,77.5771,0,8,1,15.0,1,258.81,-0.192,89.75,362,2,Web,11,600,90,220
2024-10-11,Manali,32.2432,77.1892,0,10,4,8.6,0,314.52,-0.426,71.27,535,1,Agent,14,1200,140,450
2025-02-07,Goa,15.2993,74.124,0,2,4,23.8,0,210.55,-0.205,80.57,731,4,Web,4,2000,250,800
2025-08-01,Manali,32.2432,77.1892,0,8,4,19.6,0,971.88,-0.099,63.53,495,2,Web,10,1200,140,450
2025-04-19,Kerala,10.8505,76.2711,1,4,5,34.1,0,1418.16,0.447,72.23,543,1,Agent,2,1700,220,700
2025-02-20,Manali,32.2432,77.1892,0,2,3,10.0,0,155.94,0.682,87.84,406,2,Kiosk,10,1200,140,450
2025-08-28,Kerala,10.8505,76.2711,0,8,3,33.9,0,176.43,0.557,71.24,338,3,Kiosk,16,1700,220,700
2025-07-13,Agra,27.1767,78.0081,1,7,6,35.7,0,627.63,0.288,60.22,777,2,Web,5,1300,150,550
2024-12-24,Goa,15.2993,74.124,0,12,1,19.1,0,1162.04,-0.222,74.16,499,2,App,16,2000,250,800
2024-05-02,Manali,32.2432,77.1892,0,5,3,24.2,0,91.39,-0.014,72.51,738,3,Web,9,1200,140,450
2025-04-30,Manali,32.2432,77.1892,0,4,2,21.2,0,256.44,0.239,76.15,712,1,App,4,1200,140,450
2024-08-02,Leh,34.1526,77.5771,0,8,4,13.7,0,619.44,-0.878,89.68,434,2,Agent,15,600,90,220
2024-06-30,Varanasi,25.3176,82.9739,1,6,6,35.9,0,186.82,0.25,44.15,822,2,Web,11,1400,160,500
2025-06-18,Agra,27.1767,78.0081,0,6,2,37.0,1,406.73,-1.0,54.59,472,2,Kiosk,7,1300,150,550
2024-07-11,Jaipur,26.9124,75.7873,0,7,3,35.8,0,402.14,-0.089,62.82,848,2,Agent,20,1500,180,600
2025-02-19,Agra,27.1767,78.0081,0,2,2,24.0,0,318.89,-0.586,56.38,295,2,Web,13,1300,150,550
2024-12-30,Agra,27.1767,78.0081,0,12,0,17.6,0,444.04,0.835,53.55,592,1,Web,22,1300,150,550
2024-02-02,Varanasi,25.3176,82.9739,0,2,4,21.1,0,164.47,0.356,47.44,660,2,Web,30,1400,160,500
2024-07-06,Varanasi,25.3176,82.9739,1,7,5,38.2,0,358.24,-0.2,51.44,571,2,App,11,1400,160,500
2024-03-21,Kerala,10.8505,76.2711,0,3,3,29.5,0,186.39,0.001,68.17,588,4,Kiosk,12,1700,220,700
2025-08-04,Varanasi,25.3176,82.9739,0,8,0,31.9,0,765.24,-0.025,46.97,421,1,Kiosk,7,1400,160,500
2024-01-07,Jaipur,26.9124,75.7873,1,1,6,18.6,0,399.41,0.054,64.07,622,2,App,2,1500,180,600
2024-05-07,Leh,34.1526,77.5771,0,5,1,17.3,0,82.88,-0.188,92.73,396,3,App,26,600,90,220
2024-01-07,Goa,15.2993,74.124,1,1,6,19.2,0,386.96,0.568,78.96,882,3,Kiosk,12,2000,250,800
2025-09-24,Jaipur,26.9124,75.7873,0,9,2,29.4,0,225.73,-0.703,50.49,466,2,Web,9,1500,180,600
2024-06-09,Jaipur,26.9124,75.7873,1,6,6,37.9,0,283.13,-0.089,62.07,920,2,Web,10,1500,180,600
2024-04-23,Varanasi,25.3176,82.9739,0,4,1,31.9,0,224.91,-0.823,48.77,551,2,Web,17,1400,160,500
2024-05-17,Andaman,11.7401,92.6586,0,5,4,36.3,0,489.12,1.0,100.46,200,2,Web,20,900,120,300
2025-06-17,Manali,32.2432,77.1892,0,6,1,26.7,0,62.33,-0.154,75.65,480,2,Web,20,1200,140,450
2025-06-16,Leh,34.1526,77.5771,0,6,0,21.7,0,633.34,-0.099,98.34,540,3,App,6,600,90,220
2025-01-01,Goa,15.2993,74.124,0,1,2,21.5,0,213.32,-0.457,80.44,714,1,App,3,2000,250,800
2024-07-02,Manali,32.2432,77.1892,0,7,1,24.3,0,397.71,0.366,66.73,163,1,Kiosk,36,1200,140,450
2024-10-14,Varanasi,25.3176,82.9739,0,10,0,22.3,0,522.02,0.979,42.22,578,2,Web,23,1400,160,500
2024-06-08,Kerala,10.8505,76.2711,1,6,5,39.4,0,1125.02,0.2,68.14,831,3,Kiosk,17,1700,220,700
2025-01-05,Leh,34.1526,77.5771,1,1,6,2.8,0,726.33,-0.804,93.03,566,2,Web,9,600,90,220
2025-02-18,Jaipur,26.9124,75.7873,0,2,1,21.6,0,1063.98,0.511,59.25,486,1,Kiosk,5,1500,180,600
2024-10-03,Jaipur,26.9124,75.7873,0,10,3,22.2,0,830.08,-0.103,49.98,393,1,Kiosk,7,1500,180,600
2024-02-04,Jaipur,26.9124,75.7873,1,2,6,23.2,0,177.58,-0.052,70.48,328,1,Agent,6,1500,180,600
2024-01-23,Jaipur,26.9124,75.7873,0,1,1,19.6,0,139.18,-0.392,67.91,377,2,Web,11,1500,180,600
2024-09-10,Leh,34.1526,77.5771,0,9,1,9.8,0,125.27,0.148,84.49,153,2,Web,10,600,90,220
2025-06-19,Kerala,10.8505,76.2711,0,6,3,36.8,0,426.95,0.501,72.91,692,1,Web,5,1700,220,700
2024-12-15,Manali,32.2432,77.1892,1,12,6,4.3,1,721.76,0.524,76.72,699,1,Web,10,1200,140,450
2024-11-25,Kerala,10.8505,76.2711,0,11,0,22.7,0,1307.52,-0.055,68.27,818,4,App,18,1700,220,700
2025-01-17,Andaman,11.7401,92.6586,0,1,4,18.8,0,341.42,0.411,101.8,514,3,Agent,41,900,120,300
2025-09-28,Jaipur,26.9124,75.7873,1,9,6,27.5,0,483.67,0.347,58.26,680,1,Web,5,1500,180,600
2025-03-01,Manali,32.2432,77.1892,1,3,5,15.0,0,157.85,0.801,75.06,712,2,App,9,1200,140,450
2025-01-24,Andaman,11.7401,92.6586,0,1,4,19.1,0,267.86,0.076,83.67,434,2,Agent,10,900,120,300
2024-07-18,Varanasi,25.3176,82.9739,0,7,3,35.3,1,243.56,-0.033,51.66,841,1,App,12,1400,160,500
2024-08-05,Manali,32.2432,77.1892,0,8,0,18.2,0,492.59,-0.171,73.77,549,1,Agent,21,1200,140,450
2025-05-21,Goa,15.2993,74.124,0,5,2,39.2,0,820.0,0.188,81.09,928,3,App,7,2000,250,800
2025-04-28,Andaman,11.7401,92.6586,0,4,0,31.7,0,349.44,0.067,93.95,440,2,App,17,900,120,300
2024-12-21,Agra,27.1767,78.0081,1,12,5,19.2,1,519.39,0.071,56.76,470,3,Web,14,1300,150,550
2025-07-06,Varanasi,25.3176,82.9739,1,7,6,36.1,0,364.76,0.397,51.34,440,2,Agent,5,1400,160,500
2025-03-27,Leh,34.1526,77.5771,0,3,3,9.6,0,141.99,-0.25,97.77,285,3,Web,29,600,90,220
2025-01-09,Agra,27.1767,78.0081,0,1,3,19.4,0,777.38,0.981,69.55,682,2,Kiosk,4,1300,150,550
2024-05-06,Goa,15.2993,74.124,0,5,0,39.6,0,584.67,-0.517,77.0,982,3,App,12,2000,250,800
2024-08-01,Goa,15.2993,74.124,0,8,3,34.8,0,172.03,-0.07,90.41,775,3,App,14,2000,250,800
2025-02-27,Jaipur,26.9124,75.7873,0,2,3,23.1,1,454.44,0.56,50.91,814,2,Kiosk,9,1500,180,600
2025-04-10,Agra,27.1767,78.0081,0,4,3,30.4,0,374.33,-0.36,55.91,571,2,Web,6,1300,150,550
2025-04-15,Goa,15.2993,74.124,0,4,1,33.5,0,1672.97,-0.571,82.59,980,3,Web,7,2000,250,800
2024-02-08,Varanasi,25.3176,82.9739,0,2,3,22.2,0,73.93,-0.001,48.72,321,2,Web,21,1400,160,500
2025-04-29,Kerala,10.8505,76.2711,0,4,1,34.7,0,275.96,1.0,68.19,416,3,Web,21,1700,220,700
2024-05-01,Andaman,11.7401,92.6586,0,5,2,35.2,0,380.57,0.175,88.16,514,1,Agent,10,900,120,300
2024-08-26,Jaipur,26.9124,75.7873,0,8,0,32.8,0,613.01,0.447,63.14,652,2,Kiosk,1,1500,180,600
2025-01-13,Goa,15.2993,74.124,0,1,0,20.6,0,108.56,-0.296,84.64,761,1,App,30,2000,250,800
2025-06-15,Andaman,11.7401,92.6586,1,6,6,37.7,0,532.66,0.469,90.92,338,2,App,2,900,120,300
2025-09-14,Andaman,11.7401,92.6586,1,9,6,29.3,0,662.24,-0.01,86.35,493,2,Kiosk,7,900,120,300
2024-05-13,Leh,34.1526,77.5771,0,5,0,19.9,0,129.63,-0.031,94.82,311,3,Agent,3,600,90,220
2024-04-25,Jaipur,26.9124,75.7873,0,4,3,33.2,0,171.36,0.122,60.09,667,3,Web,1,1500,180,600
2024-04-03,Leh,34.1526,77.5771,0,4,2,14.2,0,765.3,-0.258,100.17,548,3,Web,20,600,90,220
2025-04-12,Andaman,11.7401,92.6586,1,4,5,34.8,0,139.71,0.648,95.92,231,2,Agent,26,900,120,300
2025-09-23,Leh,34.1526,77.5771,0,9,1,11.8,0,749.92,0.154,89.73,225,2,Agent,11,600,90,220
2025-04-10,Kerala,10.8505,76.2711,0,4,3,33.2,0,312.57,0.938,69.44,422,2,Web,9,1700,220,700
2024-03-05,Manali,32.2432,77.1892,0,3,1,14.7,0,387.79,0.111,70.12,149,1,Kiosk,5,1200,140,450
2024-03-23,Varanasi,25.3176,82.9739,1,3,5,27.4,0,105.96,0.173,56.64,525,3,App,37,1400,160,500
2024-10-20,Jaipur,26.9124,75.7873,1,10,6,22.8,0,984.66,-0.267,65.19,695,1,Kiosk,17,1500,180,600
2024-10-10,Manali,32.2432,77.1892,0,10,3,9.2,0,1138.7,0.267,68.26,115,1,Kiosk,6,1200,140,450
2024-02-16,Agra,27.1767,78.0081,0,2,4,20.7,0,393.98,0.103,55.01,493,2,Web,3,1300,150,550
2024-09-11,Agra,27.1767,78.0081,0,9,2,27.4,0,577.63,-0.264,61.15,415,2,Agent,8,1300,150,550
2025-06-05,Varanasi,25.3176,82.9739,0,6,3,35.5,0,147.94,0.244,58.81,488,2,Agent,15,1400,160,500
2024-12-09,Goa,15.2993,74.124,0,12,0,17.9,0,927.56,0.839,80.08,1193,1,App,3,2000,250,800
2025-04-18,Leh,34.1526,77.5771,0,4,4,14.2,0,537.1,-0.211,108.64,549,4,Web,17,600,90,220
2024-05-12,Kerala,10.8505,76.2711,1,5,6,36.6,0,790.56,-0.091,70.18,999,2,Kiosk,3,1700,220,700
2024-12-07,Agra,27.1767,78.0081,1,12,5,17.9,0,177.42,-0.717,65.1,479,2,Web,1,1300,150,550
2025-06-29,Leh,34.1526,77.5771,1,6,6,19.2,1,540.94,0.368,87.85,152,1,App,16,600,90,220
2024-08-20,Andaman,11.7401,92.6586,0,8,1,34.0,1,95.94,1.0,76.83,126,2,Web,11,900,120,300
2024-12-06,Manali,32.2432,77.1892,0,12,4,2.7,0,630.46,0.467,66.13,686,1,App,3,1200,140,450
2024-08-29,Jaipur,26.9124,75.7873,0,8,3,35.8,0,237.52,0.5,69.83,493,1,Agent,9,1500,180,600
2024-08-18,Varanasi,25.3176,82.9739,1,8,6,32.0,0,294.44,0.085,39.31,777,3,Web,15,1400,160,500
2024-07-21,Varanasi,25.3176,82.9739,1,7,6,34.1,0,171.05,1.0,55.52,407,3,Kiosk,11,1400,160,500
2025-03-08,Andaman,11.7401,92.6586,1,3,5,28.4,0,172.85,-0.859,90.57,377,2,App,9,900,120,300
2024-12-01,Manali,32.2432,77.1892,1,12,6,3.7,0,460.02,-0.582,72.94,460,2,App,5,1200,140,450
2025-09-27,Agra,27.1767,78.0081,1,9,5,26.2,0,136.79,1.0,62.54,678,2,Agent,13,1300,150,550
2025-06-23,Agra,27.1767,78.0081,0,6,0,36.4,0,302.84,0.376,54.72,502,2,App,3,1300,150,550
2024-10-11,Andaman,11.7401,92.6586,0,10,4,25.5,0,2383.24,0.92,88.03,602,2,Web,12,900,120,300
2024-08-08,Andaman,11.7401,92.6586,0,8,3,32.3,0,376.73,0.525,86.43,107,1,Kiosk,5,900,120,300
2025-05-11,Manali,32.2432,77.1892,1,5,6,22.8,0,88.98,0.339,77.29,590,1,Kiosk,25,1200,140,450
2025-05-24,Jaipur,26.9124,75.7873,1,5,5,33.8,0,113.3,-0.227,56.52,1105,2,Web,6,1500,180,600
2025-09-13,Manali,32.2432,77.1892,1,9,5,15.7,0,262.01,1.0,65.26,533,2,Web,36,1200,140,450
2025-03-06,Andaman,11.7401,92.6586,0,3,3,29.9,0,241.23,1.0,88.9,523,3,Web,7,900,120,300
2025-05-30,Varanasi,25.3176,82.9739,0,5,4,34.8,0,532.1,0.104,45.21,771,3,Web,5,1400,160,500
2025-04-16,Andaman,11.7401,92.6586,0,4,2,32.3,0,208.67,-0.771,98.51,646,3,App,3,900,120,300
2024-12-31,Agra,27.1767,78.0081,0,12,1,16.4,0,196.9,0.949,46.95,462,2,Agent,18,1300,150,550
2024-03-04,Manali,32.2432,77.1892,0,3,0,16.5,0,703.09,-0.354,76.94,514,4,Kiosk,7,1200,140,450
2024-10-11,Leh,34.1526,77.5771,0,10,4,3.5,0,175.28,-0.102,89.29,489,1,Web,8,600,90,220
2024-04-04,Goa,15.2993,74.124,0,4,3,34.2,0,1004.03,-0.537,82.44,898,1,Agent,6,2000,250,800
2024-08-25,Goa,15.2993,74.124,1,8,6,33.7,0,527.02,-0.147,77.32,1172,1,Web,13,2000,250,800
2025-06-10,Leh,34.1526,77.5771,0,6,1,19.4,0,67.88,0.441,98.32,49,2,Kiosk,13,600,90,220
2024-06-14,Kerala,10.8505,76.2711,0,6,4,38.4,0,431.46,0.843,60.58,608,2,Agent,15,1700,220,700
2024-08-29,Andaman,11.7401,92.6586,0,8,3,33.1,0,92.23,0.35,84.85,591,1,Agent,6,900,120,300
2024-07-18,Goa,15.2993,74.124,0,7,3,37.6,0,269.55,-0.03,86.75,1011,3,Web,8,2000,250,800
2025-07-05,Leh,34.1526,77.5771,1,7,5,19.8,0,963.58,-0.339,103.31,797,3,Web,14,600,90,220
2024-04-11,Goa,15.2993,74.124,0,4,3,35.5,0,1277.06,-0.243,87.78,896,1,App,2,2000,250,800
2024-12-29,Varanasi,25.3176,82.9739,1,12,6,14.2,0,478.48,0.035,51.75,424,2,Agent,5,1400,160,500
2024-12-24,Kerala,10.8505,76.2711,0,12,1,20.1,0,412.48,-0.122,64.04,398,3,Kiosk,7,1700,220,700
2025-05-02,Jaipur,26.9124,75.7873,0,5,4,36.1,0,477.7,0.656,68.19,393,2,Web,22,1500,180,600
2025-09-17,Leh,34.1526,77.5771,0,9,2,11.5,0,492.54,1.0,81.14,428,3,Web,10,600,90,220
2024-05-28,Goa,15.2993,74.124,0,5,1,36.4,0,1253.43,-1.0,73.73,1031,2,Web,15,2000,250,800
2024-12-20,Jaipur,26.9124,75.7873,0,12,4,18.6,0,365.71,1.0,65.03,721,2,Web,1,1500,180,600
2024-08-26,Kerala,10.8505,76.2711,0,8,0,34.5,0,374.08,-0.23,69.6,896,2,App,4,1700,220,700
2025-04-27,Goa,15.2993,74.124,1,4,6,36.3,0,552.66,-0.676,69.41,1011,3,App,5,2000,250,800
2025-05-28,Manali,32.2432,77.1892,0,5,2,22.9,0,919.71,0.534,74.14,315,3,Kiosk,18,1200,140,450
2024-10-08,Leh,34.1526,77.5771,0,10,1,6.3,0,441.63,0.624,91.57,435,2,Agent,12,600,90,220
2025-04-24,Kerala,10.8505,76.2711,0,4,3,33.4,0,386.86,0.18,79.49,869,2,Kiosk,11,1700,220,700
2024-01-18,Leh,34.1526,77.5771,0,1,3,-2.7,0,203.12,-1.0,101.51,360,1,App,2,600,90,220
2024-12-19,Goa,15.2993,74.124,0,12,3,19.0,0,116.2,0.15,71.98,376,2,Agent,9,2000,250,800
2024-01-30,Manali,32.2432,77.1892,0,1,1,7.3,0,170.24,0.272,77.07,355,2,Kiosk,4,1200,140,450
2025-09-11,Varanasi,25.3176,82.9739,0,9,3,27.4,0,559.53,-0.355,59.22,499,3,App,38,1400,160,500
2024-01-23,Kerala,10.8505,76.2711,0,1,1,18.8,0,328.77,-0.392,64.83,481,2,Web,17,1700,220,700
2024-02-17,Manali,32.2432,77.1892,1,2,5,12.4,0,216.95,0.163,75.41,366,2,Agent,14,1200,140,450
2025-03-14,Kerala,10.8505,76.2711,0,3,4,30.1,0,196.35,-1.0,60.89,382,3,Kiosk,14,1700,220,700
2024-07-30,Goa,15.2993,74.124,0,7,1,40.0,0,470.0,-0.174,91.59,918,1,Kiosk,25,2000,250,800
2025-05-08,Kerala,10.8505,76.2711,0,5,3,34.9,0,513.51,0.605,64.54,342,2,Agent,13,1700,220,700
2025-09-30,Leh,34.1526,77.5771,0,9,1,12.1,0,354.68,0.597,95.59,143,3,Kiosk,13,600,90,220
2025-05-20,Andaman,11.7401,92.6586,0,5,1,35.2,0,198.13,0.074,94.77,666,1,Web,4,900,120,300
2024-01-23,Jaipur,26.9124,75.7873,0,1,1,18.7,0,103.71,0.56,67.62,731,2,Web,14,1500,180,600
2025-07-05,Leh,34.1526,77.5771,1,7,5,18.5,0,296.76,0.546,97.14,204,2,Agent,11,600,90,220
2025-07-29,Jaipur,26.9124,75.7873,0,7,1,37.8,0,496.75,0.103,63.97,922,2,Web,10,1500,180,600
2024-03-12,Varanasi,25.3176,82.9739,0,3,1,26.2,0,284.17,0.102,60.12,560,2,App,21,1400,160,500
2025-02-01,Manali,32.2432,77.1892,1,2,5,8.4,0,980.1,-0.162,76.94,475,1,Agent,3,1200,140,450
2025-01-14,Leh,34.1526,77.5771,0,1,1,1.8,0,758.75,0.571,91.52,461,2,Kiosk,17,600,90,220
2025-04-15,Goa,15.2993,74.124,0,4,1,33.3,0,556.78,-0.316,66.97,626,2,Kiosk,25,2000,250,800
2024-03-18,Leh,34.1526,77.5771,0,3,0,10.8,0,385.86,0.132,95.97,290,2,Web,4,600,90,220
2024-01-02,Manali,32.2432,77.1892,0,1,1,5.2,0,163.4,1.0,78.17,421,3,Kiosk,17,1200,140,450
2025-01-12,Jaipur,26.9124,75.7873,1,1,6,19.4,0,299.8,0.645,69.47,843,1,Kiosk,27,1500,180,600
2024-01-04,Varanasi,25.3176,82.9739,0,1,3,20.2,0,62.18,0.19,42.75,510,3,App,25,1400,160,500
2024-08-30,Manali,32.2432,77.1892,0,8,4,18.0,0,367.33,-0.45,61.27,517,2,Web,16,1200,140,450
2024-09-21,Goa,15.2993,74.124,1,9,5,28.3,0,87.99,-0.604,71.8,766,3,Web,2,2000,250,800
2025-06-11,Manali,32.2432,77.1892,0,6,2,26.7,0,1127.73,0.33,83.58,650,1,Web,7,1200,140,450
2024-06-08,Andaman,11.7401,92.6586,1,6,5,37.2,0,295.81,-0.666,87.42,308,2,Kiosk,12,900,120,300
2024-01-27,Andaman,11.7401,92.6586,1,1,5,19.3,0,196.88,0.043,92.47,541,2,Web,2,900,120,300
2024-01-15,Jaipur,26.9124,75.7873,0,1,0,19.2,0,523.05,-0.368,60.64,405,1,App,7,1500,180,600
2024-11-19,Andaman,11.7401,92.6586,0,11,1,19.4,0,375.52,0.075,87.12,246,2,Agent,7,900,120,300
2024-08-15,Agra,27.1767,78.0081,0,8,3,32.0,0,222.42,0.981,53.05,534,2,App,17,1300,150,550
2024-01-15,Goa,15.2993,74.124,0,1,0,20.6,0,437.49,-0.508,70.83,420,2,Agent,5,2000,250,800
2024-01-12,Agra,27.1767,78.0081,0,1,4,18.8,0,355.39,0.101,56.89,379,2,Kiosk,6,1300,150,550
2024-03-11,Varanasi,25.3176,82.9739,0,3,0,24.3,0,611.45,0.182,48.55,250,3,Agent,19,1400,160,500
2025-02-11,Leh,34.1526,77.5771,0,2,1,4.2,0,268.92,-0.232,93.26,2,3,Kiosk,13,600,90,220
2025-08-04,Agra,27.1767,78.0081,0,8,0,30.3,1,378.45,-0.309,60.28,583,2,Web,12,1300,150,550
2024-04-21,Kerala,10.8505,76.2711,1,4,6,34.5,0,805.1,0.722,70.13,897,2,App,13,1700,220,700
2024-06-17,Agra,27.1767,78.0081,0,6,0,37.5,0,229.94,0.854,49.3,310,3,App,45,1300,150,550
2025-07-25,Varanasi,25.3176,82.9739,0,7,4,33.8,0,503.78,-0.119,58.48,737,1,Web,8,1400,160,500
2025-05-07,Goa,15.2993,74.124,0,5,2,38.1,0,188.19,0.006,80.82,740,2,App,10,2000,250,800
2024-10-13,Agra,27.1767,78.0081,1,10,6,21.9,0,1230.63,-0.514,63.25,713,3,Web,1,1300,150,550
2025-02-08,Jaipur,26.9124,75.7873,1,2,5,24.8,0,223.09,-0.193,69.49,680,2,Web,15,1500,180,600
2024-02-29,Andaman,11.7401,92.6586,0,2,3,25.5,0,123.14,0.255,91.2,36,2,Agent,12,900,120,300
2024-03-15,Andaman,11.7401,92.6586,0,3,4,28.3,0,183.38,0.263,93.07,364,3,Web,8,900,120,300
2025-04-06,Andaman,11.7401,92.6586,1,4,6,34.2,0,410.65,-0.394,93.63,612,3,Web,19,900,120,300
2024-09-26,Leh,34.1526,77.5771,0,9,3,11.8,0,167.31,0.462,97.18,382,2,App,27,600,90,220
2024-12-23,Andaman,11.7401,92.6586,0,12,0,17.9,0,311.03,0.349,100.52,287,3,Agent,9,900,120,300
2024-12-03,Andaman,11.7401,92.6586,0,12,1,20.7,0,396.03,-0.203,87.45,190,3,Kiosk,9,900,120,300
2024-09-26,Goa,15.2993,74.124,0,9,3,29.3,0,703.4,1.0,69.74,776,2,App,17,2000,250,800
2025-02-11,Goa,15.2993,74.124,0,2,1,25.6,0,527.87,0.367,85.88,826,2,Agent,6,2000,250,800
2025-05-13,Jaipur,26.9124,75.7873,0,5,1,36.6,0,326.72,0.394,47.78,289,3,Agent,18,1500,180,600
2024-08-24,Jaipur,26.9124,75.7873,1,8,5,32.0,0,492.7,-0.241,54.34,878,3,Web,6,1500,180,600
2025-06-20,Goa,15.2993,74.124,0,6,4,39.2,0,263.94,0.291,77.24,863,1,Kiosk,2,2000,250,800
2024-04-17,Goa,15.2993,74.124,0,4,2,35.5,0,1391.32,-0.014,73.54,795,2,Web,1,2000,250,800
2024-03-28,Andaman,11.7401,92.6586,0,3,3,29.5,0,769.51,0.249,91.97,226,2,Agent,10,900,120,300
2024-01-18,Varanasi,25.3176,82.9739,0,1,3,18.9,0,1702.19,-0.021,54.81,653,2,Kiosk,10,1400,160,500
2024-02-26,Andaman,11.7401,92.6586,0,2,0,22.1,0,827.0,0.678,103.31,690,1,Web,9,900,120,300
2024-05-19,Manali,32.2432,77.1892,1,5,6,23.8,0,907.44,-0.219,70.43,516,4,Web,3,1200,140,450
2025-02-23,Leh,34.1526,77.5771,1,2,6,7.9,0,115.39,1.0,94.54,498,2,Kiosk,12,600,90,220
2024-11-20,Manali,32.2432,77.1892,0,11,2,6.4,0,770.49,-0.55,74.76,387,3,App,15,1200,140,450
2024-03-23,Kerala,10.8505,76.2711,1,3,5,30.0,0,398.73,0.904,60.14,766,2,Agent,6,1700,220,700
2024-03-16,Agra,27.1767,78.0081,1,3,5,29.6,0,155.6,0.821,65.17,430,1,Kiosk,3,1300,150,550
2024-09-29,Goa,15.2993,74.124,1,9,6,30.0,0,209.15,-0.346,79.02,410,1,Agent,16,2000,250,800
2024-06-19,Andaman,11.7401,92.6586,0,6,2,39.4,0,1474.55,0.393,88.17,632,2,App,5,900,120,300
2024-04-01,Manali,32.2432,77.1892,0,4,0,20.6,0,193.25,-0.35,80.87,592,3,Kiosk,8,1200,140,450
2024-02-09,Kerala,10.8505,76.2711,0,2,4,21.8,0,660.75,0.738,72.22,808,1,Agent,3,1700,220,700
2024-10-04,Varanasi,25.3176,82.9739,0,10,4,21.1,0,268.26,0.712,40.46,706,1,Agent,23,1400,160,500
2025-01-28,Varanasi,25.3176,82.9739,0,1,1,18.0,0,623.68,0.436,52.76,914,3,Agent,1,1400,160,500
2024-12-26,Goa,15.2993,74.124,0,12,3,18.9,0,645.44,0.651,70.76,942,2,App,21,2000,250,800
2024-01-17,Kerala,10.8505,76.2711,0,1,2,21.4,0,588.77,0.927,65.88,623,3,Agent,11,1700,220,700
2024-11-27,Andaman,11.7401,92.6586,0,11,2,19.1,0,401.55,0.189,82.17,101,3,Web,9,900,120,300
2025-03-22,Varanasi,25.3176,82.9739,1,3,5,26.3,0,237.35,0.654,52.17,515,3,Web,8,1400,160,500
2025-05-05,Leh,34.1526,77.5771,0,5,0,18.9,0,109.75,0.322,104.15,386,2,Agent,7,600,90,220
2025-04-14,Manali,32.2432,77.1892,0,4,0,19.2,0,443.97,0.353,66.9,132,2,Agent,7,1200,140,450
2024-03-20,Leh,34.1526,77.5771,0,3,2,8.4,0,328.12,-0.121,107.32,39,2,Agent,6,600,90,220
2024-07-14,Agra,27.1767,78.0081,1,7,6,34.0,0,137.81,0.123,62.92,722,2,Agent,8,1300,150,550
2024-02-02,Leh,34.1526,77.5771,0,2,4,4.0,0,238.1,-1.0,91.09,23,3,Kiosk,27,600,90,220
2024-01-01,Goa,15.2993,74.124,0,1,0,22.0,0,1890.57,0.436,75.46,994,2,App,32,2000,250,800
2025-08-13,Agra,27.1767,78.0081,0,8,2,31.8,1,161.18,-0.415,50.12,814,2,Web,9,1300,150,550
2024-05-07,Andaman,11.7401,92.6586,0,5,1,36.0,0,156.74,0.598,81.59,40,2,Kiosk,22,900,120,300
2024-05-24,Jaipur,26.9124,75.7873,0,5,4,37.9,0,699.74,-0.423,54.87,783,1,Agent,7,1500,180,600
2025-03-02,Andaman,11.7401,92.6586,1,3,6,28.7,0,93.84,-0.269,95.65,358,1,App,17,900,120,300
2025-03-17,Jaipur,26.9124,75.7873,0,3,0,26.7,0,52.37,0.245,65.01,492,2,Web,12,1500,180,600
2024-05-26,Leh,34.1526,77.5771,1,5,6,18.7,0,42.47,0.176,97.25,197,2,Agent,14,600,90,220
2025-07-19,Kerala,10.8505,76.2711,1,7,5,35.9,1,948.95,-0.863,68.02,1008,2,Agent,2,1700,220,700
2025-01-04,Jaipur,26.9124,75.7873,1,1,5,19.5,0,480.73,0.204,59.88,586,2,Web,2,1500,180,600
2024-12-04,Varanasi,25.3176,82.9739,0,12,2,16.3,1,99.66,0.047,41.31,329,2,App,3,1400,160,500
2025-08-18,Agra,27.1767,78.0081,0,8,0,33.1,0,357.74,-0.085,59.8,529,3,App,5,1300,150,550
2024-08-02,Agra,27.1767,78.0081,0,8,4,31.2,0,650.7,1.0,52.77,487,2,App,4,1300,150,550
2024-07-10,Leh,34.1526,77.5771,0,7,2,20.6,0,127.51,0.49,97.36,108,2,Web,7,600,90,220
2024-04-10,Manali,32.2432,77.1892,0,4,2,19.8,0,553.01,0.02,79.56,692,2,App,2,1200,140,450
2024-06-17,Manali,32.2432,77.1892,0,6,0,24.4,1,88.2,-0.206,73.12,466,2,Web,7,1200,140,450
2024-06-09,Kerala,10.8505,76.2711,1,6,6,42.4,0,362.64,-0.832,50.46,966,3,App,5,1700,220,700
2024-08-11,Goa,15.2993,74.124,1,8,6,33.0,0,360.34,-0.629,67.46,1005,2,Web,14,2000,250,800
2025-03-17,Jaipur,26.9124,75.7873,0,3,0,28.0,0,70.46,0.727,60.64,685,2,Web,33,1500,180,600
2025-01-30,Varanasi,25.3176,82.9739,0,1,3,17.8,0,271.19,0.295,37.78,535,3,App,7,1400,160,500
2024-06-11,Manali,32.2432,77.1892,0,6,1,25.4,1,977.64,0.213,60.58,401,2,Kiosk,10,1200,140,450
2025-07-02,Agra,27.1767,78.0081,0,7,2,34.3,0,249.83,0.006,59.12,653,2,Agent,11,1300,150,550
2024-08-27,Kerala,10.8505,76.2711,0,8,1,33.2,0,219.44,0.624,71.51,400,2,Agent,21,1700,220,700
2025-06-25,Goa,15.2993,74.124,0,6,2,40.4,1,436.09,-0.553,84.4,972,3,Web,33,2000,250,800
2024-01-11,Agra,27.1767,78.0081,0,1,3,19.1,0,520.0,0.661,61.85,975,2,Web,6,1300,150,550
2025-01-28,Jaipur,26.9124,75.7873,0,1,1,21.6,0,484.18,0.878,46.38,736,3,Agent,10,1500,180,600
2024-05-03,Jaipur,26.9124,75.7873,0,5,4,37.2,0,603.99,0.233,68.58,676,2,App,21,1500,180,600
2024-06-22,Goa,15.2993,74.124,1,6,5,41.2,0,230.03,-0.855,82.92,786,3,App,28,2000,250,800
2025-06-17,Varanasi,25.3176,82.9739,0,6,1,35.4,0,160.62,0.479,62.4,285,2,Web,11,1400,160,500
2024-04-27,Leh,34.1526,77.5771,1,4,5,14.9,0,169.55,0.345,98.92,508,2,Kiosk,4,600,90,220
2024-02-24,Leh,34.1526,77.5771,1,2,5,4.9,0,385.66,0.511,101.62,517,1,App,6,600,90,220
2025-03-18,Goa,15.2993,74.124,0,3,1,29.9,0,321.16,0.85,92.82,797,3,Web,9,2000,250,800
2024-10-12,Jaipur,26.9124,75.7873,1,10,5,23.8,0,1120.12,-0.231,50.48,844,2,Web,13,1500,180,600
2024-08-19,Goa,15.2993,74.124,0,8,0,35.3,0,97.12,-0.89,77.28,912,2,Kiosk,5,2000,250,800
2025-04-08,Manali,32.2432,77.1892,0,4,1,21.3,0,664.34,-0.586,69.11,768,3,Web,12,1200,140,450
2025-01-03,Jaipur,26.9124,75.7873,0,1,4,19.6,0,241.06,1.0,58.66,840,2,Agent,28,1500,180,600
2024-06-15,Goa,15.2993,74.124,1,6,5,39.0,0,660.06,0.193,78.28,1060,2,Kiosk,3,2000,250,800
2025-06-24,Leh,34.1526,77.5771,0,6,1,19.8,0,696.65,-0.37,94.78,456,3,Kiosk,5,600,90,220
2024-12-31,Leh,34.1526,77.5771,0,12,1,-3.3,0,131.26,-0.46,87.82,28,2,Agent,16,600,90,220
2025-07-21,Jaipur,26.9124,75.7873,0,7,0,37.5,0,418.42,0.263,60.99,650,2,Web,17,1500,180,600
2025-01-06,Agra,27.1767,78.0081,0,1,0,18.9,0,266.98,0.911,55.62,471,2,Kiosk,15,1300,150,550
2024-06-24,Manali,32.2432,77.1892,0,6,0,25.0,0,488.32,0.324,74.1,701,2,App,12,1200,140,450
2025-08-01,Agra,27.1767,78.0081,0,8,4,29.2,0,717.67,0.408,53.03,237,2,Agent,16,1300,150,550
2024-10-14,Manali,32.2432,77.1892,0,10,0,10.4,0,344.26,-0.222,78.45,81,3,Kiosk,5,1200,140,450
2024-11-29,Varanasi,25.3176,82.9739,0,11,4,19.7,0,380.16,0.497,45.7,671,3,Agent,15,1400,160,500
2024-08-05,Kerala,10.8505,76.2711,0,8,0,34.1,0,338.89,-0.032,71.68,585,3,Agent,3,1700,220,700
2024-11-20,Jaipur,26.9124,75.7873,0,11,2,19.9,0,272.02,0.321,56.27,337,1,App,2,1500,180,600
2024-01-28,Agra,27.1767,78.0081,1,1,6,18.9,0,180.66,-0.225,46.51,321,2,App,30,1300,150,550
2025-09-12,Leh,34.1526,77.5771,0,9,4,9.3,0,138.94,-0.302,90.14,8,2,Agent,31,600,90,220
2025-04-25,Varanasi,25.3176,82.9739,0,4,4,34.0,0,288.32,-0.45,49.77,701,3,Agent,1,1400,160,500
2025-04-12,Leh,34.1526,77.5771,1,4,5,15.8,0,106.32,0.06,101.59,569,2,App,13,600,90,220
2024-09-30,Varanasi,25.3176,82.9739,0,9,0,25.0,0,551.33,0.142,52.71,562,2,App,1,1400,160,500
2024-02-19,Kerala,10.8505,76.2711,0,2,0,23.2,0,248.18,0.834,66.67,658,2,Kiosk,11,1700,220,700
2024-10-25,Agra,27.1767,78.0081,0,10,4,21.7,0,846.01,-0.423,51.32,336,1,Kiosk,9,1300,150,550
2024-10-28,Leh,34.1526,77.5771,0,10,0,4.4,0,791.73,-0.475,104.86,404,3,Agent,20,600,90,220
2024-01-24,Andaman,11.7401,92.6586,0,1,2,21.8,0,385.7,1.0,80.7,510,2,Agent,3,900,120,300
2024-01-05,Leh,34.1526,77.5771,0,1,4,1.3,0,374.17,0.071,96.35,329,2,Web,16,600,90,220
2024-10-25,Leh,34.1526,77.5771,0,10,4,4.2,0,425.83,1.0,95.92,291,3,Agent,9,600,90,220
2025-09-06,Agra,27.1767,78.0081,1,9,5,25.8,0,524.74,0.111,60.54,529,2,App,10,1300,150,550
2025-02-01,Andaman,11.7401,92.6586,1,2,5,22.1,0,315.09,-0.161,98.79,244,2,Agent,4,900,120,300
2025-02-23,Manali,32.2432,77.1892,1,2,6,10.9,0,829.27,-1.0,69.1,490,2,Web,4,1200,140,450
2024-06-02,Jaipur,26.9124,75.7873,1,6,6,37.9,0,81.45,0.994,64.17,462,2,Web,9,1500,180,600
2024-08-19,Varanasi,25.3176,82.9739,0,8,0,31.7,0,760.08,0.861,53.37,602,2,Kiosk,32,1400,160,500
2024-12-11,Goa,15.2993,74.124,0,12,2,22.3,0,160.06,1.0,77.84,698,1,Kiosk,2,2000,250,800
2024-12-19,Kerala,10.8505,76.2711,0,12,3,18.8,0,748.2,0.411,75.0,779,2,Kiosk,10,1700,220,700
2025-07-05,Varanasi,25.3176,82.9739,1,7,5,34.7,0,315.14,0.422,60.76,498,2,App,3,1400,160,500
2024-07-24,Goa,15.2993,74.124,0,7,2,39.6,0,552.73,-0.385,86.71,849,3,Kiosk,9,2000,250,800
2025-07-24,Goa,15.2993,74.124,0,7,3,38.7,0,253.72,0.504,74.3,603,2,Agent,5,2000,250,800
2025-07-14,Jaipur,26.9124,75.7873,0,7,0,36.8,0,108.12,1.0,64.96,274,3,Kiosk,19,1500,180,600
2024-06-23,Kerala,10.8505,76.2711,1,6,6,39.4,0,58.92,-0.318,65.53,849,2,Agent,10,1700,220,700
2024-05-26,Kerala,10.8505,76.2711,1,5,6,36.7,0,564.03,-0.357,70.54,788,3,Agent,7,1700,220,700
2024-10-18,Kerala,10.8505,76.2711,0,10,4,23.8,0,1189.25,-0.195,72.56,484,2,App,10,1700,220,700
2025-01-12,Kerala,10.8505,76.2711,1,1,6,20.3,0,345.89,0.324,69.35,743,2,App,9,1700,220,700
2024-02-02,Varanasi,25.3176,82.9739,0,2,4,22.8,0,277.73,-0.033,53.51,209,1,Agent,8,1400,160,500
2025-09-11,Manali,32.2432,77.1892,0,9,3,16.7,0,712.34,0.394,67.55,440,1,Kiosk,4,1200,140,450
2025-01-17,Leh,34.1526,77.5771,0,1,4,1.7,0,190.85,-0.544,103.33,176,3,Agent,17,600,90,220
2024-12-08,Manali,32.2432,77.1892,1,12,6,4.6,0,814.11,1.0,69.77,696,2,App,9,1200,140,450
2025-04-05,Andaman,11.7401,92.6586,1,4,5,33.7,0,422.41,-0.468,85.38,615,3,Agent,13,900,120,300
2024-08-07,Kerala,10.8505,76.2711,0,8,2,33.1,0,614.55,0.266,71.73,810,2,Kiosk,6,1700,220,700
2024-08-07,Andaman,11.7401,92.6586,0,8,2,32.0,0,162.58,0.22,93.26,445,3,App,15,900,120,300
2024-04-10,Jaipur,26.9124,75.7873,0,4,2,31.7,0,187.58,-0.122,55.67,707,3,App,21,1500,180,600
2025-06-26,Manali,32.2432,77.1892,0,6,3,24.9,0,398.45,0.993,80.02,550,2,Kiosk,25,1200,140,450
2025-07-15,Goa,15.2993,74.124,0,7,1,37.2,0,127.6,-0.592,81.19,832,2,Web,16,2000,250,800
2024-01-17,Kerala,10.8505,76.2711,0,1,2,19.1,0,225.31,-0.673,64.98,358,2,Kiosk,7,1700,220,700
2024-11-11,Jaipur,26.9124,75.7873,0,11,0,18.2,0,499.28,0.314,60.63,298,2,Agent,7,1500,180,600
2024-08-02,Agra,27.1767,78.0081,0,8,4,30.9,1,1003.06,-0.075,51.55,755,1,App,5,1300,150,550
2025-07-05,Andaman,11.7401,92.6586,1,7,5,36.2,0,119.15,1.0,100.59,412,2,App,2,900,120,300
2025-01-14,Goa,15.2993,74.124,0,1,1,20.4,0,126.33,0.325,86.57,501,3,Web,12,2000,250,800
2024-02-11,Kerala,10.8505,76.2711,1,2,6,23.3,0,389.45,-0.025,65.59,625,2,Agent,18,1700,220,700
2024-05-31,Andaman,11.7401,92.6586,0,5,4,37.7,0,968.69,-0.63,93.11,345,3,Agent,6,900,120,300
2024-02-22,Varanasi,25.3176,82.9739,0,2,3,21.0,0,785.05,-0.343,56.04,384,2,Agent,2,1400,160,500
2024-11-29,Agra,27.1767,78.0081,0,11,4,17.6,0,842.07,0.501,54.71,666,2,Kiosk,5,1300,150,550
2024-05-31,Andaman,11.7401,92.6586,0,5,4,35.4,0,346.08,0.101,94.37,578,1,App,10,900,120,300
2024-05-24,Goa,15.2993,74.124,0,5,4,38.7,0,432.62,1.0,75.07,522,1,Kiosk,11,2000,250,800
2024-05-02,Andaman,11.7401,92.6586,0,5,3,35.1,0,322.67,0.922,87.43,402,3,App,17,900,120,300
2024-04-24,Manali,32.2432,77.1892,0,4,2,20.3,0,716.85,0.096,68.44,608,2,Agent,15,1200,140,450
2024-07-27,Agra,27.1767,78.0081,1,7,5,37.1,0,251.99,-0.517,53.94,792,3,Web,13,1300,150,550
2025-07-21,Varanasi,25.3176,82.9739,0,7,0,34.9,0,73.45,-0.194,44.53,521,3,Agent,16,1400,160,500
2024-10-10,Agra,27.1767,78.0081,0,10,3,22.5,0,725.51,0.192,47.67,280,3,Web,16,1300,150,550
2025-06-29,Kerala,10.8505,76.2711,1,6,6,40.2,1,268.27,-0.895,57.22,748,3,Web,5,1700,220,700
2024-03-05,Varanasi,25.3176,82.9739,0,3,1,29.1,0,494.24,-0.406,51.87,623,3,Agent,1,1400,160,500
2025-09-14,Manali,32.2432,77.1892,1,9,6,14.8,0,72.58,-0.046,68.67,364,2,Kiosk,10,1200,140,450
2025-03-18,Leh,34.1526,77.5771,0,3,1,9.8,0,322.58,0.249,88.15,24,2,Agent,14,600,90,220
2024-01-22,Varanasi,25.3176,82.9739,0,1,0,17.3,0,1024.97,-0.243,54.14,451,3,Agent,7,1400,160,500
2025-03-01,Varanasi,25.3176,82.9739,1,3,5,24.6,0,779.89,-0.218,59.37,685,1,Web,6,1400,160,500
2025-01-22,Goa,15.2993,74.124,0,1,2,21.8,0,107.31,0.153,77.15,423,2,Agent,12,2000,250,800
2025-04-07,Goa,15.2993,74.124,0,4,0,34.9,0,338.82,0.083,69.65,805,2,Web,4,2000,250,800
2024-04-09,Leh,34.1526,77.5771,0,4,1,14.4,0,180.81,0.168,92.45,391,3,App,21,600,90,220
2025-09-21,Kerala,10.8505,76.2711,1,9,6,28.8,0,498.34,-0.024,53.58,624,2,App,7,1700,220,700
2024-10-19,Jaipur,26.9124,75.7873,1,10,5,23.9,0,410.62,-0.313,63.84,396,1,Web,7,1500,180,600
2025-07-06,Manali,32.2432,77.1892,1,7,6,25.0,1,222.96,-0.983,76.14,515,2,Web,8,1200,140,450
2024-02-27,Leh,34.1526,77.5771,0,2,1,5.2,0,440.61,-0.265,102.06,495,2,Web,16,600,90,220
2024-03-03,Jaipur,26.9124,75.7873,1,3,6,27.5,0,498.76,0.478,70.2,1062,3,Web,7,1500,180,600
2024-11-22,Goa,15.2993,74.124,0,11,4,22.0,0,1034.11,-0.281,73.1,716,2,App,7,2000,250,800
2025-04-23,Kerala,10.8505,76.2711,0,4,2,35.2,0,65.04,0.619,64.97,783,2,Web,6,1700,220,700
2024-03-31,Jaipur,26.9124,75.7873,1,3,6,27.5,0,606.63,-0.755,58.61,508,2,Kiosk,2,1500,180,600
2024-12-10,Manali,32.2432,77.1892,0,12,1,6.2,0,60.39,-0.185,72.1,256,2,Web,1,1200,140,450
2025-06-12,Leh,34.1526,77.5771,0,6,3,19.3,0,345.38,0.459,103.87,98,2,Web,8,600,90,220
2025-03-12,Goa,15.2993,74.124,0,3,2,30.9,0,357.47,0.802,84.03,770,3,App,3,2000,250,800
2024-04-02,Leh,34.1526,77.5771,0,4,1,13.8,0,744.06,-0.352,101.72,420,1,Agent,1,600,90,220
2024-11-11,Manali,32.2432,77.1892,0,11,0,8.9,0,1808.25,-0.748,64.54,225,2,App,24,1200,140,450
2025-06-22,Agra,27.1767,78.0081,1,6,6,35.8,1,221.58,0.265,45.25,423,2,Kiosk,4,1300,150,550
2025-08-15,Varanasi,25.3176,82.9739,0,8,4,32.7,0,455.31,0.046,37.54,468,2,Agent,11,1400,160,500
2025-09-28,Goa,15.2993,74.124,1,9,6,31.7,0,553.74,0.131,76.22,906,2,App,6,2000,250,800
2024-02-07,Goa,15.2993,74.124,0,2,2,25.4,0,492.61,-0.275,77.9,799,3,Agent,23,2000,250,800
2024-12-01,Leh,34.1526,77.5771,1,12,6,-1.3,0,994.51,0.448,87.9,229,1,Agent,24,600,90,220
2025-06-04,Goa,15.2993,74.124,0,6,2,39.6,1,104.24,0.41,86.74,446,2,Kiosk,20,2000,250,800
2024-11-01,Varanasi,25.3176,82.9739,0,11,4,17.4,0,403.89,-0.024,54.12,449,3,Kiosk,1,1400,160,500
2025-03-30,Goa,15.2993,74.124,1,3,6,27.8,0,422.76,-0.641,84.62,600,3,Agent,19,2000,250,800
2025-05-22,Varanasi,25.3176,82.9739,0,5,3,34.1,0,312.62,0.048,43.53,569,3,Web,12,1400,160,500
2025-05-25,Leh,34.1526,77.5771,1,5,6,17.6,0,37.1,-0.887,99.9,461,3,Agent,3,600,90,220
2024-05-13,Varanasi,25.3176,82.9739,0,5,0,36.0,0,394.06,-0.052,62.76,730,2,Web,17,1400,160,500
2024-06-13,Goa,15.2993,74.124,0,6,3,40.2,0,145.13,0.056,72.11,647,2,Kiosk,8,2000,250,800
2024-05-05,Goa,15.2993,74.124,1,5,6,38.6,0,227.91,-0.403,81.3,743,1,Web,6,2000,250,800
2025-02-24,Leh,34.1526,77.5771,0,2,0,5.4,0,270.51,-0.301,92.73,336,1,App,30,600,90,220
2024-07-20,Leh,34.1526,77.5771,1,7,5,17.3,0,117.86,-1.0,95.37,465,1,Kiosk,26,600,90,220
2024-04-22,Kerala,10.8505,76.2711,0,4,0,33.4,0,599.0,0.205,62.01,833,3,Kiosk,9,1700,220,700
2025-06-03,Agra,27.1767,78.0081,0,6,1,38.4,1,834.49,0.536,48.66,441,2,Agent,21,1300,150,550
2025-06-18,Leh,34.1526,77.5771,0,6,2,18.9,0,313.71,1.0,92.71,43,2,Agent,20,600,90,220
2024-04-22,Varanasi,25.3176,82.9739,0,4,0,30.9,0,347.5,-0.498,44.01,767,2,Agent,8,1400,160,500
2024-08-31,Andaman,11.7401,92.6586,1,8,5,32.8,0,622.11,0.091,78.95,520,2,Agent,4,900,120,300
2025-01-07,Varanasi,25.3176,82.9739,0,1,1,20.3,0,253.94,0.208,37.61,437,3,Agent,9,1400,160,500
2024-07-09,Agra,27.1767,78.0081,0,7,1,34.7,0,321.64,0.002,64.34,764,2,Web,8,1300,150,550
2025-07-31,Kerala,10.8505,76.2711,0,7,3,36.2,0,354.42,-0.293,65.08,696,2,App,7,1700,220,700
2024-10-20,Kerala,10.8505,76.2711,1,10,6,23.2,1,153.51,-0.482,60.14,387,1,Agent,12,1700,220,700
2024-06-24,Jaipur,26.9124,75.7873,0,6,0,36.9,0,510.76,0.808,59.41,392,2,Kiosk,19,1500,180,600
2024-01-10,Andaman,11.7401,92.6586,0,1,2,18.7,0,482.08,-0.931,103.52,367,1,App,7,900,120,300
2024-03-21,Andaman,11.7401,92.6586,0,3,3,28.5,0,805.25,0.602,78.26,586,3,Agent,6,900,120,300
2024-03-28,Jaipur,26.9124,75.7873,0,3,3,30.2,0,415.91,-0.51,59.42,522,1,Agent,6,1500,180,600
2025-02-03,Kerala,10.8505,76.2711,0,2,0,22.0,0,915.52,0.399,67.66,829,2,Agent,26,1700,220,700
2024-04-19,Varanasi,25.3176,82.9739,0,4,4,32.5,0,465.56,1.0,60.43,472,2,App,3,1400,160,500
2024-09-24,Leh,34.1526,77.5771,0,9,1,10.9,0,584.75,0.731,97.23,727,1,Agent,10,600,90,220
2025-02-22,Jaipur,26.9124,75.7873,1,2,5,22.2,0,111.31,-0.283,61.82,552,3,Agent,4,1500,180,600
2024-09-01,Kerala,10.8505,76.2711,1,9,6,29.2,0,559.11,0.429,65.86,671,2,Kiosk,6,1700,220,700
2024-12-28,Goa,15.2993,74.124,1,12,5,21.7,0,325.62,-0.361,76.79,673,2,App,3,2000,250,800
2025-05-08,Agra,27.1767,78.0081,0,5,3,33.4,0,499.55,0.253,54.59,565,3,App,15,1300,150,550
2025-07-22,Andaman,11.7401,92.6586,0,7,1,36.1,1,181.44,0.15,88.52,412,1,Web,2,900,120,300
2024-10-18,Kerala,10.8505,76.2711,0,10,4,22.3,0,202.05,1.0,72.58,953,2,Web,12,1700,220,700
2025-04-27,Andaman,11.7401,92.6586,1,4,6,34.2,0,494.26,-1.0,101.41,704,1,Kiosk,17,900,120,300
2024-07-14,Jaipur,26.9124,75.7873,1,7,6,33.8,0,287.43,-0.854,62.46,854,1,Agent,2,1500,180,600
2024-01-07,Goa,15.2993,74.124,1,1,6,21.0,0,317.0,-0.333,71.11,499,1,App,15,2000,250,800
2025-05-09,Leh,34.1526,77.5771,0,5,4,18.1,0,194.1,-0.394,94.63,489,2,Agent,16,600,90,220
2025-06-23,Leh,34.1526,77.5771,0,6,0,20.5,0,109.06,-0.208,97.57,549,2,App,20,600,90,220
2025-09-08,Leh,34.1526,77.5771,0,9,0,8.7,0,771.74,0.398,82.68,561,2,Web,2,600,90,220
2024-08-01,Varanasi,25.3176,82.9739,0,8,3,31.5,1,440.38,-0.223,45.44,591,3,Web,22,1400,160,500
2025-05-31,Varanasi,25.3176,82.9739,1,5,5,36.4,0,1189.81,0.71,49.34,703,1,App,1,1400,160,500
2024-04-18,Andaman,11.7401,92.6586,0,4,3,30.9,0,99.17,0.675,91.23,279,3,Kiosk,1,900,120,300
2024-06-25,Agra,27.1767,78.0081,0,6,1,37.9,0,980.59,0.123,53.99,785,2,Web,4,1300,150,550
2025-05-25,Andaman,11.7401,92.6586,1,5,6,36.3,0,791.99,-0.377,102.31,807,1,Web,6,900,120,300
2025-04-24,Jaipur,26.9124,75.7873,0,4,3,32.2,0,150.4,-0.841,56.46,593,3,Agent,14,1500,180,600
2025-04-12,Andaman,11.7401,92.6586,1,4,5,32.4,1,228.17,-0.676,93.47,336,2,Agent,3,900,120,300
2025-02-15,Andaman,11.7401,92.6586,1,2,5,21.9,0,32.48,0.958,82.39,622,2,Web,4,900,120,300
2024-10-26,Varanasi,25.3176,82.9739,1,10,5,20.9,0,237.98,1.0,37.14,748,2,App,21,1400,160,500
2025-01-08,Kerala,10.8505,76.2711,0,1,2,21.6,1,334.55,-0.137,59.96,330,2,Kiosk,7,1700,220,700
2025-04-29,Jaipur,26.9124,75.7873,0,4,1,32.5,0,1343.26,-0.328,62.05,771,3,Agent,6,1500,180,600
2025-05-22,Kerala,10.8505,76.2711,0,5,3,39.1,0,406.45,1.0,73.31,654,2,App,12,1700,220,700
2024-05-19,Agra,27.1767,78.0081,1,5,6,37.1,0,360.4,-0.381,55.05,614,2,App,3,1300,150,550
2024-01-18,Leh,34.1526,77.5771,0,1,3,0.3,0,361.26,0.562,100.04,576,2,App,23,600,90,220
2025-09-20,Manali,32.2432,77.1892,1,9,5,15.3,0,141.03,0.242,56.58,325,2,Kiosk,22,1200,140,450
2024-10-27,Agra,27.1767,78.0081,1,10,6,20.5,0,132.96,-1.0,60.69,540,2,App,20,1300,150,550
2025-07-16,Jaipur,26.9124,75.7873,0,7,2,35.1,0,174.48,0.213,53.87,646,2,Web,6,1500,180,600
2025-05-12,Andaman,11.7401,92.6586,0,5,0,34.5,0,244.89,-0.495,97.16,574,2,Agent,11,900,120,300
2024-01-05,Agra,27.1767,78.0081,0,1,4,17.6,0,445.48,0.301,54.69,474,2,App,9,1300,150,550
2025-02-18,Manali,32.2432,77.1892,0,2,1,9.7,0,395.3,0.165,78.11,338,1,Kiosk,3,1200,140,450
2025-07-24,Leh,34.1526,77.5771,0,7,3,17.5,1,258.25,0.618,89.1,228,2,Kiosk,9,600,90,220
2024-12-03,Leh,34.1526,77.5771,0,12,1,0.2,0,154.21,-0.378,94.11,68,2,Web,6,600,90,220
2024-11-09,Agra,27.1767,78.0081,1,11,5,17.0,0,609.78,0.509,58.32,834,4,Agent,4,1300,150,550
2024-10-23,Agra,27.1767,78.0081,0,10,2,20.2,0,660.31,0.438,53.17,445,2,Kiosk,22,1300,150,550
2024-10-26,Jaipur,26.9124,75.7873,1,10,5,23.5,0,707.39,1.0,52.02,702,2,Kiosk,6,1500,180,600
2025-09-13,Leh,34.1526,77.5771,1,9,5,9.8,0,394.19,1.0,100.62,448,2,Agent,4,600,90,220
2025-07-24,Manali,32.2432,77.1892,0,7,3,25.3,0,1111.59,-0.218,66.03,711,2,Web,14,1200,140,450
2024-10-14,Leh,34.1526,77.5771,0,10,0,4.7,0,330.9,0.898,91.07,345,3,Kiosk,17,600,90,220
2024-08-31,Leh,34.1526,77.5771,1,8,5,12.6,1,475.1,0.328,89.76,268,2,Agent,5,600,90,220
2024-12-05,Goa,15.2993,74.124,0,12,3,21.1,0,387.74,0.92,72.4,668,2,Kiosk,12,2000,250,800
2024-10-21,Andaman,11.7401,92.6586,0,10,0,23.8,0,570.0,-0.111,98.05,277,2,Kiosk,2,900,120,300
2025-02-02,Jaipur,26.9124,75.7873,1,2,6,21.8,1,205.46,-0.502,61.34,292,3,Agent,6,1500,180,600
2025-02-05,Agra,27.1767,78.0081,0,2,2,20.4,1,914.2,-0.32,57.32,506,3,App,11,1300,150,550
2024-07-18,Andaman,11.7401,92.6586,0,7,3,37.0,1,783.79,-0.328,91.59,836,2,App,11,900,120,300
2025-03-31,Goa,15.2993,74.124,0,3,0,29.7,0,344.79,-0.353,75.16,523,2,App,12,2000,250,800
2024-05-08,Jaipur,26.9124,75.7873,0,5,2,36.2,0,515.67,0.269,70.62,856,3,Agent,12,1500,180,600
2024-12-28,Manali,32.2432,77.1892,1,12,5,6.7,0,998.61,0.117,78.89,587,2,Web,30,1200,140,450
2024-04-27,Jaipur,26.9124,75.7873,1,4,5,33.2,0,757.02,-0.685,65.02,1102,3,Web,22,1500,180,600
2024-07-31,Goa,15.2993,74.124,0,7,2,37.0,0,496.41,0.231,79.75,981,2,Web,12,2000,250,800
2024-08-18,Leh,34.1526,77.5771,1,8,6,16.2,0,446.42,0.325,94.7,782,2,App,13,600,90,220
2024-02-14,Leh,34.1526,77.5771,0,2,2,5.2,0,232.36,0.093,87.12,227,2,Agent,15,600,90,220
2025-07-31,Jaipur,26.9124,75.7873,0,7,3,36.1,0,164.57,0.14,67.34,647,2,App,6,1500,180,600
2024-10-16,Varanasi,25.3176,82.9739,0,10,2,21.9,0,340.99,0.162,55.07,457,2,Kiosk,19,1400,160,500
2025-02-08,Kerala,10.8505,76.2711,1,2,5,24.7,0,665.83,0.642,60.62,953,3,App,11,1700,220,700
2024-06-24,Jaipur,26.9124,75.7873,0,6,0,37.9,1,975.61,-0.458,68.33,929,2,Web,11,1500,180,600
2024-06-09,Goa,15.2993,74.124,1,6,6,40.0,1,211.21,0.351,75.76,341,2,Agent,3,2000,250,800
2024-04-12,Kerala,10.8505,76.2711,0,4,4,32.0,0,627.62,-0.648,60.58,915,2,App,21,1700,220,700
2025-07-05,Andaman,11.7401,92.6586,1,7,5,35.1,0,247.26,-0.003,91.33,711,3,App,13,900,120,300
2024-07-17,Manali,32.2432,77.1892,0,7,2,22.2,0,49.59,0.86,61.62,150,3,Agent,20,1200,140,450
2025-06-10,Jaipur,26.9124,75.7873,0,6,1,36.7,1,374.58,-0.275,62.03,603,2,Agent,9,1500,180,600
2025-04-01,Leh,34.1526,77.5771,0,4,1,16.3,0,361.15,-0.178,97.73,314,1,App,8,600,90,220
2025-09-18,Jaipur,26.9124,75.7873,0,9,3,28.7,0,114.94,-0.392,63.21,443,3,Web,13,1500,180,600
2024-09-08,Varanasi,25.3176,82.9739,1,9,6,24.5,0,44.16,-0.511,37.51,457,2,Kiosk,8,1400,160,500
2025-05-15,Leh,34.1526,77.5771,0,5,3,18.6,0,1169.23,0.676,94.72,185,3,Kiosk,7,600,90,220
2024-01-17,Manali,32.2432,77.1892,0,1,2,5.9,0,217.68,0.097,77.53,240,2,App,32,1200,140,450
2024-12-26,Andaman,11.7401,92.6586,0,12,3,15.9,0,600.56,0.77,89.69,815,2,App,5,900,120,300
2025-02-24,Manali,32.2432,77.1892,0,2,0,7.9,0,413.52,-0.52,71.95,628,3,Web,3,1200,140,450
2024-09-29,Andaman,11.7401,92.6586,1,9,6,27.9,0,349.68,-0.029,90.04,207,2,App,22,900,120,300
2025-08-15,Kerala,10.8505,76.2711,0,8,4,33.1,0,421.24,0.025,65.61,740,2,App,1,1700,220,700
2025-05-16,Agra,27.1767,78.0081,0,5,4,35.6,0,574.81,-0.112,59.91,444,1,Kiosk,1,1300,150,550
2024-07-20,Agra,27.1767,78.0081,1,7,5,35.0,0,1064.92,-0.759,66.96,940,3,Web,22,1300,150,550
2024-07-20,Agra,27.1767,78.0081,1,7,5,34.4,0,277.74,0.423,50.33,406,2,Agent,6,1300,150,550
2025-06-20,Varanasi,25.3176,82.9739,0,6,4,35.4,0,358.32,0.05,46.2,646,3,Kiosk,9,1400,160,500
2025-06-11,Varanasi,25.3176,82.9739,0,6,2,36.3,1,152.53,0.217,59.08,584,3,Web,27,1400,160,500
2025-07-24,Leh,34.1526,77.5771,0,7,3,19.5,0,124.55,-0.226,98.65,573,3,Web,19,600,90,220
2024-04-11,Leh,34.1526,77.5771,0,4,3,14.0,0,181.76,0.485,93.25,0,1,Agent,12,600,90,220
2024-09-02,Agra,27.1767,78.0081,0,9,0,25.0,0,442.14,-0.285,55.54,105,2,Agent,4,1300,150,550
2024-07-09,Varanasi,25.3176,82.9739,0,7,1,34.8,0,316.77,0.335,45.87,784,3,App,1,1400,160,500
2024-02-21,Agra,27.1767,78.0081,0,2,2,22.1,0,94.09,-0.264,54.97,435,1,Agent,8,1300,150,550
2024-10-07,Andaman,11.7401,92.6586,0,10,0,23.3,1,298.74,0.925,85.11,309,3,Agent,11,900,120,300
2025-01-31,Agra,27.1767,78.0081,0,1,4,18.0,0,250.02,-0.101,48.23,465,3,Web,10,1300,150,550
2024-12-28,Manali,32.2432,77.1892,1,12,5,4.0,0,402.44,-0.469,79.31,652,3,App,28,1200,140,450
2025-08-14,Agra,27.1767,78.0081,0,8,3,31.5,0,658.68,0.761,60.33,508,2,App,1,1300,150,550
2025-01-04,Kerala,10.8505,76.2711,1,1,5,21.8,0,514.8,0.249,66.17,417,2,Web,15,1700,220,700
2024-12-05,Kerala,10.8505,76.2711,0,12,3,19.0,0,303.95,1.0,71.53,612,2,Kiosk,7,1700,220,700
2025-06-23,Varanasi,25.3176,82.9739,0,6,0,33.8,0,49.26,0.15,53.95,807,2,Web,19,1400,160,500
2024-07-06,Leh,34.1526,77.5771,1,7,5,19.2,0,598.32,-0.338,89.37,245,3,Agent,10,600,90,220
2024-01-08,Andaman,11.7401,92.6586,0,1,0,19.6,0,401.95,0.125,84.4,36,2,Kiosk,10,900,120,300
2025-05-19,Andaman,11.7401,92.6586,0,5,0,34.9,0,146.57,0.144,91.78,392,1,Web,13,900,120,300
2025-02-18,Leh,34.1526,77.5771,0,2,1,7.5,0,1005.57,0.456,92.84,480,2,Agent,19,600,90,220
2024-08-07,Leh,34.1526,77.5771,0,8,2,16.7,0,206.04,0.118,101.26,393,2,App,1,600,90,220
2025-04-21,Andaman,11.7401,92.6586,0,4,0,33.4,0,411.97,1.0,93.69,330,2,App,14,900,120,300
2025-09-09,Manali,32.2432,77.1892,0,9,1,13.4,0,110.63,-0.305,68.12,256,2,Web,5,1200,140,450
2024-11-13,Goa,15.2993,74.124,0,11,2,20.6,0,584.11,0.896,73.44,786,2,Web,9,2000,250,800
2025-09-04,Manali,32.2432,77.1892,0,9,3,14.6,0,708.53,0.917,78.89,727,2,Web,24,1200,140,450
2024-03-31,Agra,27.1767,78.0081,1,3,6,27.5,0,434.14,0.42,48.4,808,2,App,12,1300,150,550
2025-09-04,Leh,34.1526,77.5771,0,9,3,11.6,1,313.65,-0.303,96.92,101,1,App,24,600,90,220
2024-10-19,Leh,34.1526,77.5771,1,10,5,5.0,0,583.94,0.638,95.68,281,2,Agent,25,600,90,220
2024-01-31,Kerala,10.8505,76.2711,0,1,2,20.9,0,332.98,0.784,67.68,635,3,Agent,8,1700,220,700
2024-06-09,Goa,15.2993,74.124,1,6,6,38.5,0,554.17,0.239,82.24,1109,2,Agent,1,2000,250,800
2025-08-30,Varanasi,25.3176,82.9739,1,8,5,33.5,0,236.11,0.251,60.14,565,3,Web,22,1400,160,500
2024-02-10,Varanasi,25.3176,82.9739,1,2,5,22.1,0,169.71,0.537,50.34,575,1,App,13,1400,160,500
2024-08-16,Agra,27.1767,78.0081,0,8,4,33.2,0,466.45,0.376,51.11,228,3,Agent,25,1300,150,550
2025-08-15,Andaman,11.7401,92.6586,0,8,4,34.7,0,778.15,1.0,86.23,318,1,Agent,2,900,120,300
2025-09-15,Manali,32.2432,77.1892,0,9,0,13.2,0,216.48,-0.46,70.09,148,1,Kiosk,13,1200,140,450
2025-06-13,Goa,15.2993,74.124,0,6,4,39.3,0,150.06,1.0,76.84,647,1,Agent,3,2000,250,800
2024-05-04,Kerala,10.8505,76.2711,1,5,5,35.5,0,885.81,-0.197,62.27,1114,2,Web,1,1700,220,700
2024-10-06,Andaman,11.7401,92.6586,1,10,6,23.6,0,637.96,0.29,94.35,602,2,App,7,900,120,300
2025-05-01,Jaipur,26.9124,75.7873,0,5,3,35.5,0,38.4,0.075,61.12,526,2,Kiosk,12,1500,180,600
2024-01-21,Leh,34.1526,77.5771,1,1,6,1.6,0,442.16,0.249,98.89,231,1,Agent,23,600,90,220
2025-07-26,Kerala,10.8505,76.2711,1,7,5,39.5,0,287.51,-0.178,70.86,910,2,Web,8,1700,220,700
2024-10-10,Manali,32.2432,77.1892,0,10,3,10.6,0,755.76,-0.592,73.37,348,2,Kiosk,2,1200,140,450
2024-03-09,Goa,15.2993,74.124,1,3,5,27.6,0,155.48,-0.239,66.53,526,2,App,8,2000,250,800
2025-01-26,Manali,32.2432,77.1892,1,1,6,5.8,0,126.75,0.393,74.47,567,1,Kiosk,8,1200,140,450
2025-02-02,Leh,34.1526,77.5771,1,2,6,3.8,0,101.29,0.433,96.01,477,3,Agent,4,600,90,220
2025-05-16,Goa,15.2993,74.124,0,5,4,41.5,0,485.93,-0.528,87.51,749,2,Web,8,2000,250,800
2024-07-19,Leh,34.1526,77.5771,0,7,4,16.9,0,228.41,-0.415,91.52,479,3,App,22,600,90,220
2025-06-15,Andaman,11.7401,92.6586,1,6,6,38.4,0,368.26,-0.629,86.0,405,2,Web,21,900,120,300
2024-08-15,Varanasi,25.3176,82.9739,0,8,3,35.2,0,1297.71,0.768,46.34,457,2,Kiosk,2,1400,160,500
2024-02-28,Manali,32.2432,77.1892,0,2,2,8.9,0,557.07,0.229,71.75,303,2,Kiosk,3,1200,140,450
2024-01-03,Kerala,10.8505,76.2711,0,1,2,20.4,0,249.32,0.498,60.48,671,1,Web,3,1700,220,700
2025-04-15,Andaman,11.7401,92.6586,0,4,1,33.9,1,540.94,-1.0,86.52,659,2,App,1,900,120,300
2025-08-24,Goa,15.2993,74.124,1,8,6,37.9,0,151.12,0.062,84.09,920,1,Agent,12,2000,250,800
2025-05-20,Jaipur,26.9124,75.7873,0,5,1,35.2,0,464.27,-0.148,62.23,1057,2,App,11,1500,180,600
2024-03-24,Leh,34.1526,77.5771,1,3,6,9.8,0,1042.7,-0.098,96.55,356,1,Agent,7,600,90,220
2025-03-04,Goa,15.2993,74.124,0,3,1,30.9,0,104.33,0.028,73.3,498,4,App,31,2000,250,800
2024-10-12,Jaipur,26.9124,75.7873,1,10,5,22.0,0,36.86,0.736,61.87,1091,2,Web,11,1500,180,600
2025-02-19,Agra,27.1767,78.0081,0,2,2,22.7,0,363.27,0.001,62.96,287,2,Web,15,1300,150,550
2025-01-02,Agra,27.1767,78.0081,0,1,3,18.3,0,561.37,-0.444,57.51,342,2,Agent,13,1300,150,550
2024-12-25,Kerala,10.8505,76.2711,0,12,2,19.6,0,427.61,0.352,58.35,604,3,Agent,17,1700,220,700
2024-10-12,Goa,15.2993,74.124,1,10,5,24.0,0,226.58,-0.346,84.16,873,1,Agent,11,2000,250,800
2025-06-07,Andaman,11.7401,92.6586,1,6,5,39.3,0,302.19,-0.44,88.95,638,1,App,24,900,120,300
2025-04-15,Kerala,10.8505,76.2711,0,4,1,35.7,0,632.27,-0.128,71.92,788,2,Agent,26,1700,220,700
2024-07-06,Goa,15.2993,74.124,1,7,5,37.2,1,109.87,0.06,82.4,899,2,Kiosk,12,2000,250,800
2025-09-02,Manali,32.2432,77.1892,0,9,1,13.8,1,139.89,0.981,69.6,640,2,Agent,1,1200,140,450
2025-05-03,Kerala,10.8505,76.2711,1,5,5,37.7,0,549.37,0.036,64.12,945,2,App,2,1700,220,700
2024-11-01,Agra,27.1767,78.0081,0,11,4,19.3,0,686.37,0.92,58.96,617,2,Agent,7,1300,150,550
2024-08-22,Manali,32.2432,77.1892,0,8,3,19.2,0,490.71,0.548,64.89,285,2,Web,13,1200,140,450
2025-08-03,Manali,32.2432,77.1892,1,8,6,20.9,0,697.63,-1.0,75.24,624,2,Kiosk,25,1200,140,450
2025-08-26,Goa,15.2993,74.124,0,8,1,35.3,1,46.38,-0.6,73.19,673,2,Agent,18,2000,250,800
2025-02-27,Goa,15.2993,74.124,0,2,3,27.8,0,355.7,-0.018,82.75,599,3,Kiosk,13,2000,250,800
2025-01-21,Jaipur,26.9124,75.7873,0,1,1,18.8,0,941.23,1.0,59.37,765,2,Kiosk,9,1500,180,600
2024-06-26,Goa,15.2993,74.124,0,6,2,39.5,0,1291.43,-0.167,74.39,787,2,Web,47,2000,250,800
2024-04-09,Agra,27.1767,78.0081,0,4,1,32.1,0,436.14,0.509,65.74,432,2,Web,15,1300,150,550
2024-06-30,Jaipur,26.9124,75.7873,1,6,6,37.9,0,218.47,0.746,60.72,514,3,Agent,18,1500,180,600
2024-06-14,Leh,34.1526,77.5771,0,6,4,21.0,0,471.5,-0.026,97.81,659,3,Agent,25,600,90,220
2024-11-21,Kerala,10.8505,76.2711,0,11,3,20.0,0,269.12,1.0,63.45,656,3,Agent,11,1700,220,700
2024-02-27,Varanasi,25.3176,82.9739,0,2,1,22.3,0,328.29,0.281,53.88,443,3,Agent,1,1400,160,500
2024-03-24,Kerala,10.8505,76.2711,1,3,6,29.1,0,1103.79,-0.294,69.63,781,2,Agent,15,1700,220,700
2025-01-31,Manali,32.2432,77.1892,0,1,4,7.0,0,165.39,0.001,80.43,415,1,App,7,1200,140,450
2025-08-09,Leh,34.1526,77.5771,1,8,5,13.3,0,85.11,0.958,105.11,317,2,App,20,600,90,220
2024-03-08,Manali,32.2432,77.1892,0,3,4,15.3,0,47.82,-0.731,76.56,146,2,Kiosk,5,1200,140,450
2025-02-21,Jaipur,26.9124,75.7873,0,2,4,22.2,0,253.08,-0.145,67.83,622,3,App,16,1500,180,600
2025-04-06,Andaman,11.7401,92.6586,1,4,6,35.2,0,266.43,0.535,97.3,23,4,Agent,10,900,120,300
2024-07-05,Agra,27.1767,78.0081,0,7,4,36.0,1,489.45,0.369,47.57,298,2,Web,6,1300,150,550
2024-06-14,Kerala,10.8505,76.2711,0,6,4,38.0,1,263.24,0.237,60.62,964,2,App,43,1700,220,700
2024-05-01,Kerala,10.8505,76.2711,0,5,2,37.7,0,306.89,-0.229,65.52,732,1,Web,11,1700,220,700
2024-07-24,Leh,34.1526,77.5771,0,7,2,16.7,0,284.12,-0.023,94.37,414,1,Web,7,600,90,220
2024-02-25,Goa,15.2993,74.124,1,2,6,24.5,0,163.97,-0.186,74.93,754,3,Web,6,2000,250,800
2025-02-01,Manali,32.2432,77.1892,1,2,5,11.5,0,457.18,-1.0,69.93,438,3,Web,8,1200,140,450
2024-12-10,Kerala,10.8505,76.2711,0,12,1,19.4,0,60.63,0.56,67.03,593,2,Agent,13,1700,220,700
2024-10-01,Manali,32.2432,77.1892,0,10,1,10.2,0,998.41,0.662,72.15,726,3,Web,7,1200,140,450
2024-05-03,Jaipur,26.9124,75.7873,0,5,4,36.3,0,417.32,0.522,73.07,295,3,Agent,6,1500,180,600
2025-09-24,Goa,15.2993,74.124,0,9,2,28.8,0,473.32,1.0,72.49,814,3,App,7,2000,250,800
2024-03-22,Manali,32.2432,77.1892,0,3,4,12.8,0,95.57,-0.136,61.93,113,2,Kiosk,22,1200,140,450
2025-05-21,Jaipur,26.9124,75.7873,0,5,2,36.0,1,158.7,0.18,62.15,487,4,Agent,22,1500,180,600
2024-08-28,Goa,15.2993,74.124,0,8,2,35.3,0,469.15,-0.085,86.37,961,1,Web,1,2000,250,800
2024-11-27,Andaman,11.7401,92.6586,0,11,2,18.0,0,1029.93,0.781,87.68,645,1,Web,2,900,120,300
2025-08-01,Manali,32.2432,77.1892,0,8,4,18.9,0,276.8,0.333,61.52,398,2,Kiosk,1,1200,140,450
2025-08-27,Agra,27.1767,78.0081,0,8,2,31.3,0,933.75,0.399,60.55,553,2,Kiosk,10,1300,150,550
2024-01-28,Manali,32.2432,77.1892,1,1,6,5.7,0,369.67,0.896,64.69,509,4,App,7,1200,140,450
2024-09-01,Goa,15.2993,74.124,1,9,6,31.7,0,1258.26,1.0,84.42,837,2,Kiosk,15,2000,250,800
2024-03-08,Varanasi,25.3176,82.9739,0,3,4,26.4,0,422.05,0.614,48.49,502,3,Kiosk,5,1400,160,500
2025-04-16,Jaipur,26.9124,75.7873,0,4,2,31.3,0,391.42,0.067,67.53,1055,2,App,8,1500,180,600
2025-03-22,Andaman,11.7401,92.6586,1,3,5,26.6,0,957.31,-0.344,96.93,373,2,App,3,900,120,300
2025-03-20,Agra,27.1767,78.0081,0,3,3,26.9,0,104.11,0.945,56.59,812,3,Web,3,1300,150,550
2025-01-21,Manali,32.2432,77.1892,0,1,1,6.2,0,31.07,-0.265,75.75,425,2,Web,4,1200,140,450
2024-06-27,Kerala,10.8505,76.2711,0,6,3,40.0,0,294.82,0.506,63.06,462,2,App,18,1700,220,700
2024-01-03,Kerala,10.8505,76.2711,0,1,2,19.8,0,294.6,-0.272,73.44,365,3,Kiosk,1,1700,220,700
2024-05-25,Andaman,11.7401,92.6586,1,5,5,37.8,0,301.08,-0.845,84.36,665,2,Agent,7,900,120,300
2025-08-31,Jaipur,26.9124,75.7873,1,8,6,32.4,0,513.5,-0.408,63.41,1082,1,App,15,1500,180,600
2024-10-08,Varanasi,25.3176,82.9739,0,10,1,21.2,0,600.56,0.679,54.99,660,3,Kiosk,6,1400,160,500
2025-05-18,Jaipur,26.9124,75.7873,1,5,6,36.8,0,651.24,1.0,65.83,818,2,Web,5,1500,180,600
2025-05-22,Andaman,11.7401,92.6586,0,5,3,36.4,0,122.84,0.02,99.17,371,3,Agent,19,900,120,300
2025-03-24,Kerala,10.8505,76.2711,0,3,0,30.2,0,558.85,0.65,62.95,726,1,Web,3,1700,220,700
2024-11-21,Jaipur,26.9124,75.7873,0,11,3,19.0,0,186.44,0.06,54.69,307,3,Agent,18,1500,180,600
2025-02-13,Leh,34.1526,77.5771,0,2,3,4.2,0,368.89,0.457,106.7,319,2,Web,15,600,90,220
2024-05-07,Agra,27.1767,78.0081,0,5,1,35.4,0,350.8,-0.447,51.55,566,2,App,16,1300,150,550
2025-06-10,Jaipur,26.9124,75.7873,0,6,1,37.8,0,106.41,-0.081,60.37,577,2,Kiosk,9,1500,180,600
2024-10-30,Kerala,10.8505,76.2711,0,10,2,25.2,0,247.4,0.319,70.23,441,3,Web,12,1700,220,700
2025-05-25,Agra,27.1767,78.0081,1,5,6,37.2,0,729.7,0.255,60.61,859,2,Kiosk,1,1300,150,550
2025-02-15,Jaipur,26.9124,75.7873,1,2,5,23.0,0,178.18,-0.45,52.99,560,3,Kiosk,6,1500,180,600
2025-08-07,Goa,15.2993,74.124,0,8,3,35.5,0,164.61,-0.568,74.88,688,2,Kiosk,7,2000,250,800
2024-01-20,Goa,15.2993,74.124,1,1,5,21.1,0,129.63,0.775,76.67,1215,2,Web,10,2000,250,800
2024-08-22,Jaipur,26.9124,75.7873,0,8,3,32.1,0,327.59,-0.166,66.31,580,2,Kiosk,14,1500,180,600
2024-06-27,Goa,15.2993,74.124,0,6,3,41.3,1,568.84,-0.31,78.75,890,1,Agent,13,2000,250,800
2024-02-27,Jaipur,26.9124,75.7873,0,2,1,21.9,0,366.86,0.092,60.26,601,1,Web,10,1500,180,600
2024-01-09,Kerala,10.8505,76.2711,0,1,1,22.2,0,278.47,-0.273,70.1,448,2,Web,5,1700,220,700
2024-02-02,Leh,34.1526,77.5771,0,2,4,7.3,1,194.45,-0.224,93.5,88,3,Web,15,600,90,220
2025-03-24,Agra,27.1767,78.0081,0,3,0,27.7,0,178.44,1.0,66.06,599,1,Web,16,1300,150,550
2024-05-15,Kerala,10.8505,76.2711,0,5,2,35.4,0,452.35,-0.734,64.06,737,2,Web,8,1700,220,700
2024-02-19,Varanasi,25.3176,82.9739,0,2,0,22.2,0,713.36,0.471,48.44,550,2,Web,9,1400,160,500
2024-03-03,Agra,27.1767,78.0081,1,3,6,26.9,0,416.7,1.0,56.03,819,2,Agent,18,1300,150,550
2025-09-28,Kerala,10.8505,76.2711,1,9,6,29.8,1,794.05,0.697,62.36,670,2,App,13,1700,220,700
2024-03-29,Kerala,10.8505,76.2711,0,3,4,29.7,0,631.86,0.381,59.44,914,3,App,7,1700,220,700
2024-12-18,Manali,32.2432,77.1892,0,12,2,7.3,0,223.38,0.128,75.25,426,3,Web,6,1200,140,450
2025-04-01,Kerala,10.8505,76.2711,0,4,1,33.5,0,404.16,0.465,64.86,485,3,App,14,1700,220,700
2025-05-06,Jaipur,26.9124,75.7873,0,5,1,34.9,0,453.74,-0.074,59.38,907,1,App,8,1500,180,600
2025-05-06,Leh,34.1526,77.5771,0,5,1,20.6,0,657.42,-0.515,92.55,773,1,Web,16,600,90,220
2024-08-28,Jaipur,26.9124,75.7873,0,8,2,34.7,0,555.01,0.242,65.61,717,2,Kiosk,3,1500,180,600
2024-07-27,Manali,32.2432,77.1892,1,7,5,23.9,0,300.18,0.407,73.95,399,4,Kiosk,8,1200,140,450
2025-01-11,Manali,32.2432,77.1892,1,1,5,7.1,0,709.95,-0.085,68.91,343,2,Kiosk,12,1200,140,450
2024-03-23,Goa,15.2993,74.124,1,3,5,30.8,0,560.35,-0.006,84.62,937,3,App,12,2000,250,800
2025-08-20,Goa,15.2993,74.124,0,8,2,32.9,0,79.4,-0.401,78.3,1058,3,App,1,2000,250,800
2024-09-21,Varanasi,25.3176,82.9739,1,9,5,27.0,0,99.45,-0.711,50.49,440,3,Agent,17,1400,160,500
2025-01-28,Leh,34.1526,77.5771,0,1,1,2.0,0,396.14,0.337,88.5,292,2,Web,14,600,90,220
2024-08-04,Kerala,10.8505,76.2711,1,8,6,32.5,0,520.03,0.485,60.08,500,2,Web,15,1700,220,700
2025-06-15,Agra,27.1767,78.0081,1,6,6,37.2,0,169.12,0.146,45.13,601,2,App,4,1300,150,550
2024-08-18,Varanasi,25.3176,82.9739,1,8,6,32.3,0,68.08,-0.294,41.77,830,3,Web,12,1400,160,500
2025-04-07,Kerala,10.8505,76.2711,0,4,0,34.6,0,436.49,0.412,73.58,587,3,Kiosk,10,1700,220,700
2025-06-01,Agra,27.1767,78.0081,1,6,6,37.4,0,864.28,-0.323,65.0,831,3,Agent,6,1300,150,550
2025-02-04,Varanasi,25.3176,82.9739,0,2,1,20.9,0,909.09,0.268,44.52,540,2,App,12,1400,160,500
2024-11-20,Jaipur,26.9124,75.7873,0,11,2,20.3,0,49.14,-0.282,59.57,450,2,Web,2,1500,180,600
2024-03-19,Agra,27.1767,78.0081,0,3,1,26.1,0,410.7,0.341,60.74,675,2,Agent,2,1300,150,550
2024-08-11,Andaman,11.7401,92.6586,1,8,6,33.2,0,569.23,-1.0,87.42,876,2,Web,8,900,120,300
2025-08-01,Agra,27.1767,78.0081,0,8,4,33.5,0,371.51,0.181,63.02,428,2,Agent,3,1300,150,550
2024-06-24,Goa,15.2993,74.124,0,6,0,40.8,1,131.96,-0.335,92.17,755,2,Web,13,2000,250,800
2024-04-05,Andaman,11.7401,92.6586,0,4,4,33.1,0,202.66,0.402,88.31,244,2,Agent,23,900,120,300
2024-01-05,Andaman,11.7401,92.6586,0,1,4,17.1,0,295.43,-0.252,93.85,222,2,Agent,17,900,120,300
2025-06-11,Leh,34.1526,77.5771,0,6,2,23.0,0,306.23,-0.811,91.35,352,3,App,5,600,90,220
2024-08-25,Goa,15.2993,74.124,1,8,6,33.9,0,115.62,0.314,78.65,965,2,App,13,2000,250,800
2024-02-22,Goa,15.2993,74.124,0,2,3,26.6,0,92.49,-0.009,89.64,481,2,App,4,2000,250,800
2025-08-22,Agra,27.1767,78.0081,0,8,4,32.0,0,941.24,0.197,51.36,674,3,Agent,8,1300,150,550
2024-10-07,Jaipur,26.9124,75.7873,0,10,0,23.9,0,702.82,0.574,68.42,827,1,Web,2,1500,180,600
2025-06-16,Jaipur,26.9124,75.7873,0,6,0,36.0,0,204.44,0.608,49.35,351,2,Web,17,1500,180,600
2025-09-13,Varanasi,25.3176,82.9739,1,9,5,26.7,0,55.08,-0.04,53.87,199,3,Agent,4,1400,160,500
2024-05-15,Goa,15.2993,74.124,0,5,2,37.6,0,566.29,0.686,69.8,456,2,Agent,4,2000,250,800
2024-02-03,Manali,32.2432,77.1892,1,2,5,11.5,0,209.15,-0.799,74.04,358,2,Kiosk,6,1200,140,450
2024-10-17,Manali,32.2432,77.1892,0,10,3,11.6,0,566.55,1.0,72.83,566,2,Agent,14,1200,140,450
2024-10-08,Leh,34.1526,77.5771,0,10,1,3.1,1,459.85,-0.062,87.05,53,3,App,29,600,90,220
2025-04-26,Leh,34.1526,77.5771,1,4,5,14.5,0,1143.49,-0.36,96.86,673,2,Kiosk,28,600,90,220
2025-05-17,Leh,34.1526,77.5771,1,5,5,18.6,0,420.42,0.835,93.3,120,2,Web,4,600,90,220
2025-03-12,Jaipur,26.9124,75.7873,0,3,2,28.3,0,292.01,0.166,64.27,386,3,Web,14,1500,180,600
2025-02-28,Agra,27.1767,78.0081,0,2,4,21.9,0,738.05,-0.121,61.23,485,3,App,4,1300,150,550
2025-01-27,Kerala,10.8505,76.2711,0,1,0,19.7,0,438.79,0.339,67.51,496,3,Agent,15,1700,220,700
2024-06-12,Varanasi,25.3176,82.9739,0,6,2,38.3,0,246.32,0.91,54.09,455,1,App,30,1400,160,500
2025-03-11,Agra,27.1767,78.0081,0,3,1,25.7,0,52.75,-0.691,55.66,211,2,Agent,7,1300,150,550
2024-04-16,Agra,27.1767,78.0081,0,4,1,31.5,0,642.05,0.908,65.7,493,1,App,5,1300,150,550
2025-03-17,Andaman,11.7401,92.6586,0,3,0,28.5,0,1140.87,-0.412,96.73,236,3,Kiosk,16,900,120,300
2025-06-05,Kerala,10.8505,76.2711,0,6,3,39.6,0,143.52,-0.265,72.49,741,3,Web,7,1700,220,700
2024-06-06,Leh,34.1526,77.5771,0,6,3,18.6,0,228.53,0.042,91.06,273,2,Kiosk,14,600,90,220
2025-09-28,Jaipur,26.9124,75.7873,1,9,6,28.6,0,159.35,-0.148,65.66,664,2,App,6,1500,180,600
2024-08-15,Andaman,11.7401,92.6586,0,8,3,32.4,1,133.48,0.032,91.93,508,2,Kiosk,9,900,120,300
2024-08-04,Agra,27.1767,78.0081,1,8,6,30.9,0,565.13,-0.382,60.89,681,2,Kiosk,45,1300,150,550
2024-11-26,Agra,27.1767,78.0081,0,11,1,17.4,0,961.25,-0.555,56.32,362,3,Agent,19,1300,150,550
2025-09-14,Leh,34.1526,77.5771,1,9,6,13.8,0,203.17,-0.085,83.86,414,3,Agent,29,600,90,220
2025-02-18,Agra,27.1767,78.0081,0,2,1,21.4,0,992.4,0.038,62.38,477,2,Web,4,1300,150,550
2025-08-10,Manali,32.2432,77.1892,1,8,6,19.9,0,426.29,-0.233,80.32,678,2,Web,17,1200,140,450
2024-06-01,Goa,15.2993,74.124,1,6,5,42.9,0,605.59,-0.398,80.63,1209,2,App,11,2000,250,800
2025-02-26,Goa,15.2993,74.124,0,2,2,26.0,0,153.05,0.95,81.21,635,1,Agent,19,2000,250,800
2024-02-25,Manali,32.2432,77.1892,1,2,6,10.1,0,360.24,0.119,74.59,373,2,App,16,1200,140,450
2025-04-05,Agra,27.1767,78.0081,1,4,5,31.8,0,152.79,-0.101,56.57,711,3,Kiosk,19,1300,150,550
2024-06-06,Varanasi,25.3176,82.9739,0,6,3,35.8,0,64.29,1.0,48.19,167,2,Kiosk,3,1400,160,500
2024-09-15,Varanasi,25.3176,82.9739,1,9,6,24.9,0,669.19,0.432,48.04,495,2,Agent,3,1400,160,500
2025-06-26,Agra,27.1767,78.0081,0,6,3,36.0,0,886.09,0.003,47.76,706,2,Agent,3,1300,150,550
2024-05-07,Goa,15.2993,74.124,0,5,1,36.3,0,933.49,0.414,81.92,715,3,Web,4,2000,250,800
2024-07-31,Kerala,10.8505,76.2711,0,7,2,36.8,0,639.64,0.269,75.54,977,1,Web,23,1700,220,700
2024-02-15,Kerala,10.8505,76.2711,0,2,3,24.5,0,640.94,0.243,64.74,287,2,Kiosk,7,1700,220,700
2025-08-27,Goa,15.2993,74.124,0,8,2,34.2,0,510.96,-0.38,76.98,1177,3,App,11,2000,250,800
2024-05-20,Kerala,10.8505,76.2711,0,5,0,39.8,0,433.81,0.306,66.36,853,3,Agent,23,1700,220,700
2025-03-29,Agra,27.1767,78.0081,1,3,5,27.1,0,352.82,-0.036,48.27,456,1,Agent,8,1300,150,550
2024-05-18,Jaipur,26.9124,75.7873,1,5,5,37.6,0,397.89,-0.338,60.42,1030,3,App,17,1500,180,600
2025-08-02,Manali,32.2432,77.1892,1,8,5,21.1,0,973.95,0.039,70.54,638,1,Agent,1,1200,140,450
2024-08-29,Leh,34.1526,77.5771,0,8,3,15.7,0,518.48,-0.459,94.31,785,1,App,2,600,90,220
2025-02-09,Agra,27.1767,78.0081,1,2,6,21.2,0,81.44,0.682,49.64,674,1,Kiosk,4,1300,150,550
2024-12-19,Andaman,11.7401,92.6586,0,12,3,16.9,0,782.01,0.194,89.73,324,2,App,10,900,120,300
2025-04-22,Goa,15.2993,74.124,0,4,1,36.1,0,242.32,-0.237,90.37,663,2,Agent,9,2000,250,800
2024-03-09,Manali,32.2432,77.1892,1,3,5,16.2,0,120.43,-0.979,80.86,152,1,Kiosk,21,1200,140,450
2024-10-13,Goa,15.2993,74.124,1,10,6,24.7,0,645.04,-0.376,77.57,830,1,Agent,10,2000,250,800
2025-08-26,Goa,15.2993,74.124,0,8,1,36.5,0,217.67,0.25,70.94,745,2,Agent,16,2000,250,800
2025-02-18,Jaipur,26.9124,75.7873,0,2,1,23.6,0,788.61,1.0,57.95,539,3,Kiosk,1,1500,180,600
2024-12-08,Kerala,10.8505,76.2711,1,12,6,17.3,0,475.16,-0.262,67.58,875,2,App,31,1700,220,700
2025-05-29,Agra,27.1767,78.0081,0,5,3,35.3,0,245.93,-0.456,59.43,668,3,Agent,20,1300,150,550
2024-06-11,Jaipur,26.9124,75.7873,0,6,1,38.2,0,979.19,1.0,71.6,624,3,Web,21,1500,180,600
2024-12-06,Leh,34.1526,77.5771,0,12,4,-1.8,0,651.35,0.216,89.91,279,2,Agent,3,600,90,220
2025-07-25,Leh,34.1526,77.5771,0,7,4,16.7,1,748.51,-0.217,98.87,653,1,App,3,600,90,220
2025-06-05,Andaman,11.7401,92.6586,0,6,3,39.6,0,443.95,0.633,79.91,33,3,Kiosk,5,900,120,300
2024-09-07,Andaman,11.7401,92.6586,1,9,5,28.0,0,12.0,0.331,82.69,40,2,Kiosk,3,900,120,300
2025-04-04,Jaipur,26.9124,75.7873,0,4,4,34.7,0,640.8,0.315,57.19,667,3,App,23,1500,180,600
2024-05-19,Kerala,10.8505,76.2711,1,5,6,37.6,0,849.17,-0.552,80.06,943,1,App,13,1700,220,700
2025-08-20,Goa,15.2993,74.124,0,8,2,34.3,0,224.34,0.267,78.08,980,2,Web,6,2000,250,800
2025-04-15,Varanasi,25.3176,82.9739,0,4,1,33.6,0,462.37,0.259,55.37,744,3,App,8,1400,160,500
2025-08-21,Andaman,11.7401,92.6586,0,8,3,33.3,0,395.53,0.249,95.9,569,2,Kiosk,8,900,120,300
2025-02-15,Manali,32.2432,77.1892,1,2,5,9.7,0,747.13,0.134,63.34,432,2,Web,6,1200,140,450
2025-01-31,Agra,27.1767,78.0081,0,1,4,18.0,0,182.14,0.018,47.46,479,2,App,7,1300,150,550
2024-04-08,Jaipur,26.9124,75.7873,0,4,0,33.1,0,68.43,1.0,61.57,299,2,Kiosk,14,1500,180,600
2025-04-29,Varanasi,25.3176,82.9739,0,4,1,31.5,0,1010.23,0.218,49.96,556,3,App,9,1400,160,500
2025-07-09,Agra,27.1767,78.0081,0,7,2,35.3,0,130.56,0.42,50.08,338,2,Web,10,1300,150,550
2024-02-07,Leh,34.1526,77.5771,0,2,2,4.2,1,87.77,0.301,101.13,347,2,Web,8,600,90,220
2024-07-24,Kerala,10.8505,76.2711,0,7,2,38.0,0,132.85,-0.207,63.68,775,2,Web,14,1700,220,700
2024-10-29,Kerala,10.8505,76.2711,0,10,1,21.6,0,602.5,-0.064,65.1,436,2,App,16,1700,220,700
2025-06-03,Agra,27.1767,78.0081,0,6,1,34.7,0,574.97,0.079,58.65,961,3,App,20,1300,150,550
2025-09-01,Manali,32.2432,77.1892,0,9,0,14.6,0,239.5,-0.104,86.11,233,1,App,17,1200,140,450
2025-06-03,Andaman,11.7401,92.6586,0,6,1,37.9,1,674.34,-0.196,85.19,681,2,App,6,900,120,300
2024-12-12,Jaipur,26.9124,75.7873,0,12,3,16.1,0,28.27,-1.0,63.19,594,3,Web,20,1500,180,600
2025-08-09,Andaman,11.7401,92.6586,1,8,5,33.6,0,125.03,-0.059,89.84,582,1,Web,19,900,120,300
2024-02-28,Manali,32.2432,77.1892,0,2,2,9.8,0,607.17,0.542,70.57,413,1,Agent,20,1200,140,450
2025-06-12,Andaman,11.7401,92.6586,0,6,3,37.7,0,82.29,-0.405,107.57,341,3,Agent,10,900,120,300
2025-01-12,Goa,15.2993,74.124,1,1,6,21.6,0,50.77,0.929,83.27,998,3,Web,7,2000,250,800
2025-02-17,Varanasi,25.3176,82.9739,0,2,0,20.1,0,62.85,0.416,39.72,622,2,Web,1,1400,160,500
2025-04-30,Manali,32.2432,77.1892,0,4,2,21.8,0,619.01,-0.308,64.43,619,2,Agent,14,1200,140,450
2025-07-22,Agra,27.1767,78.0081,0,7,1,36.0,0,243.94,-0.406,52.22,499,2,App,11,1300,150,550
2025-01-10,Leh,34.1526,77.5771,0,1,4,1.6,0,89.54,0.129,98.19,188,3,Agent,11,600,90,220
2024-05-17,Jaipur,26.9124,75.7873,0,5,4,36.2,0,149.51,-0.487,59.31,861,2,App,1,1500,180,600
2024-05-01,Varanasi,25.3176,82.9739,0,5,2,36.3,1,110.48,-0.268,53.35,507,2,Agent,4,1400,160,500
2024-09-03,Agra,27.1767,78.0081,0,9,1,25.9,0,135.49,-0.056,52.41,305,2,App,37,1300,150,550
2025-05-26,Jaipur,26.9124,75.7873,0,5,0,35.7,0,149.26,0.29,70.3,709,3,App,14,1500,180,600
2025-02-12,Andaman,11.7401,92.6586,0,2,2,22.6,0,558.1,1.0,90.95,544,2,Kiosk,10,900,120,300
2024-05-21,Jaipur,26.9124,75.7873,0,5,1,35.4,0,344.18,0.134,66.94,730,2,Web,20,1500,180,600
2024-06-29,Agra,27.1767,78.0081,1,6,5,37.5,0,429.92,0.606,53.26,291,2,Web,17,1300,150,550
2024-09-29,Goa,15.2993,74.124,1,9,6,31.5,0,309.96,1.0,78.07,719,2,App,22,2000,250,800
2024-12-28,Goa,15.2993,74.124,1,12,5,19.3,0,370.71,0.234,84.74,589,2,Kiosk,7,2000,250,800
2024-11-17,Jaipur,26.9124,75.7873,1,11,6,19.0,0,457.67,0.427,53.06,810,2,Agent,3,1500,180,600
2024-12-14,Andaman,11.7401,92.6586,1,12,5,17.6,0,141.18,0.232,84.85,340,2,App,3,900,120,300
2024-03-25,Leh,34.1526,77.5771,0,3,0,10.1,0,166.08,0.541,89.49,350,3,App,23,600,90,220
2024-10-30,Leh,34.1526,77.5771,0,10,2,5.8,0,705.19,-0.538,104.83,228,3,Kiosk,22,600,90,220
2024-05-04,Agra,27.1767,78.0081,1,5,5,34.4,0,373.55,0.039,52.71,896,2,Kiosk,13,1300,150,550
2025-03-22,Goa,15.2993,74.124,1,3,5,31.0,0,198.81,-0.545,85.87,384,2,Kiosk,10,2000,250,800
2024-11-03,Manali,32.2432,77.1892,1,11,6,5.7,0,940.46,0.128,68.8,430,2,App,19,1200,140,450
2024-03-12,Agra,27.1767,78.0081,0,3,1,26.3,0,495.6,0.311,56.33,607,3,Agent,19,1300,150,550
2024-12-21,Kerala,10.8505,76.2711,1,12,5,19.5,0,1242.66,0.564,55.21,849,3,Agent,4,1700,220,700
2025-03-12,Varanasi,25.3176,82.9739,0,3,2,25.9,0,307.48,0.29,54.67,344,1,Web,7,1400,160,500
2025-04-19,Varanasi,25.3176,82.9739,1,4,5,32.2,0,298.69,0.345,52.24,440,2,Agent,36,1400,160,500
2024-10-09,Andaman,11.7401,92.6586,0,10,2,22.1,0,1843.68,0.252,86.78,521,1,Web,4,900,120,300
2024-02-26,Agra,27.1767,78.0081,0,2,0,21.4,0,810.19,0.654,52.36,412,2,Agent,9,1300,150,550
2025-09-09,Kerala,10.8505,76.2711,0,9,1,28.3,0,256.13,0.731,60.43,676,2,App,10,1700,220,700
2024-07-07,Jaipur,26.9124,75.7873,1,7,6,37.5,0,489.44,1.0,66.66,805,2,App,13,1500,180,600
2024-09-24,Agra,27.1767,78.0081,0,9,1,28.0,0,239.05,0.259,53.88,509,1,Web,5,1300,150,550
2024-11-21,Goa,15.2993,74.124,0,11,3,21.5,0,290.91,0.131,69.4,556,2,App,7,2000,250,800
2024-06-19,Agra,27.1767,78.0081,0,6,2,37.8,0,210.37,0.021,58.64,771,3,App,13,1300,150,550
2024-05-31,Agra,27.1767,78.0081,0,5,4,36.0,0,841.84,-0.143,61.18,575,2,Web,8,1300,150,550
2024-04-10,Agra,27.1767,78.0081,0,4,2,30.4,0,885.52,-0.221,50.79,524,2,App,6,1300,150,550
2025-07-22,Leh,34.1526,77.5771,0,7,1,21.0,1,41.45,-0.649,86.47,378,2,App,9,600,90,220
2024-01-25,Manali,32.2432,77.1892,0,1,3,8.9,0,545.27,-0.249,76.59,439,2,App,17,1200,140,450
2024-06-23,Jaipur,26.9124,75.7873,1,6,6,37.7,0,21.35,-0.264,78.32,764,1,Kiosk,14,1500,180,600
2024-05-13,Goa,15.2993,74.124,0,5,0,37.8,0,901.17,0.237,79.74,970,3,Web,12,2000,250,800
2025-02-18,Manali,32.2432,77.1892,0,2,1,8.9,0,383.26,0.389,74.23,546,3,Agent,5,1200,140,450
2025-08-31,Agra,27.1767,78.0081,1,8,6,33.5,0,147.66,-0.395,45.76,695,3,Agent,3,1300,150,550
2024-04-21,Varanasi,25.3176,82.9739,1,4,6,29.9,0,460.45,1.0,52.49,542,1,Kiosk,7,1400,160,500
2024-07-27,Manali,32.2432,77.1892,1,7,5,24.1,0,129.75,0.93,70.35,389,3,Kiosk,11,1200,140,450
2024-05-01,Agra,27.1767,78.0081,0,5,2,35.7,0,34.5,-0.456,64.6,468,3,Kiosk,2,1300,150,550
2025-02-20,Agra,27.1767,78.0081,0,2,3,20.9,0,434.89,0.013,51.57,276,2,Kiosk,20,1300,150,550
2025-09-16,Leh,34.1526,77.5771,0,9,1,10.7,1,285.82,0.31,99.07,357,2,App,12,600,90,220
2024-11-17,Kerala,10.8505,76.2711,1,11,6,19.0,0,326.53,0.251,62.11,658,2,Kiosk,13,1700,220,700
2024-04-26,Kerala,10.8505,76.2711,0,4,4,34.5,0,988.88,-0.023,78.69,917,1,App,6,1700,220,700
2025-05-02,Andaman,11.7401,92.6586,0,5,4,38.8,0,227.45,0.936,100.39,288,3,Kiosk,10,900,120,300
2025-01-20,Jaipur,26.9124,75.7873,0,1,0,20.6,0,209.95,0.525,70.27,603,3,Agent,17,1500,180,600
2025-03-04,Andaman,11.7401,92.6586,0,3,1,27.4,0,392.77,0.767,92.18,638,2,App,20,900,120,300
2024-08-05,Goa,15.2993,74.124,0,8,0,35.8,0,370.48,0.52,85.87,498,2,Web,10,2000,250,800
2025-01-15,Jaipur,26.9124,75.7873,0,1,2,19.2,0,223.58,1.0,59.5,671,2,Web,16,1500,180,600
2025-06-07,Jaipur,26.9124,75.7873,1,6,5,37.0,0,1386.45,-0.333,50.98,804,1,Agent,5,1500,180,600
2025-08-07,Varanasi,25.3176,82.9739,0,8,3,30.1,1,257.88,0.103,50.62,567,2,Web,10,1400,160,500
2024-01-04,Manali,32.2432,77.1892,0,1,3,5.3,0,287.06,0.761,78.27,574,1,Kiosk,14,1200,140,450
2024-02-22,Andaman,11.7401,92.6586,0,2,3,22.7,0,170.99,1.0,92.34,421,2,App,2,900,120,300
2025-08-03,Leh,34.1526,77.5771,1,8,6,16.2,0,278.9,0.445,96.08,105,3,Web,4,600,90,220
2025-08-10,Agra,27.1767,78.0081,1,8,6,32.8,0,765.83,0.347,40.1,537,2,App,40,1300,150,550
2024-06-21,Leh,34.1526,77.5771,0,6,4,19.2,0,364.01,0.292,99.28,363,1,Web,4,600,90,220
2025-09-29,Manali,32.2432,77.1892,0,9,0,13.1,0,337.24,0.026,80.02,164,2,Web,4,1200,140,450
2025-06-22,Goa,15.2993,74.124,1,6,6,40.4,0,400.43,-0.108,75.76,983,2,Web,65,2000,250,800
2025-05-16,Manali,32.2432,77.1892,0,5,4,23.7,0,219.03,1.0,74.2,358,2,Kiosk,21,1200,140,450
2025-06-16,Agra,27.1767,78.0081,0,6,0,35.8,0,326.12,0.305,63.67,494,2,Kiosk,12,1300,150,550
2024-01-28,Jaipur,26.9124,75.7873,1,1,6,20.5,0,162.87,0.083,55.93,399,3,Web,13,1500,180,600
2025-08-15,Agra,27.1767,78.0081,0,8,4,31.4,0,103.91,-0.317,57.5,431,3,Agent,16,1300,150,550
2025-04-02,Leh,34.1526,77.5771,0,4,2,13.5,0,392.45,0.237,99.85,725,2,App,16,600,90,220
2025-09-16,Varanasi,25.3176,82.9739,0,9,1,25.5,1,232.58,0.004,51.61,436,3,Kiosk,25,1400,160,500
2024-05-07,Kerala,10.8505,76.2711,0,5,1,36.9,0,204.99,0.69,55.87,416,2,Agent,3,1700,220,700
2025-07-09,Leh,34.1526,77.5771,0,7,2,19.0,0,107.53,0.845,91.02,51,2,Agent,6,600,90,220
2025-02-16,Kerala,10.8505,76.2711,1,2,6,23.1,0,208.48,0.636,62.49,713,2,Web,16,1700,220,700
2025-08-02,Goa,15.2993,74.124,1,8,5,36.2,0,204.67,0.088,74.73,898,2,Kiosk,2,2000,250,800
2025-02-11,Andaman,11.7401,92.6586,0,2,1,22.5,0,511.82,0.744,83.5,340,2,Kiosk,17,900,120,300
2025-09-12,Andaman,11.7401,92.6586,0,9,4,27.2,0,68.27,1.0,89.15,265,2,Agent,23,900,120,300
2024-05-31,Leh,34.1526,77.5771,0,5,4,19.3,0,986.0,1.0,101.52,37,3,Kiosk,8,600,90,220
2025-09-23,Goa,15.2993,74.124,0,9,1,30.7,0,492.44,-0.14,80.85,934,1,App,19,2000,250,800
2024-07-21,Manali,32.2432,77.1892,1,7,6,25.3,0,348.53,0.283,81.47,751,2,App,2,1200,140,450
2024-09-15,Manali,32.2432,77.1892,1,9,6,13.3,0,236.64,0.288,64.69,202,1,Agent,4,1200,140,450
2024-05-18,Kerala,10.8505,76.2711,1,5,5,38.0,0,429.1,-0.61,68.87,793,3,Agent,13,1700,220,700
2025-06-01,Agra,27.1767,78.0081,1,6,6,37.9,0,168.75,0.329,56.3,688,3,Agent,11,1300,150,550
2024-02-21,Kerala,10.8505,76.2711,0,2,2,27.2,0,78.17,-0.542,76.49,691,1,App,25,1700,220,700
2024-02-02,Varanasi,25.3176,82.9739,0,2,4,23.0,0,935.78,0.758,48.21,455,1,Agent,7,1400,160,500
2024-10-22,Varanasi,25.3176,82.9739,0,10,1,22.4,0,602.19,0.684,54.72,949,2,Web,5,1400,160,500
2024-10-26,Goa,15.2993,74.124,1,10,5,25.6,0,406.09,-0.225,75.39,611,1,Agent,9,2000,250,800
2025-09-14,Agra,27.1767,78.0081,1,9,6,24.1,0,42.28,0.06,46.58,361,3,Agent,10,1300,150,550
2024-09-16,Leh,34.1526,77.5771,0,9,0,12.2,0,119.92,0.145,87.01,224,1,Agent,18,600,90,220
2024-12-21,Leh,34.1526,77.5771,1,12,5,-0.9,0,184.37,0.178,99.5,390,3,App,4,600,90,220
2024-08-18,Kerala,10.8505,76.2711,1,8,6,33.1,0,342.47,0.294,66.28,800,1,Agent,20,1700,220,700
2024-08-28,Kerala,10.8505,76.2711,0,8,2,34.2,0,202.67,-0.973,65.99,737,2,Web,23,1700,220,700
2024-02-26,Jaipur,26.9124,75.7873,0,2,0,24.1,0,270.72,-0.651,71.89,302,2,Agent,12,1500,180,600
2024-11-30,Andaman,11.7401,92.6586,1,11,5,18.4,0,168.7,-0.508,82.53,303,1,Agent,4,900,120,300
2025-02-28,Kerala,10.8505,76.2711,0,2,4,26.4,0,221.5,-0.567,68.81,415,1,Web,5,1700,220,700
2024-12-11,Goa,15.2993,74.124,0,12,2,18.0,0,708.98,-0.671,69.81,429,2,Kiosk,35,2000,250,800
2025-02-20,Agra,27.1767,78.0081,0,2,3,22.9,0,61.9,-0.719,46.18,192,3,Agent,12,1300,150,550
2024-10-10,Jaipur,26.9124,75.7873,0,10,3,22.6,0,533.6,0.478,64.36,838,2,Web,8,1500,180,600
2025-03-11,Manali,32.2432,77.1892,0,3,1,14.8,0,304.86,0.804,76.86,489,3,Web,26,1200,140,450
2024-06-22,Varanasi,25.3176,82.9739,1,6,5,36.4,0,22.98,0.241,54.36,452,3,Agent,4,1400,160,500
2024-12-13,Kerala,10.8505,76.2711,0,12,4,18.0,0,538.43,-0.342,59.62,431,2,Web,7,1700,220,700
2024-07-06,Jaipur,26.9124,75.7873,1,7,5,37.3,0,258.93,-0.359,65.8,618,2,App,23,1500,180,600
2025-02-27,Kerala,10.8505,76.2711,0,2,3,22.5,0,105.64,-0.469,59.67,714,3,Web,6,1700,220,700
2024-04-07,Agra,27.1767,78.0081,1,4,6,32.5,0,701.09,0.437,61.21,499,2,App,23,1300,150,550
2024-01-10,Leh,34.1526,77.5771,0,1,2,1.8,0,233.83,0.402,97.89,343,2,Web,23,600,90,220
2024-08-18,Leh,34.1526,77.5771,1,8,6,14.2,0,281.75,0.36,100.17,291,1,App,2,600,90,220
2024-02-18,Agra,27.1767,78.0081,1,2,6,23.3,1,353.96,0.051,49.48,247,2,Agent,16,1300,150,550
2024-11-30,Goa,15.2993,74.124,1,11,5,20.2,0,528.56,-0.524,83.72,872,1,Kiosk,5,2000,250,800
2024-06-20,Goa,15.2993,74.124,0,6,3,39.2,0,122.62,1.0,77.77,404,1,Kiosk,25,2000,250,800
2025-05-14,Manali,32.2432,77.1892,0,5,2,23.4,1,254.32,-0.165,70.0,381,3,Agent,11,1200,140,450
2025-05-24,Andaman,11.7401,92.6586,1,5,5,35.2,0,227.41,-0.405,82.97,721,2,Agent,48,900,120,300
2024-06-15,Manali,32.2432,77.1892,1,6,5,25.0,0,871.76,-0.321,59.92,648,3,Kiosk,11,1200,140,450
2025-04-18,Andaman,11.7401,92.6586,0,4,4,31.6,1,246.12,-0.646,92.02,415,2,App,26,900,120,300
2024-12-29,Kerala,10.8505,76.2711,1,12,6,17.8,0,556.67,-0.175,66.8,548,2,Kiosk,2,1700,220,700
2024-05-08,Manali,32.2432,77.1892,0,5,2,23.8,0,352.53,0.038,77.33,427,3,Kiosk,4,1200,140,450
2024-03-26,Varanasi,25.3176,82.9739,0,3,1,27.7,0,257.53,-0.025,57.04,542,2,Web,2,1400,160,500
2025-08-21,Varanasi,25.3176,82.9739,0,8,3,31.5,0,194.72,-0.442,51.85,492,1,Kiosk,30,1400,160,500
2025-04-17,Andaman,11.7401,92.6586,0,4,3,33.8,0,463.05,0.209,96.1,532,3,Agent,3,900,120,300
2025-01-15,Kerala,10.8505,76.2711,0,1,2,20.5,0,169.48,0.512,70.57,605,2,Agent,4,1700,220,700
2024-03-06,Agra,27.1767,78.0081,0,3,2,27.8,0,696.91,0.297,55.02,263,3,App,34,1300,150,550
2024-07-04,Leh,34.1526,77.5771,0,7,3,21.0,0,571.26,0.394,95.28,184,2,Agent,8,600,90,220
2024-05-25,Jaipur,26.9124,75.7873,1,5,5,34.7,0,652.24,-0.613,62.38,782,2,Agent,26,1500,180,600
2025-07-24,Varanasi,25.3176,82.9739,0,7,3,35.7,0,317.17,0.332,45.27,815,2,App,12,1400,160,500
2025-06-02,Kerala,10.8505,76.2711,0,6,0,38.7,0,285.45,0.294,71.43,628,2,Agent,8,1700,220,700
2024-06-18,Goa,15.2993,74.124,0,6,1,38.8,0,1000.77,0.256,79.13,833,2,Agent,7,2000,250,800
2024-07-12,Agra,27.1767,78.0081,0,7,4,38.4,0,450.82,-0.592,46.2,809,3,Web,25,1300,150,550
2024-12-20,Varanasi,25.3176,82.9739,0,12,4,19.8,0,582.49,0.838,50.01,617,2,App,4,1400,160,500
2025-03-18,Kerala,10.8505,76.2711,0,3,1,25.9,0,666.7,0.026,73.92,686,2,Web,9,1700,220,700
2025-03-07,Kerala,10.8505,76.2711,0,3,4,28.2,0,160.59,0.039,65.64,425,1,App,15,1700,220,700
2024-03-17,Jaipur,26.9124,75.7873,1,3,6,28.1,0,804.74,-0.334,68.61,683,1,Kiosk,10,1500,180,600
2024-11-19,Manali,32.2432,77.1892,0,11,1,4.9,0,401.04,0.108,77.29,591,2,Kiosk,7,1200,140,450
2024-05-30,Kerala,10.8505,76.2711,0,5,3,36.4,0,100.44,0.756,72.09,405,2,App,22,1700,220,700
2025-09-18,Goa,15.2993,74.124,0,9,3,29.8,0,490.19,-0.427,74.61,398,3,Kiosk,11,2000,250,800
2024-05-25,Kerala,10.8505,76.2711,1,5,5,34.0,0,222.57,0.331,69.45,1119,1,Web,20,1700,220,700
2024-05-04,Varanasi,25.3176,82.9739,1,5,5,37.4,0,255.58,0.052,57.37,971,3,App,9,1400,160,500
2024-11-28,Agra,27.1767,78.0081,0,11,3,16.4,0,877.03,-0.277,55.3,223,3,Kiosk,22,1300,150,550
2024-09-20,Jaipur,26.9124,75.7873,0,9,4,28.0,0,315.8,-0.211,53.43,327,3,Kiosk,9,1500,180,600
2024-03-10,Jaipur,26.9124,75.7873,1,3,6,25.4,0,425.68,-0.869,65.38,704,4,Kiosk,29,1500,180,600
2024-01-24,Andaman,11.7401,92.6586,0,1,2,21.2,0,439.43,0.281,87.38,452,3,Kiosk,14,900,120,300
2025-01-14,Andaman,11.7401,92.6586,0,1,1,19.5,0,76.18,-0.224,86.03,56,2,Agent,12,900,120,300
2024-10-02,Leh,34.1526,77.5771,0,10,2,6.1,0,1109.54,-0.516,86.53,323,3,Web,12,600,90,220
2024-05-20,Leh,34.1526,77.5771,0,5,0,18.5,0,332.56,0.226,93.98,298,3,Agent,5,600,90,220
2024-04-27,Goa,15.2993,74.124,1,4,5,34.4,0,640.72,0.211,72.25,975,2,App,3,2000,250,800
2024-07-04,Jaipur,26.9124,75.7873,0,7,3,36.1,0,520.75,0.175,58.39,586,2,Agent,13,1500,180,600
2024-06-10,Goa,15.2993,74.124,0,6,0,39.5,0,307.11,0.876,81.83,520,3,App,11,2000,250,800
2025-05-31,Kerala,10.8505,76.2711,1,5,5,37.1,0,788.71,0.144,63.54,1195,1,Web,13,1700,220,700
2025-04-08,Andaman,11.7401,92.6586,0,4,1,33.3,0,357.39,-0.022,86.28,523,2,Agent,9,900,120,300
2025-03-01,Leh,34.1526,77.5771,1,3,5,10.2,0,53.79,0.146,96.88,352,3,App,16,600,90,220
2024-04-15,Andaman,11.7401,92.6586,0,4,0,32.3,0,164.19,0.252,87.27,588,3,Kiosk,6,900,120,300
2024-06-07,Agra,27.1767,78.0081,0,6,4,36.0,0,571.4,0.658,62.8,563,3,App,19,1300,150,550
2025-08-29,Leh,34.1526,77.5771,0,8,4,15.1,0,146.12,0.507,91.14,0,1,Agent,11,600,90,220
2024-04-28,Manali,32.2432,77.1892,1,4,6,19.2,0,70.58,0.879,78.54,354,1,Kiosk,24,1200,140,450
2024-08-03,Jaipur,26.9124,75.7873,1,8,5,35.0,0,155.7,-0.512,71.7,821,3,App,8,1500,180,600
2025-02-02,Leh,34.1526,77.5771,1,2,6,5.5,0,582.87,0.717,106.35,597,2,Kiosk,32,600,90,220
2024-09-08,Varanasi,25.3176,82.9739,1,9,6,27.7,0,140.7,-0.515,50.52,569,2,App,9,1400,160,500
2024-01-20,Manali,32.2432,77.1892,1,1,5,7.0,0,337.72,0.44,71.7,901,2,App,14,1200,140,450
2025-01-04,Manali,32.2432,77.1892,1,1,5,8.0,0,168.68,0.551,82.47,524,2,Kiosk,8,1200,140,450
2025-02-15,Goa,15.2993,74.124,1,2,5,22.5,0,34.84,0.758,87.68,1018,2,App,26,2000,250,800
2025-09-05,Varanasi,25.3176,82.9739,0,9,4,25.7,1,1029.82,-0.457,53.49,401,1,Agent,9,1400,160,500
2025-05-27,Varanasi,25.3176,82.9739,0,5,1,34.5,0,496.58,0.751,48.2,407,2,Kiosk,6,1400,160,500
2025-07-24,Andaman,11.7401,92.6586,0,7,3,36.3,0,735.97,0.487,102.62,540,2,Web,17,900,120,300
2025-09-26,Andaman,11.7401,92.6586,0,9,4,27.4,0,244.93,-0.336,93.95,127,2,Web,12,900,120,300
2025-04-19,Agra,27.1767,78.0081,1,4,5,33.2,0,323.06,0.27,52.69,449,3,Kiosk,8,1300,150,550
2024-12-16,Jaipur,26.9124,75.7873,0,12,0,19.3,0,479.9,0.433,63.28,1091,3,Web,11,1500,180,600
2025-04-24,Kerala,10.8505,76.2711,0,4,3,34.3,0,1820.56,-0.049,68.37,871,2,Agent,10,1700,220,700
2024-12-05,Agra,27.1767,78.0081,0,12,3,16.2,0,1346.24,-0.074,55.45,258,2,App,20,1300,150,550
2024-09-15,Agra,27.1767,78.0081,1,9,6,26.4,0,599.86,0.457,54.7,490,3,Agent,10,1300,150,550
2024-05-23,Andaman,11.7401,92.6586,0,5,3,36.3,0,301.11,0.397,92.6,220,3,Web,1,900,120,300
2024-10-29,Kerala,10.8505,76.2711,0,10,1,23.3,0,733.22,-0.5,58.35,307,3,Agent,22,1700,220,700
2024-03-06,Agra,27.1767,78.0081,0,3,2,28.1,0,724.44,0.381,58.9,770,2,Web,26,1300,150,550
2024-02-06,Leh,34.1526,77.5771,0,2,1,7.3,0,541.67,-0.033,93.41,264,1,App,29,600,90,220
2024-07-31,Varanasi,25.3176,82.9739,0,7,2,36.6,0,676.12,0.655,44.01,192,3,Kiosk,6,1400,160,500
2025-01-21,Leh,34.1526,77.5771,0,1,1,2.5,0,59.95,-0.617,94.46,376,3,App,6,600,90,220
2024-11-12,Agra,27.1767,78.0081,0,11,1,17.5,0,658.47,-0.581,45.47,477,2,App,10,1300,150,550
2024-12-13,Goa,15.2993,74.124,0,12,4,19.8,0,294.62,-1.0,72.81,446,2,Kiosk,8,2000,250,800
2025-04-17,Agra,27.1767,78.0081,0,4,3,31.9,0,298.23,-0.732,54.27,587,2,App,17,1300,150,550
2025-06-07,Manali,32.2432,77.1892,1,6,5,26.0,0,28.94,-0.455,68.26,685,3,App,19,1200,140,450
2025-01-12,Andaman,11.7401,92.6586,1,1,6,20.9,0,637.11,-0.297,99.87,560,3,App,25,900,120,300
2025-02-06,Manali,32.2432,77.1892,0,2,3,8.6,0,1244.37,0.157,88.35,298,2,Kiosk,10,1200,140,450
2025-06-07,Goa,15.2993,74.124,1,6,5,41.7,1,358.35,0.19,73.69,736,2,App,6,2000,250,800
2024-04-21,Jaipur,26.9124,75.7873,1,4,6,32.7,0,230.58,-0.033,73.56,925,2,Web,3,1500,180,600
2024-05-30,Varanasi,25.3176,82.9739,0,5,3,35.1,0,1201.57,0.822,61.94,476,2,App,14,1400,160,500
2024-08-21,Goa,15.2993,74.124,0,8,2,35.7,0,56.41,0.652,79.92,607,3,Kiosk,14,2000,250,800
2025-04-27,Andaman,11.7401,92.6586,1,4,6,30.8,0,463.24,0.214,92.47,804,2,Web,10,900,120,300
2024-05-16,Varanasi,25.3176,82.9739,0,5,3,35.5,0,231.63,0.603,51.42,383,3,Kiosk,16,1400,160,500
2024-07-31,Agra,27.1767,78.0081,0,7,2,33.5,0,879.95,-0.436,56.05,727,1,App,19,1300,150,550
2025-06-12,Manali,32.2432,77.1892,0,6,3,24.4,0,524.8,-0.055,67.18,420,2,Agent,16,1200,140,450
2024-01-02,Goa,15.2993,74.124,0,1,1,19.3,0,307.38,-0.393,85.56,521,1,App,20,2000,250,800
2024-11-26,Kerala,10.8505,76.2711,0,11,1,21.6,0,210.46,-0.126,70.58,382,2,Kiosk,18,1700,220,700
2024-07-15,Manali,32.2432,77.1892,0,7,0,23.1,0,130.25,-0.014,70.77,460,2,Web,3,1200,140,450
2024-06-10,Kerala,10.8505,76.2711,0,6,0,37.6,0,280.98,-0.106,69.69,720,2,App,2,1700,220,700
2024-08-29,Varanasi,25.3176,82.9739,0,8,3,32.4,0,146.93,0.632,48.84,490,2,App,8,1400,160,500
2024-09-06,Andaman,11.7401,92.6586,0,9,4,25.9,0,414.32,0.347,89.21,358,3,Web,8,900,120,300
2025-04-29,Goa,15.2993,74.124,0,4,1,34.1,0,218.21,0.21,82.84,888,3,Web,24,2000,250,800
2024-04-05,Andaman,11.7401,92.6586,0,4,4,33.8,0,654.63,-0.1,96.74,775,2,App,10,900,120,300
2025-01-28,Leh,34.1526,77.5771,0,1,1,-1.3,0,130.23,0.072,82.27,275,2,Agent,8,600,90,220
2025-05-01,Goa,15.2993,74.124,0,5,3,40.5,0,279.56,0.342,73.3,764,1,Web,7,2000,250,800
2024-03-17,Goa,15.2993,74.124,1,3,6,28.6,0,1043.52,-0.132,65.34,646,2,Kiosk,10,2000,250,800
2024-05-10,Varanasi,25.3176,82.9739,0,5,4,35.4,0,343.95,0.159,50.77,794,2,App,2,1400,160,500
2024-07-20,Jaipur,26.9124,75.7873,1,7,5,36.1,0,33.59,0.505,51.43,537,3,Kiosk,14,1500,180,600
2024-05-10,Goa,15.2993,74.124,0,5,4,36.7,0,418.66,1.0,80.63,431,2,Kiosk,17,2000,250,800
2024-03-19,Andaman,11.7401,92.6586,0,3,1,27.9,0,449.59,0.757,100.97,817,2,App,3,900,120,300
2024-03-03,Jaipur,26.9124,75.7873,1,3,6,28.4,0,139.71,0.075,63.56,603,1,Web,24,1500,180,600
2025-04-01,Jaipur,26.9124,75.7873,0,4,1,33.3,0,788.25,0.3,54.62,577,3,Agent,4,1500,180,600
2025-03-12,Andaman,11.7401,92.6586,0,3,2,29.4,0,596.33,-0.471,102.45,372,2,Web,14,900,120,300
2024-01-16,Manali,32.2432,77.1892,0,1,1,6.4,0,368.35,0.245,82.53,226,2,Web,1,1200,140,450
2025-04-16,Manali,32.2432,77.1892,0,4,2,21.1,0,1646.39,0.356,79.75,543,2,Agent,11,1200,140,450
2024-07-30,Jaipur,26.9124,75.7873,0,7,1,37.4,0,734.53,-0.312,65.01,846,3,App,17,1500,180,600
2024-06-06,Manali,32.2432,77.1892,0,6,3,22.7,0,457.08,-0.325,76.03,659,2,Web,18,1200,140,450
2024-09-25,Leh,34.1526,77.5771,0,9,2,14.9,0,156.4,-0.219,84.11,255,2,Kiosk,3,600,90,220
2024-07-14,Jaipur,26.9124,75.7873,1,7,6,36.6,1,564.93,-0.1,58.19,681,3,App,14,1500,180,600
2024-05-14,Manali,32.2432,77.1892,0,5,1,23.5,0,84.57,0.17,77.29,534,2,App,8,1200,140,450
2025-03-15,Kerala,10.8505,76.2711,1,3,5,29.9,0,315.24,0.541,62.93,800,2,Kiosk,35,1700,220,700
2025-07-15,Goa,15.2993,74.124,0,7,1,36.2,0,459.84,-0.828,77.67,879,2,Kiosk,4,2000,250,800
2025-04-28,Manali,32.2432,77.1892,0,4,0,19.2,0,586.24,0.244,75.55,539,3,Kiosk,19,1200,140,450
2024-07-31,Jaipur,26.9124,75.7873,0,7,2,39.2,0,472.74,0.556,65.33,634,2,App,29,1500,180,600
2024-01-30,Leh,34.1526,77.5771,0,1,1,1.1,0,127.69,0.737,82.85,495,3,Kiosk,23,600,90,220
2024-02-08,Kerala,10.8505,76.2711,0,2,3,25.6,0,86.44,-0.694,67.12,446,2,Web,4,1700,220,700
2025-09-29,Agra,27.1767,78.0081,0,9,0,27.0,0,299.56,-0.988,47.55,128,1,Agent,15,1300,150,550
2024-12-11,Varanasi,25.3176,82.9739,0,12,2,18.3,0,297.23,0.351,52.7,604,1,App,9,1400,160,500
2024-12-04,Andaman,11.7401,92.6586,0,12,2,15.1,0,420.57,0.506,91.64,487,2,Agent,8,900,120,300
2025-06-09,Andaman,11.7401,92.6586,0,6,0,36.7,0,35.46,0.367,105.11,303,2,App,17,900,120,300
2025-03-14,Jaipur,26.9124,75.7873,0,3,4,28.0,0,436.42,-0.109,68.17,488,2,Kiosk,14,1500,180,600
2024-02-09,Leh,34.1526,77.5771,0,2,4,5.6,0,229.51,-0.346,88.89,117,2,App,14,600,90,220
2024-11-09,Leh,34.1526,77.5771,1,11,5,0.2,0,1228.23,0.092,86.25,241,2,App,11,600,90,220
2025-06-26,Jaipur,26.9124,75.7873,0,6,3,36.5,1,324.36,0.1,73.65,813,2,Agent,23,1500,180,600
2024-09-11,Andaman,11.7401,92.6586,0,9,2,28.7,0,323.82,-0.027,78.11,115,1,Agent,15,900,120,300
2024-04-06,Leh,34.1526,77.5771,1,4,5,13.0,0,226.19,-0.318,92.92,433,2,Kiosk,2,600,90,220
2025-08-07,Leh,34.1526,77.5771,0,8,3,14.2,0,406.8,0.842,83.72,65,2,Web,14,600,90,220
2024-11-17,Kerala,10.8505,76.2711,1,11,6,20.5,0,236.02,-0.473,64.11,559,3,Agent,8,1700,220,700
2025-09-27,Kerala,10.8505,76.2711,1,9,5,27.5,0,353.33,1.0,56.53,853,1,Kiosk,8,1700,220,700
2024-05-05,Jaipur,26.9124,75.7873,1,5,6,37.7,1,323.82,-0.812,69.55,828,1,Web,4,1500,180,600
2025-03-30,Andaman,11.7401,92.6586,1,3,6,28.0,0,186.34,-0.44,90.48,165,3,Web,1,900,120,300
2024-03-09,Kerala,10.8505,76.2711,1,3,5,25.5,0,225.68,-0.375,67.15,475,2,Web,7,1700,220,700
2024-07-26,Leh,34.1526,77.5771,0,7,4,20.7,1,447.02,0.87,104.62,502,1,Web,8,600,90,220
2024-07-24,Agra,27.1767,78.0081,0,7,2,36.0,1,48.28,-0.241,48.29,465,2,Agent,23,1300,150,550
2025-03-19,Jaipur,26.9124,75.7873,0,3,2,30.2,0,438.46,-0.198,67.84,792,2,Agent,8,1500,180,600
2025-04-01,Manali,32.2432,77.1892,0,4,1,19.7,0,1109.05,0.43,70.8,108,2,Agent,16,1200,140,450
2025-06-01,Andaman,11.7401,92.6586,1,6,6,38.1,0,205.93,-0.024,80.03,596,1,Kiosk,1,900,120,300
2025-03-04,Kerala,10.8505,76.2711,0,3,1,30.2,0,159.72,-0.137,59.37,504,1,App,7,1700,220,700
2025-03-07,Leh,34.1526,77.5771,0,3,4,10.5,0,413.27,-0.634,94.74,392,1,Web,6,600,90,220
2025-01-09,Andaman,11.7401,92.6586,0,1,3,19.0,0,81.11,0.482,90.83,267,2,Agent,6,900,120,300
2025-09-04,Andaman,11.7401,92.6586,0,9,3,27.4,0,240.27,0.101,93.56,20,3,Kiosk,26,900,120,300
2024-09-14,Kerala,10.8505,76.2711,1,9,5,28.9,0,140.13,-0.201,69.65,693,2,Web,11,1700,220,700
2025-07-24,Leh,34.1526,77.5771,0,7,3,19.7,0,87.01,0.778,91.56,234,4,Kiosk,15,600,90,220
2025-07-02,Kerala,10.8505,76.2711,0,7,2,37.3,0,138.76,0.434,72.94,583,2,Agent,3,1700,220,700
2024-10-24,Varanasi,25.3176,82.9739,0,10,3,21.7,0,701.49,-0.653,47.79,286,3,App,8,1400,160,500
2025-05-04,Agra,27.1767,78.0081,1,5,6,36.1,0,1211.86,1.0,55.56,394,3,Kiosk,12,1300,150,550
2024-07-29,Jaipur,26.9124,75.7873,0,7,0,34.3,0,282.98,0.792,63.34,484,1,Agent,6,1500,180,600
2024-04-16,Goa,15.2993,74.124,0,4,1,36.1,0,536.51,-0.332,84.5,857,3,Agent,9,2000,250,800
2024-06-20,Kerala,10.8505,76.2711,0,6,3,37.9,0,89.8,-0.624,77.43,604,2,Kiosk,7,1700,220,700
2024-07-27,Kerala,10.8505,76.2711,1,7,5,37.9,0,89.92,-0.059,70.69,926,1,App,5,1700,220,700
2024-11-15,Kerala,10.8505,76.2711,0,11,4,20.8,0,355.51,0.29,64.62,400,1,Agent,7,1700,220,700
2024-01-04,Jaipur,26.9124,75.7873,0,1,3,20.8,0,152.65,-0.291,60.34,602,2,Web,16,1500,180,600
2024-07-04,Andaman,11.7401,92.6586,0,7,3,36.8,0,317.41,-1.0,92.85,422,3,Web,12,900,120,300
2024-06-05,Leh,34.1526,77.5771,0,6,2,19.2,0,376.74,0.935,84.8,309,2,Web,7,600,90,220
2024-11-18,Jaipur,26.9124,75.7873,0,11,0,17.9,0,112.35,0.066,64.42,285,1,Agent,14,1500,180,600
2025-04-17,Leh,34.1526,77.5771,0,4,3,13.8,0,815.52,0.576,101.07,199,2,Kiosk,13,600,90,220
2024-12-31,Varanasi,25.3176,82.9739,0,12,1,18.7,0,187.67,-0.284,52.89,265,2,App,12,1400,160,500
2025-04-13,Goa,15.2993,74.124,1,4,6,34.1,0,377.87,0.413,77.4,546,2,App,5,2000,250,800
2024-03-18,Varanasi,25.3176,82.9739,0,3,0,25.3,0,129.19,0.368,48.31,524,1,Web,14,1400,160,500
2025-05-01,Leh,34.1526,77.5771,0,5,3,18.2,0,645.77,-0.743,97.59,404,3,Kiosk,5,600,90,220
2025-02-27,Leh,34.1526,77.5771,0,2,3,6.4,0,131.35,0.109,83.18,390,2,App,7,600,90,220
2025-04-09,Jaipur,26.9124,75.7873,0,4,2,32.8,0,491.9,-0.028,63.41,720,1,Kiosk,4,1500,180,600
2025-02-22,Manali,32.2432,77.1892,1,2,5,9.0,0,1024.44,-0.614,79.3,548,1,Kiosk,11,1200,140,450
2024-07-05,Varanasi,25.3176,82.9739,0,7,4,36.9,0,516.26,-0.114,54.09,716,3,Kiosk,3,1400,160,500
2025-05-17,Goa,15.2993,74.124,1,5,5,38.7,0,741.0,-0.366,78.34,727,1,Kiosk,2,2000,250,800
2025-06-14,Leh,34.1526,77.5771,1,6,5,17.4,0,1532.71,0.97,98.53,391,1,Agent,2,600,90,220
2024-01-18,Varanasi,25.3176,82.9739,0,1,3,19.7,0,399.38,-0.172,52.1,648,3,Kiosk,4,1400,160,500
2024-12-16,Agra,27.1767,78.0081,0,12,0,18.2,0,93.64,-0.38,54.31,482,2,App,14,1300,150,550
2024-10-29,Varanasi,25.3176,82.9739,0,10,1,21.9,0,657.95,0.656,42.1,459,1,Agent,21,1400,160,500
2024-06-02,Leh,34.1526,77.5771,1,6,6,19.8,0,613.33,-0.461,90.23,449,3,Web,24,600,90,220
2024-10-23,Kerala,10.8505,76.2711,0,10,2,26.1,0,175.85,-0.875,54.55,372,2,App,4,1700,220,700
2024-05-01,Andaman,11.7401,92.6586,0,5,2,36.3,0,70.09,-0.054,83.84,343,2,Agent,3,900,120,300
2025-08-15,Varanasi,25.3176,82.9739,0,8,4,31.2,0,250.68,-0.218,37.08,492,2,Agent,1,1400,160,500
2024-05-25,Agra,27.1767,78.0081,1,5,5,34.3,0,625.42,-0.148,60.36,762,2,App,9,1300,150,550
2024-07-22,Leh,34.1526,77.5771,0,7,0,20.3,0,894.29,-0.024,97.1,434,2,Agent,8,600,90,220
2024-12-07,Goa,15.2993,74.124,1,12,5,21.1,0,286.47,-0.283,80.19,611,2,Kiosk,22,2000,250,800
2025-07-02,Kerala,10.8505,76.2711,0,7,2,37.7,0,241.39,0.247,68.42,841,2,Agent,12,1700,220,700
2024-02-14,Leh,34.1526,77.5771,0,2,2,5.3,0,1202.82,-1.0,96.61,440,3,Kiosk,14,600,90,220
2025-01-29,Jaipur,26.9124,75.7873,0,1,2,17.1,0,593.67,1.0,66.31,759,2,Kiosk,6,1500,180,600
2024-05-20,Jaipur,26.9124,75.7873,0,5,0,36.4,0,242.75,0.208,71.42,656,3,Agent,8,1500,180,600
2025-07-20,Goa,15.2993,74.124,1,7,6,39.2,0,472.85,-0.042,69.98,1026,2,Web,20,2000,250,800
2025-09-03,Leh,34.1526,77.5771,0,9,2,11.6,0,37.18,-0.269,97.15,41,2,Kiosk,15,600,90,220
2024-12-10,Agra,27.1767,78.0081,0,12,1,16.6,0,145.66,-0.132,55.11,136,2,Kiosk,5,1300,150,550
2025-07-21,Goa,15.2993,74.124,0,7,0,37.9,1,357.95,-0.291,76.31,730,1,Web,4,2000,250,800
2024-05-09,Jaipur,26.9124,75.7873,0,5,3,34.4,0,740.42,0.68,60.69,639,3,Web,5,1500,180,600
2025-01-03,Kerala,10.8505,76.2711,0,1,4,19.7,1,564.47,-0.212,65.1,578,2,Kiosk,5,1700,220,700
2024-09-19,Leh,34.1526,77.5771,0,9,3,9.8,1,1181.15,-0.171,91.73,117,2,Kiosk,13,600,90,220
2024-06-03,Leh,34.1526,77.5771,0,6,0,20.5,0,66.02,0.513,89.87,42,2,Kiosk,27,600,90,220
2024-06-07,Agra,27.1767,78.0081,0,6,4,34.9,0,1881.24,1.0,57.3,388,2,Kiosk,5,1300,150,550
2025-05-03,Jaipur,26.9124,75.7873,1,5,5,37.0,0,170.69,0.326,70.47,872,3,App,26,1500,180,600
2024-09-12,Andaman,11.7401,92.6586,0,9,3,27.1,0,171.47,0.055,89.09,394,2,Web,5,900,120,300
2024-04-19,Manali,32.2432,77.1892,0,4,4,19.9,0,612.03,0.535,83.25,404,1,Web,9,1200,140,450
2025-08-31,Varanasi,25.3176,82.9739,1,8,6,31.6,0,1153.25,0.31,47.64,652,1,Kiosk,3,1400,160,500
2024-05-13,Agra,27.1767,78.0081,0,5,0,33.6,0,205.11,0.954,42.24,170,3,Agent,28,1300,150,550
2025-05-29,Andaman,11.7401,92.6586,0,5,3,36.9,0,410.01,0.108,93.15,684,2,Kiosk,39,900,120,300
2025-04-26,Goa,15.2993,74.124,1,4,5,34.5,0,1666.21,-0.152,73.62,929,1,Agent,19,2000,250,800
2025-06-06,Leh,34.1526,77.5771,0,6,4,21.0,0,323.41,0.543,92.1,349,2,App,3,600,90,220
2024-08-18,Goa,15.2993,74.124,1,8,6,35.5,0,111.29,-0.467,76.6,852,2,Agent,3,2000,250,800
2025-03-19,Agra,27.1767,78.0081,0,3,2,27.9,0,499.47,-0.777,48.56,185,2,Kiosk,16,1300,150,550
2024-12-27,Agra,27.1767,78.0081,0,12,4,18.5,0,416.09,0.2,51.78,306,3,App,1,1300,150,550
2024-03-02,Manali,32.2432,77.1892,1,3,5,15.7,0,189.71,0.044,69.15,139,2,Agent,41,1200,140,450
2024-01-24,Goa,15.2993,74.124,0,1,2,21.9,0,362.95,0.255,68.55,584,3,Kiosk,18,2000,250,800
2025-07-31,Varanasi,25.3176,82.9739,0,7,3,33.8,0,170.31,-0.145,49.72,540,2,Kiosk,9,1400,160,500
2025-07-20,Andaman,11.7401,92.6586,1,7,6,36.9,1,1423.39,0.686,90.03,318,1,Web,19,900,120,300
2024-10-18,Andaman,11.7401,92.6586,0,10,4,22.9,0,392.06,-0.509,80.54,350,3,Web,11,900,120,300
2025-02-17,Kerala,10.8505,76.2711,0,2,0,25.0,0,443.0,0.235,65.73,460,3,App,2,1700,220,700
2024-11-11,Kerala,10.8505,76.2711,0,11,0,20.6,0,1320.49,0.148,65.15,350,2,Agent,6,1700,220,700
2025-03-18,Jaipur,26.9124,75.7873,0,3,1,29.2,0,257.04,0.542,57.36,705,1,Web,2,1500,180,600
2025-06-02,Kerala,10.8505,76.2711,0,6,0,39.1,0,210.06,-0.059,66.29,712,3,App,17,1700,220,700
2024-01-01,Agra,27.1767,78.0081,0,1,0,17.4,0,792.23,0.565,57.67,877,3,Agent,3,1300,150,550
2025-08-05,Kerala,10.8505,76.2711,0,8,1,34.5,0,696.16,0.84,73.89,722,1,Agent,11,1700,220,700
2024-05-24,Manali,32.2432,77.1892,0,5,4,25.8,0,157.03,0.466,68.99,417,1,App,9,1200,140,450
2024-09-09,Kerala,10.8505,76.2711,0,9,0,28.8,0,237.23,-0.356,70.54,382,3,Kiosk,3,1700,220,700
2025-04-20,Agra,27.1767,78.0081,1,4,6,30.7,0,664.3,-0.267,66.28,1045,3,Web,4,1300,150,550
2024-10-13,Jaipur,26.9124,75.7873,1,10,6,24.1,0,617.94,-0.496,48.94,617,2,Web,18,1500,180,600
2025-06-27,Andaman,11.7401,92.6586,0,6,4,39.0,0,233.83,0.481,99.67,106,1,Agent,7,900,120,300
2024-09-09,Jaipur,26.9124,75.7873,0,9,0,26.8,0,784.64,0.151,60.98,425,2,App,5,1500,180,600
2025-04-30,Agra,27.1767,78.0081,0,4,2,31.2,0,408.34,0.316,58.05,821,2,Agent,9,1300,150,550
2024-07-13,Agra,27.1767,78.0081,1,7,5,36.8,1,299.71,-0.72,66.89,632,2,App,4,1300,150,550
2025-09-24,Goa,15.2993,74.124,0,9,2,30.4,0,206.76,0.299,78.44,504,1,Web,16,2000,250,800
2024-10-25,Jaipur,26.9124,75.7873,0,10,4,19.9,0,342.23,-0.34,62.26,614,2,App,19,1500,180,600
2025-04-12,Manali,32.2432,77.1892,1,4,5,21.6,0,208.01,0.92,80.08,337,3,Kiosk,6,1200,140,450
2024-01-31,Andaman,11.7401,92.6586,0,1,2,19.6,0,88.59,0.752,82.29,392,2,Web,9,900,120,300
2025-06-04,Kerala,10.8505,76.2711,0,6,2,38.0,0,266.77,-0.764,65.31,680,2,Agent,5,1700,220,700
2025-09-27,Jaipur,26.9124,75.7873,1,9,5,29.2,1,959.85,0.564,43.65,659,2,Web,11,1500,180,600
2025-03-20,Kerala,10.8505,76.2711,0,3,3,29.1,0,148.73,0.012,66.04,717,1,App,4,1700,220,700
2025-01-17,Kerala,10.8505,76.2711,0,1,4,19.5,0,147.87,-0.294,69.6,585,3,Agent,6,1700,220,700
2025-04-15,Jaipur,26.9124,75.7873,0,4,1,30.4,0,334.91,-1.0,70.1,718,3,App,8,1500,180,600
2024-03-28,Jaipur,26.9124,75.7873,0,3,3,26.9,0,326.84,-0.445,62.82,383,2,Web,13,1500,180,600
2024-04-03,Varanasi,25.3176,82.9739,0,4,2,30.8,0,265.3,-0.138,58.11,613,1,Web,5,1400,160,500
2024-01-21,Kerala,10.8505,76.2711,1,1,6,18.8,0,945.15,-1.0,69.32,541,1,Agent,11,1700,220,700
2024-04-25,Goa,15.2993,74.124,0,4,3,35.3,0,782.15,-0.71,83.06,851,1,Kiosk,1,2000,250,800
2024-10-10,Varanasi,25.3176,82.9739,0,10,3,22.5,0,285.93,0.415,46.72,546,2,Kiosk,2,1400,160,500
2025-09-13,Kerala,10.8505,76.2711,1,9,5,28.4,0,298.86,-0.879,73.05,418,2,Web,33,1700,220,700
2024-01-15,Jaipur,26.9124,75.7873,0,1,0,18.6,0,358.11,-0.21,52.45,440,3,Web,12,1500,180,600
2024-02-19,Leh,34.1526,77.5771,0,2,0,4.8,0,670.54,0.48,88.24,397,3,Web,18,600,90,220
2024-09-03,Agra,27.1767,78.0081,0,9,1,28.1,0,323.82,0.506,56.77,499,2,Agent,6,1300,150,550
2025-08-25,Jaipur,26.9124,75.7873,0,8,0,32.7,0,356.8,0.598,70.39,280,2,Kiosk,2,1500,180,600
2024-02-04,Leh,34.1526,77.5771,1,2,6,4.7,0,570.67,-0.321,90.92,134,2,App,15,600,90,220
2025-03-18,Manali,32.2432,77.1892,0,3,1,15.4,0,460.0,-0.022,75.39,454,2,Web,10,1200,140,450
2024-12-25,Kerala,10.8505,76.2711,0,12,2,17.8,0,410.32,-0.066,71.0,666,2,App,36,1700,220,700
2024-11-16,Agra,27.1767,78.0081,1,11,5,19.1,0,193.39,0.751,50.61,660,1,Kiosk,9,1300,150,550
2024-06-17,Manali,32.2432,77.1892,0,6,0,25.1,0,425.23,-0.569,71.2,570,2,Kiosk,22,1200,140,450
2024-06-25,Agra,27.1767,78.0081,0,6,1,37.2,0,503.0,0.203,57.83,1000,3,Web,15,1300,150,550
2024-09-15,Agra,27.1767,78.0081,1,9,6,27.5,0,86.83,0.82,53.62,441,3,Kiosk,4,1300,150,550
2025-08-30,Agra,27.1767,78.0081,1,8,5,29.7,0,305.62,0.05,54.73,445,2,Kiosk,4,1300,150,550
2024-04-23,Manali,32.2432,77.1892,0,4,1,18.4,0,241.35,0.098,76.35,436,1,Web,11,1200,140,450
2024-12-23,Manali,32.2432,77.1892,0,12,0,3.1,0,185.3,-0.386,72.56,481,2,Web,2,1200,140,450
2025-07-19,Varanasi,25.3176,82.9739,1,7,5,36.5,1,202.88,-0.01,39.19,778,3,App,24,1400,160,500
2024-09-18,Jaipur,26.9124,75.7873,0,9,2,28.3,0,353.47,-0.012,52.57,485,2,Agent,18,1500,180,600
2025-07-01,Jaipur,26.9124,75.7873,0,7,1,37.3,0,553.64,0.119,67.83,790,2,App,36,1500,180,600
2024-03-25,Agra,27.1767,78.0081,0,3,0,26.5,0,129.69,0.216,59.16,153,4,Agent,6,1300,150,550
2024-11-02,Kerala,10.8505,76.2711,1,11,5,18.6,0,1098.58,-0.409,61.58,436,1,Web,19,1700,220,700
2024-03-30,Leh,34.1526,77.5771,1,3,5,9.9,0,241.15,-0.04,101.32,248,2,Kiosk,10,600,90,220
2024-01-03,Manali,32.2432,77.1892,0,1,2,7.5,0,211.86,0.168,78.42,288,2,App,2,1200,140,450
2024-10-28,Leh,34.1526,77.5771,0,10,0,3.9,0,177.47,-0.511,86.49,240,3,Kiosk,15,600,90,220
2024-11-05,Andaman,11.7401,92.6586,0,11,1,19.5,0,2161.92,0.277,84.61,464,2,App,26,900,120,300
2024-05-16,Goa,15.2993,74.124,0,5,3,39.2,0,327.86,-1.0,82.97,803,2,Agent,10,2000,250,800
2024-02-07,Andaman,11.7401,92.6586,0,2,2,22.2,0,333.93,-0.661,90.55,255,3,Agent,6,900,120,300
2025-02-28,Manali,32.2432,77.1892,0,2,4,10.8,0,275.91,0.201,80.82,243,3,Web,6,1200,140,450
2025-01-04,Goa,15.2993,74.124,1,1,5,20.4,0,239.12,0.096,69.12,540,1,Agent,18,2000,250,800
2024-12-02,Varanasi,25.3176,82.9739,0,12,0,16.4,0,247.49,0.09,45.45,202,1,Agent,7,1400,160,500
2024-05-05,Jaipur,26.9124,75.7873,1,5,6,37.2,0,161.9,-0.058,55.08,695,3,App,9,1500,180,600
2025-04-13,Manali,32.2432,77.1892,1,4,6,20.3,0,247.0,0.068,68.51,446,4,Agent,2,1200,140,450
2024-04-16,Agra,27.1767,78.0081,0,4,1,31.6,0,928.29,-0.405,53.98,420,3,Agent,20,1300,150,550
2025-07-25,Varanasi,25.3176,82.9739,0,7,4,34.3,0,455.28,0.533,46.06,334,1,App,5,1400,160,500
2024-06-27,Leh,34.1526,77.5771,0,6,3,18.8,0,1018.94,-0.056,91.01,460,3,Kiosk,6,600,90,220
2024-08-14,Varanasi,25.3176,82.9739,0,8,2,32.6,0,461.94,-0.099,49.83,565,2,App,19,1400,160,500
2024-05-10,Manali,32.2432,77.1892,0,5,4,24.1,0,270.18,1.0,79.37,463,3,App,1,1200,140,450
2024-05-27,Manali,32.2432,77.1892,0,5,0,21.6,0,99.02,-0.482,81.12,521,3,Web,16,1200,140,450
2024-04-22,Jaipur,26.9124,75.7873,0,4,0,31.5,0,674.55,0.1,69.09,1092,1,App,5,1500,180,600
2025-01-07,Jaipur,26.9124,75.7873,0,1,1,21.0,0,709.31,-0.356,51.07,513,1,Agent,15,1500,180,600
2024-10-04,Agra,27.1767,78.0081,0,10,4,21.6,1,662.32,-0.462,57.14,215,2,Kiosk,21,1300,150,550
2025-04-16,Goa,15.2993,74.124,0,4,2,35.2,0,246.8,0.419,81.46,668,4,Agent,9,2000,250,800
2024-02-12,Andaman,11.7401,92.6586,0,2,0,22.3,0,201.52,-0.054,87.33,50,3,Agent,9,900,120,300
2025-03-08,Jaipur,26.9124,75.7873,1,3,5,28.2,0,171.29,0.444,57.8,940,4,Web,12,1500,180,600
2024-06-05,Agra,27.1767,78.0081,0,6,2,36.5,0,259.42,0.428,53.37,498,3,Web,1,1300,150,550
2025-08-10,Kerala,10.8505,76.2711,1,8,6,35.5,0,167.77,0.114,59.75,623,2,Agent,17,1700,220,700
2025-04-15,Agra,27.1767,78.0081,0,4,1,31.2,0,342.16,-0.158,60.12,388,3,Kiosk,9,1300,150,550
2024-02-26,Leh,34.1526,77.5771,0,2,0,6.8,0,590.11,0.099,100.36,239,2,Agent,12,600,90,220
2025-02-18,Leh,34.1526,77.5771,0,2,1,5.0,0,212.31,0.331,100.29,0,3,Kiosk,14,600,90,220
2025-09-23,Leh,34.1526,77.5771,0,9,1,9.2,0,99.96,0.68,80.56,549,2,Agent,4,600,90,220
2025-07-04,Agra,27.1767,78.0081,0,7,4,36.4,0,369.36,0.336,57.36,447,3,Kiosk,5,1300,150,550
2025-08-22,Andaman,11.7401,92.6586,0,8,4,32.6,0,939.38,0.508,92.44,493,2,Agent,11,900,120,300
2024-10-22,Varanasi,25.3176,82.9739,0,10,1,22.4,0,472.55,1.0,48.58,688,3,Agent,7,1400,160,500
2025-04-26,Manali,32.2432,77.1892,1,4,5,19.0,0,838.04,0.715,74.13,480,3,Kiosk,1,1200,140,450
2025-09-06,Kerala,10.8505,76.2711,1,9,5,29.1,0,94.18,0.266,53.65,511,2,App,17,1700,220,700
2024-03-20,Kerala,10.8505,76.2711,0,3,2,29.7,0,423.92,0.007,85.87,679,1,Web,7,1700,220,700
2024-07-11,Leh,34.1526,77.5771,0,7,3,18.9,0,435.03,0.002,90.98,305,1,Web,10,600,90,220
2025-06-17,Varanasi,25.3176,82.9739,0,6,1,36.4,0,555.69,-0.436,48.93,489,2,Agent,5,1400,160,500
2025-02-01,Kerala,10.8505,76.2711,1,2,5,23.1,0,586.09,0.036,62.86,592,2,Kiosk,17,1700,220,700
2025-04-27,Jaipur,26.9124,75.7873,1,4,6,33.0,0,312.83,-0.763,63.79,784,2,Agent,10,1500,180,600
2025-01-09,Jaipur,26.9124,75.7873,0,1,3,17.4,0,89.47,0.045,68.4,360,3,Kiosk,7,1500,180,600
2025-01-04,Andaman,11.7401,92.6586,1,1,5,17.5,0,399.81,0.249,88.56,87,1,Kiosk,7,900,120,300
2024-07-05,Andaman,11.7401,92.6586,0,7,4,36.5,0,137.57,-0.008,90.86,351,1,Kiosk,17,900,120,300
2025-03-26,Goa,15.2993,74.124,0,3,2,30.7,0,533.53,-0.046,83.8,583,3,Agent,14,2000,250,800
2025-03-29,Leh,34.1526,77.5771,1,3,5,8.7,0,334.01,-0.429,92.06,397,3,Web,30,600,90,220
2024-09-07,Kerala,10.8505,76.2711,1,9,5,31.2,1,641.09,0.842,73.44,743,3,Agent,26,1700,220,700
2024-02-14,Manali,32.2432,77.1892,0,2,2,9.9,0,228.95,0.294,77.35,331,1,Agent,16,1200,140,450
2024-09-03,Varanasi,25.3176,82.9739,0,9,1,27.1,1,698.63,-1.0,46.72,214,2,Kiosk,14,1400,160,500
2024-08-06,Varanasi,25.3176,82.9739,0,8,1,31.8,0,135.57,-1.0,49.33,466,3,Agent,27,1400,160,500
2025-06-06,Kerala,10.8505,76.2711,0,6,4,41.0,0,38.58,-0.372,63.13,966,3,App,10,1700,220,700
2024-11-17,Jaipur,26.9124,75.7873,1,11,6,15.8,0,785.18,-0.439,57.1,625,3,Web,20,1500,180,600
2024-02-29,Goa,15.2993,74.124,0,2,3,26.3,0,156.28,-0.09,69.03,595,2,App,1,2000,250,800
2024-07-22,Manali,32.2432,77.1892,0,7,0,23.7,0,263.06,-0.46,66.56,501,1,App,5,1200,140,450
2024-11-08,Jaipur,26.9124,75.7873,0,11,4,20.1,0,1245.13,-1.0,54.99,460,2,Agent,7,1500,180,600
2025-08-22,Leh,34.1526,77.5771,0,8,4,15.7,0,161.24,-0.167,90.7,573,3,App,2,600,90,220
2024-01-24,Jaipur,26.9124,75.7873,0,1,2,17.5,0,480.16,0.173,56.93,626,2,App,20,1500,180,600
2024-12-25,Manali,32.2432,77.1892,0,12,2,2.5,1,215.85,0.334,76.72,155,2,Agent,19,1200,140,450
2024-01-21,Kerala,10.8505,76.2711,1,1,6,20.4,0,224.34,-0.498,75.17,341,3,Kiosk,7,1700,220,700
2025-07-31,Kerala,10.8505,76.2711,0,7,3,37.2,1,563.66,-0.207,63.51,589,2,Kiosk,8,1700,220,700
2025-05-02,Jaipur,26.9124,75.7873,0,5,4,35.6,0,799.27,0.278,67.92,683,2,App,20,1500,180,600
2024-04-24,Jaipur,26.9124,75.7873,0,4,2,33.1,0,1151.08,-0.155,68.14,1101,1,App,21,1500,180,600
2024-02-24,Leh,34.1526,77.5771,1,2,5,5.0,0,171.14,0.499,97.55,260,1,Agent,11,600,90,220
2024-03-14,Andaman,11.7401,92.6586,0,3,3,28.3,0,449.25,-0.144,93.18,363,2,App,2,900,120,300
2024-10-25,Varanasi,25.3176,82.9739,0,10,4,23.4,0,246.65,-0.906,49.37,378,3,Agent,8,1400,160,500
2024-03-18,Varanasi,25.3176,82.9739,0,3,0,26.2,0,1943.96,0.44,51.09,683,3,Agent,13,1400,160,500
2025-08-23,Leh,34.1526,77.5771,1,8,5,14.9,0,252.22,-0.239,99.8,581,2,Web,8,600,90,220
2025-04-23,Andaman,11.7401,92.6586,0,4,2,31.3,0,681.75,-0.562,91.3,683,3,Kiosk,6,900,120,300
2024-06-07,Jaipur,26.9124,75.7873,0,6,4,40.3,1,382.84,-0.492,52.18,674,3,App,3,1500,180,600
2025-09-03,Andaman,11.7401,92.6586,0,9,2,28.6,0,860.44,0.315,88.29,298,2,Agent,11,900,120,300
2025-05-20,Leh,34.1526,77.5771,0,5,1,19.7,0,1182.45,0.192,88.73,594,3,App,9,600,90,220
2024-12-10,Kerala,10.8505,76.2711,0,12,1,17.7,0,693.72,1.0,66.73,911,1,App,21,1700,220,700
2024-06-07,Andaman,11.7401,92.6586,0,6,4,37.4,1,213.9,0.425,85.31,155,2,App,7,900,120,300
2024-03-27,Agra,27.1767,78.0081,0,3,2,26.5,0,232.59,0.284,53.43,268,2,App,2,1300,150,550
2025-07-15,Agra,27.1767,78.0081,0,7,1,36.9,1,222.47,0.18,50.12,573,2,Web,4,1300,150,550
2024-09-29,Manali,32.2432,77.1892,1,9,6,16.7,0,426.93,-0.084,77.72,420,2,Web,7,1200,140,450
2024-11-21,Andaman,11.7401,92.6586,0,11,3,17.5,0,853.51,0.062,90.57,233,3,Kiosk,20,900,120,300
2024-09-17,Jaipur,26.9124,75.7873,0,9,1,27.1,0,1295.43,0.309,58.49,366,2,Web,30,1500,180,600
2024-04-11,Agra,27.1767,78.0081,0,4,3,33.7,0,160.85,1.0,56.28,287,1,App,3,1300,150,550
2024-11-27,Agra,27.1767,78.0081,0,11,2,17.6,1,323.4,0.612,56.99,549,1,Kiosk,7,1300,150,550
2024-07-10,Agra,27.1767,78.0081,0,7,2,37.3,1,777.13,0.459,53.43,220,2,Agent,9,1300,150,550
2024-11-07,Leh,34.1526,77.5771,0,11,3,0.1,0,143.85,-0.09,91.6,0,1,Kiosk,5,600,90,220
2024-09-11,Goa,15.2993,74.124,0,9,2,30.8,0,179.8,-0.073,75.87,475,2,Agent,20,2000,250,800
2024-04-09,Kerala,10.8505,76.2711,0,4,1,32.9,0,1028.97,0.037,74.34,928,3,App,14,1700,220,700
2025-04-14,Jaipur,26.9124,75.7873,0,4,0,33.9,0,398.04,0.475,70.9,609,2,Web,13,1500,180,600
2024-07-23,Agra,27.1767,78.0081,0,7,1,36.6,0,915.45,0.413,53.89,529,2,Web,11,1300,150,550
2025-04-06,Andaman,11.7401,92.6586,1,4,6,33.7,0,980.19,0.896,89.11,272,1,Kiosk,13,900,120,300
2024-03-10,Manali,32.2432,77.1892,1,3,6,15.6,0,208.24,0.31,72.27,444,3,App,2,1200,140,450
2025-02-17,Kerala,10.8505,76.2711,0,2,0,25.2,0,178.62,0.376,70.15,735,1,Web,1,1700,220,700
2025-09-22,Leh,34.1526,77.5771,0,9,0,9.2,0,351.42,0.245,98.97,57,2,Agent,19,600,90,220
2024-03-07,Agra,27.1767,78.0081,0,3,3,27.3,0,548.1,-0.572,54.7,255,2,Kiosk,11,1300,150,550
2024-09-21,Andaman,11.7401,92.6586,1,9,5,27.5,1,466.45,0.291,86.63,282,2,Kiosk,13,900,120,300
2024-01-07,Agra,27.1767,78.0081,1,1,6,19.2,0,1436.75,1.0,63.65,706,3,App,15,1300,150,550
2024-05-11,Manali,32.2432,77.1892,1,5,5,24.2,0,79.99,-0.011,72.88,604,3,Agent,31,1200,140,450
2024-02-01,Andaman,11.7401,92.6586,0,2,3,23.0,0,286.61,-1.0,91.91,50,3,Kiosk,4,900,120,300
2024-08-04,Kerala,10.8505,76.2711,1,8,6,33.8,0,913.49,-1.0,73.88,941,2,Web,17,1700,220,700
2024-04-05,Andaman,11.7401,92.6586,0,4,4,31.3,0,1419.98,0.327,76.94,652,2,Web,10,900,120,300
2025-04-07,Jaipur,26.9124,75.7873,0,4,0,33.9,0,609.29,0.385,76.33,565,2,App,3,1500,180,600
2025-02-17,Leh,34.1526,77.5771,0,2,0,5.3,0,1075.12,0.213,90.5,0,2,Agent,3,600,90,220
2024-06-03,Goa,15.2993,74.124,0,6,0,40.2,1,300.87,0.455,67.94,522,2,Web,21,2000,250,800
2024-04-23,Goa,15.2993,74.124,0,4,1,35.6,0,458.7,-0.621,77.08,903,2,App,2,2000,250,800
2024-10-09,Kerala,10.8505,76.2711,0,10,2,25.3,0,259.53,-0.512,65.02,703,2,Web,6,1700,220,700
2024-07-16,Leh,34.1526,77.5771,0,7,1,20.9,1,384.33,-0.308,94.75,709,1,Agent,11,600,90,220
2024-06-25,Andaman,11.7401,92.6586,0,6,1,37.8,1,333.62,0.287,90.48,544,2,Agent,15,900,120,300
2025-09-26,Agra,27.1767,78.0081,0,9,4,27.4,0,246.56,0.903,51.15,506,2,Web,26,1300,150,550
2025-07-16,Varanasi,25.3176,82.9739,0,7,2,35.8,0,222.74,0.005,54.76,561,2,App,5,1400,160,500
2024-07-31,Kerala,10.8505,76.2711,0,7,2,38.4,0,1085.76,-0.611,62.22,761,2,App,14,1700,220,700
2025-01-07,Kerala,10.8505,76.2711,0,1,1,20.3,0,205.08,0.147,58.16,510,2,Kiosk,3,1700,220,700
2025-06-18,Kerala,10.8505,76.2711,0,6,2,37.7,0,308.9,-0.231,63.21,716,2,App,6,1700,220,700
2025-05-01,Agra,27.1767,78.0081,0,5,3,36.4,0,195.83,-0.607,50.52,466,2,Kiosk,20,1300,150,550
2025-06-19,Varanasi,25.3176,82.9739,0,6,3,38.3,0,802.08,0.393,46.3,231,2,Agent,5,1400,160,500
2025-07-27,Kerala,10.8505,76.2711,1,7,6,37.3,0,479.74,0.643,74.99,640,2,App,15,1700,220,700
2024-10-23,Goa,15.2993,74.124,0,10,2,23.5,0,701.66,0.749,72.65,689,2,App,10,2000,250,800
2024-10-13,Varanasi,25.3176,82.9739,1,10,6,23.4,0,405.27,0.325,50.28,511,1,Web,22,1400,160,500
2025-05-22,Varanasi,25.3176,82.9739,0,5,3,36.5,0,672.82,-0.237,60.51,680,2,Kiosk,5,1400,160,500
2024-12-28,Manali,32.2432,77.1892,1,12,5,6.8,0,292.95,0.694,81.01,650,2,Kiosk,6,1200,140,450
2024-01-03,Jaipur,26.9124,75.7873,0,1,2,19.3,0,1144.06,0.149,79.8,521,2,Kiosk,28,1500,180,600
2024-12-06,Andaman,11.7401,92.6586,0,12,4,17.5,0,383.45,0.77,94.08,789,3,App,2,900,120,300
2025-06-18,Agra,27.1767,78.0081,0,6,2,39.9,1,171.74,0.022,52.77,540,2,Web,2,1300,150,550
2025-08-30,Varanasi,25.3176,82.9739,1,8,5,32.8,0,247.64,-0.246,51.89,583,2,Web,9,1400,160,500
2025-08-28,Goa,15.2993,74.124,0,8,3,36.0,0,227.87,0.33,67.17,692,2,Kiosk,7,2000,250,800
2025-06-01,Agra,27.1767,78.0081,1,6,6,35.4,0,261.59,0.467,67.24,493,1,App,3,1300,150,550
2024-03-02,Jaipur,26.9124,75.7873,1,3,5,28.7,0,232.21,-0.467,60.42,416,2,Web,13,1500,180,600
2024-05-14,Leh,34.1526,77.5771,0,5,1,18.4,0,850.64,-0.124,100.32,424,2,Kiosk,26,600,90,220
2024-09-02,Goa,15.2993,74.124,0,9,0,29.5,1,303.66,0.094,73.77,475,2,Agent,12,2000,250,800
2024-01-18,Manali,32.2432,77.1892,0,1,3,6.6,0,710.01,-1.0,70.99,336,2,Agent,7,1200,140,450
2024-10-23,Varanasi,25.3176,82.9739,0,10,2,22.6,0,507.61,-0.367,45.82,244,3,Agent,5,1400,160,500
2024-10-28,Leh,34.1526,77.5771,0,10,0,5.0,0,82.28,-0.407,80.22,395,3,Web,6,600,90,220
2024-11-30,Manali,32.2432,77.1892,1,11,5,5.9,0,263.1,-0.717,71.31,338,2,Kiosk,19,1200,140,450
2024-01-07,Andaman,11.7401,92.6586,1,1,6,21.1,0,107.38,-0.009,91.84,174,2,Web,12,900,120,300
2025-05-05,Leh,34.1526,77.5771,0,5,0,19.8,0,643.45,1.0,83.94,145,2,Web,3,600,90,220
2024-04-04,Varanasi,25.3176,82.9739,0,4,3,31.0,0,72.41,0.422,45.79,318,3,App,1,1400,160,500
2024-01-01,Andaman,11.7401,92.6586,0,1,0,19.6,0,180.73,0.776,88.35,649,1,Web,11,900,120,300
2024-03-10,Kerala,10.8505,76.2711,1,3,6,29.7,0,208.82,-0.206,67.67,611,2,Agent,8,1700,220,700
2024-01-30,Andaman,11.7401,92.6586,0,1,1,19.5,0,101.14,0.07,86.62,395,2,App,3,900,120,300
2025-08-01,Varanasi,25.3176,82.9739,0,8,4,31.3,0,341.71,-0.121,51.01,503,2,Agent,2,1400,160,500
2024-11-02,Kerala,10.8505,76.2711,1,11,5,18.8,0,561.24,0.476,74.02,755,2,Kiosk,34,1700,220,700
2025-09-20,Jaipur,26.9124,75.7873,1,9,5,28.0,0,289.26,-0.554,66.96,628,1,Web,4,1500,180,600
2024-10-25,Manali,32.2432,77.1892,0,10,4,6.8,0,669.98,-0.016,67.11,331,3,Agent,18,1200,140,450
2024-04-29,Goa,15.2993,74.124,0,4,0,37.8,0,86.7,-0.132,80.14,825,1,Agent,2,2000,250,800
2024-10-05,Jaipur,26.9124,75.7873,1,10,5,23.0,0,398.53,0.248,60.35,551,1,Agent,2,1500,180,600
2024-06-03,Jaipur,26.9124,75.7873,0,6,0,35.7,0,485.22,0.412,66.18,512,2,Agent,11,1500,180,600
2024-07-22,Jaipur,26.9124,75.7873,0,7,0,36.2,0,1159.91,-0.218,56.06,642,2,Kiosk,15,1500,180,600
2024-06-09,Varanasi,25.3176,82.9739,1,6,6,36.2,0,344.6,0.555,46.1,550,3,Web,18,1400,160,500
2025-08-22,Goa,15.2993,74.124,0,8,4,34.4,0,156.95,0.293,81.64,1004,1,App,3,2000,250,800
2024-04-14,Andaman,11.7401,92.6586,1,4,6,34.7,0,782.99,0.644,88.25,557,2,App,12,900,120,300
2024-12-10,Jaipur,26.9124,75.7873,0,12,1,18.7,1,413.88,-0.592,64.06,654,3,Web,3,1500,180,600
2024-03-31,Leh,34.1526,77.5771,1,3,6,12.6,0,588.03,-0.12,99.39,703,2,Kiosk,7,600,90,220
2025-04-28,Manali,32.2432,77.1892,0,4,0,19.4,0,371.05,-0.412,81.1,361,3,Kiosk,6,1200,140,450
2024-10-17,Andaman,11.7401,92.6586,0,10,3,22.2,0,340.73,-0.248,95.72,56,1,Kiosk,7,900,120,300
2024-02-17,Andaman,11.7401,92.6586,1,2,5,22.8,0,893.09,-0.549,85.17,401,2,App,14,900,120,300
2024-12-14,Kerala,10.8505,76.2711,1,12,5,19.2,0,476.69,0.17,70.04,909,2,App,33,1700,220,700
2025-02-04,Kerala,10.8505,76.2711,0,2,1,23.2,0,226.18,-0.132,72.68,730,3,App,4,1700,220,700
2024-04-27,Varanasi,25.3176,82.9739,1,4,5,30.0,0,1001.27,0.481,42.4,444,2,Kiosk,3,1400,160,500
2025-07-13,Varanasi,25.3176,82.9739,1,7,6,34.0,0,98.97,-0.646,50.87,410,3,Agent,1,1400,160,500
2024-07-28,Goa,15.2993,74.124,1,7,6,37.9,1,306.26,0.328,70.25,836,2,App,20,2000,250,800
2025-07-05,Agra,27.1767,78.0081,1,7,5,34.0,0,271.91,-0.177,60.48,821,2,Web,20,1300,150,550
2024-07-24,Andaman,11.7401,92.6586,0,7,2,36.5,0,280.9,-0.257,86.04,291,3,Kiosk,15,900,120,300
2024-01-16,Goa,15.2993,74.124,0,1,1,18.7,0,304.86,0.241,74.8,465,3,Web,4,2000,250,800
2024-05-26,Goa,15.2993,74.124,1,5,6,40.3,0,616.13,0.25,87.6,888,1,Agent,2,2000,250,800
2025-06-04,Manali,32.2432,77.1892,0,6,2,23.7,1,224.35,0.112,69.9,523,4,Web,8,1200,140,450
2024-10-11,Jaipur,26.9124,75.7873,0,10,4,22.6,0,701.81,-0.853,64.82,667,2,Web,1,1500,180,600
2024-09-11,Goa,15.2993,74.124,0,9,2,31.2,0,206.57,0.262,83.4,427,2,Kiosk,8,2000,250,800
2024-09-07,Andaman,11.7401,92.6586,1,9,5,27.6,1,826.97,-0.139,82.48,322,2,Agent,31,900,120,300
2025-01-20,Manali,32.2432,77.1892,0,1,0,5.8,0,546.76,-0.055,69.18,257,2,Web,18,1200,140,450
2025-07-22,Varanasi,25.3176,82.9739,0,7,1,35.0,0,248.24,0.193,53.6,530,3,Kiosk,4,1400,160,500
2024-02-05,Jaipur,26.9124,75.7873,0,2,0,24.5,0,660.15,-0.323,64.62,642,1,App,4,1500,180,600
2024-04-09,Agra,27.1767,78.0081,0,4,1,32.0,0,281.42,0.382,62.27,325,1,App,9,1300,150,550
2024-04-04,Varanasi,25.3176,82.9739,0,4,3,33.4,0,405.72,-0.125,50.85,542,1,Agent,1,1400,160,500
2025-02-15,Kerala,10.8505,76.2711,1,2,5,22.7,0,523.27,0.584,67.37,1152,3,Web,6,1700,220,700
2024-12-10,Andaman,11.7401,92.6586,0,12,1,17.7,0,836.98,0.337,91.21,367,1,Web,17,900,120,300
2024-06-12,Varanasi,25.3176,82.9739,0,6,2,37.2,0,690.19,-0.332,52.43,961,3,Web,21,1400,160,500
2024-09-21,Manali,32.2432,77.1892,1,9,5,16.0,0,116.97,-0.012,74.42,514,3,App,27,1200,140,450
2025-03-26,Agra,27.1767,78.0081,0,3,2,28.8,0,138.41,0.988,56.24,552,2,App,12,1300,150,550
2024-02-29,Leh,34.1526,77.5771,0,2,3,6.8,0,82.33,0.28,84.64,65,2,Agent,4,600,90,220
2024-07-01,Leh,34.1526,77.5771,0,7,0,21.1,0,551.36,-0.239,90.27,604,3,App,15,600,90,220
2024-09-22,Leh,34.1526,77.5771,1,9,6,10.7,0,239.61,1.0,98.57,196,2,Kiosk,3,600,90,220
2024-05-08,Manali,32.2432,77.1892,0,5,2,23.4,0,94.89,-0.148,85.78,454,3,Web,36,1200,140,450
2024-03-05,Jaipur,26.9124,75.7873,0,3,1,25.7,0,396.44,-0.238,59.65,317,2,Kiosk,7,1500,180,600
2025-08-07,Jaipur,26.9124,75.7873,0,8,3,31.4,0,988.86,0.202,57.51,718,2,App,5,1500,180,600
2025-06-22,Jaipur,26.9124,75.7873,1,6,6,37.1,0,463.85,0.178,71.77,996,2,Agent,19,1500,180,600
2024-11-18,Varanasi,25.3176,82.9739,0,11,0,19.4,0,42.92,0.094,49.05,200,3,Agent,4,1400,160,500
2024-10-15,Andaman,11.7401,92.6586,0,10,1,22.3,0,262.75,-0.116,84.53,161,2,App,6,900,120,300
2025-01-24,Leh,34.1526,77.5771,0,1,4,-0.1,0,153.68,-0.851,84.53,554,3,App,4,600,90,220
2024-10-08,Kerala,10.8505,76.2711,0,10,1,23.7,0,658.18,-0.006,61.53,443,3,Web,7,1700,220,700
2024-12-31,Jaipur,26.9124,75.7873,0,12,1,19.0,0,381.28,0.686,62.58,877,1,App,27,1500,180,600
2025-09-17,Varanasi,25.3176,82.9739,0,9,2,26.6,0,186.43,0.442,50.42,403,1,Kiosk,17,1400,160,500
2024-06-19,Leh,34.1526,77.5771,0,6,2,22.3,1,762.39,0.752,98.13,441,3,Agent,1,600,90,220
2024-08-29,Jaipur,26.9124,75.7873,0,8,3,33.0,0,88.47,-0.658,63.69,737,3,Kiosk,2,1500,180,600
2025-06-19,Varanasi,25.3176,82.9739,0,6,3,38.7,0,211.42,-0.681,46.71,520,3,Agent,19,1400,160,500
2024-05-27,Andaman,11.7401,92.6586,0,5,0,35.5,0,484.02,-0.263,82.19,426,2,Web,5,900,120,300
2024-11-03,Goa,15.2993,74.124,1,11,6,20.4,0,495.84,0.634,84.6,1183,2,Web,2,2000,250,800
2024-06-18,Leh,34.1526,77.5771,0,6,1,20.0,0,444.22,1.0,97.76,203,1,Agent,2,600,90,220
2025-03-13,Andaman,11.7401,92.6586,0,3,3,27.0,0,634.54,-0.69,83.3,240,3,Agent,9,900,120,300
2024-03-17,Agra,27.1767,78.0081,1,3,6,25.3,0,196.68,-0.229,56.42,543,1,Web,28,1300,150,550
2024-03-22,Agra,27.1767,78.0081,0,3,4,28.6,0,372.6,0.487,61.51,573,2,App,9,1300,150,550
2024-06-05,Goa,15.2993,74.124,0,6,2,43.9,0,432.31,0.254,81.55,1097,1,Agent,8,2000,250,800
2025-07-06,Goa,15.2993,74.124,1,7,6,36.2,0,49.45,-0.32,80.46,996,2,Web,12,2000,250,800
2024-06-30,Andaman,11.7401,92.6586,1,6,6,38.7,0,619.74,0.215,89.94,680,3,Kiosk,4,900,120,300
2024-02-16,Jaipur,26.9124,75.7873,0,2,4,24.2,0,1078.73,0.423,65.53,1047,2,Web,2,1500,180,600
2025-08-02,Varanasi,25.3176,82.9739,1,8,5,32.6,0,488.54,0.111,52.13,1007,3,Web,10,1400,160,500
2024-11-05,Jaipur,26.9124,75.7873,0,11,1,19.4,0,131.84,0.735,63.72,865,2,App,12,1500,180,600
2025-03-03,Kerala,10.8505,76.2711,0,3,0,29.1,0,184.34,-0.209,65.59,687,2,App,14,1700,220,700
2025-03-23,Jaipur,26.9124,75.7873,1,3,6,29.1,0,170.73,0.9,56.52,804,3,Agent,14,1500,180,600
2025-06-06,Goa,15.2993,74.124,0,6,4,39.9,0,354.75,-0.385,81.33,870,2,Kiosk,21,2000,250,800
2025-05-27,Manali,32.2432,77.1892,0,5,1,23.4,0,219.01,-0.223,79.85,605,2,Kiosk,5,1200,140,450
2025-08-26,Manali,32.2432,77.1892,0,8,1,18.5,0,545.15,-0.189,72.03,710,1,Web,13,1200,140,450
2024-03-12,Jaipur,26.9124,75.7873,0,3,1,27.2,0,404.24,0.577,61.88,899,2,Agent,6,1500,180,600
2024-07-20,Goa,15.2993,74.124,1,7,5,39.8,0,670.52,-0.592,76.71,1199,2,Web,9,2000,250,800
2025-06-01,Andaman,11.7401,92.6586,1,6,6,38.5,0,72.62,0.276,88.26,660,1,App,11,900,120,300
2025-05-01,Leh,34.1526,77.5771,0,5,3,16.3,0,168.44,0.238,100.55,396,2,App,2,600,90,220
2024-02-08,Manali,32.2432,77.1892,0,2,3,11.4,0,570.15,-0.435,79.92,421,2,Web,9,1200,140,450
2024-02-21,Goa,15.2993,74.124,0,2,2,26.1,0,742.2,0.292,78.66,873,1,App,19,2000,250,800
2024-02-16,Jaipur,26.9124,75.7873,0,2,4,23.9,0,243.81,-0.235,63.05,544,2,Kiosk,1,1500,180,600
2025-08-01,Andaman,11.7401,92.6586,0,8,4,35.4,0,109.49,0.731,89.98,67,2,Agent,4,900,120,300
2025-07-05,Manali,32.2432,77.1892,1,7,5,24.9,0,255.36,0.435,70.18,369,3,Kiosk,8,1200,140,450
2024-11-10,Varanasi,25.3176,82.9739,1,11,6,18.6,0,221.15,0.068,44.36,473,3,Web,9,1400,160,500
2025-07-26,Kerala,10.8505,76.2711,1,7,5,35.1,0,201.45,-0.064,65.6,858,3,Agent,3,1700,220,700
2025-03-09,Varanasi,25.3176,82.9739,1,3,6,28.9,0,458.14,-0.327,53.01,735,3,Web,14,1400,160,500
2024-01-24,Manali,32.2432,77.1892,0,1,2,5.9,0,384.51,-0.186,75.62,652,3,Web,2,1200,140,450
2025-04-10,Kerala,10.8505,76.2711,0,4,3,32.4,1,235.24,0.782,67.73,372,3,Kiosk,19,1700,220,700
2025-08-15,Kerala,10.8505,76.2711,0,8,4,35.0,0,212.65,0.675,68.93,335,3,Agent,41,1700,220,700
2025-02-19,Jaipur,26.9124,75.7873,0,2,2,20.9,0,142.81,0.361,62.03,628,3,Agent,13,1500,180,600
2024-11-04,Goa,15.2993,74.124,0,11,0,21.5,0,477.06,0.376,81.85,844,1,Agent,12,2000,250,800
2024-12-21,Leh,34.1526,77.5771,1,12,5,-1.8,0,168.13,-0.107,104.03,307,1,App,3,600,90,220
2025-06-17,Agra,27.1767,78.0081,0,6,1,35.3,0,245.37,-0.05,63.11,474,3,Agent,23,1300,150,550
2024-12-22,Kerala,10.8505,76.2711,1,12,6,18.7,0,425.92,0.894,66.36,1135,1,Web,15,1700,220,700
2025-04-02,Jaipur,26.9124,75.7873,0,4,2,30.7,0,596.81,-0.103,55.32,820,2,Kiosk,16,1500,180,600
2024-08-22,Varanasi,25.3176,82.9739,0,8,3,33.2,0,76.59,-0.156,39.35,591,2,Web,4,1400,160,500
2024-12-22,Varanasi,25.3176,82.9739,1,12,6,17.9,0,107.0,0.723,45.5,783,2,Web,12,1400,160,500
2024-12-27,Varanasi,25.3176,82.9739,0,12,4,18.7,0,34.58,-0.064,55.55,300,2,Web,20,1400,160,500
2024-10-25,Varanasi,25.3176,82.9739,0,10,4,21.2,0,1050.28,0.298,49.41,402,3,Agent,16,1400,160,500
2025-08-23,Kerala,10.8505,76.2711,1,8,5,33.3,0,99.43,0.87,70.84,670,3,Web,9,1700,220,700
2024-08-06,Andaman,11.7401,92.6586,0,8,1,33.6,0,198.77,-0.508,88.29,350,1,Kiosk,16,900,120,300
2024-09-30,Varanasi,25.3176,82.9739,0,9,0,26.0,0,552.93,-0.808,49.79,242,2,Kiosk,4,1400,160,500
2025-08-01,Andaman,11.7401,92.6586,0,8,4,32.4,0,413.15,-0.175,87.45,610,2,Web,22,900,120,300
2025-04-06,Leh,34.1526,77.5771,1,4,6,16.2,0,97.45,0.01,96.44,241,1,Agent,11,600,90,220
2024-04-08,Agra,27.1767,78.0081,0,4,0,32.7,0,171.03,-0.497,57.43,557,3,Web,10,1300,150,550
2025-01-05,Goa,15.2993,74.124,1,1,6,22.7,0,349.14,0.006,77.86,727,2,App,6,2000,250,800
2024-04-23,Andaman,11.7401,92.6586,0,4,1,33.4,0,465.26,-0.333,93.68,536,2,Agent,6,900,120,300
2025-02-02,Kerala,10.8505,76.2711,1,2,6,21.8,0,422.16,0.477,70.08,1073,2,Agent,10,1700,220,700
2024-10-12,Leh,34.1526,77.5771,1,10,5,4.8,0,1131.18,-0.69,84.66,501,2,App,7,600,90,220
2024-06-20,Manali,32.2432,77.1892,0,6,3,23.9,0,502.7,-0.568,74.9,555,2,Kiosk,20,1200,140,450
2024-01-12,Kerala,10.8505,76.2711,0,1,4,18.8,0,415.13,0.739,55.62,877,1,App,4,1700,220,700
2024-08-01,Leh,34.1526,77.5771,0,8,3,14.7,0,283.45,0.091,96.81,301,1,Agent,5,600,90,220
2024-09-18,Varanasi,25.3176,82.9739,0,9,2,27.1,0,156.98,0.01,53.05,420,1,Kiosk,17,1400,160,500
2024-01-07,Jaipur,26.9124,75.7873,1,1,6,17.9,0,1060.29,-0.509,59.44,337,1,Kiosk,8,1500,180,600
2024-10-12,Manali,32.2432,77.1892,1,10,5,9.8,0,90.44,0.633,71.59,790,3,Kiosk,8,1200,140,450
2024-06-08,Jaipur,26.9124,75.7873,1,6,5,37.4,0,240.98,0.784,59.52,350,2,Agent,6,1500,180,600
2025-01-19,Jaipur,26.9124,75.7873,1,1,6,19.1,0,26.77,0.52,55.07,908,2,Web,13,1500,180,600
2025-04-28,Manali,32.2432,77.1892,0,4,0,21.8,0,291.92,0.786,69.92,225,3,App,18,1200,140,450
2024-03-31,Goa,15.2993,74.124,1,3,6,29.5,0,340.44,0.453,80.44,872,1,Kiosk,1,2000,250,800
2025-05-01,Andaman,11.7401,92.6586,0,5,3,36.1,0,345.55,-0.224,95.13,447,3,Web,10,900,120,300
2024-02-18,Varanasi,25.3176,82.9739,1,2,6,23.1,0,87.94,-0.356,47.75,451,2,Agent,14,1400,160,500
2024-09-24,Varanasi,25.3176,82.9739,0,9,1,25.4,0,354.19,0.018,55.57,388,1,Agent,31,1400,160,500
2024-11-08,Varanasi,25.3176,82.9739,0,11,4,17.1,0,131.42,-0.054,46.38,422,1,Agent,23,1400,160,500
2024-09-10,Leh,34.1526,77.5771,0,9,1,10.7,1,807.9,-0.448,93.69,331,2,Web,17,600,90,220
2025-02-26,Agra,27.1767,78.0081,0,2,2,21.9,0,340.77,-0.226,50.36,224,3,Kiosk,1,1300,150,550
2024-01-24,Andaman,11.7401,92.6586,0,1,2,19.2,0,642.16,0.489,85.25,501,1,Kiosk,14,900,120,300
2025-09-23,Leh,34.1526,77.5771,0,9,1,10.5,0,201.83,0.106,92.56,296,1,Web,30,600,90,220
2025-03-27,Leh,34.1526,77.5771,0,3,3,10.4,0,476.59,0.825,93.32,645,1,Kiosk,17,600,90,220
2025-04-09,Jaipur,26.9124,75.7873,0,4,2,33.5,0,816.73,0.573,62.56,529,3,Kiosk,3,1500,180,600
2025-08-25,Andaman,11.7401,92.6586,0,8,0,33.4,0,295.16,-0.192,89.0,434,2,App,20,900,120,300
2025-04-01,Goa,15.2993,74.124,0,4,1,36.0,0,361.12,-0.086,82.51,779,2,App,6,2000,250,800
2024-06-01,Goa,15.2993,74.124,1,6,5,40.2,0,173.07,-0.319,81.47,894,1,Kiosk,18,2000,250,800
2024-10-24,Andaman,11.7401,92.6586,0,10,3,24.0,0,441.1,-0.16,88.69,295,2,Agent,6,900,120,300
2025-07-27,Leh,34.1526,77.5771,1,7,6,18.6,0,463.89,0.452,99.6,317,1,Web,5,600,90,220
2024-12-23,Leh,34.1526,77.5771,0,12,0,-1.5,0,517.12,0.163,87.83,341,2,Web,14,600,90,220
2024-02-07,Leh,34.1526,77.5771,0,2,2,2.8,0,1176.31,0.437,94.71,844,3,App,9,600,90,220
2024-07-04,Manali,32.2432,77.1892,0,7,3,22.8,0,992.68,0.677,78.43,446,2,Web,11,1200,140,450
2024-07-28,Varanasi,25.3176,82.9739,1,7,6,34.4,0,116.82,0.439,52.25,482,2,Kiosk,7,1400,160,500
2024-05-22,Kerala,10.8505,76.2711,0,5,2,38.2,0,84.51,-0.579,68.18,851,2,Kiosk,12,1700,220,700
2024-08-06,Andaman,11.7401,92.6586,0,8,1,32.6,0,463.58,-0.61,85.25,412,2,Web,14,900,120,300
2024-08-14,Leh,34.1526,77.5771,0,8,2,12.7,0,641.69,-0.111,82.42,256,2,Kiosk,3,600,90,220
2024-04-25,Leh,34.1526,77.5771,0,4,3,14.5,0,240.06,-0.429,93.3,234,1,Kiosk,21,600,90,220
2025-04-03,Kerala,10.8505,76.2711,0,4,3,32.5,0,224.55,0.268,71.37,760,2,Web,1,1700,220,700
2024-02-05,Andaman,11.7401,92.6586,0,2,0,23.3,0,309.2,0.354,93.35,364,1,Agent,20,900,120,300
2024-07-18,Manali,32.2432,77.1892,0,7,3,21.4,0,343.92,-0.312,79.52,622,2,Agent,21,1200,140,450
2024-02-26,Leh,34.1526,77.5771,0,2,0,7.3,0,312.89,-0.258,105.82,127,3,Web,17,600,90,220
2024-08-17,Kerala,10.8505,76.2711,1,8,5,35.4,0,387.35,-0.405,64.46,871,2,Agent,3,1700,220,700
2025-03-24,Varanasi,25.3176,82.9739,0,3,0,27.9,0,477.14,-0.509,46.49,225,3,Kiosk,12,1400,160,500
2025-08-26,Manali,32.2432,77.1892,0,8,1,18.1,0,117.07,1.0,61.83,73,3,Kiosk,19,1200,140,450
2024-04-17,Andaman,11.7401,92.6586,0,4,2,32.7,0,249.07,0.969,92.51,51,1,Agent,9,900,120,300
2025-02-05,Andaman,11.7401,92.6586,0,2,2,24.4,0,1076.23,-0.237,94.37,244,2,Kiosk,6,900,120,300
2024-07-12,Manali,32.2432,77.1892,0,7,4,24.1,1,474.13,0.052,85.11,867,2,Web,13,1200,140,450
2025-06-18,Goa,15.2993,74.124,0,6,2,42.9,0,228.99,0.209,85.13,639,2,Agent,14,2000,250,800
2025-05-29,Goa,15.2993,74.124,0,5,3,40.7,0,670.38,0.271,82.66,1074,3,Agent,1,2000,250,800
2024-03-21,Jaipur,26.9124,75.7873,0,3,3,28.5,0,468.32,-0.001,56.3,644,3,App,5,1500,180,600
2024-06-06,Kerala,10.8505,76.2711,0,6,3,36.7,0,123.71,0.003,64.81,742,1,App,23,1700,220,700
2025-03-22,Manali,32.2432,77.1892,1,3,5,13.9,0,884.69,0.258,74.2,476,2,App,28,1200,140,450
2024-11-25,Kerala,10.8505,76.2711,0,11,0,19.8,0,868.19,-0.07,59.32,557,2,Agent,8,1700,220,700
2024-06-06,Agra,27.1767,78.0081,0,6,3,36.9,0,664.71,0.159,55.06,545,1,App,6,1300,150,550
2024-09-02,Agra,27.1767,78.0081,0,9,0,28.0,0,302.16,1.0,55.95,437,4,Kiosk,23,1300,150,550
2024-05-06,Jaipur,26.9124,75.7873,0,5,0,34.3,0,1312.51,-0.165,52.41,631,3,Kiosk,3,1500,180,600
2024-02-19,Manali,32.2432,77.1892,0,2,0,10.1,0,217.88,0.363,74.86,474,2,Web,30,1200,140,450
2025-03-29,Leh,34.1526,77.5771,1,3,5,9.7,0,391.55,1.0,96.05,683,2,Kiosk,6,600,90,220
2025-02-19,Agra,27.1767,78.0081,0,2,2,23.3,0,424.87,-0.389,55.45,281,2,Web,8,1300,150,550
2024-03-25,Leh,34.1526,77.5771,0,3,0,9.2,0,148.62,0.43,110.98,340,1,Agent,8,600,90,220
2024-01-20,Agra,27.1767,78.0081,1,1,5,16.5,0,45.16,-0.329,51.91,627,3,Agent,12,1300,150,550
2025-06-30,Andaman,11.7401,92.6586,0,6,0,39.3,0,590.82,-0.127,93.39,784,2,App,1,900,120,300
2025-09-15,Varanasi,25.3176,82.9739,0,9,0,28.0,0,496.21,-0.052,53.36,509,3,App,12,1400,160,500
2024-08-25,Leh,34.1526,77.5771,1,8,6,13.6,0,414.36,0.716,92.36,477,2,Web,6,600,90,220
2025-08-29,Goa,15.2993,74.124,0,8,4,36.0,0,151.99,0.353,76.16,432,3,Agent,6,2000,250,800
2025-01-21,Leh,34.1526,77.5771,0,1,1,0.6,0,534.1,-0.964,97.03,482,2,App,4,600,90,220
2025-03-31,Kerala,10.8505,76.2711,0,3,0,30.3,0,977.29,0.702,67.01,938,1,App,2,1700,220,700
2025-09-12,Kerala,10.8505,76.2711,0,9,4,30.2,0,278.21,0.51,70.21,742,1,App,6,1700,220,700
2024-03-23,Varanasi,25.3176,82.9739,1,3,5,26.3,0,186.91,-0.462,58.19,513,2,App,4,1400,160,500
2025-08-04,Jaipur,26.9124,75.7873,0,8,0,32.3,0,239.6,-0.027,63.51,673,1,App,4,1500,180,600
2024-12-16,Leh,34.1526,77.5771,0,12,0,-0.8,0,832.58,-0.12,82.46,208,1,Agent,12,600,90,220
2024-12-15,Agra,27.1767,78.0081,1,12,6,18.6,0,492.21,0.306,60.53,571,1,Kiosk,29,1300,150,550
2024-06-26,Jaipur,26.9124,75.7873,0,6,2,39.0,1,237.71,-0.878,57.95,705,3,App,5,1500,180,600
2025-01-10,Jaipur,26.9124,75.7873,0,1,4,20.6,0,77.63,-0.29,59.79,508,1,Agent,10,1500,180,600
2025-04-01,Kerala,10.8505,76.2711,0,4,1,34.5,0,75.1,0.328,64.39,698,2,Web,2,1700,220,700
2024-07-06,Jaipur,26.9124,75.7873,1,7,5,37.4,0,188.31,-0.252,52.57,536,1,Agent,20,1500,180,600
2024-12-04,Manali,32.2432,77.1892,0,12,2,4.8,0,230.41,-0.129,70.51,167,1,Agent,6,1200,140,450
2024-08-24,Leh,34.1526,77.5771,1,8,5,15.8,0,291.58,0.283,98.53,427,2,Kiosk,7,600,90,220
2024-03-15,Varanasi,25.3176,82.9739,0,3,4,26.8,0,208.55,0.184,44.02,526,1,Web,7,1400,160,500
2024-04-02,Jaipur,26.9124,75.7873,0,4,1,33.5,0,141.56,-0.081,69.98,586,2,Kiosk,6,1500,180,600
2024-12-22,Varanasi,25.3176,82.9739,1,12,6,17.2,0,233.86,0.001,44.97,452,2,Kiosk,10,1400,160,500
2024-08-25,Leh,34.1526,77.5771,1,8,6,16.0,0,329.73,0.015,93.59,580,2,App,5,600,90,220
2024-02-17,Kerala,10.8505,76.2711,1,2,5,23.6,0,719.79,0.676,76.79,1130,2,Web,8,1700,220,700
2024-12-27,Jaipur,26.9124,75.7873,0,12,4,16.8,0,691.85,0.176,61.54,595,2,Web,10,1500,180,600
2025-10-01,Leh,34.1526,77.5771,0,10,2,6.9,0,294.0,0.636,83.75,251,2,Kiosk,12,600,90,220
2024-12-13,Andaman,11.7401,92.6586,0,12,4,19.1,0,77.08,-0.348,99.84,143,3,App,21,900,120,300
2024-10-03,Andaman,11.7401,92.6586,0,10,3,24.3,0,209.71,0.457,92.24,276,1,Kiosk,13,900,120,300
2024-07-23,Leh,34.1526,77.5771,0,7,1,18.2,0,634.81,-0.011,89.59,506,1,Agent,9,600,90,220
2025-08-18,Andaman,11.7401,92.6586,0,8,0,35.3,1,295.03,-0.127,89.4,314,2,Agent,4,900,120,300
2024-10-21,Agra,27.1767,78.0081,0,10,0,22.7,0,318.53,0.298,45.99,272,3,Web,15,1300,150,550
2025-07-28,Goa,15.2993,74.124,0,7,0,38.1,0,81.72,0.938,79.83,553,1,Web,15,2000,250,800
2024-04-07,Manali,32.2432,77.1892,1,4,6,19.9,0,871.19,0.888,73.69,368,2,Web,7,1200,140,450
2024-01-08,Leh,34.1526,77.5771,0,1,0,1.4,0,752.44,1.0,91.53,481,1,Kiosk,2,600,90,220
2024-07-29,Manali,32.2432,77.1892,0,7,0,26.2,0,404.05,-0.262,81.8,746,4,Agent,26,1200,140,450
2025-08-03,Leh,34.1526,77.5771,1,8,6,15.3,0,592.69,0.145,90.44,226,2,Agent,5,600,90,220
2024-04-12,Manali,32.2432,77.1892,0,4,4,18.9,0,681.59,0.103,69.96,744,2,Web,24,1200,140,450
2025-09-22,Manali,32.2432,77.1892,0,9,0,14.8,0,191.38,-0.371,71.45,172,2,Agent,4,1200,140,450
2025-06-19,Varanasi,25.3176,82.9739,0,6,3,37.2,0,504.43,0.232,54.61,718,2,App,13,1400,160,500
2024-10-04,Manali,32.2432,77.1892,0,10,4,10.4,0,329.82,-0.649,74.48,256,2,Agent,12,1200,140,450
2024-04-12,Goa,15.2993,74.124,0,4,4,35.2,0,55.18,0.784,76.18,716,2,App,6,2000,250,800
2024-11-13,Andaman,11.7401,92.6586,0,11,2,20.5,0,287.21,-0.475,86.94,229,1,Web,1,900,120,300
2025-09-03,Goa,15.2993,74.124,0,9,2,28.7,0,546.04,0.084,74.33,527,2,Web,7,2000,250,800
2024-11-03,Goa,15.2993,74.124,1,11,6,19.2,0,366.41,-0.431,80.66,729,2,App,18,2000,250,800
2024-10-02,Jaipur,26.9124,75.7873,0,10,2,24.0,0,423.06,0.76,57.0,796,1,Kiosk,8,1500,180,600
2025-05-06,Leh,34.1526,77.5771,0,5,1,18.6,0,1165.48,-0.071,96.84,648,3,Kiosk,5,600,90,220
2024-02-07,Varanasi,25.3176,82.9739,0,2,2,22.3,0,314.72,-1.0,53.28,397,1,Kiosk,16,1400,160,500
2024-04-28,Andaman,11.7401,92.6586,1,4,6,32.1,0,531.32,0.632,93.88,512,3,App,2,900,120,300
2024-06-26,Leh,34.1526,77.5771,0,6,2,22.0,0,561.59,0.641,93.79,166,3,Agent,25,600,90,220
2024-01-30,Manali,32.2432,77.1892,0,1,1,7.9,0,477.57,0.508,69.14,653,3,App,24,1200,140,450
2025-06-12,Andaman,11.7401,92.6586,0,6,3,37.7,0,150.0,1.0,82.56,150,1,Web,3,900,120,300
2024-05-14,Leh,34.1526,77.5771,0,5,1,19.6,0,384.01,0.12,108.71,466,1,Agent,17,600,90,220
2025-05-19,Andaman,11.7401,92.6586,0,5,0,37.3,0,352.88,0.249,93.34,454,3,Web,15,900,120,300
2025-06-22,Jaipur,26.9124,75.7873,1,6,6,39.2,1,450.2,-1.0,62.83,854,2,Web,13,1500,180,600
2025-02-10,Varanasi,25.3176,82.9739,0,2,0,20.8,0,511.29,0.382,51.35,916,2,App,5,1400,160,500
2025-02-17,Leh,34.1526,77.5771,0,2,0,5.2,0,289.56,-0.699,95.9,143,2,App,1,600,90,220
2024-07-11,Leh,34.1526,77.5771,0,7,3,17.6,0,290.56,0.309,97.89,322,3,Kiosk,2,600,90,220
2025-02-13,Goa,15.2993,74.124,0,2,3,26.7,0,227.19,1.0,88.45,783,2,Web,22,2000,250,800
2024-12-29,Agra,27.1767,78.0081,1,12,6,16.1,0,52.63,0.16,61.62,227,2,App,14,1300,150,550
2025-03-06,Varanasi,25.3176,82.9739,0,3,3,26.8,0,712.84,0.304,49.41,297,2,Web,9,1400,160,500
2024-03-22,Andaman,11.7401,92.6586,0,3,4,28.5,1,346.22,-0.312,79.6,13,2,Kiosk,9,900,120,300
2024-07-07,Andaman,11.7401,92.6586,1,7,6,38.0,0,712.19,0.292,91.55,827,2,App,17,900,120,300
2025-05-15,Varanasi,25.3176,82.9739,0,5,3,36.4,0,66.03,0.104,57.73,448,1,Kiosk,4,1400,160,500
2024-03-23,Goa,15.2993,74.124,1,3,5,30.3,1,496.07,0.544,78.07,917,2,Kiosk,17,2000,250,800
2024-03-14,Leh,34.1526,77.5771,0,3,3,11.5,0,61.23,0.434,94.72,249,2,Kiosk,13,600,90,220
2024-06-18,Varanasi,25.3176,82.9739,0,6,1,37.7,0,114.86,0.35,42.07,616,2,Web,13,1400,160,500
2024-06-04,Agra,27.1767,78.0081,0,6,1,37.5,0,304.8,0.428,63.32,150,2,Agent,37,1300,150,550
2024-07-02,Jaipur,26.9124,75.7873,0,7,1,37.3,0,233.96,0.503,70.03,286,2,Kiosk,13,1500,180,600
2025-08-21,Manali,32.2432,77.1892,0,8,3,18.7,0,340.76,0.124,72.47,425,3,Agent,19,1200,140,450
2024-01-18,Manali,32.2432,77.1892,0,1,3,7.0,0,1031.75,0.537,74.1,955,2,Web,8,1200,140,450
2024-03-23,Kerala,10.8505,76.2711,1,3,5,29.6,0,332.93,-1.0,70.74,545,1,Agent,9,1700,220,700
2024-03-01,Agra,27.1767,78.0081,0,3,4,28.7,0,344.55,0.044,50.48,281,2,App,11,1300,150,550
2025-07-29,Agra,27.1767,78.0081,0,7,1,35.3,0,239.68,0.708,52.93,258,3,Agent,10,1300,150,550
2024-12-28,Jaipur,26.9124,75.7873,1,12,5,18.3,1,82.76,-0.399,60.97,352,2,App,18,1500,180,600
2025-07-18,Manali,32.2432,77.1892,0,7,4,24.9,0,461.26,0.254,73.63,585,2,Agent,12,1200,140,450
2025-08-03,Manali,32.2432,77.1892,1,8,6,19.3,0,496.49,0.668,75.19,361,2,Kiosk,15,1200,140,450
2024-03-10,Jaipur,26.9124,75.7873,1,3,6,29.2,0,390.16,0.693,73.09,1011,2,Agent,17,1500,180,600
2024-03-17,Kerala,10.8505,76.2711,1,3,6,28.8,0,548.76,0.731,70.43,1043,1,Kiosk,27,1700,220,700
2024-07-17,Agra,27.1767,78.0081,0,7,2,37.0,0,554.42,1.0,59.04,422,2,Kiosk,3,1300,150,550
2025-01-23,Manali,32.2432,77.1892,0,1,3,5.4,0,686.9,0.218,86.46,340,1,Agent,14,1200,140,450
2024-10-27,Leh,34.1526,77.5771,1,10,6,5.1,0,184.03,-0.206,92.41,235,4,Agent,5,600,90,220
2024-01-17,Varanasi,25.3176,82.9739,0,1,2,18.5,0,44.84,0.252,53.76,180,2,Kiosk,2,1400,160,500
2024-12-25,Kerala,10.8505,76.2711,0,12,2,18.9,0,460.83,0.687,77.64,877,2,App,8,1700,220,700
2025-07-14,Kerala,10.8505,76.2711,0,7,0,38.6,0,72.92,0.446,71.53,469,1,App,34,1700,220,700
2025-02-25,Jaipur,26.9124,75.7873,0,2,1,22.7,0,166.38,-0.259,57.03,391,2,Web,8,1500,180,600
2024-11-04,Manali,32.2432,77.1892,0,11,0,5.1,0,993.28,-0.104,81.97,431,3,App,3,1200,140,450
2025-02-14,Agra,27.1767,78.0081,0,2,4,22.8,0,621.74,-0.657,55.27,550,2,App,11,1300,150,550
2025-03-09,Andaman,11.7401,92.6586,1,3,6,28.3,0,909.89,0.815,88.83,853,2,Web,8,900,120,300
2025-08-22,Jaipur,26.9124,75.7873,0,8,4,32.8,0,349.76,0.905,52.55,631,2,App,1,1500,180,600
2024-11-27,Kerala,10.8505,76.2711,0,11,2,20.2,1,493.84,-0.317,68.32,733,1,App,19,1700,220,700
2025-02-03,Jaipur,26.9124,75.7873,0,2,0,24.5,0,105.62,0.501,64.75,570,2,Agent,6,1500,180,600
2024-02-07,Agra,27.1767,78.0081,0,2,2,23.0,0,145.01,0.206,60.72,471,2,Agent,27,1300,150,550
2025-04-26,Andaman,11.7401,92.6586,1,4,5,34.1,0,1150.49,0.897,82.91,368,2,Web,6,900,120,300
2024-01-14,Varanasi,25.3176,82.9739,1,1,6,19.5,0,345.7,-1.0,48.34,391,3,Agent,3,1400,160,500
2024-06-01,Jaipur,26.9124,75.7873,1,6,5,37.4,1,603.91,0.568,65.34,442,3,Agent,4,1500,180,600
2024-04-27,Goa,15.2993,74.124,1,4,5,34.2,0,949.48,-0.14,92.87,1050,2,Agent,1,2000,250,800
2025-05-30,Varanasi,25.3176,82.9739,0,5,4,35.4,0,17.06,0.755,43.94,547,2,App,11,1400,160,500
2024-09-07,Kerala,10.8505,76.2711,1,9,5,28.5,0,751.74,-0.426,71.47,625,2,Web,4,1700,220,700
2024-02-11,Leh,34.1526,77.5771,1,2,6,4.4,0,429.22,0.966,101.47,703,2,Kiosk,28,600,90,220
2025-09-25,Agra,27.1767,78.0081,0,9,3,28.0,0,770.75,-0.079,51.1,542,3,App,10,1300,150,550
2024-09-30,Kerala,10.8505,76.2711,0,9,0,29.7,0,290.17,0.598,67.9,736,2,Web,39,1700,220,700
2024-01-11,Goa,15.2993,74.124,0,1,3,21.5,0,741.95,0.238,82.28,806,1,Agent,19,2000,250,800
2024-02-24,Kerala,10.8505,76.2711,1,2,5,23.6,0,268.83,-0.111,63.66,522,1,App,1,1700,220,700
2025-02-04,Goa,15.2993,74.124,0,2,1,27.1,0,159.84,0.262,71.8,762,2,Web,8,2000,250,800
2025-04-09,Manali,32.2432,77.1892,0,4,2,19.8,0,128.03,-0.09,66.76,451,2,Agent,17,1200,140,450
2024-11-21,Jaipur,26.9124,75.7873,0,11,3,19.4,0,250.84,-0.651,51.93,330,2,Kiosk,9,1500,180,600
2024-07-14,Manali,32.2432,77.1892,1,7,6,23.5,0,675.28,-0.4,70.18,630,3,Kiosk,26,1200,140,450
2025-09-27,Goa,15.2993,74.124,1,9,5,28.5,0,222.17,0.535,72.54,909,3,Agent,6,2000,250,800
2025-01-02,Goa,15.2993,74.124,0,1,3,21.4,0,510.53,0.533,73.02,711,3,Agent,11,2000,250,800
2024-06-22,Leh,34.1526,77.5771,1,6,5,19.8,0,363.95,0.529,104.83,38,1,Kiosk,13,600,90,220
2025-04-28,Jaipur,26.9124,75.7873,0,4,0,33.7,0,770.0,0.138,61.83,808,2,Web,26,1500,180,600
2024-08-22,Varanasi,25.3176,82.9739,0,8,3,32.0,0,184.06,-0.247,42.75,424,2,Kiosk,5,1400,160,500
2025-05-22,Goa,15.2993,74.124,0,5,3,37.9,0,687.25,0.075,79.2,1007,2,App,5,2000,250,800
2024-10-11,Manali,32.2432,77.1892,0,10,4,8.0,1,304.49,-0.014,57.17,634,3,Web,7,1200,140,450
2025-03-20,Agra,27.1767,78.0081,0,3,3,25.4,0,324.96,-0.738,67.45,457,1,Web,9,1300,150,550
2024-04-10,Kerala,10.8505,76.2711,0,4,2,34.2,0,184.7,0.156,71.89,597,3,Kiosk,6,1700,220,700
2025-04-23,Goa,15.2993,74.124,0,4,2,34.6,0,983.33,-0.477,81.32,1063,2,Agent,16,2000,250,800
2025-07-09,Leh,34.1526,77.5771,0,7,2,18.7,0,231.34,-0.637,86.19,401,2,Web,9,600,90,220
2025-06-04,Goa,15.2993,74.124,0,6,2,41.6,0,282.14,0.133,77.44,765,2,App,25,2000,250,800
2025-04-08,Andaman,11.7401,92.6586,0,4,1,33.4,0,424.02,0.28,92.26,865,2,App,10,900,120,300
2025-09-07,Leh,34.1526,77.5771,1,9,6,9.4,0,504.66,-0.335,95.45,439,1,Agent,2,600,90,220
2025-10-01,Leh,34.1526,77.5771,0,10,2,3.8,0,831.57,0.442,99.22,465,1,Agent,6,600,90,220
2025-05-03,Varanasi,25.3176,82.9739,1,5,5,35.4,0,193.15,-0.586,54.24,713,2,App,1,1400,160,500
2024-02-22,Varanasi,25.3176,82.9739,0,2,3,21.9,0,483.64,-0.283,52.16,541,2,Web,27,1400,160,500
2025-02-09,Kerala,10.8505,76.2711,1,2,6,24.3,0,112.3,0.448,78.88,787,2,Agent,20,1700,220,700
2025-08-08,Kerala,10.8505,76.2711,0,8,4,36.6,1,327.55,0.613,58.99,404,2,Kiosk,4,1700,220,700
2025-03-28,Kerala,10.8505,76.2711,0,3,4,28.7,0,541.69,-0.551,73.71,537,1,Agent,7,1700,220,700
2024-02-18,Andaman,11.7401,92.6586,1,2,6,23.7,0,600.12,0.565,98.4,819,3,App,6,900,120,300
2025-09-04,Manali,32.2432,77.1892,0,9,3,16.5,1,494.28,-1.0,66.46,214,1,Web,3,1200,140,450
2025-04-05,Agra,27.1767,78.0081,1,4,5,32.0,0,280.92,0.426,62.55,487,1,App,9,1300,150,550
2024-06-30,Jaipur,26.9124,75.7873,1,6,6,36.2,0,685.17,0.283,52.34,763,4,Kiosk,8,1500,180,600
2025-08-31,Andaman,11.7401,92.6586,1,8,6,32.6,0,274.29,0.113,90.57,540,3,Kiosk,5,900,120,300
2024-08-16,Kerala,10.8505,76.2711,0,8,4,34.5,0,241.87,0.537,70.82,462,3,Web,13,1700,220,700
2025-03-29,Manali,32.2432,77.1892,1,3,5,13.7,0,315.55,-0.436,81.96,406,3,Agent,21,1200,140,450
2025-07-09,Leh,34.1526,77.5771,0,7,2,19.0,0,720.82,0.672,97.6,265,3,Web,2,600,90,220
2024-09-05,Manali,32.2432,77.1892,0,9,3,14.5,0,145.69,-0.437,63.97,356,2,Kiosk,34,1200,140,450
2024-05-27,Manali,32.2432,77.1892,0,5,0,22.1,0,105.24,-0.215,68.82,505,1,Web,8,1200,140,450
2025-05-28,Leh,34.1526,77.5771,0,5,2,17.8,0,380.83,-0.256,98.5,407,1,Kiosk,2,600,90,220
2024-05-31,Manali,32.2432,77.1892,0,5,4,22.5,0,590.55,0.246,70.14,703,2,App,8,1200,140,450
2025-08-16,Varanasi,25.3176,82.9739,1,8,5,30.9,0,199.02,0.809,48.29,269,2,App,4,1400,160,500
2024-09-22,Kerala,10.8505,76.2711,1,9,6,28.9,0,402.15,0.502,62.82,683,2,App,13,1700,220,700
2024-11-17,Varanasi,25.3176,82.9739,1,11,6,17.1,0,306.4,-0.202,47.83,519,2,Web,13,1400,160,500
2025-08-30,Varanasi,25.3176,82.9739,1,8,5,33.2,0,438.74,-0.152,45.0,440,2,Agent,1,1400,160,500
2025-04-06,Leh,34.1526,77.5771,1,4,6,14.1,1,1691.43,0.119,101.82,794,1,Web,3,600,90,220
2025-08-09,Kerala,10.8505,76.2711,1,8,5,34.3,0,757.22,1.0,60.25,598,2,Agent,3,1700,220,700
2024-04-01,Goa,15.2993,74.124,0,4,0,35.3,0,315.02,0.129,84.24,904,1,Agent,13,2000,250,800
2024-07-06,Jaipur,26.9124,75.7873,1,7,5,36.8,0,327.23,0.89,67.39,335,3,Kiosk,3,1500,180,600
2024-12-17,Leh,34.1526,77.5771,0,12,1,-0.5,0,99.47,-0.869,89.76,106,3,App,10,600,90,220
2025-01-31,Agra,27.1767,78.0081,0,1,4,19.8,0,158.93,0.525,54.37,717,2,Web,1,1300,150,550
2025-08-27,Agra,27.1767,78.0081,0,8,2,30.8,1,532.33,0.448,56.25,723,2,App,7,1300,150,550
2024-11-10,Kerala,10.8505,76.2711,1,11,6,22.1,0,315.97,0.103,57.65,613,2,Kiosk,9,1700,220,700
2024-06-22,Manali,32.2432,77.1892,1,6,5,25.2,1,612.85,0.578,71.14,604,2,Agent,40,1200,140,450
2025-08-15,Kerala,10.8505,76.2711,0,8,4,32.8,1,357.95,-0.1,65.79,732,1,Web,10,1700,220,700
2025-04-06,Andaman,11.7401,92.6586,1,4,6,35.1,0,566.88,0.714,77.53,2,2,Kiosk,1,900,120,300
2024-10-19,Goa,15.2993,74.124,1,10,5,26.6,0,123.79,0.199,91.47,656,3,Web,25,2000,250,800
2024-09-07,Jaipur,26.9124,75.7873,1,9,5,27.7,0,304.71,0.19,62.28,333,2,Kiosk,27,1500,180,600
2024-01-31,Varanasi,25.3176,82.9739,0,1,2,19.0,0,347.07,0.074,51.03,352,1,Web,1,1400,160,500
2024-01-06,Jaipur,26.9124,75.7873,1,1,5,17.6,0,832.41,0.029,59.63,785,1,Web,14,1500,180,600
2025-05-23,Manali,32.2432,77.1892,0,5,4,24.0,0,646.83,0.579,76.39,502,1,Web,6,1200,140,450
2024-03-30,Goa,15.2993,74.124,1,3,5,30.1,0,325.0,0.871,82.52,907,3,Agent,32,2000,250,800
2024-04-30,Leh,34.1526,77.5771,0,4,1,13.1,0,44.86,0.206,97.16,389,1,Web,20,600,90,220
2024-12-12,Varanasi,25.3176,82.9739,0,12,3,19.5,0,88.3,0.84,34.37,756,3,App,3,1400,160,500
2024-01-15,Agra,27.1767,78.0081,0,1,0,19.0,0,137.0,0.64,59.96,449,3,Agent,24,1300,150,550
2024-11-22,Agra,27.1767,78.0081,0,11,4,17.5,0,160.68,-0.993,59.8,381,2,Kiosk,6,1300,150,550
2024-03-31,Jaipur,26.9124,75.7873,1,3,6,28.2,0,804.16,0.75,54.45,869,2,Web,4,1500,180,600
2025-04-15,Agra,27.1767,78.0081,0,4,1,31.8,0,501.68,-0.584,60.13,643,3,Kiosk,4,1300,150,550
2024-05-10,Jaipur,26.9124,75.7873,0,5,4,37.8,0,292.15,0.933,62.89,498,2,Agent,10,1500,180,600
2024-10-29,Varanasi,25.3176,82.9739,0,10,1,21.7,0,275.94,0.85,48.9,601,2,App,6,1400,160,500
2025-10-01,Leh,34.1526,77.5771,0,10,2,4.6,0,553.85,-0.211,96.29,224,1,Kiosk,31,600,90,220
2025-06-13,Leh,34.1526,77.5771,0,6,4,18.7,0,1023.97,1.0,85.76,301,2,Kiosk,9,600,90,220
2024-05-19,Varanasi,25.3176,82.9739,1,5,6,33.6,0,815.96,0.891,35.3,254,2,Kiosk,24,1400,160,500
2025-06-13,Kerala,10.8505,76.2711,0,6,4,38.6,1,542.62,0.171,72.28,1026,2,Agent,7,1700,220,700
2025-08-21,Varanasi,25.3176,82.9739,0,8,3,33.3,0,1239.86,-0.314,54.09,800,1,Web,25,1400,160,500
2024-08-04,Kerala,10.8505,76.2711,1,8,6,36.2,1,1035.27,-0.497,73.0,1022,4,Kiosk,10,1700,220,700
2024-11-04,Agra,27.1767,78.0081,0,11,0,18.4,0,210.83,-0.485,44.86,344,2,App,15,1300,150,550
2024-03-07,Agra,27.1767,78.0081,0,3,3,28.5,0,906.43,-0.012,69.18,516,1,Web,10,1300,150,550
2025-02-02,Varanasi,25.3176,82.9739,1,2,6,22.1,0,230.6,-0.288,58.55,411,2,Kiosk,6,1400,160,500
2024-09-05,Leh,34.1526,77.5771,0,9,3,10.0,1,229.28,0.343,95.37,365,3,App,4,600,90,220
2024-02-06,Leh,34.1526,77.5771,0,2,1,5.4,0,516.21,0.214,93.8,327,2,App,14,600,90,220
2024-07-16,Manali,32.2432,77.1892,0,7,1,22.7,0,624.9,0.182,74.89,927,2,Web,6,1200,140,450
2025-02-26,Goa,15.2993,74.124,0,2,2,25.6,0,1044.95,0.715,68.93,660,2,Agent,3,2000,250,800
2025-09-20,Leh,34.1526,77.5771,1,9,5,9.0,1,84.24,-0.63,101.29,89,2,Web,4,600,90,220
2025-04-03,Agra,27.1767,78.0081,0,4,3,33.7,0,144.34,-0.577,58.76,541,3,Web,3,1300,150,550
2025-04-15,Manali,32.2432,77.1892,0,4,1,20.5,0,346.35,0.654,65.83,210,1,Web,3,1200,140,450
2025-05-05,Kerala,10.8505,76.2711,0,5,0,38.3,0,1357.86,-0.546,64.13,751,2,Web,9,1700,220,700
2024-11-14,Jaipur,26.9124,75.7873,0,11,3,16.4,0,308.03,1.0,68.52,762,2,Agent,22,1500,180,600
2025-08-21,Kerala,10.8505,76.2711,0,8,3,34.5,0,769.34,-0.64,57.08,678,2,Kiosk,6,1700,220,700
2024-05-24,Leh,34.1526,77.5771,0,5,4,19.6,0,224.74,0.853,86.02,283,1,Web,22,600,90,220
2024-07-20,Jaipur,26.9124,75.7873,1,7,5,37.1,0,246.85,0.893,60.53,559,1,Agent,8,1500,180,600
2025-07-17,Manali,32.2432,77.1892,0,7,3,21.1,0,271.01,0.51,76.91,462,2,App,4,1200,140,450
2025-04-15,Varanasi,25.3176,82.9739,0,4,1,31.5,0,478.13,0.37,52.01,456,1,App,3,1400,160,500
2024-12-13,Agra,27.1767,78.0081,0,12,4,16.7,0,109.25,0.158,60.57,269,2,App,15,1300,150,550
2024-04-22,Agra,27.1767,78.0081,0,4,0,34.7,0,629.36,0.607,57.13,580,2,Kiosk,10,1300,150,550
2025-05-04,Varanasi,25.3176,82.9739,1,5,6,35.5,0,125.26,0.944,43.29,483,3,App,2,1400,160,500
2025-09-11,Goa,15.2993,74.124,0,9,3,30.4,1,193.41,-0.31,85.64,409,3,Kiosk,5,2000,250,800
2025-09-24,Varanasi,25.3176,82.9739,0,9,2,27.9,1,376.59,0.035,43.13,201,2,Kiosk,34,1400,160,500
2025-03-13,Leh,34.1526,77.5771,0,3,3,10.7,1,728.94,-0.365,90.55,191,3,Kiosk,2,600,90,220
2025-06-20,Jaipur,26.9124,75.7873,0,6,4,40.0,0,140.76,-0.36,79.49,852,2,App,5,1500,180,600
2024-03-13,Kerala,10.8505,76.2711,0,3,2,29.6,0,17.97,-0.435,78.73,368,2,Agent,7,1700,220,700
2024-10-06,Goa,15.2993,74.124,1,10,6,26.6,0,1579.13,-0.077,71.25,698,2,App,3,2000,250,800
2024-05-22,Varanasi,25.3176,82.9739,0,5,2,34.5,0,722.77,0.19,50.17,760,1,Web,9,1400,160,500
2024-12-15,Leh,34.1526,77.5771,1,12,6,1.5,1,704.31,0.847,98.16,508,3,Kiosk,6,600,90,220
2025-06-04,Leh,34.1526,77.5771,0,6,2,19.5,0,594.43,-0.061,95.44,564,3,App,8,600,90,220
2025-09-25,Andaman,11.7401,92.6586,0,9,3,29.1,0,164.65,-0.038,86.85,376,3,App,7,900,120,300
2024-04-01,Andaman,11.7401,92.6586,0,4,0,34.2,0,201.55,-0.008,99.78,525,3,Kiosk,1,900,120,300
2025-04-19,Andaman,11.7401,92.6586,1,4,5,31.7,0,411.42,0.163,99.58,597,2,App,11,900,120,300
2025-06-07,Goa,15.2993,74.124,1,6,5,37.6,0,171.37,-0.458,71.61,840,2,Kiosk,1,2000,250,800
2024-01-29,Andaman,11.7401,92.6586,0,1,0,19.1,0,607.42,-0.238,75.84,60,2,Agent,18,900,120,300
2025-03-13,Leh,34.1526,77.5771,0,3,3,12.2,0,57.11,0.053,95.74,482,2,Agent,3,600,90,220
2025-05-05,Leh,34.1526,77.5771,0,5,0,20.3,0,188.58,0.641,93.46,0,2,Agent,1,600,90,220
2025-02-26,Agra,27.1767,78.0081,0,2,2,22.7,0,253.7,-0.006,52.46,301,3,App,5,1300,150,550
2024-01-10,Leh,34.1526,77.5771,0,1,2,2.2,0,297.55,0.382,99.43,297,1,Kiosk,1,600,90,220
2025-05-05,Andaman,11.7401,92.6586,0,5,0,36.3,0,154.31,0.714,92.48,90,1,Agent,17,900,120,300
2025-06-01,Jaipur,26.9124,75.7873,1,6,6,39.4,0,166.05,0.342,67.55,827,3,Agent,6,1500,180,600
2025-03-08,Jaipur,26.9124,75.7873,1,3,5,28.9,0,573.87,1.0,59.58,741,1,Kiosk,1,1500,180,600
2024-12-18,Goa,15.2993,74.124,0,12,2,20.3,0,190.51,-0.439,86.77,677,2,Web,17,2000,250,800
2025-06-06,Manali,32.2432,77.1892,0,6,4,23.2,0,175.84,-0.146,67.64,779,2,Web,11,1200,140,450
2025-08-17,Andaman,11.7401,92.6586,1,8,6,33.9,0,259.0,0.477,96.31,377,1,Web,6,900,120,300
2024-11-20,Manali,32.2432,77.1892,0,11,2,7.8,0,148.19,0.197,72.89,247,3,App,64,1200,140,450
2025-01-04,Varanasi,25.3176,82.9739,1,1,5,18.8,0,513.68,-0.36,52.92,186,2,Kiosk,18,1400,160,500
2024-01-15,Agra,27.1767,78.0081,0,1,0,17.6,0,264.07,0.256,42.61,181,1,Agent,5,1300,150,550
2025-05-25,Andaman,11.7401,92.6586,1,5,6,36.0,0,390.17,-0.076,86.17,833,2,App,11,900,120,300
2025-05-15,Leh,34.1526,77.5771,0,5,3,18.7,0,132.31,0.33,96.14,420,3,Web,23,600,90,220
2025-05-21,Kerala,10.8505,76.2711,0,5,2,37.2,0,589.63,0.628,74.42,629,1,App,19,1700,220,700
2025-02-03,Manali,32.2432,77.1892,0,2,0,11.1,0,457.93,1.0,70.6,382,2,Agent,8,1200,140,450
2024-02-23,Varanasi,25.3176,82.9739,0,2,4,20.5,0,185.05,1.0,45.84,643,3,App,11,1400,160,500
2025-01-01,Jaipur,26.9124,75.7873,0,1,2,17.2,0,983.61,-0.19,64.05,828,2,App,27,1500,180,600
2024-06-11,Andaman,11.7401,92.6586,0,6,1,40.6,1,594.39,-0.659,83.2,437,2,App,10,900,120,300
2024-01-14,Goa,15.2993,74.124,1,1,6,22.3,0,438.76,0.276,76.1,902,2,App,6,2000,250,800
2024-02-23,Manali,32.2432,77.1892,0,2,4,8.3,0,288.37,-0.53,73.36,204,3,App,8,1200,140,450
2025-08-26,Varanasi,25.3176,82.9739,0,8,1,30.2,0,351.84,0.105,48.45,537,4,Agent,2,1400,160,500
2025-04-26,Manali,32.2432,77.1892,1,4,5,23.9,0,395.75,-0.882,71.93,849,2,App,7,1200,140,450
2024-08-20,Andaman,11.7401,92.6586,0,8,1,33.7,0,881.06,-0.125,90.03,434,3,Agent,4,900,120,300
2024-06-20,Goa,15.2993,74.124,0,6,3,40.7,0,266.28,-0.424,80.33,659,1,Agent,2,2000,250,800
2025-04-09,Andaman,11.7401,92.6586,0,4,2,33.2,1,772.69,0.637,82.39,92,2,Web,16,900,120,300
2024-11-23,Kerala,10.8505,76.2711,1,11,5,21.2,0,79.98,-0.082,68.7,642,1,Web,10,1700,220,700
2025-03-02,Agra,27.1767,78.0081,1,3,6,26.3,0,1115.95,-0.881,56.99,676,2,Web,14,1300,150,550
2024-10-05,Varanasi,25.3176,82.9739,1,10,5,21.6,0,387.49,0.26,53.7,344,2,App,5,1400,160,500
2024-03-12,Goa,15.2993,74.124,0,3,1,28.7,0,367.85,0.043,78.26,752,2,App,11,2000,250,800
2025-05-27,Agra,27.1767,78.0081,0,5,1,37.0,0,400.9,0.093,56.1,970,4,App,16,1300,150,550
2025-08-02,Agra,27.1767,78.0081,1,8,5,32.2,0,159.19,0.017,45.45,648,3,Agent,8,1300,150,550
2025-07-17,Goa,15.2993,74.124,0,7,3,38.2,0,178.9,0.884,81.64,630,2,Agent,43,2000,250,800
2024-02-16,Leh,34.1526,77.5771,0,2,4,6.9,0,486.96,0.707,96.18,792,3,Web,10,600,90,220
2024-12-12,Goa,15.2993,74.124,0,12,3,20.8,0,230.33,0.455,70.89,889,3,Agent,1,2000,250,800
2024-11-28,Goa,15.2993,74.124,0,11,3,20.9,0,448.45,-0.333,88.65,571,1,Kiosk,7,2000,250,800
2024-10-30,Agra,27.1767,78.0081,0,10,2,23.8,0,337.07,-0.255,63.51,211,2,Kiosk,13,1300,150,550
2025-02-05,Manali,32.2432,77.1892,0,2,2,9.7,0,205.98,-0.45,66.59,128,2,Agent,4,1200,140,450
2024-11-16,Leh,34.1526,77.5771,1,11,5,1.5,0,263.85,-0.022,82.33,402,2,Web,12,600,90,220
2024-10-03,Varanasi,25.3176,82.9739,0,10,3,22.4,1,478.93,0.16,49.83,395,2,App,28,1400,160,500
2024-01-27,Jaipur,26.9124,75.7873,1,1,5,19.3,0,522.27,0.943,59.66,1079,1,Web,1,1500,180,600
2025-01-11,Agra,27.1767,78.0081,1,1,5,18.2,0,179.44,0.157,54.95,492,1,App,18,1300,150,550
2025-05-17,Kerala,10.8505,76.2711,1,5,5,37.7,0,378.96,-0.229,74.55,895,1,App,10,1700,220,700
2025-01-13,Goa,15.2993,74.124,0,1,0,21.9,0,668.84,1.0,88.2,1158,1,Web,26,2000,250,800
2025-01-11,Manali,32.2432,77.1892,1,1,5,5.9,0,502.84,-0.237,61.31,421,2,Web,1,1200,140,450
2025-05-20,Agra,27.1767,78.0081,0,5,1,37.0,0,624.72,0.214,55.57,757,1,Web,29,1300,150,550
2025-03-05,Andaman,11.7401,92.6586,0,3,2,28.1,0,234.88,0.1,89.98,347,3,App,5,900,120,300
2024-07-11,Jaipur,26.9124,75.7873,0,7,3,35.9,0,481.9,-0.218,67.91,928,3,App,14,1500,180,600
2024-01-20,Andaman,11.7401,92.6586,1,1,5,18.6,0,441.28,0.747,76.49,729,3,Agent,20,900,120,300
2025-03-27,Jaipur,26.9124,75.7873,0,3,3,29.3,0,224.05,0.529,71.38,885,1,Web,15,1500,180,600
2025-02-05,Manali,32.2432,77.1892,0,2,2,10.5,0,421.0,0.211,56.35,240,2,App,11,1200,140,450
2024-05-23,Goa,15.2993,74.124,0,5,3,38.7,0,401.72,0.47,74.03,548,2,App,1,2000,250,800
2024-02-02,Jaipur,26.9124,75.7873,0,2,4,23.1,0,408.78,-1.0,59.79,330,2,Kiosk,4,1500,180,600
2024-08-07,Varanasi,25.3176,82.9739,0,8,2,33.9,0,209.46,0.812,40.47,168,2,Agent,20,1400,160,500
2025-01-10,Goa,15.2993,74.124,0,1,4,21.1,0,531.84,-0.215,81.17,506,2,App,19,2000,250,800
2025-08-21,Kerala,10.8505,76.2711,0,8,3,35.1,0,309.16,0.618,65.5,438,3,App,20,1700,220,700
2024-08-13,Leh,34.1526,77.5771,0,8,1,17.3,0,694.45,0.818,100.94,137,2,Agent,10,600,90,220
2025-01-29,Goa,15.2993,74.124,0,1,2,23.8,0,286.55,-0.049,75.18,378,2,Kiosk,15,2000,250,800
2024-05-02,Manali,32.2432,77.1892,0,5,3,21.7,0,94.29,0.21,73.57,666,2,Web,3,1200,140,450
2025-07-02,Agra,27.1767,78.0081,0,7,2,35.3,0,335.28,-0.898,61.01,655,3,Agent,8,1300,150,550
2024-06-09,Andaman,11.7401,92.6586,1,6,6,37.5,0,259.9,0.504,87.65,227,3,Agent,4,900,120,300
2025-09-11,Kerala,10.8505,76.2711,0,9,3,26.9,0,500.92,-0.204,63.72,366,1,Agent,4,1700,220,700
2024-12-16,Kerala,10.8505,76.2711,0,12,0,18.8,0,181.7,0.022,67.07,708,2,Web,31,1700,220,700
2025-05-03,Andaman,11.7401,92.6586,1,5,5,38.2,0,410.61,0.237,94.91,338,2,Kiosk,12,900,120,300
2024-05-13,Andaman,11.7401,92.6586,0,5,0,35.7,0,159.07,-0.052,89.93,268,2,Agent,33,900,120,300
2024-07-30,Leh,34.1526,77.5771,0,7,1,17.7,1,561.04,-0.753,91.04,603,1,App,11,600,90,220
2024-10-09,Kerala,10.8505,76.2711,0,10,2,23.9,0,580.3,-0.247,59.56,559,2,Kiosk,10,1700,220,700
2024-09-25,Agra,27.1767,78.0081,0,9,2,27.3,0,235.9,0.435,45.81,474,3,Kiosk,12,1300,150,550
2024-06-19,Manali,32.2432,77.1892,0,6,2,24.8,0,453.62,0.392,68.55,494,2,Web,8,1200,140,450
2025-04-19,Leh,34.1526,77.5771,1,4,5,16.7,0,163.6,-1.0,107.18,242,1,Agent,9,600,90,220
2024-08-18,Goa,15.2993,74.124,1,8,6,35.9,0,352.72,1.0,79.11,633,4,Kiosk,9,2000,250,800
2024-02-20,Varanasi,25.3176,82.9739,0,2,1,22.9,0,241.76,-0.332,52.41,169,4,Agent,5,1400,160,500
2024-07-12,Leh,34.1526,77.5771,0,7,4,22.0,0,293.71,0.89,98.56,268,2,Agent,20,600,90,220
2025-04-09,Varanasi,25.3176,82.9739,0,4,2,29.9,0,287.12,0.52,39.9,256,3,Web,21,1400,160,500
2025-05-20,Leh,34.1526,77.5771,0,5,1,19.8,0,315.7,-0.071,91.43,565,1,App,9,600,90,220
2024-04-08,Jaipur,26.9124,75.7873,0,4,0,31.5,0,671.77,0.43,64.4,567,1,App,4,1500,180,600
2024-08-03,Manali,32.2432,77.1892,1,8,5,21.2,0,522.14,1.0,66.66,344,1,Kiosk,17,1200,140,450
2024-07-26,Kerala,10.8505,76.2711,0,7,4,38.0,0,131.47,0.483,64.44,582,1,Agent,17,1700,220,700
2025-08-05,Goa,15.2993,74.124,0,8,1,35.3,0,61.64,-0.287,82.07,1017,2,App,36,2000,250,800
2024-09-23,Varanasi,25.3176,82.9739,0,9,0,28.7,0,240.9,0.475,58.74,537,3,App,30,1400,160,500
2024-09-03,Kerala,10.8505,76.2711,0,9,1,29.3,0,532.57,-0.178,65.19,464,2,Web,17,1700,220,700
2024-01-08,Agra,27.1767,78.0081,0,1,0,17.6,0,590.15,-0.289,53.13,218,2,Agent,21,1300,150,550
2024-06-03,Kerala,10.8505,76.2711,0,6,0,39.0,0,123.94,0.23,71.11,643,1,Agent,15,1700,220,700
2025-03-03,Goa,15.2993,74.124,0,3,0,32.3,0,605.89,0.782,81.87,951,3,Web,12,2000,250,800
2025-03-06,Jaipur,26.9124,75.7873,0,3,3,30.1,0,157.95,0.258,60.19,665,1,Web,11,1500,180,600
2025-09-17,Varanasi,25.3176,82.9739,0,9,2,26.6,0,1210.15,0.204,52.24,417,4,Agent,19,1400,160,500
2024-10-28,Jaipur,26.9124,75.7873,0,10,0,23.6,0,146.04,0.106,62.48,499,3,Kiosk,17,1500,180,600
2024-09-18,Manali,32.2432,77.1892,0,9,2,14.5,0,76.95,0.047,69.18,352,3,Kiosk,8,1200,140,450
2025-10-01,Leh,34.1526,77.5771,0,10,2,3.6,0,366.07,0.11,92.48,121,2,App,16,600,90,220
2024-07-11,Andaman,11.7401,92.6586,0,7,3,39.5,0,1014.04,-0.724,90.24,658,2,Web,5,900,120,300
2024-01-03,Varanasi,25.3176,82.9739,0,1,2,17.9,0,52.46,-0.211,53.84,325,2,App,9,1400,160,500
2024-07-13,Leh,34.1526,77.5771,1,7,5,18.5,0,627.22,0.085,97.13,747,1,App,16,600,90,220
2025-06-16,Varanasi,25.3176,82.9739,0,6,0,38.3,0,87.18,0.484,62.35,320,1,Web,22,1400,160,500
2024-11-24,Goa,15.2993,74.124,1,11,6,20.8,1,632.0,-0.031,71.62,356,3,Agent,10,2000,250,800
2024-02-09,Varanasi,25.3176,82.9739,0,2,4,20.5,0,424.3,0.391,49.16,408,2,Kiosk,11,1400,160,500
2025-09-09,Kerala,10.8505,76.2711,0,9,1,28.9,1,231.68,-0.533,70.74,419,3,Agent,1,1700,220,700
2025-08-29,Leh,34.1526,77.5771,0,8,4,14.9,0,348.45,1.0,85.61,148,2,Web,6,600,90,220
2024-02-10,Manali,32.2432,77.1892,1,2,5,9.7,0,386.66,0.068,71.53,283,2,Agent,19,1200,140,450
2024-01-21,Manali,32.2432,77.1892,1,1,6,6.9,0,29.92,-0.236,75.66,223,2,Agent,14,1200,140,450
2024-01-19,Manali,32.2432,77.1892,0,1,4,6.0,0,591.62,-0.219,80.95,253,2,App,12,1200,140,450
2024-11-07,Jaipur,26.9124,75.7873,0,11,3,18.0,0,400.14,-0.657,48.66,444,3,Web,1,1500,180,600
2025-05-04,Andaman,11.7401,92.6586,1,5,6,37.0,1,225.67,0.006,87.74,285,4,Kiosk,6,900,120,300
2024-09-12,Jaipur,26.9124,75.7873,0,9,3,28.3,0,81.7,-0.046,58.81,542,1,Agent,6,1500,180,600
2024-03-12,Jaipur,26.9124,75.7873,0,3,1,28.9,0,467.04,0.899,61.47,962,3,Agent,24,1500,180,600
2024-01-05,Jaipur,26.9124,75.7873,0,1,4,21.0,0,424.31,1.0,60.97,706,2,Kiosk,19,1500,180,600
2024-02-26,Leh,34.1526,77.5771,0,2,0,3.8,0,313.59,0.293,92.53,0,2,Agent,22,600,90,220
2025-07-29,Andaman,11.7401,92.6586,0,7,1,37.5,1,185.92,0.747,86.98,124,1,Web,15,900,120,300
2025-07-10,Goa,15.2993,74.124,0,7,3,38.5,0,524.76,-0.462,82.93,1208,1,App,13,2000,250,800
2024-03-15,Agra,27.1767,78.0081,0,3,4,26.8,0,261.64,0.032,61.89,353,2,Agent,11,1300,150,550
2025-04-11,Kerala,10.8505,76.2711,0,4,4,33.9,0,366.79,1.0,59.15,433,3,Kiosk,3,1700,220,700
2025-05-27,Andaman,11.7401,92.6586,0,5,1,34.2,0,842.81,-0.378,97.87,741,2,Agent,11,900,120,300
2024-09-13,Leh,34.1526,77.5771,0,9,4,8.6,0,264.24,-0.388,100.78,113,2,App,6,600,90,220
2025-02-06,Jaipur,26.9124,75.7873,0,2,3,22.7,0,201.12,0.055,79.22,385,2,App,3,1500,180,600
2024-11-13,Jaipur,26.9124,75.7873,0,11,2,18.7,1,380.42,-0.074,50.66,346,2,Agent,11,1500,180,600
2024-03-16,Jaipur,26.9124,75.7873,1,3,5,26.3,0,285.67,0.166,54.45,486,2,Kiosk,21,1500,180,600
2024-08-12,Leh,34.1526,77.5771,0,8,0,16.3,0,95.6,-0.413,84.34,418,2,Agent,12,600,90,220
2024-10-08,Goa,15.2993,74.124,0,10,1,24.8,0,729.52,-0.537,74.02,523,2,Web,13,2000,250,800
2025-08-19,Goa,15.2993,74.124,0,8,1,37.2,0,660.55,1.0,77.09,698,2,Web,18,2000,250,800
2024-02-27,Agra,27.1767,78.0081,0,2,1,23.0,0,161.68,0.118,61.07,555,1,App,1,1300,150,550
2025-05-10,Leh,34.1526,77.5771,1,5,5,18.3,0,404.17,0.105,99.31,351,2,Web,17,600,90,220
2024-05-08,Agra,27.1767,78.0081,0,5,2,35.7,0,307.22,-0.084,52.87,576,2,Web,5,1300,150,550
2024-06-24,Andaman,11.7401,92.6586,0,6,0,39.9,0,265.91,-0.464,79.57,418,1,Agent,9,900,120,300
2025-01-14,Agra,27.1767,78.0081,0,1,1,18.3,0,418.13,-0.881,50.0,250,1,App,14,1300,150,550
2024-04-16,Jaipur,26.9124,75.7873,0,4,1,33.3,0,821.13,0.222,56.34,630,2,Agent,6,1500,180,600
2024-09-29,Jaipur,26.9124,75.7873,1,9,6,27.6,1,345.77,-0.9,58.49,617,2,App,4,1500,180,600
2024-08-27,Agra,27.1767,78.0081,0,8,1,32.1,0,476.11,0.636,47.38,212,2,Kiosk,2,1300,150,550
2025-08-23,Kerala,10.8505,76.2711,1,8,5,33.3,0,537.16,-0.549,70.07,1141,2,Web,18,1700,220,700
2024-08-14,Kerala,10.8505,76.2711,0,8,2,34.8,0,76.12,0.448,61.92,349,3,Agent,4,1700,220,700
2025-09-14,Manali,32.2432,77.1892,1,9,6,15.6,0,312.59,1.0,73.14,716,2,App,11,1200,140,450
2025-01-05,Varanasi,25.3176,82.9739,1,1,6,18.6,0,630.54,1.0,43.77,816,1,App,6,1400,160,500
2024-06-13,Kerala,10.8505,76.2711,0,6,3,39.3,1,221.33,-0.752,67.03,776,1,Web,10,1700,220,700
2025-10-01,Kerala,10.8505,76.2711,0,10,2,21.6,0,178.37,0.38,81.11,786,3,Web,21,1700,220,700
2024-11-27,Varanasi,25.3176,82.9739,0,11,2,17.5,0,622.69,-0.109,44.53,153,2,Kiosk,24,1400,160,500
2024-09-25,Agra,27.1767,78.0081,0,9,2,25.6,0,349.88,-0.48,56.83,218,2,Agent,15,1300,150,550
2024-12-05,Goa,15.2993,74.124,0,12,3,17.7,0,561.62,-0.609,78.92,733,2,Web,26,2000,250,800
2024-02-10,Manali,32.2432,77.1892,1,2,5,9.7,0,254.62,1.0,64.4,569,2,App,9,1200,140,450
2025-01-11,Leh,34.1526,77.5771,1,1,5,2.1,0,202.49,0.358,101.44,564,2,App,5,600,90,220
2024-03-03,Agra,27.1767,78.0081,1,3,6,26.9,0,472.74,-0.536,58.3,643,2,App,9,1300,150,550
2024-02-01,Agra,27.1767,78.0081,0,2,3,20.8,0,358.8,0.342,46.71,223,2,Agent,17,1300,150,550
2025-01-24,Kerala,10.8505,76.2711,0,1,4,21.3,0,665.97,-0.273,66.58,577,3,Agent,8,1700,220,700
2024-03-19,Agra,27.1767,78.0081,0,3,1,26.1,0,302.66,-0.802,59.09,372,2,Agent,15,1300,150,550
2025-07-16,Andaman,11.7401,92.6586,0,7,2,38.7,1,572.17,-0.881,93.07,585,2,Web,5,900,120,300
2025-04-25,Manali,32.2432,77.1892,0,4,4,20.1,1,204.23,0.0,76.27,615,2,Agent,13,1200,140,450
2024-10-29,Leh,34.1526,77.5771,0,10,1,5.3,0,472.89,0.116,102.07,301,2,Web,16,600,90,220
2024-12-05,Manali,32.2432,77.1892,0,12,3,5.4,0,45.79,-0.141,65.8,255,2,Web,36,1200,140,450
2025-08-31,Kerala,10.8505,76.2711,1,8,6,32.6,0,163.36,-0.01,58.59,907,2,App,7,1700,220,700
2024-03-14,Manali,32.2432,77.1892,0,3,3,15.3,0,568.3,0.029,77.57,441,2,Web,9,1200,140,450
2024-08-13,Kerala,10.8505,76.2711,0,8,1,34.9,0,967.66,0.567,77.23,643,3,App,8,1700,220,700
2024-01-25,Jaipur,26.9124,75.7873,0,1,3,20.1,0,223.75,1.0,56.52,604,3,Kiosk,14,1500,180,600
2024-06-29,Leh,34.1526,77.5771,1,6,5,21.7,0,192.28,-0.469,105.8,393,3,App,15,600,90,220
2024-02-17,Jaipur,26.9124,75.7873,1,2,5,26.5,0,430.14,-0.027,49.16,657,1,Web,6,1500,180,600
2025-01-13,Andaman,11.7401,92.6586,0,1,0,19.1,0,260.27,0.549,95.6,666,3,Web,11,900,120,300
2024-07-31,Goa,15.2993,74.124,0,7,2,37.5,0,103.6,-0.522,77.75,790,3,Web,22,2000,250,800
2024-09-27,Goa,15.2993,74.124,0,9,4,30.6,0,67.28,0.119,71.08,496,1,Web,11,2000,250,800
2024-09-16,Kerala,10.8505,76.2711,0,9,0,28.6,0,684.53,0.303,57.62,438,2,Web,19,1700,220,700
2025-09-03,Agra,27.1767,78.0081,0,9,2,26.8,0,323.8,-0.233,52.87,150,3,Kiosk,17,1300,150,550
2024-08-09,Manali,32.2432,77.1892,0,8,4,22.8,0,302.57,-0.195,66.68,614,2,Kiosk,4,1200,140,450
2025-01-29,Leh,34.1526,77.5771,0,1,2,1.5,0,149.04,0.145,102.12,127,2,App,16,600,90,220
2024-04-17,Jaipur,26.9124,75.7873,0,4,2,33.1,0,259.7,-0.606,62.99,668,3,App,9,1500,180,600
2025-05-13,Manali,32.2432,77.1892,0,5,1,23.3,0,55.34,0.34,70.36,501,3,Web,7,1200,140,450
2025-10-01,Agra,27.1767,78.0081,0,10,2,21.6,0,455.98,-0.565,62.23,445,1,Web,11,1300,150,550
2025-03-17,Goa,15.2993,74.124,0,3,0,30.3,0,179.06,0.67,79.73,698,3,Kiosk,8,2000,250,800
2024-06-06,Kerala,10.8505,76.2711,0,6,3,38.8,0,516.72,0.572,69.99,509,1,Agent,3,1700,220,700
2024-02-04,Manali,32.2432,77.1892,1,2,6,10.1,0,1418.83,-0.447,71.85,366,3,Agent,31,1200,140,450
2025-04-20,Varanasi,25.3176,82.9739,1,4,6,32.2,0,410.77,-0.25,48.14,716,1,Agent,12,1400,160,500
2025-04-22,Varanasi,25.3176,82.9739,0,4,1,31.2,0,671.59,0.697,51.73,540,2,Web,6,1400,160,500
2024-01-13,Jaipur,26.9124,75.7873,1,1,5,19.8,0,897.03,0.569,64.5,603,2,Kiosk,7,1500,180,600
2024-04-26,Agra,27.1767,78.0081,0,4,4,32.7,0,380.68,0.995,52.4,282,1,App,9,1300,150,550
2025-06-20,Kerala,10.8505,76.2711,0,6,4,39.1,0,137.6,0.274,64.27,776,1,Kiosk,10,1700,220,700
2024-01-06,Goa,15.2993,74.124,1,1,5,19.5,0,332.38,0.148,77.93,944,2,App,5,2000,250,800
2025-08-30,Goa,15.2993,74.124,1,8,5,36.1,0,322.12,-0.306,82.22,735,2,App,2,2000,250,800
2025-08-08,Leh,34.1526,77.5771,0,8,4,13.1,0,376.06,0.896,92.87,63,2,App,5,600,90,220
2024-12-20,Jaipur,26.9124,75.7873,0,12,4,17.6,0,157.44,0.011,63.26,286,2,Agent,34,1500,180,600
2024-05-23,Agra,27.1767,78.0081,0,5,3,36.0,0,243.26,0.647,67.04,165,3,Kiosk,23,1300,150,550
2024-07-02,Varanasi,25.3176,82.9739,0,7,1,36.9,0,192.35,-0.586,43.37,519,3,Web,5,1400,160,500
2025-05-17,Kerala,10.8505,76.2711,1,5,5,38.9,1,529.81,-0.796,62.63,1028,3,Agent,1,1700,220,700
2025-03-26,Kerala,10.8505,76.2711,0,3,2,30.0,0,225.33,0.625,72.35,693,2,Web,3,1700,220,700
2024-06-16,Andaman,11.7401,92.6586,1,6,6,37.8,0,187.87,0.222,101.62,559,2,Kiosk,5,900,120,300
2025-09-27,Jaipur,26.9124,75.7873,1,9,5,27.5,0,155.53,-0.339,56.69,609,2,Web,11,1500,180,600
2024-04-19,Varanasi,25.3176,82.9739,0,4,4,31.5,0,234.65,0.981,53.51,254,3,App,4,1400,160,500
2024-12-24,Andaman,11.7401,92.6586,0,12,1,17.2,0,255.67,-0.403,97.43,60,2,Agent,4,900,120,300
2024-07-15,Jaipur,26.9124,75.7873,0,7,0,37.1,0,639.44,-0.49,55.92,523,2,Agent,10,1500,180,600
2024-12-15,Goa,15.2993,74.124,1,12,6,20.3,0,279.36,0.122,79.16,593,3,Agent,14,2000,250,800
2025-05-09,Agra,27.1767,78.0081,0,5,4,37.9,0,151.51,-0.078,55.61,809,2,Web,28,1300,150,550
2024-12-29,Varanasi,25.3176,82.9739,1,12,6,18.6,1,112.96,0.3,50.2,554,2,App,8,1400,160,500
2025-05-30,Agra,27.1767,78.0081,0,5,4,38.0,0,849.05,-0.165,51.02,779,2,App,1,1300,150,550
2024-08-07,Kerala,10.8505,76.2711,0,8,2,36.1,1,899.5,0.52,60.73,482,2,App,10,1700,220,700
2024-05-30,Varanasi,25.3176,82.9739,0,5,3,34.0,0,1059.05,-0.009,59.23,667,2,Kiosk,25,1400,160,500
2024-04-20,Goa,15.2993,74.124,1,4,5,34.0,1,932.56,-0.671,85.02,910,1,App,8,2000,250,800
2024-01-29,Leh,34.1526,77.5771,0,1,0,3.7,0,272.54,0.03,88.64,0,1,Agent,21,600,90,220
2024-03-03,Goa,15.2993,74.124,1,3,6,28.0,0,693.02,-0.313,75.86,692,2,Web,10,2000,250,800
2024-06-19,Manali,32.2432,77.1892,0,6,2,25.4,0,132.63,0.755,75.89,442,3,App,2,1200,140,450
2025-09-25,Andaman,11.7401,92.6586,0,9,3,28.8,0,368.51,0.509,90.21,614,3,Web,37,900,120,300
2025-03-09,Andaman,11.7401,92.6586,1,3,6,27.2,0,288.95,0.179,93.48,267,1,Agent,2,900,120,300
2024-01-24,Agra,27.1767,78.0081,0,1,2,18.1,0,178.22,0.154,65.44,477,1,Kiosk,21,1300,150,550
2025-01-28,Leh,34.1526,77.5771,0,1,1,0.5,0,56.23,-1.0,93.94,266,2,Agent,6,600,90,220
2025-01-02,Leh,34.1526,77.5771,0,1,3,1.3,0,768.57,0.026,99.88,247,3,Web,4,600,90,220
2025-09-14,Leh,34.1526,77.5771,1,9,6,10.3,0,518.1,-0.162,89.72,343,2,App,16,600,90,220
2025-02-17,Varanasi,25.3176,82.9739,0,2,0,20.4,0,229.32,0.72,50.05,491,3,Agent,14,1400,160,500
2025-04-15,Manali,32.2432,77.1892,0,4,1,20.8,0,262.71,0.254,74.38,520,2,App,9,1200,140,450
2025-02-26,Varanasi,25.3176,82.9739,0,2,2,22.6,0,337.84,-0.149,57.5,208,3,Agent,4,1400,160,500
2025-03-19,Varanasi,25.3176,82.9739,0,3,2,26.9,0,409.79,-0.144,51.9,417,1,Kiosk,19,1400,160,500
2024-12-06,Leh,34.1526,77.5771,0,12,4,3.2,0,372.01,-0.678,92.23,252,2,Agent,22,600,90,220
2025-01-16,Goa,15.2993,74.124,0,1,3,20.2,0,166.35,-0.32,80.49,377,3,Agent,18,2000,250,800
2024-11-08,Leh,34.1526,77.5771,0,11,4,0.4,0,680.71,0.467,86.4,491,2,Kiosk,11,600,90,220
2024-01-01,Goa,15.2993,74.124,0,1,0,20.8,0,351.62,0.487,69.88,995,1,Web,23,2000,250,800
2025-08-08,Goa,15.2993,74.124,0,8,4,35.3,0,516.0,-0.03,73.6,783,2,Web,15,2000,250,800
2024-01-29,Agra,27.1767,78.0081,0,1,0,20.1,0,401.75,-0.552,41.97,322,1,Web,9,1300,150,550
2024-06-07,Manali,32.2432,77.1892,0,6,4,24.7,0,1044.73,0.898,74.36,438,2,App,6,1200,140,450
2024-08-09,Agra,27.1767,78.0081,0,8,4,32.4,1,802.0,0.356,64.75,608,1,Agent,11,1300,150,550
2024-04-12,Jaipur,26.9124,75.7873,0,4,4,30.9,0,174.24,-0.712,58.56,802,3,App,43,1500,180,600
2024-07-21,Kerala,10.8505,76.2711,1,7,6,38.0,0,626.74,1.0,60.45,705,3,Web,7,1700,220,700
2025-03-09,Goa,15.2993,74.124,1,3,6,28.8,0,502.43,0.735,67.58,906,2,Agent,23,2000,250,800
2024-01-22,Varanasi,25.3176,82.9739,0,1,0,17.9,0,160.25,0.677,56.31,438,2,Kiosk,9,1400,160,500
2025-05-12,Agra,27.1767,78.0081,0,5,0,35.7,1,254.7,-1.0,65.51,645,1,Agent,5,1300,150,550
2025-09-26,Goa,15.2993,74.124,0,9,4,29.3,0,257.11,0.564,71.96,688,2,Kiosk,9,2000,250,800
2025-03-23,Andaman,11.7401,92.6586,1,3,6,28.3,0,80.59,0.179,84.55,251,1,Kiosk,7,900,120,300
2024-08-31,Agra,27.1767,78.0081,1,8,5,31.1,0,33.11,-1.0,59.51,600,2,Kiosk,12,1300,150,550
2025-09-02,Manali,32.2432,77.1892,0,9,1,13.4,0,209.37,0.348,67.49,454,3,App,3,1200,140,450
2024-06-11,Goa,15.2993,74.124,0,6,1,38.9,0,395.61,0.04,78.89,954,2,App,60,2000,250,800
2024-06-23,Varanasi,25.3176,82.9739,1,6,6,34.8,0,122.57,-0.59,59.58,789,2,App,12,1400,160,500
2024-06-20,Leh,34.1526,77.5771,0,6,3,17.2,0,346.39,0.587,104.38,122,2,Web,16,600,90,220
2025-08-15,Andaman,11.7401,92.6586,0,8,4,33.5,0,658.5,0.942,89.55,237,2,Agent,23,900,120,300
2025-03-13,Manali,32.2432,77.1892,0,3,3,13.7,0,1111.67,-0.069,66.1,384,3,Kiosk,16,1200,140,450
2025-08-07,Goa,15.2993,74.124,0,8,3,36.2,0,388.12,-0.469,68.55,724,3,Agent,14,2000,250,800
2024-09-23,Agra,27.1767,78.0081,0,9,0,26.5,0,383.92,-0.18,45.82,320,2,App,26,1300,150,550
2024-12-24,Varanasi,25.3176,82.9739,0,12,1,17.8,0,1002.6,0.157,54.05,405,3,Kiosk,4,1400,160,500
2025-06-19,Manali,32.2432,77.1892,0,6,3,23.6,0,24.08,0.358,68.84,137,2,Agent,8,1200,140,450
2024-01-22,Andaman,11.7401,92.6586,0,1,0,18.5,0,165.26,-0.009,95.04,20,3,Kiosk,8,900,120,300
2024-05-13,Manali,32.2432,77.1892,0,5,0,23.4,0,344.39,0.224,73.3,421,2,Agent,20,1200,140,450
2025-08-03,Varanasi,25.3176,82.9739,1,8,6,29.6,0,103.99,-0.977,54.81,454,2,Agent,4,1400,160,500
2024-02-26,Manali,32.2432,77.1892,0,2,0,10.7,0,403.77,-0.046,70.49,25,3,Kiosk,15,1200,140,450
2024-06-27,Manali,32.2432,77.1892,0,6,3,25.3,0,251.6,-0.003,70.97,532,3,Web,14,1200,140,450
2025-06-26,Leh,34.1526,77.5771,0,6,3,20.6,0,296.48,1.0,93.81,350,2,Web,1,600,90,220
2025-04-08,Kerala,10.8505,76.2711,0,4,1,35.9,0,777.76,0.066,65.96,905,2,App,1,1700,220,700
2024-05-04,Andaman,11.7401,92.6586,1,5,5,37.6,0,355.16,-0.194,92.78,721,2,Kiosk,2,900,120,300
2024-05-31,Manali,32.2432,77.1892,0,5,4,25.3,0,388.8,-0.288,75.77,500,2,App,7,1200,140,450
2025-09-08,Goa,15.2993,74.124,0,9,0,29.8,0,580.01,-0.031,67.98,769,2,App,12,2000,250,800
2025-06-06,Varanasi,25.3176,82.9739,0,6,4,36.2,0,115.55,1.0,46.92,453,2,Kiosk,17,1400,160,500
2025-09-12,Kerala,10.8505,76.2711,0,9,4,28.2,0,710.92,0.521,54.8,702,1,Web,7,1700,220,700
2025-04-17,Varanasi,25.3176,82.9739,0,4,3,33.1,0,1143.26,-0.296,47.04,479,2,Agent,2,1400,160,500
2024-10-05,Jaipur,26.9124,75.7873,1,10,5,23.1,0,396.73,-0.16,55.77,634,1,App,2,1500,180,600
2025-01-09,Leh,34.1526,77.5771,0,1,3,0.9,0,113.2,0.438,89.33,281,1,Kiosk,6,600,90,220
2024-04-19,Agra,27.1767,78.0081,0,4,4,30.9,0,632.45,-0.448,50.81,452,2,Kiosk,11,1300,150,550
2025-01-08,Jaipur,26.9124,75.7873,0,1,2,19.1,0,253.7,-1.0,67.28,350,2,Kiosk,18,1500,180,600
2025-06-10,Goa,15.2993,74.124,0,6,1,38.9,0,81.23,0.191,74.97,764,3,Kiosk,20,2000,250,800
2024-02-26,Varanasi,25.3176,82.9739,0,2,0,19.1,0,409.7,-0.361,58.74,518,2,Web,2,1400,160,500
2025-02-07,Jaipur,26.9124,75.7873,0,2,4,22.6,0,582.82,0.161,58.97,645,3,Web,4,1500,180,600
2025-05-19,Leh,34.1526,77.5771,0,5,0,18.7,0,475.31,-0.172,103.78,602,3,App,7,600,90,220
2025-09-15,Goa,15.2993,74.124,0,9,0,30.6,0,56.17,0.213,74.6,410,2,Kiosk,4,2000,250,800
2025-05-23,Leh,34.1526,77.5771,0,5,4,16.9,0,432.58,1.0,97.96,360,4,App,18,600,90,220
2024-10-31,Leh,34.1526,77.5771,0,10,3,4.9,0,772.01,0.249,88.97,0,2,Agent,19,600,90,220
2024-06-13,Varanasi,25.3176,82.9739,0,6,3,36.8,1,63.8,-0.924,61.25,609,2,App,18,1400,160,500
2024-05-02,Leh,34.1526,77.5771,0,5,3,20.1,0,1252.85,-0.612,102.28,794,3,Web,7,600,90,220
2024-11-19,Kerala,10.8505,76.2711,0,11,1,20.5,0,372.97,0.608,67.35,868,2,Kiosk,12,1700,220,700
2025-07-16,Jaipur,26.9124,75.7873,0,7,2,35.3,0,326.99,0.942,68.83,463,3,App,25,1500,180,600
2025-09-13,Manali,32.2432,77.1892,1,9,5,14.8,0,319.19,0.146,58.12,237,2,Web,4,1200,140,450
2024-12-20,Andaman,11.7401,92.6586,0,12,4,17.6,0,575.44,-0.636,80.92,17,2,Agent,14,900,120,300
2024-02-16,Goa,15.2993,74.124,0,2,4,26.1,0,143.79,0.334,74.16,701,2,Web,9,2000,250,800
2025-04-17,Kerala,10.8505,76.2711,0,4,3,32.9,0,187.37,0.749,66.16,432,2,App,9,1700,220,700
2025-04-05,Varanasi,25.3176,82.9739,1,4,5,32.2,0,59.84,0.197,54.68,792,2,App,14,1400,160,500
2024-09-05,Manali,32.2432,77.1892,0,9,3,13.5,0,831.42,0.508,75.7,753,2,Kiosk,15,1200,140,450
2025-07-16,Goa,15.2993,74.124,0,7,2,37.8,1,762.45,-0.31,68.06,759,2,Web,7,2000,250,800
2024-06-25,Leh,34.1526,77.5771,0,6,1,20.2,1,495.2,-0.294,97.74,652,2,Agent,3,600,90,220
2024-07-20,Leh,34.1526,77.5771,1,7,5,19.9,0,334.22,0.679,92.13,270,1,Agent,16,600,90,220
2025-01-11,Leh,34.1526,77.5771,1,1,5,1.7,0,76.14,-0.284,98.98,208,2,Agent,1,600,90,220
2025-04-05,Agra,27.1767,78.0081,1,4,5,31.7,0,206.53,0.222,57.45,689,3,Kiosk,4,1300,150,550
2025-09-11,Andaman,11.7401,92.6586,0,9,3,29.1,0,333.69,-0.207,95.44,183,3,App,30,900,120,300
2025-02-06,Manali,32.2432,77.1892,0,2,3,10.3,0,70.89,0.513,68.88,453,1,Agent,1,1200,140,450
2024-11-05,Kerala,10.8505,76.2711,0,11,1,20.3,0,585.39,-0.234,63.97,687,3,App,11,1700,220,700
2025-08-16,Manali,32.2432,77.1892,1,8,5,19.9,0,66.3,0.912,67.24,252,2,Web,7,1200,140,450
2024-08-22,Manali,32.2432,77.1892,0,8,3,16.2,0,475.04,0.012,67.91,126,3,Kiosk,23,1200,140,450
2025-09-17,Goa,15.2993,74.124,0,9,2,30.6,0,346.23,0.222,73.64,510,2,App,11,2000,250,800
2024-08-25,Manali,32.2432,77.1892,1,8,6,19.0,0,122.12,0.005,68.91,637,2,Kiosk,12,1200,140,450
2025-05-19,Agra,27.1767,78.0081,0,5,0,36.2,0,683.58,0.019,56.51,638,1,Kiosk,16,1300,150,550
2024-05-20,Agra,27.1767,78.0081,0,5,0,36.4,0,316.19,0.273,61.79,468,3,Agent,15,1300,150,550
2024-01-02,Jaipur,26.9124,75.7873,0,1,1,21.0,1,35.79,-0.323,60.72,481,1,Web,12,1500,180,600
2025-05-23,Jaipur,26.9124,75.7873,0,5,4,36.8,0,464.54,0.817,67.8,660,2,App,2,1500,180,600
2024-05-19,Agra,27.1767,78.0081,1,5,6,37.9,0,711.9,1.0,53.5,217,2,Kiosk,7,1300,150,550
2024-07-01,Jaipur,26.9124,75.7873,0,7,0,36.1,0,489.11,0.112,62.61,953,2,Agent,2,1500,180,600
2025-08-05,Kerala,10.8505,76.2711,0,8,1,35.4,0,508.99,-0.411,71.02,964,2,Agent,13,1700,220,700
2025-07-15,Kerala,10.8505,76.2711,0,7,1,38.2,0,320.67,-0.353,66.45,718,2,Web,8,1700,220,700
2025-05-21,Varanasi,25.3176,82.9739,0,5,2,36.4,0,126.29,0.613,48.41,320,3,Web,8,1400,160,500
2024-07-31,Andaman,11.7401,92.6586,0,7,2,37.3,0,252.84,-0.056,85.5,396,2,Agent,18,900,120,300
2024-08-15,Leh,34.1526,77.5771,0,8,3,16.4,0,528.8,0.215,96.99,692,3,Web,7,600,90,220
2025-07-03,Agra,27.1767,78.0081,0,7,3,35.7,0,682.39,-0.733,54.81,458,3,Agent,8,1300,150,550
2024-03-04,Manali,32.2432,77.1892,0,3,0,14.9,0,372.13,0.071,80.58,370,1,Agent,18,1200,140,450
2024-09-21,Kerala,10.8505,76.2711,1,9,5,28.5,0,377.77,-0.474,58.1,527,2,Kiosk,28,1700,220,700
2025-05-10,Varanasi,25.3176,82.9739,1,5,5,36.0,0,1103.13,-0.002,43.32,713,1,App,10,1400,160,500
2025-04-19,Leh,34.1526,77.5771,1,4,5,13.8,0,484.92,0.102,118.5,634,2,Web,4,600,90,220
2025-08-23,Goa,15.2993,74.124,1,8,5,34.8,0,177.47,0.44,86.49,637,3,Kiosk,4,2000,250,800
2024-05-12,Jaipur,26.9124,75.7873,1,5,6,38.0,0,287.96,0.098,75.16,865,3,App,11,1500,180,600
2025-04-09,Andaman,11.7401,92.6586,0,4,2,32.8,0,172.74,-0.6,81.46,429,3,App,16,900,120,300
2024-05-09,Kerala,10.8505,76.2711,0,5,3,38.1,0,199.0,0.071,62.79,972,3,Web,24,1700,220,700
2025-04-19,Varanasi,25.3176,82.9739,1,4,5,32.5,0,880.03,-0.097,53.85,766,1,App,26,1400,160,500
2024-12-04,Manali,32.2432,77.1892,0,12,2,6.4,0,364.05,1.0,71.45,523,2,App,24,1200,140,450
2025-06-02,Agra,27.1767,78.0081,0,6,0,39.3,0,208.43,0.096,60.13,535,1,Web,6,1300,150,550
2024-09-26,Jaipur,26.9124,75.7873,0,9,3,29.8,0,281.19,0.032,62.85,475,2,App,20,1500,180,600
2024-02-28,Jaipur,26.9124,75.7873,0,2,2,20.4,0,170.33,-0.081,65.34,307,2,Kiosk,18,1500,180,600
2024-10-12,Manali,32.2432,77.1892,1,10,5,11.5,0,115.89,0.439,74.54,751,2,Kiosk,14,1200,140,450
2024-08-17,Jaipur,26.9124,75.7873,1,8,5,33.4,1,83.12,0.2,59.25,661,1,Web,20,1500,180,600
2024-03-19,Varanasi,25.3176,82.9739,0,3,1,27.6,0,196.27,0.313,46.52,478,2,Kiosk,6,1400,160,500
2024-08-03,Varanasi,25.3176,82.9739,1,8,5,32.3,0,111.19,0.094,48.64,796,2,Web,28,1400,160,500
2024-07-21,Varanasi,25.3176,82.9739,1,7,6,35.5,0,576.63,1.0,51.59,634,4,Agent,10,1400,160,500
2025-04-19,Varanasi,25.3176,82.9739,1,4,5,31.8,0,56.52,0.73,52.04,339,2,Web,3,1400,160,500
2025-08-30,Leh,34.1526,77.5771,1,8,5,14.8,0,359.26,0.066,97.64,281,3,Kiosk,16,600,90,220
2024-08-12,Agra,27.1767,78.0081,0,8,0,31.5,1,681.8,0.636,61.32,677,3,App,13,1300,150,550
2025-06-27,Goa,15.2993,74.124,0,6,4,39.6,0,64.18,0.366,86.18,488,1,Web,6,2000,250,800
2024-09-24,Varanasi,25.3176,82.9739,0,9,1,27.7,0,214.91,0.217,49.93,511,3,Web,7,1400,160,500
2024-05-05,Jaipur,26.9124,75.7873,1,5,6,37.8,1,349.3,0.44,61.91,631,2,App,6,1500,180,600
2025-05-19,Manali,32.2432,77.1892,0,5,0,23.6,0,282.36,0.745,72.49,278,1,Web,2,1200,140,450
2024-06-01,Varanasi,25.3176,82.9739,1,6,5,37.5,0,474.53,-0.51,43.65,823,4,Web,9,1400,160,500
2024-08-02,Jaipur,26.9124,75.7873,0,8,4,34.8,0,241.61,0.526,58.96,628,2,Web,38,1500,180,600
2024-08-09,Andaman,11.7401,92.6586,0,8,4,33.4,1,741.74,0.42,97.37,489,2,App,32,900,120,300
2024-07-01,Manali,32.2432,77.1892,0,7,0,23.5,0,167.59,-0.899,71.64,660,2,Web,26,1200,140,450
2024-07-30,Kerala,10.8505,76.2711,0,7,1,36.7,0,315.63,0.841,61.97,460,2,Web,6,1700,220,700
2024-10-23,Varanasi,25.3176,82.9739,0,10,2,21.5,0,1459.95,0.017,49.77,319,2,App,4,1400,160,500
2025-09-02,Agra,27.1767,78.0081,0,9,1,27.9,0,217.91,0.549,46.5,790,2,App,17,1300,150,550
2025-03-06,Agra,27.1767,78.0081,0,3,3,26.9,0,37.83,-0.325,56.86,211,2,Kiosk,3,1300,150,550
2024-10-24,Andaman,11.7401,92.6586,0,10,3,23.4,1,385.95,-0.817,91.27,416,2,Web,6,900,120,300
2024-04-28,Manali,32.2432,77.1892,1,4,6,19.8,0,349.32,0.151,73.4,733,3,App,14,1200,140,450
2024-04-26,Jaipur,26.9124,75.7873,0,4,4,31.7,0,502.36,-0.152,69.76,733,2,Kiosk,3,1500,180,600
2025-02-20,Varanasi,25.3176,82.9739,0,2,3,23.2,0,61.66,0.998,50.35,572,2,Web,3,1400,160,500
2024-12-27,Varanasi,25.3176,82.9739,0,12,4,17.7,0,333.35,-1.0,42.15,302,3,Web,6,1400,160,500
2025-07-09,Goa,15.2993,74.124,0,7,2,38.5,0,1009.42,1.0,94.3,656,3,Kiosk,9,2000,250,800
2024-01-02,Leh,34.1526,77.5771,0,1,1,1.8,0,419.96,-0.048,96.67,303,2,App,6,600,90,220
2024-10-04,Varanasi,25.3176,82.9739,0,10,4,21.4,0,199.58,-0.036,44.78,487,1,Web,11,1400,160,500
2025-05-03,Jaipur,26.9124,75.7873,1,5,5,37.9,0,97.1,0.599,64.79,683,3,App,10,1500,180,600
2025-08-02,Jaipur,26.9124,75.7873,1,8,5,33.0,0,236.37,0.75,66.04,648,1,Web,20,1500,180,600
2024-06-16,Andaman,11.7401,92.6586,1,6,6,36.0,0,10.33,-0.714,95.6,569,2,Web,6,900,120,300
2024-12-24,Varanasi,25.3176,82.9739,0,12,1,15.3,0,594.06,0.031,53.05,512,2,Web,8,1400,160,500
2024-12-14,Goa,15.2993,74.124,1,12,5,19.6,0,461.35,0.282,74.15,775,2,Web,10,2000,250,800
2025-04-22,Kerala,10.8505,76.2711,0,4,1,34.6,0,1022.87,0.752,63.28,334,2,Kiosk,1,1700,220,700
2025-09-14,Leh,34.1526,77.5771,1,9,6,9.9,0,60.21,0.044,91.55,307,2,App,6,600,90,220
2024-09-28,Jaipur,26.9124,75.7873,1,9,5,30.3,0,60.93,-0.456,46.35,745,3,Agent,5,1500,180,600
2025-08-10,Goa,15.2993,74.124,1,8,6,35.6,0,404.55,-1.0,75.98,798,2,App,7,2000,250,800
2024-02-26,Andaman,11.7401,92.6586,0,2,0,23.2,0,915.89,0.829,95.44,610,2,App,6,900,120,300
2024-02-08,Andaman,11.7401,92.6586,0,2,3,23.9,0,226.9,-0.302,88.16,119,2,Web,11,900,120,300
2025-05-05,Goa,15.2993,74.124,0,5,0,40.6,0,432.42,-0.729,79.64,873,3,Agent,15,2000,250,800
2024-04-19,Varanasi,25.3176,82.9739,0,4,4,30.2,0,1135.41,0.007,58.73,699,3,Agent,10,1400,160,500
2024-05-03,Manali,32.2432,77.1892,0,5,4,23.4,0,222.08,0.08,78.29,592,2,Kiosk,9,1200,140,450
2024-01-31,Manali,32.2432,77.1892,0,1,2,5.8,0,348.97,0.453,73.43,424,3,Agent,29,1200,140,450
2024-04-18,Kerala,10.8505,76.2711,0,4,3,33.0,0,195.38,0.545,64.06,675,2,Web,14,1700,220,700
2024-02-02,Jaipur,26.9124,75.7873,0,2,4,24.0,0,491.83,1.0,61.73,840,2,Agent,15,1500,180,600
2024-04-24,Leh,34.1526,77.5771,0,4,2,15.2,0,380.66,-0.914,102.35,805,1,Web,27,600,90,220
2025-08-12,Leh,34.1526,77.5771,0,8,1,15.7,0,572.03,-0.486,92.57,438,2,Kiosk,2,600,90,220
2024-05-19,Manali,32.2432,77.1892,1,5,6,23.0,0,358.06,-0.468,79.07,507,1,Web,11,1200,140,450
2025-09-12,Leh,34.1526,77.5771,0,9,4,11.0,0,580.72,0.659,86.45,291,2,Agent,8,600,90,220
2024-03-22,Goa,15.2993,74.124,0,3,4,29.4,0,228.79,-0.318,80.31,532,4,Web,17,2000,250,800
2024-02-04,Manali,32.2432,77.1892,1,2,6,12.0,0,241.1,-0.251,65.29,260,1,Web,11,1200,140,450
2024-05-16,Goa,15.2993,74.124,0,5,3,40.1,0,548.95,-0.472,76.83,1171,2,Web,10,2000,250,800
2024-11-26,Manali,32.2432,77.1892,0,11,1,6.7,0,1133.22,0.3,62.97,112,3,Agent,15,1200,140,450
2024-07-15,Kerala,10.8505,76.2711,0,7,0,37.7,0,54.3,-0.279,67.91,586,2,Kiosk,6,1700,220,700
2025-01-26,Andaman,11.7401,92.6586,1,1,6,21.3,0,351.79,-0.462,82.66,246,2,Agent,8,900,120,300
2024-08-12,Agra,27.1767,78.0081,0,8,0,31.5,0,244.11,1.0,55.36,496,2,App,5,1300,150,550
2025-05-03,Goa,15.2993,74.124,1,5,5,37.7,0,142.38,0.947,87.43,571,1,Agent,5,2000,250,800
2025-04-01,Agra,27.1767,78.0081,0,4,1,31.4,0,474.06,0.746,71.19,394,3,Kiosk,12,1300,150,550
2024-10-24,Manali,32.2432,77.1892,0,10,3,7.8,1,1232.67,0.67,87.44,658,2,Agent,5,1200,140,450
2025-02-23,Varanasi,25.3176,82.9739,1,2,6,22.4,1,388.23,-0.496,51.07,398,2,Agent,22,1400,160,500
2025-07-24,Kerala,10.8505,76.2711,0,7,3,35.9,0,222.79,-0.562,72.2,840,2,Agent,19,1700,220,700
2025-09-13,Goa,15.2993,74.124,1,9,5,28.4,1,216.39,-0.649,78.87,619,3,Kiosk,20,2000,250,800
2024-06-02,Manali,32.2432,77.1892,1,6,6,23.4,0,101.51,0.418,70.28,274,3,App,13,1200,140,450
2024-06-19,Jaipur,26.9124,75.7873,0,6,2,37.6,0,628.74,0.026,58.43,905,1,App,39,1500,180,600
2025-01-09,Kerala,10.8505,76.2711,0,1,3,21.4,0,140.25,0.554,64.15,735,2,Web,6,1700,220,700
2024-07-09,Kerala,10.8505,76.2711,0,7,1,37.9,0,98.9,0.121,70.25,957,2,App,20,1700,220,700
2025-05-19,Kerala,10.8505,76.2711,0,5,0,36.8,0,684.44,0.097,61.59,752,3,App,10,1700,220,700
2025-01-19,Varanasi,25.3176,82.9739,1,1,6,18.2,0,164.91,-0.617,50.3,509,1,Web,10,1400,160,500
2025-08-03,Manali,32.2432,77.1892,1,8,6,20.6,0,442.75,0.774,74.76,360,2,Agent,10,1200,140,450
2024-11-29,Leh,34.1526,77.5771,0,11,4,3.2,0,504.52,0.549,97.46,752,3,Web,26,600,90,220
2024-12-03,Leh,34.1526,77.5771,0,12,1,0.2,0,909.02,-0.332,94.52,342,2,App,5,600,90,220
2025-03-13,Kerala,10.8505,76.2711,0,3,3,27.2,0,260.72,-1.0,71.55,643,2,App,9,1700,220,700
2025-03-20,Leh,34.1526,77.5771,0,3,3,9.1,0,1160.04,0.311,98.05,441,2,Agent,9,600,90,220
2025-04-29,Goa,15.2993,74.124,0,4,1,34.1,0,22.07,-0.372,89.28,641,3,Agent,6,2000,250,800
2024-04-19,Manali,32.2432,77.1892,0,4,4,20.5,0,164.76,0.138,79.59,504,1,Web,14,1200,140,450
2024-10-31,Varanasi,25.3176,82.9739,0,10,3,22.1,0,469.13,0.107,54.63,394,2,Kiosk,1,1400,160,500
2024-07-01,Varanasi,25.3176,82.9739,0,7,0,37.6,0,393.1,0.177,45.3,825,2,Web,2,1400,160,500
2024-11-14,Kerala,10.8505,76.2711,0,11,3,19.9,1,285.24,0.252,71.0,568,2,Agent,11,1700,220,700
2025-03-28,Manali,32.2432,77.1892,0,3,4,15.6,0,456.33,-0.259,73.4,363,1,Agent,26,1200,140,450
2024-02-04,Andaman,11.7401,92.6586,1,2,6,23.9,0,464.01,0.508,95.11,484,3,Kiosk,15,900,120,300
2024-07-19,Leh,34.1526,77.5771,0,7,4,19.6,0,218.05,0.416,89.19,93,2,App,5,600,90,220
2025-01-29,Leh,34.1526,77.5771,0,1,2,0.9,0,698.87,-0.22,96.05,174,3,Kiosk,12,600,90,220
2025-07-16,Jaipur,26.9124,75.7873,0,7,2,35.3,0,720.04,1.0,55.44,375,2,App,10,1500,180,600
2024-04-10,Manali,32.2432,77.1892,0,4,2,21.7,0,155.22,-0.278,84.85,399,2,Agent,11,1200,140,450
2024-07-10,Kerala,10.8505,76.2711,0,7,2,37.2,0,614.62,0.093,77.42,911,3,App,6,1700,220,700
2025-01-08,Leh,34.1526,77.5771,0,1,2,0.5,0,868.08,0.015,95.93,177,1,Agent,19,600,90,220
2024-03-18,Leh,34.1526,77.5771,0,3,0,11.4,0,423.78,0.026,104.02,347,3,App,2,600,90,220
2024-06-21,Manali,32.2432,77.1892,0,6,4,24.3,0,50.65,-1.0,80.7,535,2,App,14,1200,140,450
2024-11-17,Andaman,11.7401,92.6586,1,11,6,21.7,0,279.76,0.019,89.12,433,2,Web,11,900,120,300
2025-06-07,Kerala,10.8505,76.2711,1,6,5,38.0,0,202.1,0.666,78.06,726,2,App,7,1700,220,700
2025-05-28,Goa,15.2993,74.124,0,5,2,38.4,0,1762.69,0.518,76.46,523,2,Kiosk,2,2000,250,800
2024-10-22,Andaman,11.7401,92.6586,0,10,1,20.6,0,424.84,0.104,93.4,528,3,Agent,5,900,120,300
2024-01-05,Goa,15.2993,74.124,0,1,4,21.0,0,295.11,0.918,79.98,965,3,App,43,2000,250,800
2025-03-06,Goa,15.2993,74.124,0,3,3,29.1,1,193.77,0.077,84.84,437,1,Agent,28,2000,250,800
2025-06-07,Agra,27.1767,78.0081,1,6,5,37.2,0,277.06,-0.348,51.02,700,3,Agent,18,1300,150,550
2025-05-22,Leh,34.1526,77.5771,0,5,3,19.9,0,1266.84,0.411,95.91,210,2,Agent,8,600,90,220
2025-02-03,Jaipur,26.9124,75.7873,0,2,0,23.6,0,406.76,0.821,56.66,552,2,Agent,3,1500,180,600
2024-01-20,Andaman,11.7401,92.6586,1,1,5,18.8,0,168.15,-0.249,97.93,590,2,Web,4,900,120,300
2024-12-06,Andaman,11.7401,92.6586,0,12,4,16.4,0,267.57,0.478,91.15,490,1,Kiosk,8,900,120,300
2024-03-10,Jaipur,26.9124,75.7873,1,3,6,29.5,0,642.9,0.722,59.8,791,2,Kiosk,11,1500,180,600
2025-01-27,Goa,15.2993,74.124,0,1,0,21.2,0,597.52,-0.547,81.9,700,2,Web,11,2000,250,800
2025-07-27,Manali,32.2432,77.1892,1,7,6,23.5,0,447.83,-0.247,72.6,593,3,Kiosk,7,1200,140,450
2025-07-02,Goa,15.2993,74.124,0,7,2,38.6,0,256.54,0.454,70.04,606,3,Kiosk,2,2000,250,800
2025-05-20,Varanasi,25.3176,82.9739,0,5,1,35.7,0,178.35,-0.298,53.15,791,1,App,9,1400,160,500
2025-05-22,Agra,27.1767,78.0081,0,5,3,35.4,0,255.81,-0.177,57.59,504,2,Kiosk,3,1300,150,550
2025-09-30,Agra,27.1767,78.0081,0,9,1,28.3,0,180.24,0.891,54.32,654,2,Agent,7,1300,150,550
2025-01-12,Varanasi,25.3176,82.9739,1,1,6,18.9,0,240.39,0.244,58.62,592,2,Web,10,1400,160,500
2024-08-28,Goa,15.2993,74.124,0,8,2,35.2,0,376.53,-0.486,74.15,715,2,App,10,2000,250,800
2024-01-15,Andaman,11.7401,92.6586,0,1,0,19.9,0,597.69,0.464,90.21,638,2,App,4,900,120,300
2024-01-19,Leh,34.1526,77.5771,0,1,4,3.1,1,371.45,0.13,99.34,180,2,Kiosk,10,600,90,220
2025-06-18,Andaman,11.7401,92.6586,0,6,2,37.3,0,142.8,-0.135,91.26,381,1,Agent,10,900,120,300
2024-03-28,Varanasi,25.3176,82.9739,0,3,3,29.7,0,112.42,0.664,64.24,165,2,Kiosk,7,1400,160,500
2024-10-06,Jaipur,26.9124,75.7873,1,10,6,24.8,0,880.83,-0.019,57.82,481,2,Kiosk,3,1500,180,600
2024-01-27,Leh,34.1526,77.5771,1,1,5,0.5,0,520.12,0.42,106.87,425,2,Agent,2,600,90,220
2025-06-18,Varanasi,25.3176,82.9739,0,6,2,37.9,0,257.26,0.113,55.65,607,2,Web,3,1400,160,500
2024-11-27,Varanasi,25.3176,82.9739,0,11,2,17.8,0,938.88,-0.445,48.2,326,2,Web,9,1400,160,500
2025-01-29,Andaman,11.7401,92.6586,0,1,2,18.9,0,99.22,0.128,83.06,218,2,App,1,900,120,300
2024-11-23,Agra,27.1767,78.0081,1,11,5,18.9,0,2051.63,0.414,55.68,701,2,Web,12,1300,150,550
2024-01-24,Varanasi,25.3176,82.9739,0,1,2,17.7,0,263.85,0.605,42.12,772,2,App,1,1400,160,500
2024-03-15,Goa,15.2993,74.124,0,3,4,29.5,0,878.59,0.352,78.86,1107,2,Kiosk,20,2000,250,800
2024-10-15,Andaman,11.7401,92.6586,0,10,1,22.9,0,488.68,-1.0,83.38,203,3,App,21,900,120,300
2025-08-27,Andaman,11.7401,92.6586,0,8,2,30.9,0,784.67,-0.305,91.25,711,2,Agent,8,900,120,300
2024-08-29,Varanasi,25.3176,82.9739,0,8,3,31.4,0,246.26,-0.131,52.51,662,3,Agent,28,1400,160,500
2024-05-20,Jaipur,26.9124,75.7873,0,5,0,36.5,0,502.69,1.0,55.71,304,2,Kiosk,14,1500,180,600
2025-06-23,Manali,32.2432,77.1892,0,6,0,27.1,0,92.93,-0.702,70.71,651,3,Agent,7,1200,140,450
2024-05-27,Kerala,10.8505,76.2711,0,5,0,38.5,0,122.06,0.447,71.38,452,3,Web,12,1700,220,700
2025-05-20,Kerala,10.8505,76.2711,0,5,1,36.1,0,106.46,-0.719,63.37,872,1,Web,16,1700,220,700
2025-02-15,Andaman,11.7401,92.6586,1,2,5,24.2,0,32.46,-0.686,94.49,358,1,Web,34,900,120,300
2024-04-27,Agra,27.1767,78.0081,1,4,5,33.2,0,681.79,-0.171,48.79,816,2,Web,11,1300,150,550
2025-05-01,Jaipur,26.9124,75.7873,0,5,3,35.4,0,483.49,-0.008,61.91,892,3,Web,8,1500,180,600
2024-08-09,Varanasi,25.3176,82.9739,0,8,4,31.6,0,291.46,0.854,48.19,382,2,Agent,37,1400,160,500
2024-01-30,Manali,32.2432,77.1892,0,1,1,5.5,0,989.64,-0.164,70.84,288,3,Agent,10,1200,140,450
2024-07-30,Agra,27.1767,78.0081,0,7,1,36.0,0,304.02,1.0,49.49,347,3,App,3,1300,150,550
2024-06-22,Agra,27.1767,78.0081,1,6,5,38.6,0,115.34,-0.336,63.28,531,2,Web,7,1300,150,550
2025-01-21,Varanasi,25.3176,82.9739,0,1,1,19.6,0,35.35,-0.761,34.31,443,1,Kiosk,5,1400,160,500
2024-09-22,Manali,32.2432,77.1892,1,9,6,12.7,0,327.99,-0.124,79.36,42,2,Agent,1,1200,140,450
2025-05-21,Goa,15.2993,74.124,0,5,2,36.3,0,572.1,0.04,79.94,978,2,Web,20,2000,250,800
2024-12-02,Kerala,10.8505,76.2711,0,12,0,18.8,0,262.63,-0.051,56.05,412,3,Agent,16,1700,220,700
2024-06-20,Goa,15.2993,74.124,0,6,3,41.2,0,153.4,0.075,75.35,627,3,Kiosk,3,2000,250,800
2024-04-03,Kerala,10.8505,76.2711,0,4,2,33.2,0,400.77,0.42,71.97,471,3,Kiosk,9,1700,220,700
2024-01-28,Manali,32.2432,77.1892,1,1,6,7.4,0,558.62,-0.004,68.2,251,1,Web,9,1200,140,450
2024-08-04,Manali,32.2432,77.1892,1,8,6,18.5,1,187.6,-0.033,80.42,671,2,Agent,16,1200,140,450
2025-04-27,Manali,32.2432,77.1892,1,4,6,21.3,0,12.66,0.54,85.02,309,3,Kiosk,3,1200,140,450
2025-07-31,Varanasi,25.3176,82.9739,0,7,3,34.2,0,32.08,-0.558,55.42,606,4,Web,8,1400,160,500
2024-03-09,Varanasi,25.3176,82.9739,1,3,5,28.0,0,749.91,0.826,50.64,449,2,Kiosk,12,1400,160,500
2024-09-06,Leh,34.1526,77.5771,0,9,4,10.1,0,277.38,-0.284,93.1,0,2,Kiosk,5,600,90,220
2024-06-20,Goa,15.2993,74.124,0,6,3,38.6,0,407.26,-0.106,75.47,665,1,Agent,8,2000,250,800
2025-07-02,Manali,32.2432,77.1892,0,7,2,24.9,1,830.09,-0.092,73.12,782,2,Kiosk,4,1200,140,450
2025-09-26,Jaipur,26.9124,75.7873,0,9,4,27.2,0,458.08,0.276,65.52,518,3,Agent,10,1500,180,600
2024-11-10,Manali,32.2432,77.1892,1,11,6,4.9,0,205.99,-0.384,74.34,386,2,Kiosk,27,1200,140,450
2025-09-11,Andaman,11.7401,92.6586,0,9,3,28.3,0,198.68,-0.869,76.84,73,3,Kiosk,15,900,120,300
2025-09-22,Agra,27.1767,78.0081,0,9,0,28.3,1,1526.01,-0.634,55.64,262,3,App,10,1300,150,550
2024-02-18,Andaman,11.7401,92.6586,1,2,6,23.3,0,522.41,0.187,81.29,406,3,App,12,900,120,300
2024-11-09,Jaipur,26.9124,75.7873,1,11,5,19.2,0,344.49,0.516,57.44,750,3,Agent,15,1500,180,600
2024-12-19,Varanasi,25.3176,82.9739,0,12,3,16.4,0,377.17,-0.399,51.5,370,1,Web,18,1400,160,500
2024-01-11,Goa,15.2993,74.124,0,1,3,20.5,0,174.25,0.461,77.68,866,3,Agent,8,2000,250,800
2024-04-29,Agra,27.1767,78.0081,0,4,0,30.4,0,356.69,0.141,56.42,767,2,App,14,1300,150,550
2025-09-04,Kerala,10.8505,76.2711,0,9,3,31.1,0,729.56,-0.631,66.61,871,3,Agent,5,1700,220,700
2025-03-11,Goa,15.2993,74.124,0,3,1,30.8,0,99.49,0.163,81.53,546,2,App,10,2000,250,800
2025-05-07,Kerala,10.8505,76.2711,0,5,2,35.7,0,581.33,-0.933,72.76,927,2,App,2,1700,220,700
2024-03-09,Manali,32.2432,77.1892,1,3,5,14.7,0,256.89,0.301,80.72,114,4,Agent,21,1200,140,450
2024-04-20,Leh,34.1526,77.5771,1,4,5,14.1,0,574.69,0.012,102.22,827,2,App,13,600,90,220
2024-03-28,Varanasi,25.3176,82.9739,0,3,3,28.1,0,736.84,0.227,56.61,520,2,App,1,1400,160,500
2024-01-21,Andaman,11.7401,92.6586,1,1,6,22.8,0,86.39,1.0,88.58,504,1,Web,1,900,120,300
2025-02-11,Jaipur,26.9124,75.7873,0,2,1,23.2,0,314.63,0.187,60.82,360,3,Agent,7,1500,180,600
2025-08-18,Manali,32.2432,77.1892,0,8,0,20.9,0,421.88,-0.363,67.62,404,2,Kiosk,7,1200,140,450
2025-07-29,Manali,32.2432,77.1892,0,7,1,22.7,0,238.15,-0.489,60.93,416,2,Kiosk,20,1200,140,450
2025-03-16,Varanasi,25.3176,82.9739,1,3,6,26.2,0,131.77,0.199,47.15,374,2,Web,29,1400,160,500
2024-12-01,Kerala,10.8505,76.2711,1,12,6,19.8,0,805.46,0.448,63.94,741,2,Web,8,1700,220,700
2025-04-04,Manali,32.2432,77.1892,0,4,4,19.6,0,714.51,0.316,69.83,446,3,App,2,1200,140,450
2024-03-30,Leh,34.1526,77.5771,1,3,5,9.7,0,261.75,0.779,97.81,463,2,Agent,6,600,90,220
2024-09-18,Leh,34.1526,77.5771,0,9,2,10.0,0,176.32,0.078,91.61,227,3,Agent,5,600,90,220
2025-09-25,Leh,34.1526,77.5771,0,9,3,9.6,0,970.78,-0.499,97.79,403,2,Kiosk,20,600,90,220
2024-01-19,Goa,15.2993,74.124,0,1,4,21.4,0,683.85,0.956,85.24,801,3,Web,29,2000,250,800
2024-11-19,Leh,34.1526,77.5771,0,11,1,3.4,0,839.05,0.557,94.03,735,2,App,5,600,90,220
2024-12-28,Andaman,11.7401,92.6586,1,12,5,20.4,0,110.35,0.283,87.08,315,2,Agent,15,900,120,300
2025-02-13,Kerala,10.8505,76.2711,0,2,3,24.7,0,356.0,0.398,75.51,684,2,Agent,2,1700,220,700
2024-04-13,Varanasi,25.3176,82.9739,1,4,5,30.8,0,387.27,0.275,56.17,866,2,Agent,6,1400,160,500
2024-04-04,Agra,27.1767,78.0081,0,4,3,32.0,0,504.97,-0.258,63.78,618,1,Kiosk,12,1300,150,550
2024-09-30,Leh,34.1526,77.5771,0,9,0,9.0,0,682.13,-0.404,100.38,191,3,Agent,12,600,90,220
2024-01-17,Jaipur,26.9124,75.7873,0,1,2,20.1,0,92.79,0.035,70.26,293,2,Kiosk,5,1500,180,600
2024-09-12,Kerala,10.8505,76.2711,0,9,3,29.4,0,497.87,-0.853,78.43,911,2,App,8,1700,220,700
2024-05-07,Leh,34.1526,77.5771,0,5,1,19.1,0,593.13,0.459,97.99,202,2,Agent,33,600,90,220
2024-06-23,Leh,34.1526,77.5771,1,6,6,20.8,0,591.36,-0.212,90.41,475,2,Kiosk,18,600,90,220
2024-06-25,Kerala,10.8505,76.2711,0,6,1,39.8,0,486.08,0.902,65.93,667,2,App,30,1700,220,700
2025-01-10,Varanasi,25.3176,82.9739,0,1,4,18.3,0,99.51,-0.124,49.86,409,3,Kiosk,11,1400,160,500
2024-06-12,Jaipur,26.9124,75.7873,0,6,2,37.7,0,128.55,-0.017,61.34,812,2,Kiosk,11,1500,180,600
2024-12-22,Varanasi,25.3176,82.9739,1,12,6,18.5,0,176.98,0.072,42.52,449,2,Agent,17,1400,160,500
2025-01-07,Kerala,10.8505,76.2711,0,1,1,20.1,0,83.83,-0.161,77.16,643,2,Web,31,1700,220,700
2024-05-16,Varanasi,25.3176,82.9739,0,5,3,37.8,0,235.98,-0.16,53.94,695,3,Agent,12,1400,160,500
2025-02-23,Jaipur,26.9124,75.7873,1,2,6,24.2,0,446.82,0.82,57.01,886,1,App,5,1500,180,600
2025-05-05,Goa,15.2993,74.124,0,5,0,38.7,0,292.83,0.418,88.64,538,4,Web,38,2000,250,800
2024-03-11,Manali,32.2432,77.1892,0,3,0,15.1,0,467.41,-0.445,66.01,223,3,Agent,2,1200,140,450
2025-03-25,Varanasi,25.3176,82.9739,0,3,1,27.7,1,364.52,0.058,40.84,222,3,Kiosk,5,1400,160,500
2024-04-28,Jaipur,26.9124,75.7873,1,4,6,34.0,0,895.58,0.088,67.27,1125,3,Web,6,1500,180,600
2025-04-13,Varanasi,25.3176,82.9739,1,4,6,34.5,0,117.23,0.385,52.47,306,3,Web,2,1400,160,500
2025-05-03,Jaipur,26.9124,75.7873,1,5,5,36.0,0,161.37,0.169,71.66,865,2,App,13,1500,180,600
2025-08-10,Kerala,10.8505,76.2711,1,8,6,34.6,0,221.31,-0.688,62.61,770,2,App,3,1700,220,700
2024-05-19,Goa,15.2993,74.124,1,5,6,40.1,0,1188.4,0.712,80.68,650,1,App,11,2000,250,800
2024-10-24,Kerala,10.8505,76.2711,0,10,3,26.1,0,465.76,0.563,71.09,964,4,App,14,1700,220,700
2024-09-06,Varanasi,25.3176,82.9739,0,9,4,25.9,0,367.64,-0.209,54.1,213,2,Kiosk,25,1400,160,500
2024-05-03,Manali,32.2432,77.1892,0,5,4,24.5,1,392.07,-0.932,88.19,386,3,Kiosk,8,1200,140,450
2025-02-26,Andaman,11.7401,92.6586,0,2,2,24.7,0,39.58,-0.09,77.8,163,2,App,31,900,120,300
2025-05-31,Goa,15.2993,74.124,1,5,5,38.7,0,379.14,0.668,76.78,794,2,Kiosk,19,2000,250,800
2025-07-20,Leh,34.1526,77.5771,1,7,6,19.7,0,372.4,-0.424,93.93,476,2,Agent,10,600,90,220
2024-02-25,Jaipur,26.9124,75.7873,1,2,6,23.2,0,407.41,-0.454,65.82,778,3,App,6,1500,180,600
2024-08-11,Leh,34.1526,77.5771,1,8,6,16.1,0,232.9,-0.308,91.23,479,3,Agent,2,600,90,220
2024-05-21,Manali,32.2432,77.1892,0,5,1,24.2,0,542.02,0.563,71.24,338,3,Agent,1,1200,140,450
2024-05-20,Manali,32.2432,77.1892,0,5,0,21.8,0,282.3,0.079,66.42,525,1,Web,13,1200,140,450
2024-03-22,Leh,34.1526,77.5771,0,3,4,7.6,1,222.68,-0.062,93.24,93,3,App,12,600,90,220
2024-05-20,Kerala,10.8505,76.2711,0,5,0,37.6,0,438.22,-0.267,72.43,806,2,Agent,2,1700,220,700
2024-08-26,Varanasi,25.3176,82.9739,0,8,0,32.1,0,584.31,-1.0,41.71,745,3,Web,24,1400,160,500
2025-05-16,Andaman,11.7401,92.6586,0,5,4,36.3,0,421.39,-0.162,92.84,267,2,Agent,21,900,120,300
2025-03-06,Goa,15.2993,74.124,0,3,3,30.0,0,590.32,-0.375,83.76,702,3,App,2,2000,250,800
2024-07-02,Jaipur,26.9124,75.7873,0,7,1,36.7,0,433.09,-0.099,60.25,515,2,Kiosk,2,1500,180,600
2024-02-09,Jaipur,26.9124,75.7873,0,2,4,22.0,0,329.76,-0.508,67.92,271,2,Agent,13,1500,180,600
2025-06-19,Jaipur,26.9124,75.7873,0,6,3,37.4,0,737.08,-0.949,66.16,741,1,Kiosk,19,1500,180,600
2024-04-22,Goa,15.2993,74.124,0,4,0,36.0,0,248.6,-0.459,86.49,933,1,Kiosk,5,2000,250,800
2024-05-25,Manali,32.2432,77.1892,1,5,5,24.7,0,472.22,0.033,74.38,727,2,App,4,1200,140,450
2024-10-14,Jaipur,26.9124,75.7873,0,10,0,22.5,0,280.88,1.0,64.8,632,3,Web,5,1500,180,600
2025-08-24,Agra,27.1767,78.0081,1,8,6,31.8,0,333.25,-0.373,61.65,657,1,Kiosk,10,1300,150,550
2025-08-03,Leh,34.1526,77.5771,1,8,6,15.8,0,748.74,0.908,92.97,282,4,App,9,600,90,220
2024-07-12,Jaipur,26.9124,75.7873,0,7,4,36.0,0,343.16,0.053,73.14,904,2,Web,2,1500,180,600
2024-12-17,Jaipur,26.9124,75.7873,0,12,1,17.6,0,70.23,-0.261,57.74,285,1,Kiosk,7,1500,180,600
2024-04-14,Andaman,11.7401,92.6586,1,4,6,31.8,0,195.64,0.157,92.3,642,2,App,9,900,120,300
2024-09-12,Agra,27.1767,78.0081,0,9,3,26.8,0,553.95,0.169,67.02,657,2,Kiosk,40,1300,150,550
2025-01-25,Varanasi,25.3176,82.9739,1,1,5,21.2,0,246.34,-0.649,55.91,724,1,Web,20,1400,160,500
2024-09-27,Kerala,10.8505,76.2711,0,9,4,29.3,0,576.5,0.039,60.49,399,2,Kiosk,23,1700,220,700
2025-07-13,Jaipur,26.9124,75.7873,1,7,6,36.0,1,1017.29,-0.217,57.55,735,3,Kiosk,13,1500,180,600
2024-08-18,Leh,34.1526,77.5771,1,8,6,15.3,0,741.95,0.405,84.06,300,2,App,8,600,90,220
2024-03-27,Manali,32.2432,77.1892,0,3,2,15.2,0,688.35,-0.542,73.39,473,1,Web,18,1200,140,450
2025-08-25,Andaman,11.7401,92.6586,0,8,0,32.6,0,911.85,0.69,92.9,400,2,App,1,900,120,300
2024-11-28,Jaipur,26.9124,75.7873,0,11,3,19.4,0,136.46,0.345,53.52,335,2,Agent,14,1500,180,600
2024-03-31,Leh,34.1526,77.5771,1,3,6,8.1,0,540.78,0.065,90.9,223,2,Agent,26,600,90,220
2024-05-09,Jaipur,26.9124,75.7873,0,5,3,37.3,0,399.55,-0.234,73.95,1097,3,App,24,1500,180,600
2024-11-06,Agra,27.1767,78.0081,0,11,2,17.6,0,343.16,0.334,52.85,240,2,Agent,12,1300,150,550
2024-12-14,Goa,15.2993,74.124,1,12,5,21.4,0,824.97,0.111,83.86,795,4,Kiosk,5,2000,250,800
2024-08-24,Kerala,10.8505,76.2711,1,8,5,35.4,1,95.17,-0.715,75.44,606,3,Kiosk,28,1700,220,700
2025-03-09,Andaman,11.7401,92.6586,1,3,6,26.9,0,109.21,0.574,85.01,589,2,Web,4,900,120,300
2024-09-26,Jaipur,26.9124,75.7873,0,9,3,26.6,0,181.39,0.578,50.82,666,1,Web,8,1500,180,600
2025-01-03,Manali,32.2432,77.1892,0,1,4,7.8,0,371.25,0.406,71.58,573,2,Kiosk,26,1200,140,450
2024-05-10,Agra,27.1767,78.0081,0,5,4,36.2,0,134.03,0.139,63.03,785,2,App,6,1300,150,550
2024-10-26,Manali,32.2432,77.1892,1,10,5,9.7,0,561.32,-0.571,60.28,295,2,Agent,4,1200,140,450
2025-06-30,Varanasi,25.3176,82.9739,0,6,0,39.2,1,487.37,-0.508,47.97,668,3,Kiosk,15,1400,160,500
2024-06-09,Leh,34.1526,77.5771,1,6,6,20.7,0,665.7,-0.357,92.61,789,3,App,1,600,90,220
2024-04-10,Kerala,10.8505,76.2711,0,4,2,32.6,0,156.42,0.282,75.78,618,1,Agent,4,1700,220,700
2025-07-27,Goa,15.2993,74.124,1,7,6,40.6,0,75.09,0.796,88.66,497,3,Web,10,2000,250,800
2024-08-12,Agra,27.1767,78.0081,0,8,0,31.8,1,219.01,0.246,52.19,778,2,App,16,1300,150,550
2025-04-15,Jaipur,26.9124,75.7873,0,4,1,31.9,0,354.26,-0.217,65.62,555,1,Agent,9,1500,180,600
2024-02-24,Agra,27.1767,78.0081,1,2,5,23.5,0,505.27,-0.452,54.61,209,3,Agent,15,1300,150,550
2024-08-07,Leh,34.1526,77.5771,0,8,2,16.3,0,605.4,0.811,100.36,162,1,Agent,2,600,90,220
2025-06-12,Leh,34.1526,77.5771,0,6,3,22.8,0,326.08,-0.694,92.88,348,1,App,8,600,90,220
2024-07-22,Andaman,11.7401,92.6586,0,7,0,36.1,0,336.34,0.359,88.98,153,2,App,14,900,120,300
2025-03-17,Andaman,11.7401,92.6586,0,3,0,28.6,0,628.87,-0.14,95.7,235,2,Agent,10,900,120,300
2025-08-07,Leh,34.1526,77.5771,0,8,3,16.1,0,471.45,0.195,102.75,531,2,App,10,600,90,220
2024-05-16,Jaipur,26.9124,75.7873,0,5,3,36.7,0,1057.12,-0.025,64.85,1151,3,Web,1,1500,180,600
2024-03-15,Jaipur,26.9124,75.7873,0,3,4,28.5,0,146.2,-0.332,59.37,581,2,Web,24,1500,180,600
2024-10-12,Andaman,11.7401,92.6586,1,10,5,23.7,0,256.17,-0.426,78.69,474,1,Agent,6,900,120,300
2024-01-18,Kerala,10.8505,76.2711,0,1,3,20.7,0,1457.86,0.494,64.19,866,1,Kiosk,6,1700,220,700
2025-03-07,Goa,15.2993,74.124,0,3,4,29.2,0,250.8,0.17,82.04,333,3,Kiosk,12,2000,250,800
2024-07-27,Agra,27.1767,78.0081,1,7,5,34.0,0,436.9,0.304,69.62,877,3,Kiosk,19,1300,150,550
2024-07-28,Leh,34.1526,77.5771,1,7,6,16.5,0,556.6,-0.368,93.71,701,3,Kiosk,8,600,90,220
2025-05-20,Kerala,10.8505,76.2711,0,5,1,36.1,0,173.39,0.266,62.57,818,2,Kiosk,13,1700,220,700
2024-09-12,Goa,15.2993,74.124,0,9,3,29.0,0,349.47,0.438,69.97,1053,3,Web,9,2000,250,800
2025-09-14,Goa,15.2993,74.124,1,9,6,29.9,0,227.8,0.433,74.01,973,2,Web,6,2000,250,800
2024-12-22,Jaipur,26.9124,75.7873,1,12,6,19.7,0,481.05,-0.098,59.97,657,3,Web,14,1500,180,600
2024-05-21,Kerala,10.8505,76.2711,0,5,1,39.2,0,412.0,-0.285,68.04,819,2,Kiosk,21,1700,220,700
2024-07-11,Kerala,10.8505,76.2711,0,7,3,37.9,0,328.36,-0.432,68.2,616,3,Agent,12,1700,220,700
2024-04-01,Jaipur,26.9124,75.7873,0,4,0,32.7,0,287.17,1.0,55.32,624,2,App,15,1500,180,600
2024-06-13,Andaman,11.7401,92.6586,0,6,3,38.7,0,111.67,-0.504,92.02,369,2,Agent,15,900,120,300
2025-08-08,Manali,32.2432,77.1892,0,8,4,17.3,0,664.65,-0.307,88.15,693,3,App,8,1200,140,450
2024-04-28,Varanasi,25.3176,82.9739,1,4,6,29.7,0,293.68,0.377,45.88,423,2,Agent,10,1400,160,500
2024-06-27,Kerala,10.8505,76.2711,0,6,3,38.0,0,1130.72,-0.225,60.13,607,2,Agent,14,1700,220,700
2025-08-02,Varanasi,25.3176,82.9739,1,8,5,32.1,0,155.85,0.532,39.85,563,3,App,14,1400,160,500
2025-02-08,Kerala,10.8505,76.2711,1,2,5,25.6,0,833.52,0.154,61.76,672,2,App,14,1700,220,700
2024-03-20,Jaipur,26.9124,75.7873,0,3,2,26.8,0,93.15,-0.03,64.17,354,2,Kiosk,4,1500,180,600
2025-07-14,Kerala,10.8505,76.2711,0,7,0,40.6,0,162.33,-0.657,65.91,618,1,Agent,29,1700,220,700
2024-10-23,Andaman,11.7401,92.6586,0,10,2,22.9,0,763.14,-0.111,96.07,198,3,Kiosk,27,900,120,300
2025-05-09,Leh,34.1526,77.5771,0,5,4,19.5,0,797.45,-0.261,96.18,250,2,Kiosk,39,600,90,220
2024-06-24,Agra,27.1767,78.0081,0,6,0,36.4,0,556.93,0.617,55.92,320,3,App,9,1300,150,550
2024-07-09,Leh,34.1526,77.5771,0,7,1,18.9,0,139.82,-0.567,90.58,502,3,Agent,6,600,90,220
2025-09-04,Agra,27.1767,78.0081,0,9,3,25.7,0,430.01,0.131,62.73,441,3,App,3,1300,150,550
2025-01-17,Goa,15.2993,74.124,0,1,4,22.4,0,358.27,0.324,84.28,739,3,Web,2,2000,250,800
2024-11-28,Manali,32.2432,77.1892,0,11,3,5.8,0,125.91,-0.178,58.78,307,3,Web,1,1200,140,450
2024-07-12,Agra,27.1767,78.0081,0,7,4,35.5,0,634.41,0.101,61.24,961,1,App,4,1300,150,550
2024-04-04,Kerala,10.8505,76.2711,0,4,3,35.8,0,310.97,0.25,61.62,511,2,Agent,40,1700,220,700
2024-10-27,Andaman,11.7401,92.6586,1,10,6,25.1,0,281.06,-0.496,93.38,224,2,Kiosk,13,900,120,300
2024-12-13,Jaipur,26.9124,75.7873,0,12,4,17.1,0,247.32,-0.002,52.8,271,2,Kiosk,2,1500,180,600
2024-11-14,Varanasi,25.3176,82.9739,0,11,3,18.8,0,952.78,0.637,55.8,881,2,Kiosk,14,1400,160,500
2024-12-14,Leh,34.1526,77.5771,1,12,5,-0.3,0,540.17,0.309,83.77,206,3,Agent,9,600,90,220
2025-01-17,Jaipur,26.9124,75.7873,0,1,4,19.0,0,334.76,0.238,65.1,650,3,App,1,1500,180,600
2025-05-08,Goa,15.2993,74.124,0,5,3,40.4,0,984.12,0.412,81.55,677,2,Web,5,2000,250,800
2025-09-26,Goa,15.2993,74.124,0,9,4,28.7,1,555.36,1.0,79.74,948,2,Web,19,2000,250,800
2024-03-01,Jaipur,26.9124,75.7873,0,3,4,24.6,0,846.63,0.763,66.39,860,2,Web,13,1500,180,600
2024-11-24,Andaman,11.7401,92.6586,1,11,6,18.8,0,338.68,-0.761,84.34,302,1,Kiosk,5,900,120,300
2025-03-05,Andaman,11.7401,92.6586,0,3,2,28.9,0,55.04,0.671,88.07,527,2,Kiosk,5,900,120,300
2024-02-05,Manali,32.2432,77.1892,0,2,0,9.7,0,310.98,1.0,72.94,564,3,Web,7,1200,140,450
2025-01-05,Manali,32.2432,77.1892,1,1,6,7.1,0,366.45,0.224,76.84,327,2,Kiosk,4,1200,140,450
2024-08-14,Goa,15.2993,74.124,0,8,2,36.5,1,865.8,0.014,89.07,862,2,Kiosk,5,2000,250,800
2024-04-01,Leh,34.1526,77.5771,0,4,0,17.1,0,744.24,-0.055,106.5,684,1,Agent,19,600,90,220
2024-07-19,Varanasi,25.3176,82.9739,0,7,4,35.4,1,592.85,0.485,57.07,360,2,Kiosk,10,1400,160,500
2024-05-20,Kerala,10.8505,76.2711,0,5,0,39.7,0,351.23,-0.054,77.27,647,3,Kiosk,1,1700,220,700
2025-02-25,Agra,27.1767,78.0081,0,2,1,22.5,0,557.44,0.808,60.76,630,2,Kiosk,23,1300,150,550
2025-02-22,Andaman,11.7401,92.6586,1,2,5,23.7,0,150.05,-0.214,85.85,347,2,Web,7,900,120,300
2024-06-28,Agra,27.1767,78.0081,0,6,4,38.3,0,424.11,-1.0,52.69,504,2,Web,5,1300,150,550
2024-02-27,Varanasi,25.3176,82.9739,0,2,1,22.9,0,90.83,-0.236,49.08,418,1,Kiosk,11,1400,160,500
2024-07-05,Varanasi,25.3176,82.9739,0,7,4,36.5,0,253.79,-0.094,50.32,447,2,Kiosk,16,1400,160,500
2024-09-03,Goa,15.2993,74.124,0,9,1,30.8,0,217.57,-0.558,84.3,400,2,Agent,4,2000,250,800
2024-11-28,Goa,15.2993,74.124,0,11,3,21.8,1,4.59,-1.0,87.92,587,1,Web,14,2000,250,800
2024-04-14,Kerala,10.8505,76.2711,1,4,6,32.1,0,1621.67,0.187,67.99,1037,2,Kiosk,16,1700,220,700
2025-09-06,Agra,27.1767,78.0081,1,9,5,28.1,0,575.69,-0.422,56.15,477,2,Web,6,1300,150,550
2024-07-20,Jaipur,26.9124,75.7873,1,7,5,37.0,0,231.29,0.151,57.93,860,2,App,30,1500,180,600
2024-08-16,Jaipur,26.9124,75.7873,0,8,4,33.1,0,598.55,0.338,60.7,552,2,Kiosk,8,1500,180,600
2024-11-16,Goa,15.2993,74.124,1,11,5,19.5,0,1042.8,-0.638,72.3,636,2,Kiosk,13,2000,250,800
2024-06-03,Jaipur,26.9124,75.7873,0,6,0,37.5,0,406.36,-0.435,61.16,913,4,Web,9,1500,180,600
2025-09-26,Agra,27.1767,78.0081,0,9,4,26.3,0,310.92,0.382,57.06,448,2,Kiosk,20,1300,150,550
2024-08-04,Goa,15.2993,74.124,1,8,6,33.5,0,264.36,0.11,79.44,778,2,Web,11,2000,250,800
2024-02-21,Goa,15.2993,74.124,0,2,2,24.5,0,351.8,0.119,89.53,646,2,App,16,2000,250,800
2025-02-23,Jaipur,26.9124,75.7873,1,2,6,20.5,0,367.66,0.633,61.15,885,2,App,22,1500,180,600
2024-12-15,Kerala,10.8505,76.2711,1,12,6,19.2,0,196.69,-0.295,80.34,684,3,App,26,1700,220,700
2025-05-29,Varanasi,25.3176,82.9739,0,5,3,34.8,0,295.61,-0.08,46.42,676,3,Kiosk,7,1400,160,500
2024-11-04,Varanasi,25.3176,82.9739,0,11,0,19.6,0,662.23,0.962,61.69,820,2,App,11,1400,160,500
2025-03-05,Kerala,10.8505,76.2711,0,3,2,28.0,0,357.35,0.421,68.77,954,3,App,4,1700,220,700
2025-02-21,Agra,27.1767,78.0081,0,2,4,20.5,0,185.2,-0.437,61.35,605,2,Web,1,1300,150,550
2024-08-27,Varanasi,25.3176,82.9739,0,8,1,34.0,0,94.2,0.071,45.14,452,4,Agent,6,1400,160,500
2025-08-05,Agra,27.1767,78.0081,0,8,1,33.2,1,234.04,0.272,44.48,758,1,App,13,1300,150,550
2025-04-03,Andaman,11.7401,92.6586,0,4,3,35.1,0,289.23,-1.0,103.73,438,1,App,26,900,120,300
2024-08-30,Andaman,11.7401,92.6586,0,8,4,33.1,0,147.14,0.388,88.86,192,2,App,4,900,120,300
2025-07-15,Andaman,11.7401,92.6586,0,7,1,37.6,0,90.12,-0.682,91.87,344,3,Kiosk,5,900,120,300
2025-06-07,Manali,32.2432,77.1892,1,6,5,24.9,0,671.71,-0.342,64.51,712,1,App,1,1200,140,450
2025-01-13,Leh,34.1526,77.5771,0,1,0,3.5,0,1256.05,0.453,98.28,679,2,Agent,5,600,90,220
2025-06-14,Agra,27.1767,78.0081,1,6,5,36.8,0,109.44,0.143,61.5,651,2,Agent,9,1300,150,550
2024-01-08,Leh,34.1526,77.5771,0,1,0,2.4,0,240.14,0.852,98.03,256,3,Agent,1,600,90,220
2024-03-09,Varanasi,25.3176,82.9739,1,3,5,26.2,0,290.48,0.273,37.77,266,2,App,4,1400,160,500
2025-07-24,Varanasi,25.3176,82.9739,0,7,3,36.5,0,511.25,0.708,51.88,609,2,Agent,5,1400,160,500
2024-10-13,Manali,32.2432,77.1892,1,10,6,10.2,0,350.09,-0.375,79.71,488,1,App,22,1200,140,450
2025-02-07,Andaman,11.7401,92.6586,0,2,4,22.9,0,517.99,-0.087,86.12,597,2,App,11,900,120,300
2025-09-23,Varanasi,25.3176,82.9739,0,9,1,28.1,1,357.44,-0.459,57.77,446,3,Agent,14,1400,160,500
2024-08-05,Leh,34.1526,77.5771,0,8,0,13.4,1,295.3,0.16,87.38,368,2,App,2,600,90,220
2024-06-29,Manali,32.2432,77.1892,1,6,5,26.1,0,314.82,-0.053,69.07,504,2,App,64,1200,140,450
2024-12-10,Kerala,10.8505,76.2711,0,12,1,20.4,0,126.28,-0.824,65.33,355,2,Kiosk,31,1700,220,700
2024-04-21,Goa,15.2993,74.124,1,4,6,33.6,0,206.72,0.277,85.92,880,2,Agent,17,2000,250,800
2025-08-28,Kerala,10.8505,76.2711,0,8,3,34.3,0,1667.4,-0.015,63.64,751,2,Web,24,1700,220,700
2024-07-06,Manali,32.2432,77.1892,1,7,5,21.8,0,39.04,0.842,70.79,168,2,Agent,17,1200,140,450
2024-08-03,Varanasi,25.3176,82.9739,1,8,5,33.2,0,227.75,0.632,43.78,532,1,Agent,16,1400,160,500
2024-01-19,Goa,15.2993,74.124,0,1,4,22.0,0,279.96,-0.177,70.61,596,1,Agent,2,2000,250,800
2024-12-07,Agra,27.1767,78.0081,1,12,5,17.4,0,93.22,-0.477,63.81,520,2,App,12,1300,150,550
2025-02-08,Goa,15.2993,74.124,1,2,5,25.3,0,158.69,-0.096,91.73,532,4,Agent,8,2000,250,800
2024-06-21,Manali,32.2432,77.1892,0,6,4,24.2,1,381.37,-0.372,65.76,494,4,Web,14,1200,140,450
2024-04-03,Goa,15.2993,74.124,0,4,2,34.5,0,467.1,-0.703,88.13,827,2,Agent,12,2000,250,800
2024-02-28,Leh,34.1526,77.5771,0,2,2,5.2,0,309.21,0.377,90.63,369,2,App,8,600,90,220
2025-01-19,Jaipur,26.9124,75.7873,1,1,6,20.8,0,392.0,-0.081,65.89,851,1,App,1,1500,180,600
2025-02-07,Andaman,11.7401,92.6586,0,2,4,23.8,0,303.84,-0.355,89.52,232,2,Kiosk,5,900,120,300
2024-12-11,Leh,34.1526,77.5771,0,12,2,0.4,0,427.49,0.525,90.58,398,1,App,24,600,90,220
2024-04-15,Goa,15.2993,74.124,0,4,0,34.4,0,10.94,-0.504,81.62,900,3,Kiosk,1,2000,250,800
2024-02-10,Jaipur,26.9124,75.7873,1,2,5,21.3,0,394.35,0.191,58.36,303,2,Agent,7,1500,180,600
2024-09-08,Goa,15.2993,74.124,1,9,6,30.5,0,551.66,-1.0,70.85,591,3,Agent,14,2000,250,800
2025-01-14,Leh,34.1526,77.5771,0,1,1,1.4,0,616.74,0.38,93.52,559,2,Web,8,600,90,220
2024-11-02,Goa,15.2993,74.124,1,11,5,20.6,0,146.33,-0.171,80.27,522,3,App,21,2000,250,800
2024-05-30,Andaman,11.7401,92.6586,0,5,3,36.5,0,880.72,0.746,92.66,390,1,Web,22,900,120,300
2025-02-28,Andaman,11.7401,92.6586,0,2,4,22.2,0,361.74,0.07,92.45,14,2,Agent,6,900,120,300
2025-09-16,Agra,27.1767,78.0081,0,9,1,27.4,0,271.65,-0.837,60.93,586,3,App,6,1300,150,550
2024-01-08,Goa,15.2993,74.124,0,1,0,22.1,0,836.67,-0.481,74.2,463,1,Kiosk,14,2000,250,800
2024-10-01,Jaipur,26.9124,75.7873,0,10,1,21.9,0,617.38,-0.465,46.75,318,2,Agent,16,1500,180,600
2025-02-17,Andaman,11.7401,92.6586,0,2,0,24.1,0,183.56,1.0,80.94,387,2,Web,13,900,120,300
2025-01-06,Manali,32.2432,77.1892,0,1,0,6.6,0,253.38,-0.35,76.41,147,2,Kiosk,12,1200,140,450
2024-04-01,Varanasi,25.3176,82.9739,0,4,0,31.0,0,314.95,0.08,59.04,738,2,Web,13,1400,160,500
2024-01-07,Varanasi,25.3176,82.9739,1,1,6,20.1,0,120.66,0.979,54.65,610,3,App,6,1400,160,500
2025-05-29,Jaipur,26.9124,75.7873,0,5,3,36.7,0,223.12,0.456,62.45,519,2,Kiosk,4,1500,180,600
2024-07-15,Andaman,11.7401,92.6586,0,7,0,36.1,0,248.82,-0.339,88.2,391,2,App,6,900,120,300
2025-05-22,Kerala,10.8505,76.2711,0,5,3,36.8,0,459.8,-0.324,74.04,963,1,App,12,1700,220,700
2024-11-03,Kerala,10.8505,76.2711,1,11,6,22.4,0,604.87,0.411,70.8,1032,1,Agent,15,1700,220,700
2025-05-12,Andaman,11.7401,92.6586,0,5,0,35.9,0,672.55,-1.0,82.83,606,2,Agent,10,900,120,300
2025-09-12,Agra,27.1767,78.0081,0,9,4,26.2,1,189.74,-0.139,58.3,349,2,Web,12,1300,150,550
2024-12-04,Leh,34.1526,77.5771,0,12,2,1.0,0,173.59,0.484,92.35,259,2,Agent,3,600,90,220
2025-06-20,Jaipur,26.9124,75.7873,0,6,4,36.7,0,68.54,-0.443,68.64,797,2,Agent,12,1500,180,600
2025-04-05,Manali,32.2432,77.1892,1,4,5,21.3,0,400.42,-0.014,79.68,996,4,App,19,1200,140,450
2024-07-25,Jaipur,26.9124,75.7873,0,7,3,37.5,0,45.49,-0.55,58.28,668,3,App,25,1500,180,600
2025-05-25,Varanasi,25.3176,82.9739,1,5,6,35.1,0,1572.23,0.597,61.7,595,3,Kiosk,1,1400,160,500
2025-02-11,Agra,27.1767,78.0081,0,2,1,21.4,0,153.88,0.633,52.02,424,2,Agent,5,1300,150,550
2024-05-01,Andaman,11.7401,92.6586,0,5,2,36.4,0,430.45,-0.977,85.83,262,4,Agent,9,900,120,300
2025-09-27,Agra,27.1767,78.0081,1,9,5,27.1,0,353.17,0.814,52.13,625,3,Kiosk,1,1300,150,550
2025-07-22,Manali,32.2432,77.1892,0,7,1,22.4,0,13.8,-0.409,70.48,398,2,Agent,18,1200,140,450
2024-04-18,Goa,15.2993,74.124,0,4,3,34.8,0,1028.05,0.073,85.66,1222,2,App,12,2000,250,800
2024-04-01,Manali,32.2432,77.1892,0,4,0,20.8,0,686.12,1.0,70.5,300,1,Kiosk,10,1200,140,450
2025-03-23,Leh,34.1526,77.5771,1,3,6,9.9,0,142.88,0.463,100.32,470,2,Agent,12,600,90,220
2025-08-07,Kerala,10.8505,76.2711,0,8,3,35.4,1,225.21,-0.603,72.42,776,2,App,21,1700,220,700
2024-11-11,Jaipur,26.9124,75.7873,0,11,0,19.2,0,1133.9,0.741,66.35,779,2,Agent,9,1500,180,600
2024-08-23,Kerala,10.8505,76.2711,0,8,4,32.1,0,807.37,-0.114,67.54,777,1,Agent,3,1700,220,700
2024-10-27,Agra,27.1767,78.0081,1,10,6,25.7,0,482.38,-0.025,56.41,701,2,App,6,1300,150,550
2024-03-28,Agra,27.1767,78.0081,0,3,3,28.5,0,379.6,-0.626,58.34,191,3,Kiosk,9,1300,150,550
2025-01-23,Agra,27.1767,78.0081,0,1,3,17.5,0,213.2,0.905,51.38,483,2,Kiosk,22,1300,150,550
2025-04-26,Andaman,11.7401,92.6586,1,4,5,34.6,0,297.57,0.476,92.45,237,3,Agent,3,900,120,300
2024-07-27,Agra,27.1767,78.0081,1,7,5,36.6,0,119.72,0.278,59.2,769,1,Web,1,1300,150,550
2024-06-30,Leh,34.1526,77.5771,1,6,6,19.8,0,459.78,-0.44,102.67,691,2,Kiosk,6,600,90,220
2024-07-13,Andaman,11.7401,92.6586,1,7,5,37.6,0,76.18,-0.04,84.2,557,2,Agent,11,900,120,300
2024-02-16,Kerala,10.8505,76.2711,0,2,4,21.6,0,508.12,0.526,66.94,1083,2,Web,4,1700,220,700
2025-10-01,Agra,27.1767,78.0081,0,10,2,21.8,0,408.94,0.33,58.87,478,3,App,3,1300,150,550
2024-06-21,Goa,15.2993,74.124,0,6,4,37.0,0,732.35,-0.029,83.88,880,4,Kiosk,8,2000,250,800
2024-06-22,Varanasi,25.3176,82.9739,1,6,5,39.2,0,1498.48,-0.036,47.11,586,2,App,40,1400,160,500
2024-05-06,Varanasi,25.3176,82.9739,0,5,0,37.2,0,1251.63,-0.605,55.38,732,2,App,11,1400,160,500
2024-11-03,Varanasi,25.3176,82.9739,1,11,6,18.4,0,60.95,0.564,39.84,658,1,Kiosk,7,1400,160,500
2025-05-07,Goa,15.2993,74.124,0,5,2,39.2,0,268.83,0.181,78.89,735,2,Web,3,2000,250,800
2024-03-05,Goa,15.2993,74.124,0,3,1,30.6,0,418.57,-0.192,74.08,485,1,App,6,2000,250,800
2024-11-28,Varanasi,25.3176,82.9739,0,11,3,17.5,0,626.7,0.262,56.81,460,2,Agent,4,1400,160,500
2024-11-27,Andaman,11.7401,92.6586,0,11,2,20.1,0,305.81,-0.456,90.8,51,2,Kiosk,1,900,120,300
2024-04-13,Kerala,10.8505,76.2711,1,4,5,34.2,0,411.18,-0.94,70.68,1144,3,Web,9,1700,220,700
2024-07-14,Leh,34.1526,77.5771,1,7,6,17.8,0,240.28,0.067,88.6,605,2,Web,21,600,90,220
2024-03-16,Kerala,10.8505,76.2711,1,3,5,29.2,0,409.31,0.473,59.94,954,1,App,7,1700,220,700
2025-03-11,Goa,15.2993,74.124,0,3,1,29.8,0,599.99,0.225,80.64,745,2,Web,11,2000,250,800
2024-01-16,Jaipur,26.9124,75.7873,0,1,1,19.2,0,90.66,0.045,66.83,505,3,Web,15,1500,180,600
2025-04-24,Kerala,10.8505,76.2711,0,4,3,32.8,0,1183.02,-0.397,68.37,930,2,Web,6,1700,220,700
2024-06-24,Andaman,11.7401,92.6586,0,6,0,40.6,0,734.67,0.267,90.88,617,2,Web,6,900,120,300
2024-05-30,Goa,15.2993,74.124,0,5,3,39.1,0,419.88,-0.561,75.25,853,1,App,11,2000,250,800
2024-11-21,Varanasi,25.3176,82.9739,0,11,3,18.8,0,192.63,-0.356,50.76,309,2,App,13,1400,160,500
2024-07-09,Leh,34.1526,77.5771,0,7,1,19.7,0,367.99,0.427,101.24,244,2,Agent,18,600,90,220
2025-05-17,Jaipur,26.9124,75.7873,1,5,5,34.5,0,1270.57,0.259,74.16,661,2,Web,12,1500,180,600
2024-04-23,Andaman,11.7401,92.6586,0,4,1,33.3,0,1007.76,-0.015,100.52,478,2,Agent,5,900,120,300
2025-06-18,Leh,34.1526,77.5771,0,6,2,19.7,0,799.5,-0.334,90.98,280,1,Kiosk,22,600,90,220
2025-05-28,Jaipur,26.9124,75.7873,0,5,2,36.8,1,212.9,-0.958,63.05,578,1,Agent,15,1500,180,600
2025-06-06,Agra,27.1767,78.0081,0,6,4,36.1,0,1143.48,0.346,53.11,654,3,Agent,8,1300,150,550
2025-05-01,Goa,15.2993,74.124,0,5,3,39.5,0,195.0,-0.441,69.52,723,3,Kiosk,9,2000,250,800
2024-11-13,Andaman,11.7401,92.6586,0,11,2,19.1,0,42.25,-0.396,83.9,135,1,App,12,900,120,300
2024-09-06,Andaman,11.7401,92.6586,0,9,4,28.7,0,355.14,0.148,80.11,131,2,App,13,900,120,300
2024-06-15,Kerala,10.8505,76.2711,1,6,5,38.9,0,520.73,0.666,67.17,898,2,App,5,1700,220,700
2025-05-28,Manali,32.2432,77.1892,0,5,2,24.5,0,510.98,-0.612,58.68,436,2,App,15,1200,140,450
2025-06-26,Andaman,11.7401,92.6586,0,6,3,37.4,0,253.61,-0.375,91.58,597,3,Kiosk,1,900,120,300
2024-07-11,Leh,34.1526,77.5771,0,7,3,19.5,0,524.92,0.448,95.97,313,2,App,2,600,90,220
2025-03-18,Leh,34.1526,77.5771,0,3,1,8.9,0,114.45,-0.266,106.71,90,3,App,13,600,90,220
2025-02-27,Leh,34.1526,77.5771,0,2,3,6.7,0,765.08,0.207,97.02,394,1,Agent,23,600,90,220
2024-03-30,Kerala,10.8505,76.2711,1,3,5,29.8,0,931.2,0.162,66.79,902,3,App,23,1700,220,700
2024-08-08,Varanasi,25.3176,82.9739,0,8,3,32.1,0,353.97,0.532,51.31,202,2,Kiosk,22,1400,160,500
2025-03-22,Varanasi,25.3176,82.9739,1,3,5,25.8,0,376.2,-0.622,53.09,319,2,Web,17,1400,160,500
2025-02-11,Leh,34.1526,77.5771,0,2,1,4.5,0,112.72,0.257,105.52,107,2,App,5,600,90,220
2024-04-20,Kerala,10.8505,76.2711,1,4,5,34.8,0,195.85,-0.575,62.13,811,3,Kiosk,13,1700,220,700
2025-03-09,Manali,32.2432,77.1892,1,3,6,14.6,0,614.46,-0.41,60.13,319,1,Kiosk,6,1200,140,450
2024-01-30,Andaman,11.7401,92.6586,0,1,1,21.0,0,363.08,0.545,88.32,532,2,Agent,9,900,120,300
2024-09-07,Varanasi,25.3176,82.9739,1,9,5,27.4,0,123.51,-0.725,37.01,219,3,Kiosk,14,1400,160,500
2025-05-10,Leh,34.1526,77.5771,1,5,5,20.7,0,424.14,-0.109,102.32,286,2,Kiosk,9,600,90,220
2024-09-11,Andaman,11.7401,92.6586,0,9,2,27.0,0,226.45,0.247,90.24,184,2,Web,9,900,120,300
2024-09-03,Agra,27.1767,78.0081,0,9,1,28.1,0,435.16,0.034,51.08,162,2,Kiosk,40,1300,150,550
2024-04-11,Leh,34.1526,77.5771,0,4,3,16.0,0,122.19,0.832,107.88,26,2,Agent,3,600,90,220
2024-10-19,Jaipur,26.9124,75.7873,1,10,5,23.9,0,294.8,1.0,70.43,736,2,Agent,6,1500,180,600
2025-02-12,Kerala,10.8505,76.2711,0,2,2,24.5,0,210.68,-0.147,68.32,485,3,Web,4,1700,220,700
2025-08-16,Goa,15.2993,74.124,1,8,5,35.2,1,265.94,0.681,90.21,707,2,App,28,2000,250,800
2024-09-29,Andaman,11.7401,92.6586,1,9,6,27.9,0,870.5,-0.314,93.85,343,1,App,2,900,120,300
2025-09-10,Varanasi,25.3176,82.9739,0,9,2,27.9,0,99.62,0.914,56.51,486,2,Agent,13,1400,160,500
2025-09-12,Leh,34.1526,77.5771,0,9,4,9.3,0,184.75,-0.006,91.69,4,3,Kiosk,3,600,90,220
2024-05-21,Goa,15.2993,74.124,0,5,1,38.1,0,496.93,1.0,72.86,528,2,Web,22,2000,250,800
2025-06-10,Goa,15.2993,74.124,0,6,1,40.0,0,387.85,0.22,91.05,851,1,Agent,15,2000,250,800
2025-04-05,Kerala,10.8505,76.2711,1,4,5,35.2,0,305.68,1.0,86.34,588,1,Agent,24,1700,220,700
2024-05-11,Kerala,10.8505,76.2711,1,5,5,37.1,0,153.43,0.09,67.81,861,2,Web,27,1700,220,700
2025-03-04,Manali,32.2432,77.1892,0,3,1,14.5,0,506.55,0.244,80.78,369,3,Kiosk,4,1200,140,450
2024-05-27,Leh,34.1526,77.5771,0,5,0,20.1,0,1273.74,-1.0,96.73,577,1,App,37,600,90,220
2024-04-24,Varanasi,25.3176,82.9739,0,4,2,33.7,0,513.77,-0.098,49.09,739,2,App,21,1400,160,500
2024-09-22,Varanasi,25.3176,82.9739,1,9,6,27.5,0,134.99,0.221,42.74,148,2,Kiosk,19,1400,160,500
2024-03-27,Manali,32.2432,77.1892,0,3,2,16.2,0,118.12,0.911,75.75,417,2,Kiosk,7,1200,140,450
2025-01-22,Varanasi,25.3176,82.9739,0,1,2,16.5,0,288.89,-0.207,37.85,295,2,App,23,1400,160,500
2025-06-04,Leh,34.1526,77.5771,0,6,2,18.6,0,327.88,0.503,96.15,4,2,Kiosk,18,600,90,220
2024-07-03,Andaman,11.7401,92.6586,0,7,2,36.8,0,164.9,-0.213,88.25,436,2,App,5,900,120,300
2025-09-08,Andaman,11.7401,92.6586,0,9,0,27.0,0,395.91,0.567,91.43,723,3,Kiosk,8,900,120,300
2024-01-29,Andaman,11.7401,92.6586,0,1,0,18.1,0,334.44,-0.427,86.4,84,1,Agent,9,900,120,300
2024-11-09,Leh,34.1526,77.5771,1,11,5,-0.1,0,428.96,0.894,100.82,736,2,App,7,600,90,220
2024-03-29,Jaipur,26.9124,75.7873,0,3,4,25.9,0,700.29,-0.147,55.52,673,2,App,10,1500,180,600
2025-02-01,Andaman,11.7401,92.6586,1,2,5,22.2,0,541.7,0.112,102.7,545,2,App,5,900,120,300
2025-03-05,Andaman,11.7401,92.6586,0,3,2,29.0,0,474.86,-0.155,96.06,425,2,Kiosk,23,900,120,300
2025-01-30,Manali,32.2432,77.1892,0,1,3,9.3,0,151.75,0.418,73.56,690,3,Web,1,1200,140,450
2025-04-18,Jaipur,26.9124,75.7873,0,4,4,32.8,0,334.72,0.443,70.04,351,2,Agent,6,1500,180,600
2024-05-14,Goa,15.2993,74.124,0,5,1,39.8,0,593.9,-0.77,80.08,918,2,Web,9,2000,250,800
2024-12-11,Goa,15.2993,74.124,0,12,2,19.6,0,927.71,-1.0,73.69,494,2,App,3,2000,250,800
2024-07-06,Goa,15.2993,74.124,1,7,5,38.8,1,131.49,0.238,76.2,863,3,Kiosk,9,2000,250,800
2024-05-04,Goa,15.2993,74.124,1,5,5,39.3,0,83.62,-0.437,79.14,1178,1,Web,6,2000,250,800
2024-01-28,Agra,27.1767,78.0081,1,1,6,19.1,0,139.8,-0.249,54.94,298,2,Web,4,1300,150,550
2024-07-07,Leh,34.1526,77.5771,1,7,6,19.0,0,725.67,0.236,91.19,843,3,App,6,600,90,220
2024-10-18,Jaipur,26.9124,75.7873,0,10,4,21.1,0,149.93,-0.208,66.61,486,2,Kiosk,17,1500,180,600
2025-02-16,Leh,34.1526,77.5771,1,2,6,4.3,0,950.23,-0.105,84.74,55,2,Kiosk,9,600,90,220
2024-10-04,Leh,34.1526,77.5771,0,10,4,6.4,0,1174.62,0.72,90.64,596,1,Web,26,600,90,220
2024-10-04,Goa,15.2993,74.124,0,10,4,24.7,0,753.33,0.928,73.88,944,3,App,17,2000,250,800
2025-07-05,Andaman,11.7401,92.6586,1,7,5,33.4,0,176.5,-0.758,86.54,467,3,Agent,19,900,120,300
2024-04-11,Agra,27.1767,78.0081,0,4,3,33.3,0,200.29,-0.113,50.78,444,1,Kiosk,12,1300,150,550
2024-12-06,Andaman,11.7401,92.6586,0,12,4,18.8,0,770.96,0.147,85.71,409,2,Web,3,900,120,300
2024-10-13,Leh,34.1526,77.5771,1,10,6,6.0,0,701.35,0.451,85.97,495,3,Agent,9,600,90,220
2025-01-25,Jaipur,26.9124,75.7873,1,1,5,19.8,1,256.87,-0.119,61.57,463,2,Agent,15,1500,180,600
2025-05-07,Andaman,11.7401,92.6586,0,5,2,37.3,0,526.99,0.296,84.65,511,2,App,3,900,120,300
2024-03-08,Andaman,11.7401,92.6586,0,3,4,29.4,0,545.2,-0.506,91.92,367,2,Web,19,900,120,300
2024-06-30,Manali,32.2432,77.1892,1,6,6,26.6,0,72.29,-0.787,80.73,711,2,Web,22,1200,140,450
2025-06-23,Andaman,11.7401,92.6586,0,6,0,37.9,0,152.9,0.052,94.41,459,2,Agent,14,900,120,300
2025-03-29,Leh,34.1526,77.5771,1,3,5,7.6,0,1468.4,-0.192,97.1,498,4,App,21,600,90,220
2025-05-30,Manali,32.2432,77.1892,0,5,4,24.0,0,320.63,-0.562,81.77,697,2,Web,4,1200,140,450
2024-09-09,Andaman,11.7401,92.6586,0,9,0,29.5,0,378.39,0.139,82.53,120,3,Agent,18,900,120,300
2025-06-16,Manali,32.2432,77.1892,0,6,0,23.8,0,375.0,-0.328,76.95,535,2,App,5,1200,140,450
2024-11-04,Agra,27.1767,78.0081,0,11,0,18.4,0,955.73,-0.968,52.57,313,1,App,18,1300,150,550
2025-05-02,Kerala,10.8505,76.2711,0,5,4,36.4,0,32.56,1.0,67.15,665,2,Web,14,1700,220,700
2024-04-19,Agra,27.1767,78.0081,0,4,4,31.7,0,213.27,0.703,50.84,362,2,Web,1,1300,150,550
2025-05-03,Agra,27.1767,78.0081,1,5,5,34.9,0,586.31,-0.133,48.09,714,3,App,21,1300,150,550
2024-05-03,Kerala,10.8505,76.2711,0,5,4,37.2,0,360.42,0.051,69.1,905,2,App,28,1700,220,700
2024-04-25,Varanasi,25.3176,82.9739,0,4,3,33.2,0,325.94,0.251,49.21,510,2,Kiosk,5,1400,160,500
2024-10-30,Varanasi,25.3176,82.9739,0,10,2,21.7,0,257.55,0.287,36.08,205,3,Kiosk,28,1400,160,500
2024-03-12,Varanasi,25.3176,82.9739,0,3,1,25.0,0,694.17,0.47,48.17,712,2,Kiosk,12,1400,160,500
2024-03-24,Agra,27.1767,78.0081,1,3,6,25.7,0,225.61,-0.375,67.31,492,4,App,20,1300,150,550
2025-08-03,Manali,32.2432,77.1892,1,8,6,20.5,0,133.97,0.334,78.17,380,4,Kiosk,17,1200,140,450
2024-02-29,Jaipur,26.9124,75.7873,0,2,3,23.0,1,282.45,-0.022,64.01,351,2,Web,8,1500,180,600
2024-07-26,Kerala,10.8505,76.2711,0,7,4,38.5,0,711.23,0.755,77.69,728,3,Agent,6,1700,220,700
2024-01-06,Varanasi,25.3176,82.9739,1,1,5,20.7,0,626.37,-0.248,56.7,514,2,App,19,1400,160,500
2024-09-07,Kerala,10.8505,76.2711,1,9,5,26.5,0,229.13,0.341,72.36,353,1,Agent,12,1700,220,700
2025-08-10,Goa,15.2993,74.124,1,8,6,34.1,0,1000.71,-0.4,86.03,989,3,Web,22,2000,250,800
2025-01-30,Varanasi,25.3176,82.9739,0,1,3,17.5,0,163.49,1.0,59.29,727,2,App,15,1400,160,500
2024-03-06,Jaipur,26.9124,75.7873,0,3,2,28.9,0,97.93,0.465,50.83,682,2,Web,4,1500,180,600
2025-05-14,Andaman,11.7401,92.6586,0,5,2,36.5,0,256.61,0.417,92.75,147,2,App,16,900,120,300
2025-04-10,Manali,32.2432,77.1892,0,4,3,20.5,0,250.16,-0.387,77.39,419,2,Kiosk,26,1200,140,450
2024-10-12,Leh,34.1526,77.5771,1,10,5,4.8,0,208.64,-0.199,85.93,483,2,Agent,8,600,90,220
2024-12-22,Varanasi,25.3176,82.9739,1,12,6,16.0,0,328.61,-0.297,50.48,575,2,App,37,1400,160,500
2024-05-17,Manali,32.2432,77.1892,0,5,4,24.4,0,252.63,0.163,65.98,671,2,App,12,1200,140,450
2024-07-05,Manali,32.2432,77.1892,0,7,4,25.3,0,553.59,0.625,73.69,346,2,Agent,20,1200,140,450
2024-07-26,Varanasi,25.3176,82.9739,0,7,4,34.3,0,631.84,-1.0,49.83,849,1,App,9,1400,160,500
2025-05-08,Jaipur,26.9124,75.7873,0,5,3,37.3,0,544.45,0.138,68.7,862,2,Web,10,1500,180,600
2025-05-21,Goa,15.2993,74.124,0,5,2,39.9,0,502.61,-0.186,80.93,953,3,Web,8,2000,250,800
2025-09-01,Andaman,11.7401,92.6586,0,9,0,26.6,0,321.38,0.223,97.11,119,1,Web,23,900,120,300
2025-06-20,Goa,15.2993,74.124,0,6,4,39.0,0,395.38,-0.464,78.45,1119,2,Kiosk,13,2000,250,800
2024-07-20,Leh,34.1526,77.5771,1,7,5,19.3,1,115.95,-0.204,93.87,371,2,Web,8,600,90,220
2025-01-30,Manali,32.2432,77.1892,0,1,3,8.5,0,132.69,0.252,70.26,291,3,Agent,11,1200,140,450
2024-04-14,Andaman,11.7401,92.6586,1,4,6,32.6,0,652.57,0.544,88.7,537,3,App,5,900,120,300
2025-09-18,Agra,27.1767,78.0081,0,9,3,25.6,0,832.08,0.249,51.42,144,2,Agent,8,1300,150,550
2025-05-28,Jaipur,26.9124,75.7873,0,5,2,37.6,0,472.16,-1.0,56.8,538,1,Agent,5,1500,180,600
2024-12-27,Andaman,11.7401,92.6586,0,12,4,18.8,0,279.11,0.34,91.99,159,2,App,9,900,120,300
2024-07-09,Jaipur,26.9124,75.7873,0,7,1,38.4,0,309.8,-0.338,66.06,754,2,Agent,1,1500,180,600
2025-09-02,Agra,27.1767,78.0081,0,9,1,26.7,0,536.68,0.552,76.36,839,3,Agent,8,1300,150,550
2024-08-09,Agra,27.1767,78.0081,0,8,4,30.4,0,283.1,-0.29,44.96,671,2,Agent,7,1300,150,550
2024-05-10,Varanasi,25.3176,82.9739,0,5,4,35.0,0,543.52,-0.043,49.93,750,2,Web,8,1400,160,500
2024-06-30,Kerala,10.8505,76.2711,1,6,6,36.3,0,1169.96,0.956,68.08,876,3,App,9,1700,220,700
2025-03-29,Andaman,11.7401,92.6586,1,3,5,30.4,0,378.72,0.001,98.4,614,2,App,2,900,120,300
2025-09-10,Goa,15.2993,74.124,0,9,2,33.1,0,348.86,-0.68,75.36,788,1,Web,12,2000,250,800
2025-05-15,Goa,15.2993,74.124,0,5,3,38.6,0,310.81,0.168,74.88,724,3,Web,10,2000,250,800
2024-01-18,Leh,34.1526,77.5771,0,1,3,1.8,1,33.62,0.067,84.72,337,2,Web,18,600,90,220
2024-03-14,Andaman,11.7401,92.6586,0,3,3,29.7,0,377.88,0.71,97.42,466,3,Web,4,900,120,300
2024-05-27,Jaipur,26.9124,75.7873,0,5,0,36.6,0,171.91,-0.07,58.98,588,3,Web,12,1500,180,600
2024-01-07,Andaman,11.7401,92.6586,1,1,6,19.3,0,56.8,0.324,92.34,176,2,Web,7,900,120,300
2024-02-28,Kerala,10.8505,76.2711,0,2,2,23.0,0,134.63,-0.417,62.75,391,1,Kiosk,16,1700,220,700
2025-07-22,Jaipur,26.9124,75.7873,0,7,1,38.4,0,49.68,-0.524,58.21,661,1,App,12,1500,180,600
2024-10-07,Varanasi,25.3176,82.9739,0,10,0,21.0,0,272.7,-0.231,49.11,314,2,Web,9,1400,160,500
2024-01-11,Agra,27.1767,78.0081,0,1,3,16.9,0,87.27,-0.314,55.14,522,2,App,8,1300,150,550
2024-05-23,Manali,32.2432,77.1892,0,5,3,25.1,0,418.13,0.184,73.91,558,3,Kiosk,9,1200,140,450
2025-07-29,Agra,27.1767,78.0081,0,7,1,36.2,1,165.49,0.9,71.49,323,2,Web,9,1300,150,550
2024-11-06,Varanasi,25.3176,82.9739,0,11,2,19.1,0,390.32,-0.211,46.29,239,3,Web,17,1400,160,500
2024-09-13,Kerala,10.8505,76.2711,0,9,4,29.5,1,392.83,-0.369,60.92,372,2,Kiosk,5,1700,220,700
2024-02-12,Leh,34.1526,77.5771,0,2,0,5.3,0,412.06,0.712,90.73,316,2,Agent,18,600,90,220
2025-06-05,Agra,27.1767,78.0081,0,6,3,37.1,1,359.07,0.534,50.83,156,2,Agent,4,1300,150,550
2024-09-20,Manali,32.2432,77.1892,0,9,4,16.5,0,335.39,0.213,71.15,161,2,Agent,2,1200,140,450
2025-01-18,Goa,15.2993,74.124,1,1,5,21.0,0,132.22,-0.331,90.54,635,2,Kiosk,13,2000,250,800
2025-02-19,Jaipur,26.9124,75.7873,0,2,2,22.0,0,519.19,0.012,56.07,437,1,App,4,1500,180,600
2025-09-28,Varanasi,25.3176,82.9739,1,9,6,25.9,1,340.89,-0.251,45.75,372,2,App,5,1400,160,500
2025-01-13,Kerala,10.8505,76.2711,0,1,0,20.9,0,716.06,0.344,61.81,673,1,Web,12,1700,220,700
2024-12-21,Kerala,10.8505,76.2711,1,12,5,19.3,0,309.13,-0.283,69.67,595,2,Agent,1,1700,220,700
2024-08-13,Andaman,11.7401,92.6586,0,8,1,31.3,0,507.52,0.778,78.24,197,3,App,14,900,120,300
2024-01-19,Agra,27.1767,78.0081,0,1,4,18.6,0,749.98,-0.538,47.58,523,2,Web,6,1300,150,550
2024-03-20,Andaman,11.7401,92.6586,0,3,2,27.9,0,374.66,-0.636,105.31,22,3,Agent,6,900,120,300
2025-05-25,Goa,15.2993,74.124,1,5,6,37.3,0,193.71,-0.223,86.37,1009,2,Web,11,2000,250,800
2024-04-26,Manali,32.2432,77.1892,0,4,4,18.4,0,192.28,0.156,76.6,453,2,Kiosk,2,1200,140,450
2024-12-09,Goa,15.2993,74.124,0,12,0,21.4,0,344.36,0.444,85.27,883,3,Kiosk,24,2000,250,800
2025-08-29,Agra,27.1767,78.0081,0,8,4,30.5,0,152.89,0.947,61.73,278,3,App,7,1300,150,550
2025-03-26,Andaman,11.7401,92.6586,0,3,2,28.1,0,604.38,0.457,90.58,506,2,Agent,17,900,120,300
2025-07-18,Varanasi,25.3176,82.9739,0,7,4,35.5,0,826.66,0.106,47.29,585,3,App,15,1400,160,500
2024-01-23,Jaipur,26.9124,75.7873,0,1,1,21.4,0,657.02,0.232,59.89,300,3,Agent,13,1500,180,600
2024-03-31,Andaman,11.7401,92.6586,1,3,6,28.4,0,179.34,-0.369,93.35,362,2,Web,16,900,120,300
2024-09-03,Jaipur,26.9124,75.7873,0,9,1,28.6,0,555.9,0.659,55.96,639,1,Web,10,1500,180,600
2025-05-17,Goa,15.2993,74.124,1,5,5,38.5,0,182.41,-0.054,76.69,948,2,Web,17,2000,250,800
2025-02-08,Varanasi,25.3176,82.9739,1,2,5,23.0,0,946.72,0.519,47.85,673,2,Kiosk,18,1400,160,500
2024-08-26,Jaipur,26.9124,75.7873,0,8,0,31.9,0,56.55,-0.082,64.05,750,2,Agent,25,1500,180,600
2025-09-29,Varanasi,25.3176,82.9739,0,9,0,26.9,0,73.21,-0.11,55.12,195,2,Kiosk,8,1400,160,500
2025-08-04,Goa,15.2993,74.124,0,8,0,33.1,0,201.32,-0.324,69.48,699,2,Kiosk,13,2000,250,800
2025-05-17,Andaman,11.7401,92.6586,1,5,5,37.4,0,869.77,-0.459,88.49,379,2,Kiosk,11,900,120,300
2024-09-19,Manali,32.2432,77.1892,0,9,3,15.4,0,358.8,0.839,62.45,491,2,Web,31,1200,140,450
2024-02-19,Andaman,11.7401,92.6586,0,2,0,24.5,0,321.58,-0.239,77.64,13,2,Kiosk,38,900,120,300
2024-10-20,Agra,27.1767,78.0081,1,10,6,22.1,0,83.1,0.367,54.32,684,3,Kiosk,10,1300,150,550
2024-02-26,Leh,34.1526,77.5771,0,2,0,4.7,0,541.05,-0.065,96.79,176,3,Agent,17,600,90,220
2024-05-29,Manali,32.2432,77.1892,0,5,2,21.8,0,1107.21,0.415,71.64,423,2,Web,34,1200,140,450
2025-01-26,Agra,27.1767,78.0081,1,1,6,17.0,0,449.9,0.747,57.32,1020,2,Web,18,1300,150,550
2025-06-23,Andaman,11.7401,92.6586,0,6,0,38.4,0,178.04,0.423,76.8,350,3,Web,8,900,120,300
2024-09-26,Varanasi,25.3176,82.9739,0,9,3,27.9,0,352.3,-0.127,44.03,291,3,App,9,1400,160,500
2025-07-14,Agra,27.1767,78.0081,0,7,0,35.2,0,673.19,-0.383,59.13,638,3,Kiosk,18,1300,150,550
2025-07-29,Andaman,11.7401,92.6586,0,7,1,39.3,0,190.02,0.389,89.71,99,1,App,18,900,120,300
2024-10-05,Andaman,11.7401,92.6586,1,10,5,21.8,0,267.77,-0.42,78.85,283,1,Kiosk,11,900,120,300
2025-08-04,Andaman,11.7401,92.6586,0,8,0,33.3,0,1432.84,-0.456,95.4,470,2,Kiosk,26,900,120,300
2025-03-26,Jaipur,26.9124,75.7873,0,3,2,26.6,0,209.67,0.3,67.9,306,3,Kiosk,16,1500,180,600
2024-05-24,Goa,15.2993,74.124,0,5,4,37.1,0,635.87,0.65,80.35,527,2,App,10,2000,250,800
2024-06-27,Agra,27.1767,78.0081,0,6,3,38.7,0,254.85,-0.148,57.48,491,2,Agent,13,1300,150,550
2025-02-25,Jaipur,26.9124,75.7873,0,2,1,25.4,0,76.16,0.96,71.31,588,2,Agent,6,1500,180,600
2024-11-14,Manali,32.2432,77.1892,0,11,3,5.5,1,697.71,0.466,73.39,835,1,Agent,7,1200,140,450
2025-08-04,Jaipur,26.9124,75.7873,0,8,0,33.6,0,552.75,1.0,54.62,331,2,Kiosk,20,1500,180,600
2025-01-29,Kerala,10.8505,76.2711,0,1,2,21.3,0,332.45,0.201,72.76,392,2,Agent,6,1700,220,700
2025-09-25,Leh,34.1526,77.5771,0,9,3,7.7,0,266.75,0.506,103.29,490,2,Kiosk,5,600,90,220
2024-11-07,Agra,27.1767,78.0081,0,11,3,18.5,0,125.39,0.335,48.54,299,2,App,21,1300,150,550
2024-11-18,Leh,34.1526,77.5771,0,11,0,0.3,0,780.91,-1.0,106.23,207,3,Kiosk,16,600,90,220
2024-02-20,Jaipur,26.9124,75.7873,0,2,1,24.2,0,266.05,-0.166,66.35,494,2,Web,4,1500,180,600
2025-05-17,Leh,34.1526,77.5771,1,5,5,17.9,0,677.8,0.863,97.84,0,2,Kiosk,6,600,90,220
2024-08-20,Agra,27.1767,78.0081,0,8,1,31.1,0,150.07,0.069,70.34,475,2,Kiosk,13,1300,150,550
2025-01-31,Goa,15.2993,74.124,0,1,4,19.4,0,85.44,-0.066,78.87,706,2,Kiosk,6,2000,250,800
2025-09-10,Varanasi,25.3176,82.9739,0,9,2,29.7,1,965.13,0.231,45.92,481,2,Agent,20,1400,160,500
2025-08-01,Manali,32.2432,77.1892,0,8,4,22.1,0,13.78,0.077,64.05,444,3,Agent,17,1200,140,450
2025-09-04,Manali,32.2432,77.1892,0,9,3,15.7,0,145.71,-0.044,63.38,162,1,Kiosk,5,1200,140,450
2025-03-08,Andaman,11.7401,92.6586,1,3,5,29.2,0,228.04,-0.112,84.05,340,1,Agent,5,900,120,300
2025-07-24,Kerala,10.8505,76.2711,0,7,3,37.8,0,1060.83,0.35,62.77,582,2,Kiosk,1,1700,220,700
2024-05-19,Manali,32.2432,77.1892,1,5,6,24.6,1,718.97,0.183,79.08,847,2,Web,12,1200,140,450
2025-02-10,Andaman,11.7401,92.6586,0,2,0,22.4,0,715.63,0.78,74.85,602,1,Web,4,900,120,300
2024-02-05,Varanasi,25.3176,82.9739,0,2,0,23.0,1,447.79,0.733,49.97,562,1,Web,14,1400,160,500
2024-10-18,Manali,32.2432,77.1892,0,10,4,10.1,0,241.26,-0.385,68.83,474,2,Web,9,1200,140,450
2024-07-29,Varanasi,25.3176,82.9739,0,7,0,35.4,0,564.82,-0.227,50.53,737,3,App,2,1400,160,500
2024-09-01,Leh,34.1526,77.5771,1,9,6,9.4,0,441.42,0.222,90.27,126,1,App,8,600,90,220
2025-08-06,Manali,32.2432,77.1892,0,8,2,18.3,0,259.64,0.81,68.34,170,2,Kiosk,6,1200,140,450
2024-06-27,Leh,34.1526,77.5771,0,6,3,21.1,0,500.73,-0.538,95.43,590,3,Web,38,600,90,220
2024-04-25,Leh,34.1526,77.5771,0,4,3,15.3,0,374.37,0.018,102.08,414,2,Web,2,600,90,220
2025-07-29,Andaman,11.7401,92.6586,0,7,1,38.9,0,802.91,0.66,86.53,298,1,Agent,9,900,120,300
2024-07-02,Agra,27.1767,78.0081,0,7,1,36.2,0,636.93,-0.53,62.11,743,2,Web,2,1300,150,550
2024-10-13,Goa,15.2993,74.124,1,10,6,23.0,0,1373.77,-0.368,66.23,663,2,Kiosk,8,2000,250,800
2024-03-11,Agra,27.1767,78.0081,0,3,0,28.6,0,294.47,0.65,65.63,440,2,Kiosk,9,1300,150,550
2025-01-25,Varanasi,25.3176,82.9739,1,1,5,17.8,0,74.29,1.0,45.61,955,2,App,6,1400,160,500
2025-09-07,Manali,32.2432,77.1892,1,9,6,13.1,0,230.26,0.219,74.15,449,2,Web,3,1200,140,450
2025-08-23,Jaipur,26.9124,75.7873,1,8,5,33.7,1,259.54,0.473,68.38,488,1,App,4,1500,180,600
2024-07-26,Jaipur,26.9124,75.7873,0,7,4,35.8,0,483.18,0.422,58.91,503,1,Kiosk,6,1500,180,600
2025-03-06,Andaman,11.7401,92.6586,0,3,3,27.6,0,665.97,-0.106,104.65,404,1,App,8,900,120,300
2024-08-21,Kerala,10.8505,76.2711,0,8,2,35.8,0,381.04,0.58,64.5,622,2,Agent,17,1700,220,700
2024-08-13,Leh,34.1526,77.5771,0,8,1,15.5,0,1456.07,-0.098,89.74,243,2,Agent,11,600,90,220
2024-01-15,Varanasi,25.3176,82.9739,0,1,0,17.0,0,224.43,-0.392,62.9,186,1,Agent,19,1400,160,500
2024-11-19,Leh,34.1526,77.5771,0,11,1,0.7,0,1299.15,0.235,93.85,461,3,Kiosk,31,600,90,220
2025-03-22,Andaman,11.7401,92.6586,1,3,5,29.0,0,179.92,-0.867,92.86,39,3,Kiosk,2,900,120,300
2024-12-09,Goa,15.2993,74.124,0,12,0,21.3,0,38.7,-0.156,70.51,675,2,Kiosk,3,2000,250,800
2024-07-02,Kerala,10.8505,76.2711,0,7,1,37.3,0,419.69,0.679,58.08,452,2,Web,13,1700,220,700
2025-05-01,Goa,15.2993,74.124,0,5,3,37.2,0,479.95,-0.22,78.12,954,1,Web,7,2000,250,800
2025-01-19,Goa,15.2993,74.124,1,1,6,21.2,0,148.67,0.279,77.98,608,2,Kiosk,5,2000,250,800
2024-05-29,Goa,15.2993,74.124,0,5,2,39.2,0,1115.42,-0.961,84.04,975,3,Web,4,2000,250,800
2024-11-29,Agra,27.1767,78.0081,0,11,4,20.2,0,380.04,-0.373,59.3,734,3,App,4,1300,150,550
2024-12-18,Kerala,10.8505,76.2711,0,12,2,18.5,0,1155.93,0.298,61.45,650,2,App,9,1700,220,700
2025-08-28,Varanasi,25.3176,82.9739,0,8,3,33.2,0,331.14,0.618,47.2,319,2,Web,36,1400,160,500
2024-02-14,Manali,32.2432,77.1892,0,2,2,9.4,0,936.29,-0.027,75.81,518,2,Kiosk,18,1200,140,450
2025-01-27,Goa,15.2993,74.124,0,1,0,21.4,0,124.27,-1.0,90.48,404,1,Agent,3,2000,250,800
2024-02-23,Leh,34.1526,77.5771,0,2,4,4.7,0,465.31,1.0,93.07,497,1,Kiosk,14,600,90,220
2024-10-11,Manali,32.2432,77.1892,0,10,4,9.4,0,522.2,0.183,75.2,380,3,Kiosk,12,1200,140,450
2024-11-14,Goa,15.2993,74.124,0,11,3,22.1,0,500.88,-0.345,78.98,794,2,Agent,5,2000,250,800
2024-01-09,Andaman,11.7401,92.6586,0,1,1,18.9,0,312.48,0.235,100.37,113,2,App,5,900,120,300
2024-12-08,Varanasi,25.3176,82.9739,1,12,6,17.9,0,305.73,-0.59,52.1,474,3,App,1,1400,160,500
2025-01-24,Leh,34.1526,77.5771,0,1,4,0.5,0,148.33,0.401,107.65,727,2,App,7,600,90,220
2024-12-01,Jaipur,26.9124,75.7873,1,12,6,16.1,0,574.49,0.743,56.95,660,3,Web,3,1500,180,600
2025-09-07,Kerala,10.8505,76.2711,1,9,6,29.9,0,679.97,1.0,71.78,1047,2,Agent,4,1700,220,700
2025-02-27,Kerala,10.8505,76.2711,0,2,3,25.5,0,599.37,-0.018,68.53,816,1,App,1,1700,220,700
2024-01-15,Leh,34.1526,77.5771,0,1,0,1.1,0,576.34,-0.465,89.01,0,3,Agent,4,600,90,220
2024-05-20,Leh,34.1526,77.5771,0,5,0,19.8,0,1329.85,1.0,101.64,179,3,Agent,9,600,90,220
2024-10-22,Jaipur,26.9124,75.7873,0,10,1,23.2,0,401.06,-0.111,63.82,706,3,Kiosk,4,1500,180,600
2025-06-26,Andaman,11.7401,92.6586,0,6,3,38.5,0,241.64,-0.173,97.07,646,4,Web,13,900,120,300
2025-03-29,Agra,27.1767,78.0081,1,3,5,28.5,0,125.48,-0.32,55.89,437,3,Agent,10,1300,150,550
2024-02-28,Agra,27.1767,78.0081,0,2,2,23.4,0,346.51,-0.097,66.79,284,2,App,4,1300,150,550
2024-01-30,Manali,32.2432,77.1892,0,1,1,8.2,0,516.64,0.335,70.25,278,2,Agent,11,1200,140,450
2024-10-27,Andaman,11.7401,92.6586,1,10,6,23.6,0,893.25,-0.308,84.08,364,2,App,5,900,120,300
2024-02-18,Leh,34.1526,77.5771,1,2,6,2.1,0,484.41,0.385,96.85,732,2,App,36,600,90,220
2024-03-03,Goa,15.2993,74.124,1,3,6,31.8,0,400.63,-0.054,78.86,922,2,Web,12,2000,250,800
2024-09-09,Varanasi,25.3176,82.9739,0,9,0,28.0,0,281.79,-0.307,54.77,334,1,App,7,1400,160,500
2025-01-04,Goa,15.2993,74.124,1,1,5,22.8,0,1334.46,-0.622,78.93,562,3,Web,4,2000,250,800
2024-09-22,Goa,15.2993,74.124,1,9,6,29.8,1,194.06,0.475,76.91,927,1,Web,4,2000,250,800
2024-11-17,Jaipur,26.9124,75.7873,1,11,6,18.7,0,108.2,0.255,59.66,510,2,Agent,21,1500,180,600
2024-06-09,Jaipur,26.9124,75.7873,1,6,6,37.4,0,324.25,0.977,53.24,526,2,Agent,5,1500,180,600
2024-08-22,Manali,32.2432,77.1892,0,8,3,20.5,0,455.74,-0.136,76.74,538,1,Agent,16,1200,140,450
2025-05-14,Leh,34.1526,77.5771,0,5,2,18.1,0,327.92,0.495,89.71,0,2,Agent,2,600,90,220
2025-02-21,Jaipur,26.9124,75.7873,0,2,4,22.6,0,81.51,-0.092,56.88,618,2,Web,14,1500,180,600
2025-09-26,Jaipur,26.9124,75.7873,0,9,4,28.3,0,103.17,-0.557,58.75,260,2,Kiosk,22,1500,180,600
2024-05-12,Goa,15.2993,74.124,1,5,6,38.1,0,435.05,0.629,78.16,860,2,Agent,22,2000,250,800
2024-08-22,Leh,34.1526,77.5771,0,8,3,16.0,0,146.5,1.0,98.44,149,1,App,4,600,90,220
2024-10-30,Varanasi,25.3176,82.9739,0,10,2,19.5,0,339.07,-0.118,39.72,301,2,Agent,9,1400,160,500
2024-12-24,Goa,15.2993,74.124,0,12,1,21.1,0,450.7,-0.424,65.42,520,2,App,2,2000,250,800
2025-03-30,Jaipur,26.9124,75.7873,1,3,6,27.5,0,846.18,0.983,64.16,813,1,Agent,7,1500,180,600
2024-08-28,Manali,32.2432,77.1892,0,8,2,21.4,0,504.95,0.34,72.15,576,2,Agent,4,1200,140,450
2025-06-26,Jaipur,26.9124,75.7873,0,6,3,38.3,0,460.68,0.251,55.71,808,2,Agent,6,1500,180,600
2025-08-16,Agra,27.1767,78.0081,1,8,5,31.0,1,716.28,0.685,55.31,498,3,App,6,1300,150,550
2024-11-08,Kerala,10.8505,76.2711,0,11,4,20.7,0,598.06,0.117,74.67,843,1,App,11,1700,220,700
2024-04-08,Goa,15.2993,74.124,0,4,0,36.7,1,156.0,0.731,89.49,528,2,App,11,2000,250,800
2024-05-04,Varanasi,25.3176,82.9739,1,5,5,36.4,0,177.17,-0.278,55.36,970,2,Web,8,1400,160,500
2024-10-29,Kerala,10.8505,76.2711,0,10,1,23.7,0,86.2,0.218,63.92,386,2,Kiosk,9,1700,220,700
2025-09-23,Jaipur,26.9124,75.7873,0,9,1,28.1,0,202.89,-0.329,47.86,635,3,App,17,1500,180,600
2024-11-03,Jaipur,26.9124,75.7873,1,11,6,19.3,0,675.68,0.748,51.33,960,1,Web,3,1500,180,600
2024-02-15,Goa,15.2993,74.124,0,2,3,22.8,0,405.26,-0.762,79.26,711,1,App,23,2000,250,800
2024-03-23,Leh,34.1526,77.5771,1,3,5,8.9,0,475.99,-0.152,97.23,542,3,Web,12,600,90,220
2025-05-27,Agra,27.1767,78.0081,0,5,1,36.5,0,307.6,0.274,62.27,690,3,Agent,23,1300,150,550
2024-11-01,Varanasi,25.3176,82.9739,0,11,4,16.5,0,452.17,-0.704,33.05,234,1,Kiosk,26,1400,160,500
2024-08-02,Jaipur,26.9124,75.7873,0,8,4,33.0,0,146.89,-0.106,72.39,765,2,Agent,30,1500,180,600
2025-04-10,Agra,27.1767,78.0081,0,4,3,31.8,0,131.57,-0.928,56.36,453,3,Agent,11,1300,150,550
2024-12-03,Agra,27.1767,78.0081,0,12,1,19.5,0,345.92,0.105,54.3,341,1,App,1,1300,150,550
2025-04-26,Jaipur,26.9124,75.7873,1,4,5,33.2,0,165.93,-0.588,63.53,846,3,Agent,11,1500,180,600
2024-06-10,Kerala,10.8505,76.2711,0,6,0,39.7,1,760.33,-0.728,67.12,831,3,Agent,4,1700,220,700
2025-01-14,Agra,27.1767,78.0081,0,1,1,14.8,0,315.3,0.017,49.46,245,2,Kiosk,2,1300,150,550
2025-01-29,Manali,32.2432,77.1892,0,1,2,7.0,0,466.59,0.031,78.47,331,4,Kiosk,8,1200,140,450
2024-03-05,Agra,27.1767,78.0081,0,3,1,26.4,0,209.5,0.533,59.66,408,3,Kiosk,1,1300,150,550
2025-09-08,Varanasi,25.3176,82.9739,0,9,0,28.6,0,573.27,-0.075,45.94,548,2,App,6,1400,160,500
2024-08-30,Jaipur,26.9124,75.7873,0,8,4,35.6,0,42.8,0.995,62.13,445,2,Web,15,1500,180,600
2024-09-27,Manali,32.2432,77.1892,0,9,4,15.9,0,251.96,0.476,73.44,429,1,Kiosk,18,1200,140,450
2024-11-10,Varanasi,25.3176,82.9739,1,11,6,17.7,1,221.03,-0.898,42.83,187,2,Agent,22,1400,160,500
2025-05-03,Kerala,10.8505,76.2711,1,5,5,38.1,0,238.95,0.274,64.06,991,2,Web,6,1700,220,700
2024-03-29,Varanasi,25.3176,82.9739,0,3,4,27.7,0,455.45,-0.244,36.37,572,2,App,13,1400,160,500
2024-03-27,Goa,15.2993,74.124,0,3,2,28.9,0,851.73,0.66,87.94,987,2,App,12,2000,250,800
2024-04-08,Leh,34.1526,77.5771,0,4,0,14.9,0,261.68,0.464,99.8,92,3,App,9,600,90,220
2024-06-18,Goa,15.2993,74.124,0,6,1,39.3,1,218.49,-0.053,84.92,786,2,App,32,2000,250,800
2025-07-16,Andaman,11.7401,92.6586,0,7,2,33.6,0,490.73,0.905,94.71,345,2,Web,5,900,120,300
2024-07-19,Jaipur,26.9124,75.7873,0,7,4,36.4,0,185.54,0.285,49.91,644,2,App,7,1500,180,600
2025-04-11,Agra,27.1767,78.0081,0,4,4,31.2,0,122.71,0.177,47.59,567,2,App,4,1300,150,550
2025-07-28,Agra,27.1767,78.0081,0,7,0,35.5,0,384.16,-0.086,57.35,714,2,Web,7,1300,150,550
2024-05-20,Kerala,10.8505,76.2711,0,5,0,38.6,0,377.54,0.309,64.98,656,3,Kiosk,16,1700,220,700
2024-06-02,Kerala,10.8505,76.2711,1,6,6,41.4,1,148.53,-0.477,71.0,1003,3,Web,8,1700,220,700
2025-07-24,Agra,27.1767,78.0081,0,7,3,37.3,0,490.27,-0.311,70.25,852,2,Kiosk,4,1300,150,550
2024-02-28,Andaman,11.7401,92.6586,0,2,2,24.2,0,388.78,-0.459,101.72,198,3,Kiosk,4,900,120,300
2025-08-07,Kerala,10.8505,76.2711,0,8,3,32.6,0,795.35,0.692,74.08,513,2,Agent,10,1700,220,700
2025-05-17,Agra,27.1767,78.0081,1,5,5,35.7,0,431.12,0.253,52.6,637,2,Agent,26,1300,150,550
2025-05-25,Andaman,11.7401,92.6586,1,5,6,36.2,0,434.87,-0.101,95.57,766,2,Web,20,900,120,300
2024-11-14,Varanasi,25.3176,82.9739,0,11,3,19.3,0,587.6,0.312,53.23,710,1,Web,2,1400,160,500
2024-01-20,Leh,34.1526,77.5771,1,1,5,2.9,0,402.72,-0.466,90.55,362,2,Agent,12,600,90,220
2024-09-19,Manali,32.2432,77.1892,0,9,3,15.2,1,487.46,-0.574,65.74,244,1,Web,13,1200,140,450
2024-06-23,Goa,15.2993,74.124,1,6,6,42.4,0,27.43,0.088,88.58,870,2,Kiosk,22,2000,250,800
2024-03-08,Manali,32.2432,77.1892,0,3,4,12.3,0,650.28,1.0,72.32,697,1,App,23,1200,140,450
2024-06-17,Jaipur,26.9124,75.7873,0,6,0,36.6,0,250.16,0.79,58.21,456,1,Web,23,1500,180,600
2025-02-28,Varanasi,25.3176,82.9739,0,2,4,21.2,0,102.27,0.77,54.84,515,2,Kiosk,18,1400,160,500
2025-01-07,Leh,34.1526,77.5771,0,1,1,2.7,0,225.4,0.066,92.53,256,3,Kiosk,3,600,90,220
2024-10-18,Varanasi,25.3176,82.9739,0,10,4,22.9,0,738.7,-0.201,42.96,434,2,Web,11,1400,160,500
2024-07-10,Manali,32.2432,77.1892,0,7,2,23.1,1,155.72,0.574,73.43,247,3,Web,7,1200,140,450
2025-08-09,Jaipur,26.9124,75.7873,1,8,5,34.0,0,770.95,0.568,63.92,808,3,Web,11,1500,180,600
2024-02-29,Kerala,10.8505,76.2711,0,2,3,23.9,0,600.9,-0.198,60.19,353,1,Kiosk,8,1700,220,700
2025-05-12,Goa,15.2993,74.124,0,5,0,39.6,0,312.65,-0.047,75.44,912,2,Agent,7,2000,250,800
2024-08-16,Varanasi,25.3176,82.9739,0,8,4,33.8,1,492.97,0.137,52.3,654,1,Kiosk,22,1400,160,500
2024-04-08,Leh,34.1526,77.5771,0,4,0,15.7,0,279.41,0.029,95.02,253,2,Agent,23,600,90,220
2024-04-24,Manali,32.2432,77.1892,0,4,2,17.4,0,611.16,0.951,76.4,452,2,Agent,23,1200,140,450
2024-07-04,Jaipur,26.9124,75.7873,0,7,3,34.9,0,648.23,-0.499,54.92,696,1,App,3,1500,180,600
2024-07-22,Leh,34.1526,77.5771,0,7,0,19.0,0,200.82,-0.311,93.06,425,2,Web,4,600,90,220
2025-06-01,Jaipur,26.9124,75.7873,1,6,6,38.2,0,697.68,0.104,61.7,966,2,Kiosk,13,1500,180,600
2024-12-01,Manali,32.2432,77.1892,1,12,6,5.9,0,162.06,-0.312,79.14,230,2,App,1,1200,140,450
2024-01-19,Varanasi,25.3176,82.9739,0,1,4,19.0,0,579.3,0.284,58.73,200,2,Kiosk,8,1400,160,500
2025-05-03,Goa,15.2993,74.124,1,5,5,39.2,0,157.28,0.511,75.52,724,1,Web,7,2000,250,800
2024-02-08,Goa,15.2993,74.124,0,2,3,23.2,0,62.76,0.294,71.69,494,2,Kiosk,4,2000,250,800
2024-10-22,Manali,32.2432,77.1892,0,10,1,10.6,0,434.12,-0.36,80.37,685,2,App,1,1200,140,450
2025-07-05,Goa,15.2993,74.124,1,7,5,37.3,0,298.05,-0.048,84.32,794,2,Agent,1,2000,250,800
2024-10-05,Varanasi,25.3176,82.9739,1,10,5,21.7,0,606.67,-0.319,50.38,408,3,Agent,2,1400,160,500
2025-01-01,Agra,27.1767,78.0081,0,1,2,18.7,0,145.89,-0.405,54.91,537,2,App,7,1300,150,550
2024-10-11,Manali,32.2432,77.1892,0,10,4,10.1,1,290.7,0.442,65.05,776,2,Kiosk,10,1200,140,450
2024-07-02,Agra,27.1767,78.0081,0,7,1,37.3,0,129.55,0.626,58.24,317,3,Web,6,1300,150,550
2024-03-21,Goa,15.2993,74.124,0,3,3,31.4,0,75.6,0.305,82.93,646,2,Agent,11,2000,250,800
2025-05-19,Goa,15.2993,74.124,0,5,0,38.7,0,245.47,-0.171,75.03,766,3,Web,35,2000,250,800
2025-03-21,Goa,15.2993,74.124,0,3,4,30.9,0,91.01,-0.388,80.83,406,3,Kiosk,7,2000,250,800
2025-09-16,Leh,34.1526,77.5771,0,9,1,10.4,1,159.38,0.072,86.54,423,1,Web,8,600,90,220
2025-04-13,Kerala,10.8505,76.2711,1,4,6,33.1,0,358.28,0.302,65.32,585,4,Agent,1,1700,220,700
2024-05-20,Leh,34.1526,77.5771,0,5,0,22.3,0,928.3,0.201,103.73,577,3,Web,10,600,90,220
2024-02-06,Goa,15.2993,74.124,0,2,1,26.4,1,101.03,0.395,77.58,745,3,App,17,2000,250,800
2025-01-06,Manali,32.2432,77.1892,0,1,0,5.9,0,281.83,-0.54,71.74,253,2,Web,18,1200,140,450
2025-05-15,Varanasi,25.3176,82.9739,0,5,3,35.2,1,393.55,-0.308,57.09,765,3,App,12,1400,160,500
2025-04-03,Manali,32.2432,77.1892,0,4,3,21.2,0,379.67,-0.696,72.62,425,2,Agent,4,1200,140,450
2025-06-07,Andaman,11.7401,92.6586,1,6,5,36.6,0,523.62,-0.0,94.74,725,3,Kiosk,2,900,120,300
2024-11-06,Varanasi,25.3176,82.9739,0,11,2,20.3,0,353.01,-0.136,38.86,214,2,Kiosk,2,1400,160,500
2024-05-03,Goa,15.2993,74.124,0,5,4,36.1,0,219.12,-0.263,79.41,860,1,Kiosk,3,2000,250,800
2025-01-13,Goa,15.2993,74.124,0,1,0,22.3,0,1948.25,-0.216,79.46,836,2,Agent,13,2000,250,800
2025-09-27,Jaipur,26.9124,75.7873,1,9,5,26.5,0,555.84,-0.424,60.72,500,2,Agent,5,1500,180,600
2024-07-28,Jaipur,26.9124,75.7873,1,7,6,37.6,0,556.8,-0.183,58.92,733,2,Kiosk,10,1500,180,600
2025-08-05,Kerala,10.8505,76.2711,0,8,1,33.1,0,342.38,-0.426,65.77,820,2,Agent,7,1700,220,700
2025-06-08,Andaman,11.7401,92.6586,1,6,6,40.3,0,396.71,0.431,85.98,228,3,Kiosk,5,900,120,300
2024-04-30,Kerala,10.8505,76.2711,0,4,1,34.3,0,334.67,-0.884,69.25,647,3,Kiosk,30,1700,220,700
2025-06-03,Leh,34.1526,77.5771,0,6,1,18.3,0,187.5,0.642,103.47,329,1,App,1,600,90,220
2024-05-17,Jaipur,26.9124,75.7873,0,5,4,36.7,0,1130.97,0.159,57.16,875,2,App,17,1500,180,600
2025-06-03,Andaman,11.7401,92.6586,0,6,1,39.1,0,1020.15,0.166,93.0,716,2,Kiosk,14,900,120,300
2025-01-11,Agra,27.1767,78.0081,1,1,5,19.7,0,282.32,0.188,57.48,521,2,App,12,1300,150,550
2025-06-04,Kerala,10.8505,76.2711,0,6,2,39.5,0,289.59,0.666,71.17,335,4,Agent,11,1700,220,700
2024-08-04,Andaman,11.7401,92.6586,1,8,6,34.2,1,1000.67,-0.234,92.77,751,3,Agent,21,900,120,300
2025-03-22,Agra,27.1767,78.0081,1,3,5,28.3,0,285.45,0.54,61.74,590,2,Web,10,1300,150,550
2024-06-25,Varanasi,25.3176,82.9739,0,6,1,36.2,1,174.19,-0.468,50.13,672,3,Agent,10,1400,160,500
2024-12-07,Jaipur,26.9124,75.7873,1,12,5,19.1,1,75.1,-0.548,53.68,419,2,Web,12,1500,180,600
2025-04-30,Jaipur,26.9124,75.7873,0,4,2,34.2,0,639.88,0.286,68.54,985,3,Kiosk,1,1500,180,600
2025-01-10,Goa,15.2993,74.124,0,1,4,20.1,0,218.35,0.069,75.85,636,1,Agent,9,2000,250,800
2025-02-07,Leh,34.1526,77.5771,0,2,4,4.8,0,301.6,-0.349,91.04,207,3,Kiosk,2,600,90,220
2025-05-22,Manali,32.2432,77.1892,0,5,3,24.5,0,143.82,0.795,77.9,124,3,Agent,1,1200,140,450
2025-09-30,Leh,34.1526,77.5771,0,9,1,10.5,0,269.98,-0.231,89.53,198,3,Kiosk,12,600,90,220
2024-08-27,Varanasi,25.3176,82.9739,0,8,1,33.4,0,212.03,0.382,50.26,202,1,Kiosk,11,1400,160,500
2024-03-14,Andaman,11.7401,92.6586,0,3,3,26.9,0,198.72,0.002,98.84,84,3,Agent,4,900,120,300
2024-03-16,Goa,15.2993,74.124,1,3,5,31.5,0,144.46,0.073,89.11,731,1,Web,34,2000,250,800
2025-05-12,Jaipur,26.9124,75.7873,0,5,0,35.8,0,182.1,0.649,66.26,669,2,Web,8,1500,180,600
2024-08-06,Andaman,11.7401,92.6586,0,8,1,31.4,0,294.51,0.565,88.81,167,2,Web,15,900,120,300
2025-04-14,Varanasi,25.3176,82.9739,0,4,0,32.3,0,910.86,0.951,53.63,515,1,Web,11,1400,160,500
2025-06-29,Manali,32.2432,77.1892,1,6,6,22.5,0,266.08,0.347,80.14,687,2,App,18,1200,140,450
2024-08-20,Agra,27.1767,78.0081,0,8,1,33.3,0,70.19,-0.081,50.59,496,2,Agent,14,1300,150,550
2025-04-20,Leh,34.1526,77.5771,1,4,6,13.7,0,243.29,0.271,99.46,444,2,Kiosk,8,600,90,220
2024-02-12,Andaman,11.7401,92.6586,0,2,0,23.4,0,122.42,-0.536,93.61,40,2,Kiosk,4,900,120,300
2024-11-14,Leh,34.1526,77.5771,0,11,3,3.4,0,40.37,0.535,90.7,460,2,Kiosk,9,600,90,220
2024-07-23,Leh,34.1526,77.5771,0,7,1,20.1,0,408.61,-0.525,97.03,683,3,Agent,7,600,90,220
2025-01-16,Manali,32.2432,77.1892,0,1,3,6.6,0,541.87,0.737,77.92,580,2,Agent,22,1200,140,450
2024-06-06,Manali,32.2432,77.1892,0,6,3,25.2,0,147.25,-0.08,81.13,399,2,Agent,10,1200,140,450
2024-10-04,Goa,15.2993,74.124,0,10,4,24.2,0,194.1,-0.434,73.24,590,1,Agent,11,2000,250,800
2024-12-20,Andaman,11.7401,92.6586,0,12,4,17.3,0,561.57,-0.181,80.73,232,3,Web,1,900,120,300
2025-07-02,Goa,15.2993,74.124,0,7,2,38.1,0,720.6,-0.009,63.63,999,2,Web,2,2000,250,800
2024-06-20,Leh,34.1526,77.5771,0,6,3,21.4,0,186.56,0.292,107.1,345,2,Web,12,600,90,220
2025-05-02,Varanasi,25.3176,82.9739,0,5,4,35.3,0,509.38,-0.048,51.76,537,2,Web,4,1400,160,500
2025-05-24,Jaipur,26.9124,75.7873,1,5,5,36.2,0,237.2,-0.673,67.83,922,2,Kiosk,5,1500,180,600
2025-07-17,Andaman,11.7401,92.6586,0,7,3,37.8,0,431.07,0.749,93.58,566,2,Web,2,900,120,300
2024-11-28,Kerala,10.8505,76.2711,0,11,3,19.4,0,1312.49,-0.618,69.42,563,2,Agent,48,1700,220,700
2024-03-21,Leh,34.1526,77.5771,0,3,3,10.8,0,529.86,-1.0,95.44,355,3,Agent,5,600,90,220
2024-03-07,Agra,27.1767,78.0081,0,3,3,28.3,0,191.71,0.19,56.96,257,2,Kiosk,12,1300,150,550
2025-05-13,Kerala,10.8505,76.2711,0,5,1,38.1,0,93.98,-0.301,67.75,750,1,App,13,1700,220,700
2024-10-02,Jaipur,26.9124,75.7873,0,10,2,24.6,0,362.18,-0.566,57.35,530,2,Kiosk,18,1500,180,600
2025-04-18,Manali,32.2432,77.1892,0,4,4,19.1,0,684.52,0.681,73.04,459,3,App,5,1200,140,450
2025-06-22,Manali,32.2432,77.1892,1,6,6,24.8,0,110.43,0.482,76.39,473,2,Web,4,1200,140,450
2024-06-17,Goa,15.2993,74.124,0,6,0,38.5,0,163.52,-0.721,74.24,739,2,Web,8,2000,250,800
2025-03-25,Agra,27.1767,78.0081,0,3,1,25.0,0,461.77,-0.521,56.97,376,2,Agent,19,1300,150,550
2024-08-02,Kerala,10.8505,76.2711,0,8,4,32.1,0,65.41,0.647,80.39,707,3,Web,3,1700,220,700
2024-03-22,Varanasi,25.3176,82.9739,0,3,4,23.7,0,279.57,0.211,40.16,181,2,Kiosk,27,1400,160,500
2024-03-03,Agra,27.1767,78.0081,1,3,6,24.6,0,17.41,0.068,61.8,410,3,Agent,10,1300,150,550
2024-12-25,Andaman,11.7401,92.6586,0,12,2,17.1,0,837.58,0.475,86.89,406,1,Kiosk,15,900,120,300
2024-10-01,Leh,34.1526,77.5771,0,10,1,6.5,0,750.2,0.88,94.51,533,2,Web,9,600,90,220
2025-05-18,Agra,27.1767,78.0081,1,5,6,35.5,0,259.31,1.0,65.94,541,1,App,6,1300,150,550
2024-08-26,Leh,34.1526,77.5771,0,8,0,14.0,0,625.61,0.86,92.19,402,1,Kiosk,5,600,90,220
2025-03-28,Goa,15.2993,74.124,0,3,4,31.0,0,293.33,-0.025,81.72,427,2,Agent,10,2000,250,800
2024-08-09,Varanasi,25.3176,82.9739,0,8,4,30.7,0,174.12,-1.0,47.02,735,1,Agent,8,1400,160,500
2025-03-07,Manali,32.2432,77.1892,0,3,4,13.5,0,446.38,-0.449,74.19,300,2,Kiosk,10,1200,140,450
2025-06-07,Manali,32.2432,77.1892,1,6,5,23.0,0,302.6,0.56,73.31,505,2,App,9,1200,140,450
2024-04-16,Goa,15.2993,74.124,0,4,1,34.9,0,195.17,-0.066,73.23,750,1,Web,2,2000,250,800
2024-08-26,Goa,15.2993,74.124,0,8,0,33.7,0,181.08,-0.374,66.31,993,1,App,5,2000,250,800
2025-06-21,Agra,27.1767,78.0081,1,6,5,38.4,0,351.31,-0.483,51.65,743,3,Web,12,1300,150,550
2025-07-20,Kerala,10.8505,76.2711,1,7,6,34.7,0,562.89,-1.0,62.68,817,2,Kiosk,8,1700,220,700
2024-02-09,Leh,34.1526,77.5771,0,2,4,6.4,0,273.66,0.428,92.27,342,2,App,20,600,90,220
2025-02-13,Jaipur,26.9124,75.7873,0,2,3,22.6,0,551.02,1.0,51.3,636,2,App,5,1500,180,600
2025-04-28,Jaipur,26.9124,75.7873,0,4,0,33.4,0,280.78,0.244,60.7,619,3,Agent,5,1500,180,600
2024-07-18,Goa,15.2993,74.124,0,7,3,37.7,0,1337.72,-0.085,78.32,1140,2,App,6,2000,250,800
2024-03-28,Andaman,11.7401,92.6586,0,3,3,28.7,0,39.96,1.0,93.71,329,1,Agent,8,900,120,300
2025-09-21,Leh,34.1526,77.5771,1,9,6,10.3,0,71.52,-0.204,91.41,374,2,App,13,600,90,220
2024-07-03,Kerala,10.8505,76.2711,0,7,2,39.0,0,322.41,0.777,68.72,353,3,Agent,7,1700,220,700
2025-02-27,Agra,27.1767,78.0081,0,2,3,21.2,0,642.55,-0.59,63.88,708,2,Web,4,1300,150,550
2024-12-21,Leh,34.1526,77.5771,1,12,5,-0.5,0,161.84,0.095,91.88,318,3,App,29,600,90,220
2025-06-30,Varanasi,25.3176,82.9739,0,6,0,35.4,0,149.94,0.999,51.19,415,1,Kiosk,12,1400,160,500
2024-10-05,Goa,15.2993,74.124,1,10,5,24.8,0,118.15,-0.375,84.1,621,2,Kiosk,9,2000,250,800
2024-03-07,Andaman,11.7401,92.6586,0,3,3,26.4,0,266.08,1.0,93.02,411,2,Web,28,900,120,300
2024-01-10,Manali,32.2432,77.1892,0,1,2,6.2,0,324.69,0.266,70.36,82,3,Agent,21,1200,140,450
2024-01-30,Manali,32.2432,77.1892,0,1,1,8.1,0,206.38,0.15,69.35,353,3,Kiosk,29,1200,140,450
2025-09-02,Goa,15.2993,74.124,0,9,1,29.7,0,475.92,0.288,74.93,696,3,App,21,2000,250,800
2024-01-18,Andaman,11.7401,92.6586,0,1,3,19.5,0,307.01,0.427,86.0,636,2,Web,19,900,120,300
2025-06-08,Goa,15.2993,74.124,1,6,6,40.5,0,513.99,-0.218,84.37,1020,1,Kiosk,19,2000,250,800
2024-10-01,Leh,34.1526,77.5771,0,10,1,4.7,0,398.61,0.266,92.06,220,2,Agent,6,600,90,220
2025-08-12,Jaipur,26.9124,75.7873,0,8,1,33.9,0,284.72,1.0,59.51,240,2,Kiosk,12,1500,180,600
2025-04-24,Goa,15.2993,74.124,0,4,3,34.7,0,726.98,-0.041,85.15,863,3,Agent,2,2000,250,800
2024-09-04,Leh,34.1526,77.5771,0,9,2,9.0,0,135.52,-0.948,85.65,92,3,Web,15,600,90,220
2024-10-29,Varanasi,25.3176,82.9739,0,10,1,22.1,0,147.44,0.226,44.67,332,1,Web,5,1400,160,500
2025-09-08,Varanasi,25.3176,82.9739,0,9,0,24.9,0,102.71,0.03,52.23,486,1,Web,13,1400,160,500
2024-03-29,Agra,27.1767,78.0081,0,3,4,27.5,0,1175.36,-0.373,45.06,517,2,Web,10,1300,150,550
2024-12-02,Agra,27.1767,78.0081,0,12,0,15.3,0,521.79,1.0,58.15,648,1,Agent,6,1300,150,550
2025-07-26,Jaipur,26.9124,75.7873,1,7,5,36.1,0,202.42,0.635,66.53,581,2,Web,25,1500,180,600
2024-11-27,Agra,27.1767,78.0081,0,11,2,19.6,0,410.41,0.172,65.74,414,2,Kiosk,6,1300,150,550
2025-04-25,Andaman,11.7401,92.6586,0,4,4,33.1,0,276.77,0.386,94.1,424,1,App,16,900,120,300
2025-01-12,Andaman,11.7401,92.6586,1,1,6,19.6,0,168.78,0.794,92.97,719,3,Web,4,900,120,300
2024-04-05,Agra,27.1767,78.0081,0,4,4,30.8,0,62.2,0.23,56.16,849,2,App,18,1300,150,550
2024-11-23,Andaman,11.7401,92.6586,1,11,5,20.4,0,865.21,0.134,92.82,579,4,App,11,900,120,300
2024-12-11,Kerala,10.8505,76.2711,0,12,2,19.3,0,471.34,0.746,71.89,799,5,Kiosk,21,1700,220,700
2025-05-25,Leh,34.1526,77.5771,1,5,6,18.3,0,643.52,0.023,91.81,760,3,Kiosk,19,600,90,220
2024-01-22,Varanasi,25.3176,82.9739,0,1,0,17.0,0,118.29,0.607,51.97,589,2,Web,5,1400,160,500
2024-03-26,Leh,34.1526,77.5771,0,3,1,9.9,0,796.47,-0.294,98.65,495,1,App,6,600,90,220
2025-03-24,Goa,15.2993,74.124,0,3,0,31.6,0,375.78,0.765,72.94,704,3,Agent,15,2000,250,800
2025-03-11,Andaman,11.7401,92.6586,0,3,1,28.7,0,144.74,0.197,93.75,40,3,Kiosk,1,900,120,300
2025-05-09,Jaipur,26.9124,75.7873,0,5,4,36.9,0,543.75,0.639,62.55,246,3,Agent,9,1500,180,600
2025-07-25,Manali,32.2432,77.1892,0,7,4,22.5,1,290.15,-0.341,74.7,359,2,Web,14,1200,140,450
2025-09-25,Jaipur,26.9124,75.7873,0,9,3,26.5,0,602.86,0.381,59.91,786,2,Agent,14,1500,180,600
2025-02-21,Varanasi,25.3176,82.9739,0,2,4,25.4,0,690.44,-0.528,60.77,543,2,Kiosk,12,1400,160,500
2024-04-13,Varanasi,25.3176,82.9739,1,4,5,30.5,0,1069.27,0.358,49.8,568,2,Web,25,1400,160,500
2024-02-16,Manali,32.2432,77.1892,0,2,4,9.5,0,172.0,1.0,59.03,555,2,Agent,14,1200,140,450
2024-08-12,Andaman,11.7401,92.6586,0,8,0,32.0,0,485.57,-0.403,90.06,838,1,Web,9,900,120,300
2024-03-07,Andaman,11.7401,92.6586,0,3,3,28.1,0,875.71,-0.17,84.31,193,3,App,5,900,120,300
2024-12-15,Varanasi,25.3176,82.9739,1,12,6,16.0,0,298.21,-0.202,51.93,544,2,Web,1,1400,160,500
2025-06-02,Jaipur,26.9124,75.7873,0,6,0,36.1,0,355.37,-1.0,58.11,548,2,Agent,23,1500,180,600
2024-09-12,Varanasi,25.3176,82.9739,0,9,3,28.0,0,129.61,0.126,56.06,482,2,Agent,11,1400,160,500
2024-09-14,Leh,34.1526,77.5771,1,9,5,11.1,0,1215.18,0.279,93.56,400,2,Agent,15,600,90,220
2025-04-27,Agra,27.1767,78.0081,1,4,6,32.5,0,122.28,0.373,57.35,477,2,App,3,1300,150,550
2024-12-17,Agra,27.1767,78.0081,0,12,1,15.5,0,37.59,1.0,67.51,471,2,Kiosk,11,1300,150,550
2024-10-05,Goa,15.2993,74.124,1,10,5,25.7,0,490.66,0.147,84.75,505,1,App,18,2000,250,800
2024-04-17,Leh,34.1526,77.5771,0,4,2,12.6,0,549.4,-0.007,93.77,419,2,Agent,3,600,90,220
2024-09-30,Leh,34.1526,77.5771,0,9,0,9.7,0,114.1,0.078,90.99,0,1,Kiosk,4,600,90,220
2024-09-18,Kerala,10.8505,76.2711,0,9,2,28.9,0,414.37,0.502,68.26,1056,1,Kiosk,7,1700,220,700
2024-12-22,Jaipur,26.9124,75.7873,1,12,6,19.4,0,219.84,0.622,48.27,916,2,Web,23,1500,180,600
2024-06-10,Manali,32.2432,77.1892,0,6,0,24.0,0,279.88,0.249,79.59,386,1,Agent,13,1200,140,450
2024-12-27,Jaipur,26.9124,75.7873,0,12,4,18.1,0,513.52,0.452,55.92,560,2,Agent,22,1500,180,600
2024-03-16,Agra,27.1767,78.0081,1,3,5,27.1,0,440.61,0.387,64.29,908,2,App,2,1300,150,550
2024-09-08,Andaman,11.7401,92.6586,1,9,6,29.8,0,96.52,0.092,94.71,264,2,Kiosk,12,900,120,300
2024-04-17,Andaman,11.7401,92.6586,0,4,2,35.5,0,301.57,0.454,91.19,90,2,Kiosk,3,900,120,300
2024-09-07,Varanasi,25.3176,82.9739,1,9,5,25.7,0,91.38,0.335,44.35,295,2,Web,11,1400,160,500
2024-03-01,Andaman,11.7401,92.6586,0,3,4,27.4,0,227.07,1.0,89.77,289,2,Kiosk,1,900,120,300
2024-01-24,Manali,32.2432,77.1892,0,1,2,6.1,0,17.95,-0.368,69.01,535,1,Web,19,1200,140,450
2025-09-15,Andaman,11.7401,92.6586,0,9,0,27.4,0,290.17,0.014,87.52,245,2,Web,6,900,120,300
2025-09-02,Andaman,11.7401,92.6586,0,9,1,27.7,0,304.57,0.605,91.24,573,1,App,10,900,120,300
2024-05-26,Manali,32.2432,77.1892,1,5,6,23.6,0,117.8,-0.708,61.49,548,1,Web,5,1200,140,450
2025-02-18,Andaman,11.7401,92.6586,0,2,1,23.3,0,277.52,0.252,94.32,170,1,App,16,900,120,300
2025-02-28,Goa,15.2993,74.124,0,2,4,24.8,0,237.94,-0.119,75.76,468,1,Kiosk,10,2000,250,800
2024-01-04,Leh,34.1526,77.5771,0,1,3,0.7,0,215.62,0.245,99.74,214,2,Agent,1,600,90,220
2024-02-16,Manali,32.2432,77.1892,0,2,4,11.7,1,521.14,0.943,62.56,565,1,Agent,4,1200,140,450
2024-07-01,Goa,15.2993,74.124,0,7,0,37.9,0,543.59,-0.75,78.18,1208,1,Web,4,2000,250,800
2025-04-01,Leh,34.1526,77.5771,0,4,1,15.9,0,662.06,-0.51,100.08,458,2,Agent,5,600,90,220
2025-07-25,Agra,27.1767,78.0081,0,7,4,36.1,0,873.81,0.419,48.83,179,2,Agent,16,1300,150,550
2025-08-31,Andaman,11.7401,92.6586,1,8,6,34.8,0,138.41,0.303,90.97,640,1,App,7,900,120,300
2024-07-28,Andaman,11.7401,92.6586,1,7,6,36.0,0,454.15,1.0,86.36,547,2,Web,18,900,120,300
2025-07-27,Varanasi,25.3176,82.9739,1,7,6,34.7,0,134.48,-0.131,47.96,518,2,Web,17,1400,160,500
2025-05-14,Leh,34.1526,77.5771,0,5,2,19.4,0,584.49,0.653,107.11,290,1,Agent,3,600,90,220
2025-02-26,Jaipur,26.9124,75.7873,0,2,2,22.9,0,377.91,1.0,54.28,643,1,Kiosk,12,1500,180,600
2025-08-12,Goa,15.2993,74.124,0,8,1,36.6,0,480.58,0.016,74.18,685,2,Agent,12,2000,250,800
2024-06-28,Leh,34.1526,77.5771,0,6,4,20.9,0,125.14,-0.239,100.75,489,2,App,19,600,90,220
2025-05-25,Andaman,11.7401,92.6586,1,5,6,37.7,0,67.69,0.095,98.93,557,2,Agent,1,900,120,300
2024-10-16,Varanasi,25.3176,82.9739,0,10,2,22.1,0,1304.04,0.833,45.87,678,1,Agent,37,1400,160,500
2024-06-08,Andaman,11.7401,92.6586,1,6,5,40.3,0,425.03,0.4,98.15,257,1,Agent,8,900,120,300
2025-02-26,Jaipur,26.9124,75.7873,0,2,2,22.8,0,476.66,0.373,58.31,588,1,App,4,1500,180,600
2025-04-04,Manali,32.2432,77.1892,0,4,4,20.2,0,289.09,-0.12,63.0,429,2,Kiosk,5,1200,140,450
2024-03-10,Goa,15.2993,74.124,1,3,6,30.8,0,819.66,-0.375,78.96,793,2,Kiosk,19,2000,250,800
2024-05-12,Goa,15.2993,74.124,1,5,6,39.9,1,186.03,-0.748,79.03,798,1,App,6,2000,250,800
2024-05-10,Agra,27.1767,78.0081,0,5,4,35.0,0,802.72,-0.339,63.08,575,3,Web,8,1300,150,550
2024-05-15,Manali,32.2432,77.1892,0,5,2,23.0,0,724.49,0.769,84.08,214,2,Kiosk,6,1200,140,450
2024-10-21,Andaman,11.7401,92.6586,0,10,0,23.4,0,411.65,-0.196,89.64,341,3,Web,4,900,120,300
2025-09-04,Varanasi,25.3176,82.9739,0,9,3,26.1,1,14.5,-0.302,48.49,231,3,Kiosk,16,1400,160,500
2024-07-28,Manali,32.2432,77.1892,1,7,6,23.1,0,399.09,-0.505,74.66,908,2,App,31,1200,140,450
2024-01-30,Manali,32.2432,77.1892,0,1,1,5.1,0,206.64,-0.022,68.26,399,1,Agent,11,1200,140,450
2025-09-09,Agra,27.1767,78.0081,0,9,1,26.1,0,80.39,0.456,52.7,434,2,Kiosk,13,1300,150,550
2025-08-30,Manali,32.2432,77.1892,1,8,5,21.2,0,969.48,0.485,68.72,210,2,Web,10,1200,140,450
2025-05-27,Leh,34.1526,77.5771,0,5,1,17.3,0,235.11,1.0,92.89,335,3,App,9,600,90,220
2024-08-01,Leh,34.1526,77.5771,0,8,3,15.1,0,240.47,0.257,91.14,317,3,Kiosk,15,600,90,220
2024-11-04,Goa,15.2993,74.124,0,11,0,21.0,0,919.48,0.177,72.3,408,2,Agent,8,2000,250,800
2024-10-30,Kerala,10.8505,76.2711,0,10,2,26.2,0,870.35,0.004,64.44,500,3,App,22,1700,220,700
2024-06-10,Andaman,11.7401,92.6586,0,6,0,37.6,0,436.03,1.0,87.88,359,1,App,4,900,120,300
2024-09-03,Manali,32.2432,77.1892,0,9,1,15.3,0,157.8,0.053,73.96,240,1,Web,5,1200,140,450
2024-08-29,Kerala,10.8505,76.2711,0,8,3,34.3,0,595.06,0.915,68.74,829,2,App,12,1700,220,700
2025-06-16,Goa,15.2993,74.124,0,6,0,40.0,0,155.98,-0.174,76.76,658,2,Kiosk,3,2000,250,800
2025-03-17,Varanasi,25.3176,82.9739,0,3,0,26.9,0,89.15,0.552,46.28,630,2,App,17,1400,160,500
2024-11-11,Agra,27.1767,78.0081,0,11,0,16.8,1,520.2,-0.545,49.83,192,1,Agent,9,1300,150,550
2024-07-14,Leh,34.1526,77.5771,1,7,6,16.8,0,507.23,0.369,95.24,479,2,Web,12,600,90,220
2025-01-11,Leh,34.1526,77.5771,1,1,5,1.5,0,370.12,-0.231,91.3,244,2,Agent,17,600,90,220
2024-10-16,Leh,34.1526,77.5771,0,10,2,4.8,0,514.27,0.829,85.28,493,3,Kiosk,16,600,90,220
2024-07-19,Leh,34.1526,77.5771,0,7,4,19.3,0,73.04,0.608,96.35,30,3,Kiosk,17,600,90,220
2024-10-23,Andaman,11.7401,92.6586,0,10,2,21.2,0,554.48,-0.738,87.6,242,1,Kiosk,20,900,120,300
2024-12-22,Agra,27.1767,78.0081,1,12,6,16.6,0,146.32,0.391,53.33,724,2,App,30,1300,150,550
2025-01-18,Kerala,10.8505,76.2711,1,1,5,20.8,0,115.28,0.18,66.84,713,2,Web,2,1700,220,700
2024-02-06,Leh,34.1526,77.5771,0,2,1,7.0,0,139.01,0.01,97.35,0,1,Kiosk,12,600,90,220
2025-09-23,Goa,15.2993,74.124,0,9,1,29.8,0,37.57,0.155,88.98,726,2,App,3,2000,250,800
2025-08-08,Jaipur,26.9124,75.7873,0,8,4,32.8,0,432.84,-0.148,65.85,851,2,App,12,1500,180,600
2025-01-01,Goa,15.2993,74.124,0,1,2,21.2,0,1335.2,-0.542,85.6,983,2,App,14,2000,250,800
2025-08-11,Agra,27.1767,78.0081,0,8,0,32.0,0,409.64,0.402,52.89,327,1,Web,6,1300,150,550
2024-02-06,Agra,27.1767,78.0081,0,2,1,22.2,0,64.58,0.346,56.41,219,2,Kiosk,19,1300,150,550
2025-01-01,Manali,32.2432,77.1892,0,1,2,6.5,0,385.02,0.824,75.73,936,2,Web,5,1200,140,450
2025-06-20,Jaipur,26.9124,75.7873,0,6,4,37.6,0,146.56,-0.106,67.77,797,1,Kiosk,13,1500,180,600
2025-08-08,Manali,32.2432,77.1892,0,8,4,17.2,0,217.63,-0.433,71.14,409,4,Kiosk,14,1200,140,450
2025-04-14,Jaipur,26.9124,75.7873,0,4,0,34.5,0,819.65,1.0,65.42,565,2,Web,6,1500,180,600
2025-09-28,Jaipur,26.9124,75.7873,1,9,6,28.7,0,704.8,0.352,60.64,931,2,App,14,1500,180,600
2025-03-23,Kerala,10.8505,76.2711,1,3,6,30.1,0,162.85,0.844,67.94,931,1,Web,60,1700,220,700
2025-04-19,Kerala,10.8505,76.2711,1,4,5,32.9,0,285.46,0.389,60.83,405,2,Kiosk,9,1700,220,700
2024-03-27,Agra,27.1767,78.0081,0,3,2,26.0,0,1089.3,-0.139,62.46,501,2,Web,8,1300,150,550
2024-06-26,Leh,34.1526,77.5771,0,6,2,17.4,0,770.63,-0.675,98.21,517,2,App,5,600,90,220
2024-10-28,Leh,34.1526,77.5771,0,10,0,4.0,0,457.04,0.41,87.33,525,2,App,6,600,90,220
2024-03-06,Agra,27.1767,78.0081,0,3,2,26.5,1,422.3,-0.209,62.25,461,2,App,8,1300,150,550
2024-01-26,Leh,34.1526,77.5771,0,1,4,0.1,0,1021.74,0.147,88.7,178,2,Agent,8,600,90,220
2025-07-18,Varanasi,25.3176,82.9739,0,7,4,35.6,1,391.47,0.451,50.66,362,3,App,17,1400,160,500
2025-01-18,Goa,15.2993,74.124,1,1,5,21.6,0,668.08,-0.278,79.81,406,2,Agent,18,2000,250,800
2025-09-26,Varanasi,25.3176,82.9739,0,9,4,27.4,0,100.7,-0.964,45.51,323,1,App,4,1400,160,500
2025-04-24,Andaman,11.7401,92.6586,0,4,3,31.3,0,630.35,0.305,90.36,501,3,Agent,7,900,120,300
2024-12-16,Jaipur,26.9124,75.7873,0,12,0,16.4,0,200.03,0.701,63.24,858,2,Web,25,1500,180,600
2025-08-31,Goa,15.2993,74.124,1,8,6,36.7,0,221.97,0.173,80.7,950,2,Kiosk,4,2000,250,800
2025-05-12,Manali,32.2432,77.1892,0,5,0,22.6,0,1252.08,-0.406,72.88,848,1,Agent,10,1200,140,450
2024-01-11,Kerala,10.8505,76.2711,0,1,3,20.8,0,24.82,-0.557,64.64,726,1,App,7,1700,220,700
2025-05-20,Jaipur,26.9124,75.7873,0,5,1,36.0,0,373.8,-0.683,58.72,801,2,Kiosk,20,1500,180,600
2025-08-26,Leh,34.1526,77.5771,0,8,1,13.3,0,869.01,-0.468,85.83,379,1,App,2,600,90,220
2024-09-12,Agra,27.1767,78.0081,0,9,3,27.2,1,372.68,-0.391,57.76,393,2,Agent,12,1300,150,550
2024-09-26,Manali,32.2432,77.1892,0,9,3,16.2,1,317.48,0.503,74.98,425,2,Agent,5,1200,140,450
2025-02-27,Manali,32.2432,77.1892,0,2,3,10.2,0,305.3,0.054,69.64,466,2,Web,6,1200,140,450
2024-05-19,Andaman,11.7401,92.6586,1,5,6,36.4,0,215.5,-0.154,94.51,508,2,Web,6,900,120,300
2024-02-02,Manali,32.2432,77.1892,0,2,4,9.9,0,549.46,0.725,68.43,520,2,App,4,1200,140,450
2025-08-20,Kerala,10.8505,76.2711,0,8,2,34.6,0,301.5,0.35,64.25,575,2,Kiosk,9,1700,220,700
2025-03-16,Kerala,10.8505,76.2711,1,3,6,28.9,0,141.06,1.0,73.52,748,3,Web,13,1700,220,700
2024-03-07,Agra,27.1767,78.0081,0,3,3,28.9,0,212.86,-0.549,50.96,180,3,Kiosk,12,1300,150,550
2025-03-19,Andaman,11.7401,92.6586,0,3,2,28.1,0,208.84,-0.201,81.78,38,2,Kiosk,1,900,120,300
2024-08-16,Goa,15.2993,74.124,0,8,4,35.2,0,365.91,1.0,81.32,402,3,Kiosk,1,2000,250,800
2024-07-06,Jaipur,26.9124,75.7873,1,7,5,36.7,0,689.44,-0.34,78.53,870,3,Web,5,1500,180,600
2024-01-09,Andaman,11.7401,92.6586,0,1,1,18.5,0,37.59,-0.062,99.29,217,2,App,1,900,120,300
2025-04-17,Andaman,11.7401,92.6586,0,4,3,32.9,0,1611.43,0.004,90.61,540,2,Kiosk,1,900,120,300
2025-02-06,Leh,34.1526,77.5771,0,2,3,4.1,0,934.69,-0.081,91.31,333,3,App,25,600,90,220
2025-07-14,Andaman,11.7401,92.6586,0,7,0,37.2,0,1034.74,0.121,93.2,623,2,Web,15,900,120,300
2025-06-02,Goa,15.2993,74.124,0,6,0,40.4,0,270.57,0.484,78.28,437,3,App,3,2000,250,800
2024-08-27,Leh,34.1526,77.5771,0,8,1,16.7,0,314.03,-0.464,94.88,365,2,Web,15,600,90,220
2024-03-10,Goa,15.2993,74.124,1,3,6,30.2,0,437.81,0.011,71.73,612,3,Kiosk,8,2000,250,800
2024-06-16,Jaipur,26.9124,75.7873,1,6,6,38.0,0,951.27,0.424,70.98,805,2,App,11,1500,180,600
2024-05-03,Leh,34.1526,77.5771,0,5,4,18.3,0,854.05,0.546,103.88,0,2,Kiosk,16,600,90,220
2024-10-09,Andaman,11.7401,92.6586,0,10,2,22.2,0,344.76,0.519,85.05,569,1,Agent,5,900,120,300
2025-02-14,Jaipur,26.9124,75.7873,0,2,4,21.0,0,469.25,1.0,75.05,1095,2,Web,4,1500,180,600
2024-01-17,Varanasi,25.3176,82.9739,0,1,2,20.7,0,23.05,0.365,54.91,477,3,Kiosk,4,1400,160,500
2025-10-01,Leh,34.1526,77.5771,0,10,2,6.7,0,822.79,0.18,95.97,234,3,Kiosk,9,600,90,220
2025-05-31,Jaipur,26.9124,75.7873,1,5,5,35.2,1,316.53,-0.726,69.24,857,1,App,1,1500,180,600
2024-06-16,Andaman,11.7401,92.6586,1,6,6,37.3,0,484.3,0.428,87.4,482,3,Agent,4,900,120,300
2024-10-14,Goa,15.2993,74.124,0,10,0,22.1,0,145.46,0.381,85.22,736,3,Agent,9,2000,250,800
2024-12-16,Andaman,11.7401,92.6586,0,12,0,18.6,0,175.95,0.018,89.16,376,2,Web,11,900,120,300
2025-02-17,Leh,34.1526,77.5771,0,2,0,5.3,0,235.82,0.24,99.53,141,3,App,5,600,90,220
2024-01-18,Agra,27.1767,78.0081,0,1,3,20.0,0,359.65,0.455,58.14,657,2,Kiosk,3,1300,150,550
2024-05-10,Agra,27.1767,78.0081,0,5,4,34.4,0,727.84,0.036,63.83,532,2,Web,12,1300,150,550
2025-05-12,Goa,15.2993,74.124,0,5,0,38.4,0,346.15,-0.741,83.26,928,2,Kiosk,8,2000,250,800
2024-11-06,Leh,34.1526,77.5771,0,11,2,1.9,0,1369.39,-0.52,92.07,309,1,Web,8,600,90,220
2024-06-06,Jaipur,26.9124,75.7873,0,6,3,35.8,0,173.17,-0.561,60.37,624,2,Web,13,1500,180,600
2024-09-28,Leh,34.1526,77.5771,1,9,5,11.7,1,108.84,-0.421,90.76,14,2,Agent,4,600,90,220
2024-04-29,Andaman,11.7401,92.6586,0,4,0,33.3,0,216.53,0.124,88.64,583,1,Agent,6,900,120,300
2024-05-27,Jaipur,26.9124,75.7873,0,5,0,36.4,0,297.8,-0.587,56.12,534,4,Agent,23,1500,180,600
2025-02-09,Agra,27.1767,78.0081,1,2,6,21.0,0,419.58,-0.307,52.97,411,2,Kiosk,9,1300,150,550
2024-09-06,Andaman,11.7401,92.6586,0,9,4,29.8,0,173.02,0.607,90.17,456,3,App,10,900,120,300
2025-01-14,Agra,27.1767,78.0081,0,1,1,19.1,0,271.6,-0.488,65.53,293,2,App,5,1300,150,550
2024-02-06,Leh,34.1526,77.5771,0,2,1,4.7,0,334.38,-0.485,95.0,97,2,Kiosk,11,600,90,220
2025-04-13,Leh,34.1526,77.5771,1,4,6,14.8,0,600.24,0.11,101.41,499,1,Kiosk,9,600,90,220
2025-09-28,Jaipur,26.9124,75.7873,1,9,6,27.4,0,13.04,-0.092,52.6,551,1,Web,18,1500,180,600
2025-04-20,Kerala,10.8505,76.2711,1,4,6,34.1,0,522.97,0.34,65.4,949,2,App,14,1700,220,700
2025-01-05,Goa,15.2993,74.124,1,1,6,20.9,0,794.6,1.0,72.42,974,3,App,2,2000,250,800
2024-06-02,Goa,15.2993,74.124,1,6,6,41.3,1,105.27,-0.66,84.72,977,1,Web,3,2000,250,800
2025-03-02,Leh,34.1526,77.5771,1,3,6,10.0,0,115.08,1.0,102.93,646,2,App,12,600,90,220
2024-12-05,Agra,27.1767,78.0081,0,12,3,15.3,0,294.32,-0.094,68.72,298,2,Web,3,1300,150,550
2024-02-26,Agra,27.1767,78.0081,0,2,0,22.5,0,724.02,0.866,61.5,568,3,Kiosk,4,1300,150,550
2024-02-09,Manali,32.2432,77.1892,0,2,4,10.0,0,152.54,0.971,73.62,395,3,Agent,49,1200,140,450
2025-03-11,Andaman,11.7401,92.6586,0,3,1,27.5,0,296.55,0.79,89.46,332,2,Agent,6,900,120,300
2025-09-18,Jaipur,26.9124,75.7873,0,9,3,28.5,0,130.6,0.376,53.92,632,2,App,4,1500,180,600
2024-07-21,Jaipur,26.9124,75.7873,1,7,6,38.0,0,277.83,0.134,64.25,751,2,Agent,6,1500,180,600
2024-10-09,Goa,15.2993,74.124,0,10,2,24.8,0,112.06,-0.346,73.7,651,1,Kiosk,5,2000,250,800
2025-05-24,Leh,34.1526,77.5771,1,5,5,19.5,0,540.98,0.223,100.07,481,2,Kiosk,15,600,90,220
2025-06-09,Goa,15.2993,74.124,0,6,0,39.1,0,302.65,-0.123,75.07,893,2,Kiosk,21,2000,250,800
2025-04-06,Manali,32.2432,77.1892,1,4,6,21.2,0,443.71,0.754,74.34,330,1,Kiosk,35,1200,140,450
2024-01-07,Jaipur,26.9124,75.7873,1,1,6,19.1,0,256.03,-0.201,65.46,245,3,Kiosk,3,1500,180,600
2025-05-18,Jaipur,26.9124,75.7873,1,5,6,36.2,0,140.21,0.829,56.48,621,3,App,5,1500,180,600
2025-03-22,Goa,15.2993,74.124,1,3,5,27.9,0,806.14,0.129,78.12,758,3,App,24,2000,250,800
2025-02-17,Goa,15.2993,74.124,0,2,0,23.8,0,538.45,0.197,80.29,583,2,Agent,7,2000,250,800
2024-03-21,Kerala,10.8505,76.2711,0,3,3,27.7,0,1005.44,0.378,70.09,1147,2,Web,21,1700,220,700
2025-08-16,Kerala,10.8505,76.2711,1,8,5,34.4,0,287.55,-0.045,61.2,718,1,App,29,1700,220,700
2025-03-17,Leh,34.1526,77.5771,0,3,0,11.7,0,315.32,-0.024,88.02,35,2,Agent,7,600,90,220
2025-08-15,Varanasi,25.3176,82.9739,0,8,4,31.8,0,737.27,-0.783,51.72,778,3,App,4,1400,160,500
2024-08-22,Varanasi,25.3176,82.9739,0,8,3,31.2,0,216.27,0.455,50.26,204,3,Agent,2,1400,160,500
2024-10-22,Kerala,10.8505,76.2711,0,10,1,21.3,0,614.37,-0.191,62.1,692,1,Web,18,1700,220,700
2024-11-27,Goa,15.2993,74.124,0,11,2,21.7,0,438.49,0.095,76.34,689,2,Web,39,2000,250,800
2024-06-21,Kerala,10.8505,76.2711,0,6,4,41.0,0,981.37,0.825,64.14,409,3,App,2,1700,220,700
2024-01-10,Varanasi,25.3176,82.9739,0,1,2,17.8,0,892.13,1.0,48.52,425,2,Agent,4,1400,160,500
2025-08-10,Goa,15.2993,74.124,1,8,6,33.9,0,249.7,-0.746,73.69,657,2,Agent,7,2000,250,800
2024-05-15,Agra,27.1767,78.0081,0,5,2,33.9,0,500.46,0.573,61.99,402,2,Agent,21,1300,150,550
2025-06-02,Jaipur,26.9124,75.7873,0,6,0,36.5,0,231.34,-0.481,65.46,654,2,Web,5,1500,180,600
2024-07-26,Varanasi,25.3176,82.9739,0,7,4,36.2,0,643.81,0.296,37.22,755,3,Web,21,1400,160,500
2024-11-04,Andaman,11.7401,92.6586,0,11,0,21.8,0,952.35,-0.26,83.54,43,2,Agent,28,900,120,300
2025-09-13,Goa,15.2993,74.124,1,9,5,31.2,0,225.55,0.041,85.92,487,2,Kiosk,10,2000,250,800
2025-04-03,Varanasi,25.3176,82.9739,0,4,3,30.3,0,477.62,0.065,50.53,457,3,Kiosk,5,1400,160,500
2024-01-28,Jaipur,26.9124,75.7873,1,1,6,19.4,0,372.14,0.138,61.3,284,3,Agent,10,1500,180,600
2024-12-15,Varanasi,25.3176,82.9739,1,12,6,17.5,0,602.54,0.692,60.34,948,2,Web,2,1400,160,500
2024-10-23,Manali,32.2432,77.1892,0,10,2,7.7,1,162.55,0.904,74.01,364,2,Kiosk,20,1200,140,450
2024-08-05,Agra,27.1767,78.0081,0,8,0,32.6,1,598.63,-0.116,53.52,445,3,Agent,22,1300,150,550
2024-01-19,Andaman,11.7401,92.6586,0,1,4,20.0,0,475.23,-0.826,81.73,380,2,App,28,900,120,300
2024-04-16,Leh,34.1526,77.5771,0,4,1,15.6,0,922.52,-0.514,99.69,510,1,Kiosk,17,600,90,220
2024-05-22,Andaman,11.7401,92.6586,0,5,2,37.3,0,1259.8,0.365,93.92,507,2,App,22,900,120,300
2024-03-31,Andaman,11.7401,92.6586,1,3,6,28.4,0,733.38,0.081,88.36,571,2,App,27,900,120,300
2024-08-25,Goa,15.2993,74.124,1,8,6,34.8,0,292.27,-0.144,84.17,957,3,Web,12,2000,250,800
2025-06-25,Kerala,10.8505,76.2711,0,6,2,37.4,0,267.0,0.364,68.41,383,2,Agent,11,1700,220,700
2024-10-18,Varanasi,25.3176,82.9739,0,10,4,22.7,0,529.53,0.669,59.84,420,3,Agent,6,1400,160,500
2025-06-19,Andaman,11.7401,92.6586,0,6,3,36.8,0,283.98,-0.394,88.58,300,3,Agent,7,900,120,300
2024-12-07,Manali,32.2432,77.1892,1,12,5,3.2,0,1362.51,0.425,66.12,647,3,Kiosk,15,1200,140,450
2024-03-21,Varanasi,25.3176,82.9739,0,3,3,27.4,0,604.51,0.565,51.13,857,1,Kiosk,12,1400,160,500
2025-05-11,Manali,32.2432,77.1892,1,5,6,22.1,0,1051.46,1.0,71.87,651,3,App,17,1200,140,450
2025-04-27,Jaipur,26.9124,75.7873,1,4,6,31.3,0,146.3,-0.245,62.69,889,2,Web,6,1500,180,600
2024-12-12,Goa,15.2993,74.124,0,12,3,20.3,0,214.02,-0.597,85.87,626,1,Agent,21,2000,250,800
2024-12-19,Leh,34.1526,77.5771,0,12,3,-2.1,0,302.07,-0.048,85.84,0,3,Agent,14,600,90,220
2025-04-16,Jaipur,26.9124,75.7873,0,4,2,33.6,0,1029.29,-0.368,65.54,995,2,Agent,7,1500,180,600
2024-08-21,Jaipur,26.9124,75.7873,0,8,2,32.2,0,759.35,0.351,55.31,610,2,App,9,1500,180,600
2024-02-11,Manali,32.2432,77.1892,1,2,6,10.4,0,127.98,0.003,68.09,314,2,Agent,6,1200,140,450
2025-02-02,Varanasi,25.3176,82.9739,1,2,6,22.8,0,386.46,0.265,44.01,506,2,App,4,1400,160,500
2025-04-03,Kerala,10.8505,76.2711,0,4,3,32.5,0,487.27,0.318,66.38,904,2,Web,2,1700,220,700
2025-05-25,Agra,27.1767,78.0081,1,5,6,35.6,0,155.92,0.757,45.58,378,3,Kiosk,7,1300,150,550
2025-06-05,Kerala,10.8505,76.2711,0,6,3,38.7,0,176.45,-0.56,72.61,724,4,Web,8,1700,220,700
2024-09-03,Goa,15.2993,74.124,0,9,1,29.8,1,40.04,-0.142,67.76,563,1,Web,3,2000,250,800
2024-11-07,Kerala,10.8505,76.2711,0,11,3,21.2,0,157.85,0.778,70.51,728,2,App,8,1700,220,700
2025-08-26,Andaman,11.7401,92.6586,0,8,1,34.6,0,550.57,-0.455,89.73,579,2,Web,2,900,120,300
2024-11-22,Varanasi,25.3176,82.9739,0,11,4,18.9,0,289.7,1.0,43.19,809,1,Web,32,1400,160,500
2024-09-15,Goa,15.2993,74.124,1,9,6,28.9,0,676.52,0.374,80.27,863,2,Kiosk,7,2000,250,800
2024-12-04,Leh,34.1526,77.5771,0,12,2,-1.1,0,51.3,0.875,97.55,389,1,App,50,600,90,220
2025-08-13,Agra,27.1767,78.0081,0,8,2,32.2,1,1146.07,-0.461,60.98,1000,1,App,10,1300,150,550
2024-07-23,Jaipur,26.9124,75.7873,0,7,1,37.8,0,507.36,-0.311,72.6,975,4,Kiosk,10,1500,180,600
2025-07-16,Manali,32.2432,77.1892,0,7,2,25.2,0,157.92,-0.055,75.24,476,2,Web,8,1200,140,450
2024-11-06,Kerala,10.8505,76.2711,0,11,2,21.7,0,207.92,-0.52,64.76,363,2,Kiosk,25,1700,220,700
2025-06-03,Andaman,11.7401,92.6586,0,6,1,40.9,0,97.15,0.663,91.21,238,2,Agent,9,900,120,300
2024-05-14,Agra,27.1767,78.0081,0,5,1,35.5,0,100.49,1.0,47.11,175,2,Agent,14,1300,150,550
2024-12-24,Manali,32.2432,77.1892,0,12,1,3.5,0,96.68,0.177,82.24,216,2,App,2,1200,140,450
2025-01-26,Leh,34.1526,77.5771,1,1,6,0.1,0,506.14,0.372,99.58,653,2,Kiosk,17,600,90,220
2024-06-22,Jaipur,26.9124,75.7873,1,6,5,38.1,0,644.79,1.0,64.89,594,2,App,11,1500,180,600
2024-05-08,Kerala,10.8505,76.2711,0,5,2,39.3,0,945.48,0.839,72.41,671,1,App,9,1700,220,700
2024-03-06,Kerala,10.8505,76.2711,0,3,2,28.8,0,360.78,-0.569,60.16,321,2,Kiosk,3,1700,220,700
2025-08-28,Andaman,11.7401,92.6586,0,8,3,31.4,0,191.87,-0.314,89.85,426,1,App,9,900,120,300
2024-03-07,Andaman,11.7401,92.6586,0,3,3,28.7,0,107.25,-0.372,79.88,174,3,Web,9,900,120,300
2025-03-18,Goa,15.2993,74.124,0,3,1,32.3,0,201.33,-1.0,75.7,798,2,Web,8,2000,250,800
2025-06-07,Jaipur,26.9124,75.7873,1,6,5,38.2,0,259.88,-0.492,66.11,760,3,Agent,15,1500,180,600
2025-02-18,Goa,15.2993,74.124,0,2,1,24.5,0,699.15,0.285,74.8,379,3,Kiosk,8,2000,250,800
2024-05-25,Andaman,11.7401,92.6586,1,5,5,39.1,0,556.84,0.114,90.88,509,1,Agent,21,900,120,300
2024-12-08,Manali,32.2432,77.1892,1,12,6,5.1,0,462.45,0.154,62.17,420,2,Web,38,1200,140,450
2024-09-19,Jaipur,26.9124,75.7873,0,9,3,28.1,0,247.07,-1.0,48.85,451,1,App,8,1500,180,600
2025-06-10,Manali,32.2432,77.1892,0,6,1,25.1,1,136.04,-0.284,78.4,556,3,Web,9,1200,140,450
2024-08-02,Goa,15.2993,74.124,0,8,4,34.6,0,467.61,0.809,75.5,641,2,Agent,16,2000,250,800
2025-06-19,Leh,34.1526,77.5771,0,6,3,22.9,1,53.47,-0.434,94.7,393,3,App,7,600,90,220
2025-06-28,Andaman,11.7401,92.6586,1,6,5,38.1,0,204.45,-0.151,89.59,634,2,App,7,900,120,300
2025-07-13,Andaman,11.7401,92.6586,1,7,6,35.0,0,29.34,0.468,92.45,92,3,Agent,12,900,120,300
2025-09-22,Jaipur,26.9124,75.7873,0,9,0,27.5,0,145.32,0.165,57.35,425,2,App,22,1500,180,600
2025-09-01,Agra,27.1767,78.0081,0,9,0,26.3,0,533.08,0.156,54.65,234,2,Agent,10,1300,150,550
2025-01-27,Varanasi,25.3176,82.9739,0,1,0,20.3,0,1141.42,0.011,46.56,281,2,Web,7,1400,160,500
2024-03-04,Kerala,10.8505,76.2711,0,3,0,30.2,0,275.81,-0.029,76.25,659,2,Kiosk,20,1700,220,700
2025-05-01,Manali,32.2432,77.1892,0,5,3,22.6,0,609.67,0.106,62.87,425,3,Agent,2,1200,140,450
2025-06-28,Goa,15.2993,74.124,1,6,5,38.7,0,400.31,-1.0,85.03,1061,2,Kiosk,11,2000,250,800
2025-09-02,Andaman,11.7401,92.6586,0,9,1,29.9,0,155.77,0.313,80.81,326,2,App,29,900,120,300
2025-01-27,Agra,27.1767,78.0081,0,1,0,19.9,0,218.4,-0.034,50.6,161,3,Agent,16,1300,150,550
2025-09-19,Varanasi,25.3176,82.9739,0,9,4,27.2,0,533.45,1.0,51.63,958,3,Web,14,1400,160,500
2024-11-05,Goa,15.2993,74.124,0,11,1,22.3,0,32.08,-0.373,76.17,674,2,App,19,2000,250,800
2025-09-08,Kerala,10.8505,76.2711,0,9,0,28.0,0,62.15,-0.718,62.27,664,3,App,7,1700,220,700
2024-11-09,Agra,27.1767,78.0081,1,11,5,18.3,0,72.1,1.0,54.85,738,3,App,16,1300,150,550
2024-01-31,Agra,27.1767,78.0081,0,1,2,17.1,0,428.46,0.33,57.71,348,4,Kiosk,27,1300,150,550
2024-08-25,Manali,32.2432,77.1892,1,8,6,17.5,0,414.95,0.173,76.98,765,4,Agent,28,1200,140,450
2024-06-19,Goa,15.2993,74.124,0,6,2,40.6,1,216.03,-0.524,82.48,846,2,Agent,17,2000,250,800
2024-01-03,Goa,15.2993,74.124,0,1,2,20.5,0,171.74,0.428,82.65,701,1,Kiosk,28,2000,250,800
2024-09-07,Jaipur,26.9124,75.7873,1,9,5,28.6,0,355.72,0.018,64.24,438,3,Web,5,1500,180,600
2024-12-11,Agra,27.1767,78.0081,0,12,2,16.5,0,423.2,0.143,53.53,144,2,Kiosk,6,1300,150,550
2025-01-10,Andaman,11.7401,92.6586,0,1,4,19.5,0,384.84,0.85,88.77,389,3,Web,6,900,120,300
2024-05-22,Andaman,11.7401,92.6586,0,5,2,35.2,0,482.26,-0.27,94.02,770,1,Kiosk,14,900,120,300
2025-08-10,Goa,15.2993,74.124,1,8,6,37.0,0,540.08,0.574,80.07,566,2,Kiosk,11,2000,250,800
2025-04-14,Goa,15.2993,74.124,0,4,0,36.9,0,786.52,-0.28,79.13,936,3,App,1,2000,250,800
2025-08-22,Agra,27.1767,78.0081,0,8,4,31.5,0,82.44,-0.274,63.52,786,2,App,14,1300,150,550
2024-03-21,Leh,34.1526,77.5771,0,3,3,11.2,0,281.11,-0.62,91.58,329,3,Web,8,600,90,220
2025-04-19,Goa,15.2993,74.124,1,4,5,33.8,1,378.58,-0.483,82.79,1048,4,Web,17,2000,250,800
2025-08-13,Varanasi,25.3176,82.9739,0,8,2,32.1,0,396.02,0.435,48.66,568,2,App,24,1400,160,500
2025-09-30,Manali,32.2432,77.1892,0,9,1,17.3,0,149.46,0.618,67.35,464,2,App,15,1200,140,450
2025-03-06,Kerala,10.8505,76.2711,0,3,3,31.3,0,1329.36,0.193,67.57,808,2,Kiosk,30,1700,220,700
2024-08-23,Andaman,11.7401,92.6586,0,8,4,32.7,0,883.33,0.046,88.27,581,2,Web,6,900,120,300
2024-08-04,Manali,32.2432,77.1892,1,8,6,19.3,0,369.28,0.077,81.22,402,2,Kiosk,19,1200,140,450
2024-09-07,Andaman,11.7401,92.6586,1,9,5,27.9,0,233.38,0.2,77.29,254,2,App,19,900,120,300
2025-08-15,Goa,15.2993,74.124,0,8,4,34.4,0,257.01,-0.268,71.17,681,3,Kiosk,39,2000,250,800
2024-08-21,Andaman,11.7401,92.6586,0,8,2,32.6,0,367.26,-0.317,108.9,635,2,App,21,900,120,300
2025-06-08,Jaipur,26.9124,75.7873,1,6,6,39.6,0,385.35,0.777,63.89,846,2,Web,12,1500,180,600
2025-05-05,Jaipur,26.9124,75.7873,0,5,0,35.9,0,568.38,0.063,69.29,782,3,Kiosk,2,1500,180,600
2025-09-13,Goa,15.2993,74.124,1,9,5,31.0,0,497.23,-0.092,69.69,537,2,Web,7,2000,250,800
2025-02-27,Leh,34.1526,77.5771,0,2,3,3.7,0,217.42,-0.552,92.76,344,2,Web,6,600,90,220
2024-04-24,Leh,34.1526,77.5771,0,4,2,14.7,0,508.87,-0.285,86.81,430,2,Agent,11,600,90,220
2024-06-02,Agra,27.1767,78.0081,1,6,6,34.4,0,188.68,-0.02,53.2,564,2,Web,18,1300,150,550
2024-12-31,Goa,15.2993,74.124,0,12,1,21.8,0,346.83,0.366,89.61,682,2,Agent,17,2000,250,800
2024-06-27,Goa,15.2993,74.124,0,6,3,38.5,1,171.44,-0.43,90.37,707,2,Agent,5,2000,250,800
2024-02-13,Goa,15.2993,74.124,0,2,1,25.4,0,245.93,0.432,75.57,810,1,Web,14,2000,250,800
2024-06-05,Manali,32.2432,77.1892,0,6,2,24.5,1,167.35,-0.5,69.07,676,1,Web,11,1200,140,450
2024-02-24,Kerala,10.8505,76.2711,1,2,5,24.4,0,245.17,0.396,64.86,621,3,Kiosk,3,1700,220,700
2024-05-03,Varanasi,25.3176,82.9739,0,5,4,36.4,0,223.05,0.35,49.02,722,3,Web,7,1400,160,500
2025-05-28,Jaipur,26.9124,75.7873,0,5,2,35.5,1,376.84,-0.431,69.43,688,2,App,16,1500,180,600
2025-03-08,Agra,27.1767,78.0081,1,3,5,26.8,0,697.12,-0.318,67.25,635,3,Kiosk,23,1300,150,550
2025-08-08,Manali,32.2432,77.1892,0,8,4,20.6,0,697.98,-1.0,76.99,513,2,Agent,27,1200,140,450
2024-07-11,Varanasi,25.3176,82.9739,0,7,3,38.4,0,173.94,0.083,51.37,460,1,Agent,19,1400,160,500
2024-06-24,Agra,27.1767,78.0081,0,6,0,38.6,0,610.76,1.0,52.56,197,2,Kiosk,9,1300,150,550
2025-02-03,Varanasi,25.3176,82.9739,0,2,0,19.5,0,611.7,0.169,46.75,195,2,Kiosk,2,1400,160,500
2025-04-07,Agra,27.1767,78.0081,0,4,0,33.5,0,526.64,0.036,57.66,605,1,Agent,14,1300,150,550
2025-06-19,Andaman,11.7401,92.6586,0,6,3,38.4,0,308.35,-0.656,90.81,389,1,App,23,900,120,300
2024-06-05,Kerala,10.8505,76.2711,0,6,2,38.3,0,436.9,0.158,71.28,1126,3,App,39,1700,220,700
2024-04-09,Kerala,10.8505,76.2711,0,4,1,35.7,0,377.82,0.448,68.28,465,3,App,15,1700,220,700
2025-09-01,Jaipur,26.9124,75.7873,0,9,0,27.4,0,370.79,-0.228,58.97,356,3,Kiosk,5,1500,180,600
2024-12-13,Jaipur,26.9124,75.7873,0,12,4,16.8,0,1144.72,0.089,63.53,505,2,Kiosk,14,1500,180,600
2025-08-05,Agra,27.1767,78.0081,0,8,1,30.5,0,448.76,-0.073,58.11,953,2,App,12,1300,150,550
2024-06-26,Leh,34.1526,77.5771,0,6,2,18.9,0,386.99,0.618,98.02,329,2,App,7,600,90,220
2024-02-08,Kerala,10.8505,76.2711,0,2,3,26.2,0,244.3,0.71,67.29,614,2,Kiosk,7,1700,220,700
2024-11-02,Leh,34.1526,77.5771,1,11,5,1.8,0,466.45,0.542,98.22,438,1,Agent,18,600,90,220
2024-04-04,Jaipur,26.9124,75.7873,0,4,3,33.1,0,797.97,-0.254,71.18,757,2,Agent,13,1500,180,600
2024-04-02,Jaipur,26.9124,75.7873,0,4,1,32.4,0,186.48,-0.191,65.3,580,2,Agent,11,1500,180,600
2025-03-08,Varanasi,25.3176,82.9739,1,3,5,27.4,0,397.96,0.792,52.24,917,2,App,17,1400,160,500
2024-08-19,Manali,32.2432,77.1892,0,8,0,19.0,0,540.15,-0.298,63.7,710,1,App,1,1200,140,450
2025-08-10,Leh,34.1526,77.5771,1,8,6,17.1,0,226.04,0.12,95.03,234,3,Kiosk,11,600,90,220
2024-06-20,Agra,27.1767,78.0081,0,6,3,37.1,0,644.99,-0.115,45.67,553,1,App,7,1300,150,550
2024-02-14,Kerala,10.8505,76.2711,0,2,2,25.4,0,175.05,0.028,74.29,509,2,Kiosk,21,1700,220,700
2024-04-04,Varanasi,25.3176,82.9739,0,4,3,30.7,0,1084.87,-1.0,52.61,709,2,Kiosk,3,1400,160,500
2024-04-17,Andaman,11.7401,92.6586,0,4,2,33.4,0,184.1,-0.614,92.91,446,1,App,10,900,120,300
2024-03-05,Leh,34.1526,77.5771,0,3,1,12.3,0,645.9,0.044,96.09,434,1,Agent,28,600,90,220
2025-06-25,Varanasi,25.3176,82.9739,0,6,2,37.2,0,344.66,0.513,47.51,140,3,Kiosk,2,1400,160,500
2024-02-23,Agra,27.1767,78.0081,0,2,4,20.1,0,409.78,0.469,53.84,553,2,Web,11,1300,150,550
2024-04-26,Andaman,11.7401,92.6586,0,4,4,31.9,0,201.38,-0.022,98.48,366,2,App,1,900,120,300
2025-01-29,Andaman,11.7401,92.6586,0,1,2,19.4,0,373.63,0.78,85.7,496,3,Web,1,900,120,300
2024-06-28,Jaipur,26.9124,75.7873,0,6,4,39.8,0,484.68,0.064,59.66,562,2,Agent,11,1500,180,600
2025-07-08,Andaman,11.7401,92.6586,0,7,1,37.0,0,285.0,0.252,96.05,446,2,App,12,900,120,300
2024-09-02,Goa,15.2993,74.124,0,9,0,28.4,1,579.15,-0.77,78.89,718,3,Web,9,2000,250,800
2025-05-15,Varanasi,25.3176,82.9739,0,5,3,34.3,0,204.31,0.573,54.92,300,2,App,15,1400,160,500
2025-06-12,Agra,27.1767,78.0081,0,6,3,37.3,0,187.77,0.183,49.69,440,2,Agent,14,1300,150,550
2024-02-27,Goa,15.2993,74.124,0,2,1,25.4,0,751.27,-0.001,82.4,786,3,Kiosk,2,2000,250,800
2025-05-03,Andaman,11.7401,92.6586,1,5,5,37.3,0,559.44,-0.057,86.15,253,2,Kiosk,15,900,120,300
2025-02-03,Agra,27.1767,78.0081,0,2,0,25.7,0,441.46,0.839,50.71,593,3,App,10,1300,150,550
2024-12-20,Andaman,11.7401,92.6586,0,12,4,17.8,0,236.14,-0.054,93.79,209,3,Web,22,900,120,300
2024-05-25,Goa,15.2993,74.124,1,5,5,37.8,0,308.12,-0.097,79.69,1083,2,Kiosk,10,2000,250,800
2024-11-23,Leh,34.1526,77.5771,1,11,5,1.5,0,408.61,0.014,87.79,317,2,Web,22,600,90,220
2024-03-04,Leh,34.1526,77.5771,0,3,0,9.7,0,945.37,0.561,101.9,811,2,App,14,600,90,220
2024-07-29,Andaman,11.7401,92.6586,0,7,0,36.1,0,682.66,0.994,84.11,349,2,Web,9,900,120,300
2024-08-23,Goa,15.2993,74.124,0,8,4,34.7,0,670.55,-0.529,78.11,925,2,Web,25,2000,250,800
2024-12-30,Leh,34.1526,77.5771,0,12,0,1.6,0,261.5,0.674,91.21,268,1,Agent,4,600,90,220
2024-05-07,Goa,15.2993,74.124,0,5,1,37.5,0,182.61,0.112,74.61,699,2,Agent,15,2000,250,800
2024-09-06,Agra,27.1767,78.0081,0,9,4,27.4,0,460.06,-0.616,47.18,214,1,Kiosk,4,1300,150,550
2024-07-05,Varanasi,25.3176,82.9739,0,7,4,36.1,0,727.49,-0.305,49.18,539,2,Web,11,1400,160,500
2025-08-07,Jaipur,26.9124,75.7873,0,8,3,31.4,0,267.85,-0.13,71.25,669,2,App,9,1500,180,600
2024-11-09,Andaman,11.7401,92.6586,1,11,5,18.6,0,1224.97,0.698,87.85,746,3,Kiosk,5,900,120,300
2024-10-19,Jaipur,26.9124,75.7873,1,10,5,22.8,0,43.35,-1.0,56.16,456,2,Kiosk,13,1500,180,600
2025-06-14,Leh,34.1526,77.5771,1,6,5,20.4,0,992.46,-1.0,98.42,844,3,App,8,600,90,220
2025-03-29,Kerala,10.8505,76.2711,1,3,5,26.9,0,308.66,-0.431,71.84,600,3,Agent,25,1700,220,700
2024-01-24,Leh,34.1526,77.5771,0,1,2,1.9,0,179.98,-0.114,90.91,190,2,Agent,8,600,90,220
2024-06-29,Goa,15.2993,74.124,1,6,5,40.4,1,327.07,0.15,78.3,962,1,App,17,2000,250,800
2025-01-22,Kerala,10.8505,76.2711,0,1,2,20.3,0,81.76,0.307,72.77,461,3,App,6,1700,220,700
2024-12-10,Agra,27.1767,78.0081,0,12,1,18.1,0,251.45,0.355,57.08,460,2,Agent,12,1300,150,550
2024-08-29,Leh,34.1526,77.5771,0,8,3,14.5,0,397.13,-1.0,97.8,794,2,Web,7,600,90,220
2025-03-24,Agra,27.1767,78.0081,0,3,0,26.3,0,549.64,0.37,55.19,445,2,Agent,12,1300,150,550
2024-09-26,Kerala,10.8505,76.2711,0,9,3,29.3,0,1220.55,-0.223,52.7,353,3,Agent,10,1700,220,700
2024-10-21,Jaipur,26.9124,75.7873,0,10,0,23.4,0,485.61,-0.382,57.76,255,3,Kiosk,4,1500,180,600
2024-02-26,Agra,27.1767,78.0081,0,2,0,21.9,0,131.78,-0.149,65.6,342,2,Web,16,1300,150,550
2025-05-25,Jaipur,26.9124,75.7873,1,5,6,35.5,0,486.92,0.582,55.42,528,2,Kiosk,3,1500,180,600
2025-05-02,Agra,27.1767,78.0081,0,5,4,34.7,0,417.33,1.0,58.45,234,3,App,2,1300,150,550
2024-08-29,Andaman,11.7401,92.6586,0,8,3,33.1,0,159.55,-1.0,83.43,504,3,Agent,8,900,120,300
2024-10-14,Goa,15.2993,74.124,0,10,0,25.0,0,514.02,-0.128,80.06,748,2,Web,1,2000,250,800
2024-12-01,Andaman,11.7401,92.6586,1,12,6,17.9,0,208.41,-0.807,95.5,92,3,Kiosk,3,900,120,300
2025-08-17,Kerala,10.8505,76.2711,1,8,6,33.1,0,284.13,-0.806,69.59,802,1,Agent,4,1700,220,700
2024-08-31,Varanasi,25.3176,82.9739,1,8,5,32.4,0,188.98,-0.275,51.13,762,1,Web,15,1400,160,500
2024-03-15,Andaman,11.7401,92.6586,0,3,4,28.4,0,558.33,-0.719,92.95,432,2,Agent,13,900,120,300
2024-11-01,Agra,27.1767,78.0081,0,11,4,18.7,0,1022.32,-0.272,58.4,492,2,App,4,1300,150,550
2024-10-08,Agra,27.1767,78.0081,0,10,1,22.3,0,221.42,-0.904,52.41,169,2,Kiosk,21,1300,150,550
2025-04-05,Varanasi,25.3176,82.9739,1,4,5,31.1,0,373.93,-0.444,50.19,714,2,Kiosk,11,1400,160,500
2025-04-29,Goa,15.2993,74.124,0,4,1,32.8,0,703.87,0.787,88.26,741,2,Web,4,2000,250,800
2024-03-13,Manali,32.2432,77.1892,0,3,2,12.9,0,144.29,-0.496,78.74,213,2,App,1,1200,140,450
2025-04-04,Varanasi,25.3176,82.9739,0,4,4,32.5,0,767.96,0.185,48.96,563,2,Web,17,1400,160,500
2024-08-31,Kerala,10.8505,76.2711,1,8,5,37.3,0,718.06,-0.308,62.3,847,2,Kiosk,4,1700,220,700
2025-04-17,Goa,15.2993,74.124,0,4,3,34.5,0,254.9,0.271,83.21,689,3,Kiosk,17,2000,250,800
2024-07-15,Agra,27.1767,78.0081,0,7,0,36.3,0,228.98,-0.906,63.46,509,2,App,13,1300,150,550
2025-01-23,Jaipur,26.9124,75.7873,0,1,3,20.2,0,412.07,0.794,60.31,689,2,Web,5,1500,180,600
2024-04-04,Jaipur,26.9124,75.7873,0,4,3,32.8,0,618.73,1.0,61.58,488,3,Agent,10,1500,180,600
2025-02-17,Leh,34.1526,77.5771,0,2,0,5.8,0,302.27,-0.987,103.89,150,2,Web,14,600,90,220
2024-10-19,Leh,34.1526,77.5771,1,10,5,7.2,0,93.64,0.183,98.95,281,3,App,14,600,90,220
2025-07-26,Leh,34.1526,77.5771,1,7,5,17.9,0,304.25,0.442,102.49,275,2,App,14,600,90,220
2024-05-27,Agra,27.1767,78.0081,0,5,0,34.3,0,768.97,-0.009,53.56,473,2,App,9,1300,150,550
2024-06-02,Manali,32.2432,77.1892,1,6,6,24.1,0,96.73,0.43,78.53,129,1,Agent,12,1200,140,450
2025-01-21,Jaipur,26.9124,75.7873,0,1,1,19.8,0,153.81,-0.186,72.18,633,2,Web,9,1500,180,600
2025-03-24,Goa,15.2993,74.124,0,3,0,29.8,0,253.57,-0.111,84.96,513,2,App,9,2000,250,800
2025-09-05,Agra,27.1767,78.0081,0,9,4,26.2,0,107.17,0.445,57.3,564,1,App,23,1300,150,550
2025-04-07,Manali,32.2432,77.1892,0,4,0,20.1,0,479.0,-0.369,79.38,633,3,Kiosk,3,1200,140,450
2025-03-03,Agra,27.1767,78.0081,0,3,0,27.2,1,162.11,0.086,44.55,463,1,App,26,1300,150,550
2024-05-07,Jaipur,26.9124,75.7873,0,5,1,36.5,0,1245.04,0.105,66.68,890,4,Web,10,1500,180,600
2024-10-14,Varanasi,25.3176,82.9739,0,10,0,23.1,0,292.73,-0.322,46.36,262,2,Kiosk,14,1400,160,500
2024-01-06,Kerala,10.8505,76.2711,1,1,5,18.4,0,236.68,0.315,75.33,805,2,Agent,9,1700,220,700
2025-08-01,Leh,34.1526,77.5771,0,8,4,14.8,0,100.72,0.193,95.05,368,2,Kiosk,12,600,90,220
2025-05-03,Leh,34.1526,77.5771,1,5,5,18.8,0,696.57,-0.663,88.6,540,2,App,8,600,90,220
2025-03-03,Goa,15.2993,74.124,0,3,0,30.9,0,299.53,-0.648,82.69,611,2,Kiosk,15,2000,250,800
2025-06-20,Varanasi,25.3176,82.9739,0,6,4,38.6,0,470.89,0.519,55.22,618,3,Kiosk,26,1400,160,500
2024-04-21,Goa,15.2993,74.124,1,4,6,32.0,0,685.28,-0.802,73.46,913,3,Kiosk,1,2000,250,800
2024-03-30,Varanasi,25.3176,82.9739,1,3,5,26.3,0,602.92,0.179,63.56,719,2,App,15,1400,160,500
2024-04-01,Goa,15.2993,74.124,0,4,0,35.7,0,386.36,-0.016,79.67,1102,2,Kiosk,11,2000,250,800
2025-06-17,Leh,34.1526,77.5771,0,6,1,19.9,0,130.64,0.294,92.6,274,2,Agent,1,600,90,220
2025-07-07,Kerala,10.8505,76.2711,0,7,0,37.7,0,251.37,0.588,66.74,571,3,Kiosk,16,1700,220,700
2024-09-22,Andaman,11.7401,92.6586,1,9,6,28.4,0,380.79,0.22,95.28,340,1,Web,19,900,120,300
2024-08-25,Leh,34.1526,77.5771,1,8,6,13.0,0,361.04,-0.221,81.78,463,3,Kiosk,46,600,90,220
2024-12-06,Manali,32.2432,77.1892,0,12,4,6.5,0,51.6,0.88,66.8,718,2,App,2,1200,140,450
2025-01-23,Goa,15.2993,74.124,0,1,3,20.6,0,307.7,-0.458,79.77,538,2,Web,6,2000,250,800
2025-05-18,Agra,27.1767,78.0081,1,5,6,36.2,0,905.16,0.083,53.2,836,3,App,7,1300,150,550
2025-02-08,Kerala,10.8505,76.2711,1,2,5,23.6,0,692.28,0.343,60.93,669,3,App,2,1700,220,700
2024-04-30,Varanasi,25.3176,82.9739,0,4,1,29.4,0,112.53,0.468,44.61,232,2,Agent,8,1400,160,500
2024-07-30,Andaman,11.7401,92.6586,0,7,1,37.3,0,631.0,-0.336,84.32,427,2,App,9,900,120,300
2025-05-20,Goa,15.2993,74.124,0,5,1,38.8,0,31.4,0.66,77.69,572,3,Agent,7,2000,250,800
2024-04-03,Goa,15.2993,74.124,0,4,2,34.0,0,310.46,-0.304,72.75,660,2,Agent,2,2000,250,800
2025-04-24,Goa,15.2993,74.124,0,4,3,35.8,0,1239.0,0.049,69.67,799,2,Web,29,2000,250,800
2025-09-27,Andaman,11.7401,92.6586,1,9,5,28.4,0,488.3,1.0,85.91,612,3,Web,20,900,120,300
2024-05-05,Agra,27.1767,78.0081,1,5,6,35.3,0,567.48,-0.344,56.53,742,1,App,10,1300,150,550
2024-12-11,Varanasi,25.3176,82.9739,0,12,2,17.1,0,701.18,0.197,54.31,395,1,Agent,4,1400,160,500
2025-01-30,Agra,27.1767,78.0081,0,1,3,18.9,0,137.16,0.948,45.01,752,2,App,11,1300,150,550
2024-05-16,Jaipur,26.9124,75.7873,0,5,3,37.0,0,253.86,0.189,63.54,821,2,Kiosk,21,1500,180,600
2024-11-01,Jaipur,26.9124,75.7873,0,11,4,21.5,0,192.55,-0.104,65.64,429,3,Agent,20,1500,180,600
2024-04-03,Manali,32.2432,77.1892,0,4,2,20.1,0,401.06,0.13,74.09,659,2,Web,5,1200,140,450
2025-09-22,Goa,15.2993,74.124,0,9,0,29.6,0,239.74,-0.041,71.97,544,1,Web,1,2000,250,800
2024-03-27,Andaman,11.7401,92.6586,0,3,2,30.1,0,235.21,-0.563,89.71,339,1,Agent,18,900,120,300
2024-02-16,Varanasi,25.3176,82.9739,0,2,4,20.7,0,648.65,0.967,56.69,884,3,Agent,12,1400,160,500
2025-02-05,Agra,27.1767,78.0081,0,2,2,22.5,0,333.27,-0.348,48.69,353,3,App,7,1300,150,550
2024-05-12,Andaman,11.7401,92.6586,1,5,6,36.1,0,603.2,-0.382,94.26,839,3,App,8,900,120,300
2024-01-12,Leh,34.1526,77.5771,0,1,4,0.5,0,192.41,0.05,94.26,172,2,Agent,3,600,90,220
2025-04-16,Varanasi,25.3176,82.9739,0,4,2,34.0,0,347.4,0.021,54.01,637,3,Kiosk,22,1400,160,500
2024-12-23,Andaman,11.7401,92.6586,0,12,0,18.5,0,325.46,-0.649,94.03,309,2,App,10,900,120,300
2025-06-21,Varanasi,25.3176,82.9739,1,6,5,36.9,0,145.4,0.384,50.36,480,3,Kiosk,5,1400,160,500
2025-07-19,Manali,32.2432,77.1892,1,7,5,23.7,0,1037.35,-0.274,78.29,535,2,Kiosk,10,1200,140,450
2025-05-29,Agra,27.1767,78.0081,0,5,3,35.9,0,1148.05,0.566,63.87,599,1,Kiosk,5,1300,150,550
2025-09-14,Jaipur,26.9124,75.7873,1,9,6,30.2,0,169.25,0.222,61.55,848,1,App,5,1500,180,600
2025-07-17,Agra,27.1767,78.0081,0,7,3,36.3,0,137.72,0.582,52.43,461,2,Kiosk,25,1300,150,550
2025-07-09,Goa,15.2993,74.124,0,7,2,37.2,0,361.08,-0.554,84.26,693,3,Kiosk,8,2000,250,800
2025-09-28,Varanasi,25.3176,82.9739,1,9,6,27.0,0,301.21,-1.0,47.97,556,3,Web,13,1400,160,500
2025-07-27,Agra,27.1767,78.0081,1,7,6,34.7,0,369.59,0.596,52.79,223,3,Kiosk,29,1300,150,550
2024-06-28,Agra,27.1767,78.0081,0,6,4,36.5,0,509.62,-0.354,51.53,602,3,App,19,1300,150,550
2025-08-08,Varanasi,25.3176,82.9739,0,8,4,28.2,1,238.22,0.035,48.79,332,2,Web,9,1400,160,500
2024-03-03,Agra,27.1767,78.0081,1,3,6,25.6,0,593.49,0.366,47.57,686,3,Kiosk,19,1300,150,550
2025-01-08,Agra,27.1767,78.0081,0,1,2,20.9,0,134.38,0.495,51.31,546,2,Web,12,1300,150,550
2024-02-09,Goa,15.2993,74.124,0,2,4,24.1,0,259.5,-0.019,84.83,491,2,App,10,2000,250,800
2025-05-02,Goa,15.2993,74.124,0,5,4,39.8,0,752.48,-0.728,78.64,712,2,Agent,16,2000,250,800
2024-09-03,Leh,34.1526,77.5771,0,9,1,8.9,1,193.82,-0.476,94.82,73,3,Web,18,600,90,220
2024-10-07,Kerala,10.8505,76.2711,0,10,0,25.0,0,81.07,0.827,63.71,663,1,App,6,1700,220,700
2024-04-03,Andaman,11.7401,92.6586,0,4,2,31.5,0,377.66,-0.23,95.28,345,1,Kiosk,9,900,120,300
2024-01-01,Varanasi,25.3176,82.9739,0,1,0,19.7,0,564.29,-0.499,49.64,389,2,Agent,8,1400,160,500
2024-06-05,Jaipur,26.9124,75.7873,0,6,2,39.2,0,469.12,1.0,62.07,731,2,Agent,12,1500,180,600
2025-04-06,Goa,15.2993,74.124,1,4,6,38.3,0,681.86,0.55,80.83,644,2,App,9,2000,250,800
2025-09-15,Goa,15.2993,74.124,0,9,0,31.1,0,559.88,0.238,73.03,539,1,Web,31,2000,250,800
2024-06-29,Leh,34.1526,77.5771,1,6,5,18.6,0,490.46,-0.575,99.27,583,1,Web,9,600,90,220
2024-05-31,Leh,34.1526,77.5771,0,5,4,16.4,0,428.34,-0.246,91.66,334,2,Agent,2,600,90,220
2024-01-17,Varanasi,25.3176,82.9739,0,1,2,17.4,0,418.23,-0.135,54.31,512,1,Web,3,1400,160,500
2024-08-28,Agra,27.1767,78.0081,0,8,2,31.0,0,240.01,0.101,47.01,418,2,Agent,12,1300,150,550
2024-05-15,Goa,15.2993,74.124,0,5,2,39.7,0,316.08,0.546,67.38,424,3,Agent,22,2000,250,800
2025-07-12,Varanasi,25.3176,82.9739,1,7,5,36.7,1,510.36,-0.224,42.68,487,3,Agent,20,1400,160,500
2024-07-13,Varanasi,25.3176,82.9739,1,7,5,35.5,0,116.72,0.352,56.53,463,2,Agent,2,1400,160,500
2025-09-24,Andaman,11.7401,92.6586,0,9,2,27.0,0,203.95,0.12,93.47,35,2,Agent,9,900,120,300
2024-02-08,Leh,34.1526,77.5771,0,2,3,4.8,0,159.61,0.543,94.48,381,3,Web,42,600,90,220
2025-09-20,Kerala,10.8505,76.2711,1,9,5,30.5,0,452.12,1.0,56.71,848,3,Kiosk,8,1700,220,700
2025-02-24,Varanasi,25.3176,82.9739,0,2,0,21.4,0,323.78,-0.089,61.61,502,2,Agent,2,1400,160,500
2025-02-19,Leh,34.1526,77.5771,0,2,2,4.0,0,354.89,0.298,88.28,2,3,Agent,8,600,90,220
2024-03-17,Jaipur,26.9124,75.7873,1,3,6,28.4,0,373.23,0.714,58.48,884,2,Web,6,1500,180,600
2024-09-09,Kerala,10.8505,76.2711,0,9,0,26.3,0,888.06,0.77,58.41,712,2,App,9,1700,220,700
2025-09-29,Agra,27.1767,78.0081,0,9,0,28.2,0,240.25,-0.649,51.89,137,1,Kiosk,27,1300,150,550
2025-03-23,Jaipur,26.9124,75.7873,1,3,6,26.9,0,945.17,-0.45,62.62,720,2,Agent,9,1500,180,600
2024-10-13,Andaman,11.7401,92.6586,1,10,6,23.2,0,178.83,0.411,92.47,610,2,App,6,900,120,300
2025-02-06,Agra,27.1767,78.0081,0,2,3,21.1,0,57.2,0.123,55.83,373,2,Web,9,1300,150,550
2024-03-03,Leh,34.1526,77.5771,1,3,6,11.4,0,605.18,0.397,92.94,785,2,App,26,600,90,220
2025-04-12,Goa,15.2993,74.124,1,4,5,35.3,0,281.29,-0.319,80.37,924,2,Agent,17,2000,250,800
2024-11-17,Jaipur,26.9124,75.7873,1,11,6,18.5,0,497.01,-0.541,60.91,502,3,Agent,16,1500,180,600
2025-05-25,Agra,27.1767,78.0081,1,5,6,35.1,0,829.06,0.009,68.32,841,3,Agent,20,1300,150,550
2025-01-04,Varanasi,25.3176,82.9739,1,1,5,17.3,0,251.96,0.156,46.58,358,2,Kiosk,8,1400,160,500
2025-02-08,Kerala,10.8505,76.2711,1,2,5,22.5,0,230.58,-0.566,62.37,684,2,Web,15,1700,220,700
2025-04-20,Goa,15.2993,74.124,1,4,6,35.6,0,420.84,-0.986,73.59,942,1,Agent,1,2000,250,800
2025-07-24,Andaman,11.7401,92.6586,0,7,3,38.5,0,543.52,0.789,93.74,526,2,App,11,900,120,300
2024-02-14,Leh,34.1526,77.5771,0,2,2,2.9,0,328.78,1.0,100.48,495,4,Agent,10,600,90,220
2025-03-19,Kerala,10.8505,76.2711,0,3,2,29.8,0,162.85,-0.144,58.07,460,1,App,9,1700,220,700
2025-05-25,Goa,15.2993,74.124,1,5,6,38.8,1,125.89,0.683,77.39,541,2,Web,9,2000,250,800
2024-04-23,Andaman,11.7401,92.6586,0,4,1,31.8,0,291.79,0.731,97.94,212,2,App,3,900,120,300
2025-04-17,Manali,32.2432,77.1892,0,4,3,21.5,1,1127.45,-0.99,73.56,752,2,App,12,1200,140,450
2024-08-04,Varanasi,25.3176,82.9739,1,8,6,31.7,0,515.36,-0.755,42.17,608,3,Web,4,1400,160,500
2024-11-13,Andaman,11.7401,92.6586,0,11,2,19.3,0,274.43,-0.155,78.24,67,4,Kiosk,18,900,120,300
2025-03-03,Manali,32.2432,77.1892,0,3,0,14.3,0,206.31,-0.733,76.8,407,2,Kiosk,8,1200,140,450
2024-01-20,Andaman,11.7401,92.6586,1,1,5,17.9,0,655.86,-0.5,84.53,609,3,Web,9,900,120,300
2025-04-12,Leh,34.1526,77.5771,1,4,5,16.1,0,555.56,0.187,104.7,790,3,Web,20,600,90,220
2024-10-07,Jaipur,26.9124,75.7873,0,10,0,21.2,0,241.38,-0.573,70.41,343,2,Kiosk,28,1500,180,600
2024-01-24,Leh,34.1526,77.5771,0,1,2,4.7,0,255.59,-0.35,88.36,376,3,App,11,600,90,220
2024-03-06,Manali,32.2432,77.1892,0,3,2,17.0,0,476.1,1.0,72.09,322,2,Agent,5,1200,140,450
2024-01-05,Jaipur,26.9124,75.7873,0,1,4,18.4,0,344.78,0.934,57.8,828,2,Web,28,1500,180,600
2024-11-06,Leh,34.1526,77.5771,0,11,2,-1.7,0,378.11,-0.907,78.49,155,1,Web,24,600,90,220
2024-11-16,Jaipur,26.9124,75.7873,1,11,5,19.8,1,944.47,-0.072,61.17,493,3,Kiosk,7,1500,180,600
2024-11-04,Manali,32.2432,77.1892,0,11,0,5.7,0,937.14,-0.7,67.09,212,2,App,2,1200,140,450
2025-06-08,Agra,27.1767,78.0081,1,6,6,36.1,0,668.85,0.36,57.12,676,2,Web,10,1300,150,550
2024-10-05,Leh,34.1526,77.5771,1,10,5,6.0,0,436.2,-0.633,97.46,0,2,Kiosk,11,600,90,220
2025-08-03,Agra,27.1767,78.0081,1,8,6,32.0,1,51.51,-0.18,48.62,693,3,Kiosk,30,1300,150,550
2025-03-01,Kerala,10.8505,76.2711,1,3,5,27.6,0,897.67,-0.593,75.7,706,3,Agent,12,1700,220,700
2024-07-14,Kerala,10.8505,76.2711,1,7,6,37.6,0,160.02,-0.199,69.08,838,2,Kiosk,18,1700,220,700
2025-01-21,Varanasi,25.3176,82.9739,0,1,1,18.3,0,597.81,-0.326,47.77,529,1,App,6,1400,160,500
2025-05-30,Agra,27.1767,78.0081,0,5,4,35.6,0,470.64,0.326,51.88,732,2,Web,15,1300,150,550
2025-08-24,Andaman,11.7401,92.6586,1,8,6,32.4,0,85.99,-0.403,88.33,555,3,Web,7,900,120,300
2024-06-10,Kerala,10.8505,76.2711,0,6,0,37.9,0,453.27,-0.795,72.78,883,2,Web,15,1700,220,700
2025-08-07,Kerala,10.8505,76.2711,0,8,3,35.1,1,641.85,0.506,62.06,424,2,Web,11,1700,220,700
2024-09-17,Jaipur,26.9124,75.7873,0,9,1,27.5,0,485.64,0.521,56.03,652,2,App,6,1500,180,600
2025-06-26,Agra,27.1767,78.0081,0,6,3,36.4,0,97.46,-0.867,56.27,664,2,Agent,3,1300,150,550
2025-04-27,Manali,32.2432,77.1892,1,4,6,18.8,0,708.29,0.625,66.53,416,2,App,5,1200,140,450
2024-08-15,Andaman,11.7401,92.6586,0,8,3,30.9,0,72.14,-0.377,94.31,531,2,Agent,2,900,120,300
2025-01-10,Agra,27.1767,78.0081,0,1,4,18.3,0,663.22,1.0,60.68,448,2,Agent,15,1300,150,550
2025-01-08,Jaipur,26.9124,75.7873,0,1,2,20.5,0,271.93,-0.115,64.84,302,3,Kiosk,4,1500,180,600
2024-02-13,Leh,34.1526,77.5771,0,2,1,4.5,0,404.26,-0.404,89.51,81,2,Web,36,600,90,220
2024-10-18,Agra,27.1767,78.0081,0,10,4,21.4,0,813.08,-0.333,45.08,405,1,Kiosk,13,1300,150,550
2024-07-15,Kerala,10.8505,76.2711,0,7,0,35.0,0,265.5,0.636,72.36,431,2,App,10,1700,220,700
2024-03-15,Agra,27.1767,78.0081,0,3,4,27.4,0,53.48,-0.012,53.25,572,3,App,23,1300,150,550
2025-05-06,Agra,27.1767,78.0081,0,5,1,35.9,0,926.33,-0.637,54.85,674,2,Agent,1,1300,150,550
2025-03-14,Leh,34.1526,77.5771,0,3,4,9.6,0,262.0,0.381,95.97,326,1,Kiosk,15,600,90,220
2024-12-07,Agra,27.1767,78.0081,1,12,5,20.1,0,548.26,0.513,67.12,937,2,App,14,1300,150,550
2025-06-28,Manali,32.2432,77.1892,1,6,5,23.7,0,383.53,-0.113,73.95,885,2,Web,5,1200,140,450
2025-09-16,Goa,15.2993,74.124,0,9,1,29.0,0,166.17,0.831,74.37,1007,1,App,1,2000,250,800
2025-05-11,Andaman,11.7401,92.6586,1,5,6,37.4,0,527.43,-0.253,97.45,818,1,Web,1,900,120,300
2024-06-13,Jaipur,26.9124,75.7873,0,6,3,36.9,0,456.58,-0.7,65.66,893,3,App,3,1500,180,600
2024-08-22,Andaman,11.7401,92.6586,0,8,3,31.0,0,608.07,-0.375,77.43,421,2,App,6,900,120,300
2025-05-23,Varanasi,25.3176,82.9739,0,5,4,35.5,0,73.95,0.147,55.57,894,2,App,9,1400,160,500
2024-11-25,Andaman,11.7401,92.6586,0,11,0,17.5,0,307.0,0.202,91.21,382,2,App,4,900,120,300
2024-02-06,Agra,27.1767,78.0081,0,2,1,20.0,0,741.09,0.867,53.02,575,2,App,9,1300,150,550
2025-02-21,Goa,15.2993,74.124,0,2,4,24.7,0,213.5,-0.314,77.37,634,2,Agent,8,2000,250,800
2024-07-08,Jaipur,26.9124,75.7873,0,7,0,35.8,1,557.6,0.827,62.04,563,3,Web,8,1500,180,600
2025-05-12,Leh,34.1526,77.5771,0,5,0,18.9,0,1205.53,0.185,95.01,693,2,Agent,10,600,90,220
2025-06-20,Kerala,10.8505,76.2711,0,6,4,38.7,0,191.83,-0.419,67.24,839,2,Kiosk,5,1700,220,700
2024-05-29,Goa,15.2993,74.124,0,5,2,37.0,0,1671.29,0.899,84.28,610,1,Kiosk,22,2000,250,800
2024-06-30,Jaipur,26.9124,75.7873,1,6,6,38.4,0,86.19,0.48,76.31,589,3,App,5,1500,180,600
2024-04-03,Jaipur,26.9124,75.7873,0,4,2,32.5,0,171.05,0.307,66.62,609,1,Agent,2,1500,180,600
2024-06-27,Andaman,11.7401,92.6586,0,6,3,37.9,0,438.85,0.099,96.43,583,2,App,1,900,120,300
2024-03-14,Kerala,10.8505,76.2711,0,3,3,27.1,0,281.29,0.17,65.79,388,1,Agent,9,1700,220,700
2024-03-21,Andaman,11.7401,92.6586,0,3,3,27.6,0,534.22,0.441,87.0,853,1,App,26,900,120,300
2024-11-25,Manali,32.2432,77.1892,0,11,0,9.7,0,446.48,0.192,59.61,326,2,Kiosk,26,1200,140,450
2024-01-22,Jaipur,26.9124,75.7873,0,1,0,19.1,0,227.38,-0.519,55.91,339,3,Agent,16,1500,180,600
2024-06-17,Jaipur,26.9124,75.7873,0,6,0,37.7,0,164.59,-0.313,63.54,627,3,Kiosk,2,1500,180,600
2024-01-05,Varanasi,25.3176,82.9739,0,1,4,17.0,0,268.16,-0.694,48.29,371,1,Agent,11,1400,160,500
2024-01-23,Varanasi,25.3176,82.9739,0,1,1,17.8,0,40.32,-0.025,58.33,314,2,Web,5,1400,160,500
2024-11-29,Manali,32.2432,77.1892,0,11,4,6.7,0,1529.85,1.0,68.46,681,2,Web,20,1200,140,450
2025-05-16,Manali,32.2432,77.1892,0,5,4,24.3,0,293.26,0.416,78.65,317,2,Agent,4,1200,140,450
2024-03-06,Varanasi,25.3176,82.9739,0,3,2,26.2,0,375.67,0.313,50.26,240,2,Web,5,1400,160,500
2025-03-14,Goa,15.2993,74.124,0,3,4,30.1,0,703.91,1.0,74.36,820,3,Web,16,2000,250,800
2024-02-25,Manali,32.2432,77.1892,1,2,6,10.5,0,64.17,0.751,72.96,731,1,App,8,1200,140,450
2025-06-03,Kerala,10.8505,76.2711,0,6,1,38.9,0,318.53,-0.481,56.0,751,2,Kiosk,14,1700,220,700
2024-10-10,Goa,15.2993,74.124,0,10,3,23.3,0,507.81,0.382,69.84,714,2,Kiosk,13,2000,250,800
2024-05-10,Varanasi,25.3176,82.9739,0,5,4,35.3,0,427.85,0.107,51.72,589,2,App,6,1400,160,500
2025-04-27,Jaipur,26.9124,75.7873,1,4,6,35.2,0,224.46,-1.0,63.64,804,3,Agent,12,1500,180,600
2024-01-28,Goa,15.2993,74.124,1,1,6,20.3,0,285.82,0.836,74.38,765,1,Web,5,2000,250,800
2025-01-02,Leh,34.1526,77.5771,0,1,3,2.1,0,472.0,-0.431,98.15,162,1,Agent,19,600,90,220
2025-06-21,Andaman,11.7401,92.6586,1,6,5,37.9,0,128.72,-0.271,83.82,531,2,Web,7,900,120,300
2024-01-21,Varanasi,25.3176,82.9739,1,1,6,18.7,0,800.98,-0.637,40.98,140,1,Kiosk,3,1400,160,500
2024-04-15,Andaman,11.7401,92.6586,0,4,0,32.3,0,1023.15,-0.387,95.01,707,3,Kiosk,7,900,120,300
2024-02-22,Manali,32.2432,77.1892,0,2,3,8.2,0,462.77,-1.0,74.9,323,3,Agent,11,1200,140,450
2025-07-10,Leh,34.1526,77.5771,0,7,3,17.5,0,32.81,-0.089,97.18,489,1,Agent,10,600,90,220
2025-02-03,Jaipur,26.9124,75.7873,0,2,0,24.1,0,188.01,0.648,59.22,749,3,App,15,1500,180,600
2024-04-15,Agra,27.1767,78.0081,0,4,0,31.8,0,132.26,-0.187,49.03,774,1,Web,6,1300,150,550
2024-03-12,Jaipur,26.9124,75.7873,0,3,1,29.2,0,230.06,-0.697,70.44,461,1,Agent,3,1500,180,600
2024-08-03,Jaipur,26.9124,75.7873,1,8,5,32.8,0,164.29,0.791,59.02,555,2,Kiosk,13,1500,180,600
2024-06-30,Varanasi,25.3176,82.9739,1,6,6,37.8,0,216.32,1.0,47.43,510,2,Web,7,1400,160,500
2024-05-10,Agra,27.1767,78.0081,0,5,4,36.1,0,799.65,0.544,55.54,426,3,Kiosk,3,1300,150,550
2024-09-08,Andaman,11.7401,92.6586,1,9,6,28.8,0,98.84,1.0,79.62,528,1,Kiosk,2,900,120,300
2024-03-27,Kerala,10.8505,76.2711,0,3,2,29.0,0,156.56,0.887,65.92,687,1,App,8,1700,220,700
2024-06-06,Leh,34.1526,77.5771,0,6,3,19.2,0,299.33,-0.461,98.92,380,2,Web,1,600,90,220
2025-08-08,Agra,27.1767,78.0081,0,8,4,29.7,0,358.88,-0.116,59.46,416,3,Kiosk,14,1300,150,550
2024-07-15,Goa,15.2993,74.124,0,7,0,38.1,0,858.78,-0.813,73.64,657,2,Agent,9,2000,250,800
2024-01-09,Jaipur,26.9124,75.7873,0,1,1,20.4,0,83.83,1.0,62.1,589,2,Agent,4,1500,180,600
2024-06-13,Goa,15.2993,74.124,0,6,3,39.8,0,312.03,0.479,90.28,400,1,Agent,2,2000,250,800
2025-09-09,Andaman,11.7401,92.6586,0,9,1,26.7,0,190.85,0.33,84.07,137,2,Web,5,900,120,300
2024-03-01,Andaman,11.7401,92.6586,0,3,4,27.6,0,586.92,0.329,99.99,205,2,Agent,6,900,120,300
2024-06-12,Leh,34.1526,77.5771,0,6,2,19.5,0,638.58,-0.169,95.65,680,3,Agent,8,600,90,220
2025-06-20,Jaipur,26.9124,75.7873,0,6,4,38.0,1,359.91,0.142,66.02,723,1,Kiosk,14,1500,180,600
2025-06-04,Agra,27.1767,78.0081,0,6,2,36.7,1,240.02,0.335,56.28,559,2,Web,3,1300,150,550
2025-01-06,Manali,32.2432,77.1892,0,1,0,4.3,0,260.49,-0.144,73.01,230,3,Web,22,1200,140,450
2025-09-11,Goa,15.2993,74.124,0,9,3,29.6,0,710.17,0.111,72.08,531,2,Web,4,2000,250,800
2024-10-10,Goa,15.2993,74.124,0,10,3,24.5,0,708.67,0.845,70.68,613,2,Agent,19,2000,250,800
2024-08-20,Agra,27.1767,78.0081,0,8,1,34.0,1,206.24,0.643,50.83,169,2,Agent,25,1300,150,550
2024-12-30,Jaipur,26.9124,75.7873,0,12,0,17.4,0,85.64,-0.241,61.09,323,2,Agent,31,1500,180,600
2025-05-18,Leh,34.1526,77.5771,1,5,6,17.9,0,417.95,-0.594,98.37,807,1,Web,24,600,90,220
2024-04-24,Leh,34.1526,77.5771,0,4,2,15.7,0,168.01,-1.0,95.89,579,2,App,31,600,90,220
2025-04-14,Agra,27.1767,78.0081,0,4,0,33.1,0,489.23,-0.862,55.46,513,1,App,20,1300,150,550
2024-02-17,Manali,32.2432,77.1892,1,2,5,9.1,0,401.94,0.185,74.74,552,3,Kiosk,2,1200,140,450
2025-02-13,Manali,32.2432,77.1892,0,2,3,10.4,0,338.39,-0.181,73.24,231,2,Web,18,1200,140,450
2025-01-26,Kerala,10.8505,76.2711,1,1,6,21.6,0,192.69,0.806,69.96,811,3,Kiosk,20,1700,220,700
2024-03-31,Goa,15.2993,74.124,1,3,6,31.0,0,341.25,1.0,71.28,844,2,Agent,15,2000,250,800
2024-04-06,Leh,34.1526,77.5771,1,4,5,14.8,0,619.89,0.593,99.02,510,3,App,2,600,90,220
2024-08-18,Jaipur,26.9124,75.7873,1,8,6,34.2,1,778.09,-1.0,57.48,714,3,App,9,1500,180,600
2025-02-06,Agra,27.1767,78.0081,0,2,3,21.5,0,309.44,0.787,68.69,597,2,App,1,1300,150,550
2024-09-26,Agra,27.1767,78.0081,0,9,3,27.4,0,1283.26,1.0,54.68,554,2,App,11,1300,150,550
2024-11-08,Varanasi,25.3176,82.9739,0,11,4,20.0,0,332.28,0.065,56.03,450,3,Kiosk,1,1400,160,500
2024-10-24,Goa,15.2993,74.124,0,10,3,24.8,0,312.55,1.0,71.65,810,2,App,12,2000,250,800
2025-03-29,Leh,34.1526,77.5771,1,3,5,9.7,0,577.85,-0.431,88.13,185,3,Agent,28,600,90,220
2024-10-10,Jaipur,26.9124,75.7873,0,10,3,24.3,0,231.43,-0.67,69.96,395,2,Web,7,1500,180,600
2024-05-30,Manali,32.2432,77.1892,0,5,3,22.9,0,970.11,0.008,68.61,531,2,App,12,1200,140,450
2024-01-23,Leh,34.1526,77.5771,0,1,1,2.2,0,233.86,-0.012,94.77,63,1,Kiosk,1,600,90,220
2024-06-27,Jaipur,26.9124,75.7873,0,6,3,36.4,0,572.86,0.67,59.28,281,1,Agent,6,1500,180,600
2025-02-20,Kerala,10.8505,76.2711,0,2,3,23.7,1,103.47,0.308,80.1,342,2,Agent,4,1700,220,700
2024-09-07,Varanasi,25.3176,82.9739,1,9,5,29.1,0,104.52,-0.712,36.83,596,1,App,14,1400,160,500
2024-06-15,Goa,15.2993,74.124,1,6,5,39.3,0,533.87,-0.029,72.3,847,1,Kiosk,4,2000,250,800
2024-07-06,Manali,32.2432,77.1892,1,7,5,23.2,0,357.39,1.0,75.58,114,3,Kiosk,10,1200,140,450
2024-02-17,Andaman,11.7401,92.6586,1,2,5,22.6,0,187.83,0.068,98.77,222,2,Kiosk,16,900,120,300
2024-02-09,Jaipur,26.9124,75.7873,0,2,4,22.2,0,265.61,1.0,69.23,709,2,App,18,1500,180,600
2024-11-04,Manali,32.2432,77.1892,0,11,0,7.0,0,52.03,0.727,78.29,534,2,Web,5,1200,140,450
2024-10-26,Andaman,11.7401,92.6586,1,10,5,22.4,0,259.1,0.238,89.13,335,2,App,2,900,120,300
2024-02-14,Varanasi,25.3176,82.9739,0,2,2,22.4,0,309.03,0.089,53.98,557,2,Web,4,1400,160,500
2025-02-03,Varanasi,25.3176,82.9739,0,2,0,22.6,0,333.19,-0.407,54.38,288,2,Web,20,1400,160,500
2024-03-03,Jaipur,26.9124,75.7873,1,3,6,27.4,0,209.12,-0.601,73.08,621,3,App,4,1500,180,600
2025-09-01,Jaipur,26.9124,75.7873,0,9,0,27.5,0,418.93,0.723,66.82,766,2,Agent,9,1500,180,600
2024-05-13,Varanasi,25.3176,82.9739,0,5,0,34.6,0,988.07,-0.938,49.63,524,1,Kiosk,15,1400,160,500
2024-11-20,Varanasi,25.3176,82.9739,0,11,2,20.1,0,1238.45,0.65,43.31,477,3,Agent,25,1400,160,500
2025-06-20,Jaipur,26.9124,75.7873,0,6,4,38.5,0,904.67,1.0,60.63,481,2,Kiosk,8,1500,180,600
2024-07-07,Varanasi,25.3176,82.9739,1,7,6,35.6,0,353.5,-0.0,52.68,770,2,App,17,1400,160,500
2025-07-09,Leh,34.1526,77.5771,0,7,2,19.1,1,457.05,0.502,90.58,0,2,Agent,8,600,90,220
2024-04-10,Goa,15.2993,74.124,0,4,2,33.9,1,144.0,0.698,89.36,498,3,App,12,2000,250,800
2024-08-01,Agra,27.1767,78.0081,0,8,3,30.7,0,847.39,0.398,55.27,375,1,App,11,1300,150,550
2025-02-27,Manali,32.2432,77.1892,0,2,3,9.4,0,536.03,1.0,73.25,767,2,Kiosk,9,1200,140,450
2025-06-30,Andaman,11.7401,92.6586,0,6,0,37.9,1,189.32,0.063,90.02,490,2,Kiosk,6,900,120,300
2024-03-16,Varanasi,25.3176,82.9739,1,3,5,28.9,0,52.94,-1.0,58.71,410,2,Kiosk,6,1400,160,500
2024-06-13,Kerala,10.8505,76.2711,0,6,3,37.0,0,305.16,0.263,68.48,617,3,Agent,8,1700,220,700
2025-02-11,Kerala,10.8505,76.2711,0,2,1,24.0,0,237.41,-0.734,71.36,399,3,Kiosk,18,1700,220,700
2024-01-21,Kerala,10.8505,76.2711,1,1,6,21.2,0,117.82,1.0,58.83,718,3,Web,20,1700,220,700
2025-09-11,Varanasi,25.3176,82.9739,0,9,3,27.8,0,134.55,-0.551,59.2,212,2,Kiosk,3,1400,160,500
2025-08-05,Leh,34.1526,77.5771,0,8,1,13.3,0,533.91,0.831,92.57,420,1,Kiosk,8,600,90,220
2024-12-25,Manali,32.2432,77.1892,0,12,2,5.7,0,339.03,0.085,64.27,104,2,Kiosk,1,1200,140,450
2024-07-18,Agra,27.1767,78.0081,0,7,3,38.8,0,277.71,0.571,56.68,520,2,Web,10,1300,150,550
2025-09-21,Leh,34.1526,77.5771,1,9,6,9.3,0,64.47,0.526,96.06,630,2,Web,10,600,90,220
2024-09-14,Kerala,10.8505,76.2711,1,9,5,28.5,0,586.04,0.317,68.91,845,3,App,8,1700,220,700
2024-12-05,Varanasi,25.3176,82.9739,0,12,3,16.1,0,191.55,-0.203,55.55,285,2,Web,9,1400,160,500
2024-03-26,Agra,27.1767,78.0081,0,3,1,26.7,0,406.61,0.224,62.02,736,1,App,27,1300,150,550
2024-04-04,Goa,15.2993,74.124,0,4,3,35.1,0,733.8,-1.0,82.07,973,3,App,11,2000,250,800
2024-03-28,Leh,34.1526,77.5771,0,3,3,8.8,0,33.99,-0.402,106.49,28,2,Kiosk,38,600,90,220
2024-07-13,Varanasi,25.3176,82.9739,1,7,5,34.7,1,338.02,-0.161,46.85,568,2,Web,1,1400,160,500
2024-09-23,Goa,15.2993,74.124,0,9,0,30.3,0,245.14,1.0,77.58,678,1,Kiosk,12,2000,250,800
2025-01-02,Agra,27.1767,78.0081,0,1,3,18.1,0,99.97,-0.198,51.27,277,3,App,7,1300,150,550
2025-02-24,Jaipur,26.9124,75.7873,0,2,0,20.4,0,113.68,0.119,55.06,618,2,Web,10,1500,180,600
2024-06-27,Jaipur,26.9124,75.7873,0,6,3,38.5,0,140.14,-0.416,59.76,570,3,Kiosk,13,1500,180,600
2024-09-29,Jaipur,26.9124,75.7873,1,9,6,27.9,1,291.23,1.0,51.51,843,3,Kiosk,18,1500,180,600
2025-03-04,Leh,34.1526,77.5771,0,3,1,11.5,0,158.88,0.175,96.08,143,1,App,8,600,90,220
2024-12-28,Kerala,10.8505,76.2711,1,12,5,19.7,0,165.78,-0.359,60.23,681,2,Web,6,1700,220,700
2024-04-18,Varanasi,25.3176,82.9739,0,4,3,30.2,0,281.6,-0.575,43.43,713,1,Kiosk,10,1400,160,500
2024-02-18,Jaipur,26.9124,75.7873,1,2,6,24.4,0,221.57,-0.62,62.91,576,1,Agent,36,1500,180,600
2025-08-26,Jaipur,26.9124,75.7873,0,8,1,32.7,0,374.11,0.165,57.26,591,3,Agent,12,1500,180,600
2024-07-27,Andaman,11.7401,92.6586,1,7,5,35.3,0,43.7,-0.329,90.25,541,3,Kiosk,1,900,120,300
2024-09-22,Kerala,10.8505,76.2711,1,9,6,30.2,0,361.84,0.586,61.98,734,3,App,14,1700,220,700
2025-06-19,Goa,15.2993,74.124,0,6,3,41.0,0,304.05,0.654,74.66,511,2,App,2,2000,250,800
2024-03-11,Leh,34.1526,77.5771,0,3,0,9.7,0,283.16,-0.517,92.11,82,2,App,8,600,90,220
2024-01-19,Jaipur,26.9124,75.7873,0,1,4,22.8,1,226.43,-0.241,63.88,460,2,Agent,4,1500,180,600
2024-08-21,Kerala,10.8505,76.2711,0,8,2,35.7,1,305.4,-0.072,66.4,893,3,App,10,1700,220,700
2024-11-16,Goa,15.2993,74.124,1,11,5,20.8,0,382.28,-0.034,70.73,610,2,Kiosk,8,2000,250,800
2024-06-26,Agra,27.1767,78.0081,0,6,2,36.2,0,309.58,0.605,47.68,239,1,Agent,4,1300,150,550
2024-02-22,Manali,32.2432,77.1892,0,2,3,12.6,0,242.13,0.563,78.49,458,1,Agent,1,1200,140,450
2025-09-19,Varanasi,25.3176,82.9739,0,9,4,25.3,0,133.91,0.224,46.41,446,2,Kiosk,8,1400,160,500
2025-08-24,Leh,34.1526,77.5771,1,8,6,15.6,0,525.81,-0.239,89.74,604,2,Web,20,600,90,220
2024-06-12,Varanasi,25.3176,82.9739,0,6,2,40.0,0,609.85,0.246,62.37,963,2,Web,6,1400,160,500
2025-08-14,Kerala,10.8505,76.2711,0,8,3,34.9,0,445.45,0.073,72.48,851,2,Agent,12,1700,220,700
2025-06-03,Andaman,11.7401,92.6586,0,6,1,37.7,0,370.38,-0.474,98.93,618,2,Web,17,900,120,300
2025-01-29,Agra,27.1767,78.0081,0,1,2,17.0,0,720.08,-0.044,67.22,550,3,Web,6,1300,150,550
2024-01-22,Kerala,10.8505,76.2711,0,1,0,20.9,0,159.98,0.28,65.45,415,3,Kiosk,23,1700,220,700
2024-02-29,Varanasi,25.3176,82.9739,0,2,3,22.1,0,251.16,-0.011,44.53,346,2,App,12,1400,160,500
2024-01-18,Leh,34.1526,77.5771,0,1,3,2.5,0,896.73,-0.358,100.42,379,3,Kiosk,36,600,90,220
2025-06-10,Andaman,11.7401,92.6586,0,6,1,38.8,0,561.96,-0.694,95.77,500,1,Kiosk,1,900,120,300
2025-07-17,Jaipur,26.9124,75.7873,0,7,3,35.6,0,788.71,-0.248,59.9,901,2,Web,9,1500,180,600
2024-04-20,Andaman,11.7401,92.6586,1,4,5,33.3,0,1145.73,0.694,91.73,431,1,Kiosk,7,900,120,300
2025-08-15,Kerala,10.8505,76.2711,0,8,4,33.0,0,270.73,0.564,56.87,357,3,Agent,14,1700,220,700
2025-06-10,Andaman,11.7401,92.6586,0,6,1,35.5,0,302.45,0.303,85.68,311,4,Kiosk,7,900,120,300
2025-09-25,Agra,27.1767,78.0081,0,9,3,27.0,0,138.57,0.735,58.28,745,1,Web,21,1300,150,550
2025-09-21,Varanasi,25.3176,82.9739,1,9,6,29.6,1,445.2,-0.728,51.15,740,2,App,7,1400,160,500
2024-02-05,Agra,27.1767,78.0081,0,2,0,22.2,0,447.64,-0.39,56.84,482,1,Web,16,1300,150,550
2024-07-06,Goa,15.2993,74.124,1,7,5,39.4,0,266.76,0.619,80.85,576,2,Web,14,2000,250,800
2024-10-02,Manali,32.2432,77.1892,0,10,2,9.0,1,704.33,-1.0,82.07,643,3,App,9,1200,140,450
2025-03-01,Manali,32.2432,77.1892,1,3,5,15.5,0,504.42,0.413,73.9,837,2,Kiosk,8,1200,140,450
2024-01-19,Varanasi,25.3176,82.9739,0,1,4,19.1,0,547.34,0.217,44.8,508,2,App,10,1400,160,500
2024-10-10,Jaipur,26.9124,75.7873,0,10,3,24.6,0,623.9,-0.237,59.61,322,1,Kiosk,4,1500,180,600
2024-11-01,Agra,27.1767,78.0081,0,11,4,17.4,0,586.18,-0.08,56.62,357,2,Kiosk,7,1300,150,550
2024-11-27,Manali,32.2432,77.1892,0,11,2,6.6,0,132.98,0.465,77.42,389,1,Kiosk,6,1200,140,450
2024-09-07,Kerala,10.8505,76.2711,1,9,5,28.3,0,334.89,-0.345,62.16,326,2,Agent,14,1700,220,700
2025-03-12,Goa,15.2993,74.124,0,3,2,28.6,0,165.94,0.503,72.39,705,2,Web,25,2000,250,800
2025-05-08,Kerala,10.8505,76.2711,0,5,3,38.1,0,454.03,0.652,71.9,515,2,Kiosk,5,1700,220,700
2024-12-27,Agra,27.1767,78.0081,0,12,4,16.7,0,494.54,0.57,53.23,440,2,Kiosk,14,1300,150,550
2025-01-01,Kerala,10.8505,76.2711,0,1,2,21.0,0,547.86,-0.331,69.49,881,2,Web,21,1700,220,700
2024-06-15,Goa,15.2993,74.124,1,6,5,41.8,0,813.64,0.956,79.29,901,3,App,9,2000,250,800
2024-04-30,Leh,34.1526,77.5771,0,4,1,14.8,0,897.76,-0.709,89.53,298,2,Agent,7,600,90,220
2024-12-10,Manali,32.2432,77.1892,0,12,1,5.2,0,385.49,0.156,68.49,159,3,Agent,13,1200,140,450
2025-04-27,Agra,27.1767,78.0081,1,4,6,32.3,0,64.18,-0.743,54.42,638,3,Agent,10,1300,150,550
2025-04-13,Andaman,11.7401,92.6586,1,4,6,31.3,0,818.11,-0.157,100.82,546,3,Kiosk,12,900,120,300
2024-01-13,Varanasi,25.3176,82.9739,1,1,5,20.2,0,359.2,-0.313,34.96,433,1,Kiosk,3,1400,160,500
2024-12-07,Manali,32.2432,77.1892,1,12,5,4.6,0,2000.34,0.819,70.49,761,2,App,35,1200,140,450
2025-09-07,Varanasi,25.3176,82.9739,1,9,6,28.4,0,434.72,0.298,43.3,579,2,App,9,1400,160,500
2025-03-29,Manali,32.2432,77.1892,1,3,5,13.2,0,450.99,0.396,77.83,852,3,Web,2,1200,140,450
2025-05-07,Jaipur,26.9124,75.7873,0,5,2,36.5,0,983.92,0.486,63.83,457,2,Kiosk,12,1500,180,600
2024-10-29,Goa,15.2993,74.124,0,10,1,25.4,0,459.75,-0.377,80.18,700,2,App,8,2000,250,800
2024-01-21,Manali,32.2432,77.1892,1,1,6,4.7,0,271.9,-0.058,68.9,158,2,Kiosk,14,1200,140,450
2025-07-04,Goa,15.2993,74.124,0,7,4,38.8,0,276.54,0.297,73.65,582,2,Agent,9,2000,250,800
2025-06-28,Kerala,10.8505,76.2711,1,6,5,39.7,0,443.68,-0.053,71.72,1149,3,App,9,1700,220,700
2024-05-27,Jaipur,26.9124,75.7873,0,5,0,34.6,1,432.39,-0.698,63.5,910,2,Web,8,1500,180,600
2024-10-28,Leh,34.1526,77.5771,0,10,0,6.0,0,611.2,1.0,102.61,779,3,App,27,600,90,220
2024-03-01,Agra,27.1767,78.0081,0,3,4,27.5,0,1172.48,-0.003,60.68,427,2,Kiosk,24,1300,150,550
2025-08-02,Jaipur,26.9124,75.7873,1,8,5,35.8,1,766.28,0.526,63.1,642,2,Web,3,1500,180,600
2025-03-06,Manali,32.2432,77.1892,0,3,3,15.0,0,419.6,0.545,79.11,694,2,Web,23,1200,140,450
2024-02-16,Leh,34.1526,77.5771,0,2,4,4.5,0,318.42,0.881,91.21,598,3,Web,4,600,90,220
2024-04-12,Goa,15.2993,74.124,0,4,4,35.6,0,222.66,0.63,92.29,726,1,Web,4,2000,250,800
2025-05-23,Leh,34.1526,77.5771,0,5,4,20.8,0,328.31,-0.127,96.69,745,2,Web,10,600,90,220
2024-11-05,Varanasi,25.3176,82.9739,0,11,1,17.6,0,1143.62,-0.178,47.15,464,1,Kiosk,38,1400,160,500
2024-06-24,Jaipur,26.9124,75.7873,0,6,0,37.5,0,390.38,0.019,57.79,693,4,Web,49,1500,180,600
2025-05-05,Agra,27.1767,78.0081,0,5,0,36.0,0,273.93,0.289,59.03,578,1,Web,5,1300,150,550
2024-07-22,Leh,34.1526,77.5771,0,7,0,21.0,0,19.64,0.025,95.31,369,2,App,5,600,90,220
2024-03-17,Varanasi,25.3176,82.9739,1,3,6,25.5,0,751.6,0.152,43.78,476,2,Web,12,1400,160,500
2025-04-15,Jaipur,26.9124,75.7873,0,4,1,34.3,0,219.01,0.123,68.31,563,2,Kiosk,7,1500,180,600
2024-02-24,Varanasi,25.3176,82.9739,1,2,5,24.0,0,888.66,0.46,42.47,626,2,App,19,1400,160,500
2025-02-12,Manali,32.2432,77.1892,0,2,2,11.0,0,95.79,0.267,73.45,262,2,Web,15,1200,140,450
2024-10-19,Manali,32.2432,77.1892,1,10,5,8.3,0,104.77,-0.567,64.41,453,2,Web,16,1200,140,450
2024-12-27,Andaman,11.7401,92.6586,0,12,4,17.7,0,326.65,0.222,98.76,134,2,Web,6,900,120,300
2024-09-18,Leh,34.1526,77.5771,0,9,2,9.9,0,261.51,0.579,91.85,514,2,Agent,9,600,90,220
2024-09-12,Goa,15.2993,74.124,0,9,3,28.9,0,675.24,-0.67,72.63,613,1,Kiosk,26,2000,250,800
2024-10-31,Varanasi,25.3176,82.9739,0,10,3,20.1,0,319.75,-0.626,43.41,311,2,Web,29,1400,160,500
2025-06-22,Goa,15.2993,74.124,1,6,6,40.4,0,379.59,-0.411,86.52,884,2,Web,24,2000,250,800
2025-04-23,Leh,34.1526,77.5771,0,4,2,13.7,1,473.31,-0.077,96.55,682,3,Agent,12,600,90,220
2024-06-22,Varanasi,25.3176,82.9739,1,6,5,36.3,0,654.53,0.048,51.39,657,3,Agent,18,1400,160,500
2024-08-01,Andaman,11.7401,92.6586,0,8,3,33.4,0,457.6,-0.434,86.52,612,2,Web,6,900,120,300
2025-07-05,Agra,27.1767,78.0081,1,7,5,34.8,0,349.53,-0.915,60.83,757,2,App,7,1300,150,550
2024-10-01,Andaman,11.7401,92.6586,0,10,1,22.9,0,517.16,0.246,82.26,159,2,Web,8,900,120,300
2024-02-09,Jaipur,26.9124,75.7873,0,2,4,24.9,0,158.91,1.0,57.51,670,3,Web,2,1500,180,600
2025-08-01,Jaipur,26.9124,75.7873,0,8,4,31.9,0,25.55,-0.067,59.58,682,2,App,5,1500,180,600
2025-01-21,Andaman,11.7401,92.6586,0,1,1,17.4,0,763.09,0.842,98.43,810,2,Web,11,900,120,300
2025-04-14,Goa,15.2993,74.124,0,4,0,35.7,0,428.39,1.0,84.37,609,2,Kiosk,3,2000,250,800
2024-11-14,Andaman,11.7401,92.6586,0,11,3,18.8,1,320.32,-0.004,94.05,374,1,Web,27,900,120,300
2024-08-02,Jaipur,26.9124,75.7873,0,8,4,31.4,0,209.35,1.0,63.93,656,2,App,19,1500,180,600
2024-08-17,Kerala,10.8505,76.2711,1,8,5,35.5,0,696.71,-0.213,66.22,1078,2,Kiosk,6,1700,220,700
2024-12-20,Kerala,10.8505,76.2711,0,12,4,20.2,0,886.99,-0.192,52.02,484,2,App,19,1700,220,700
2024-11-25,Goa,15.2993,74.124,0,11,0,21.0,1,169.08,0.391,81.21,949,2,Agent,15,2000,250,800
2025-06-14,Goa,15.2993,74.124,1,6,5,38.3,0,433.54,-1.0,90.52,1088,2,Agent,19,2000,250,800
2025-04-12,Goa,15.2993,74.124,1,4,5,35.8,0,329.45,-0.388,88.89,850,2,Agent,3,2000,250,800
2024-07-05,Leh,34.1526,77.5771,0,7,4,18.6,0,530.64,0.189,86.9,256,2,Kiosk,9,600,90,220
2024-02-26,Varanasi,25.3176,82.9739,0,2,0,20.8,0,185.91,-0.851,52.07,352,2,Web,6,1400,160,500
2025-05-27,Kerala,10.8505,76.2711,0,5,1,37.7,0,168.8,0.434,69.8,724,3,Web,7,1700,220,700
2024-12-15,Manali,32.2432,77.1892,1,12,6,4.7,0,407.71,-0.147,73.55,627,3,Web,23,1200,140,450
2025-08-02,Agra,27.1767,78.0081,1,8,5,33.5,0,15.38,1.0,60.41,377,3,Agent,8,1300,150,550
2024-07-01,Agra,27.1767,78.0081,0,7,0,35.6,0,338.37,0.6,57.85,462,2,App,11,1300,150,550
2025-07-10,Andaman,11.7401,92.6586,0,7,3,37.1,0,768.59,-0.291,87.55,727,3,Agent,7,900,120,300
2025-09-09,Kerala,10.8505,76.2711,0,9,1,28.1,0,186.59,-0.048,58.48,479,2,App,8,1700,220,700
2024-04-06,Manali,32.2432,77.1892,1,4,5,21.8,0,123.28,-0.032,75.42,747,2,App,8,1200,140,450
2024-08-19,Kerala,10.8505,76.2711,0,8,0,32.4,0,379.7,0.133,75.74,799,3,Kiosk,5,1700,220,700
2025-01-22,Goa,15.2993,74.124,0,1,2,22.2,0,346.92,-0.403,85.95,362,2,Kiosk,6,2000,250,800
2024-08-04,Manali,32.2432,77.1892,1,8,6,18.7,0,385.15,-0.622,71.85,675,2,Web,8,1200,140,450
2024-11-14,Varanasi,25.3176,82.9739,0,11,3,18.2,0,340.61,0.718,45.67,684,3,Kiosk,1,1400,160,500
2025-07-04,Kerala,10.8505,76.2711,0,7,4,38.1,0,469.5,0.971,63.65,327,3,Agent,21,1700,220,700
2025-04-14,Jaipur,26.9124,75.7873,0,4,0,32.5,0,580.51,0.431,54.5,391,1,App,2,1500,180,600
2025-03-22,Varanasi,25.3176,82.9739,1,3,5,27.5,0,166.54,0.649,54.16,466,2,Agent,8,1400,160,500
2025-05-24,Agra,27.1767,78.0081,1,5,5,36.9,0,336.94,0.169,54.6,975,2,Web,17,1300,150,550
2024-05-18,Manali,32.2432,77.1892,1,5,5,24.2,0,272.13,0.134,74.65,915,2,App,9,1200,140,450
2025-07-22,Goa,15.2993,74.124,0,7,1,40.4,1,306.57,-0.027,75.76,776,2,Web,16,2000,250,800
2025-01-28,Varanasi,25.3176,82.9739,0,1,1,16.7,0,541.1,-0.028,47.44,627,2,Web,27,1400,160,500
2024-11-04,Manali,32.2432,77.1892,0,11,0,8.8,0,319.96,1.0,77.64,424,1,Agent,8,1200,140,450
2024-07-30,Manali,32.2432,77.1892,0,7,1,24.3,0,50.04,-0.416,73.7,487,1,App,6,1200,140,450
2024-05-10,Varanasi,25.3176,82.9739,0,5,4,34.7,0,289.0,0.49,54.35,416,2,Agent,16,1400,160,500
2025-07-18,Varanasi,25.3176,82.9739,0,7,4,36.5,0,132.4,0.686,49.85,246,3,Kiosk,12,1400,160,500
2024-12-05,Varanasi,25.3176,82.9739,0,12,3,17.8,0,91.03,-0.359,56.6,394,2,App,4,1400,160,500
2024-08-14,Jaipur,26.9124,75.7873,0,8,2,32.2,0,367.83,0.238,58.02,665,1,Web,6,1500,180,600
2025-02-23,Goa,15.2993,74.124,1,2,6,24.1,0,216.46,0.379,90.57,869,4,Kiosk,51,2000,250,800
2025-03-31,Agra,27.1767,78.0081,0,3,0,27.3,0,1544.05,0.328,47.74,309,2,App,22,1300,150,550
2024-08-11,Andaman,11.7401,92.6586,1,8,6,33.4,0,500.77,0.787,88.12,396,3,Agent,3,900,120,300
2025-09-07,Kerala,10.8505,76.2711,1,9,6,28.9,0,465.96,-0.019,58.57,651,2,App,11,1700,220,700
2025-08-16,Jaipur,26.9124,75.7873,1,8,5,33.0,0,359.19,-0.097,64.4,678,3,App,6,1500,180,600
2024-12-16,Goa,15.2993,74.124,0,12,0,19.0,0,167.75,0.819,76.58,903,2,Kiosk,7,2000,250,800
2024-10-23,Varanasi,25.3176,82.9739,0,10,2,21.2,0,521.57,-0.146,42.34,370,1,App,28,1400,160,500
2025-01-05,Leh,34.1526,77.5771,1,1,6,1.5,0,159.53,1.0,101.4,578,2,App,8,600,90,220
2024-01-22,Andaman,11.7401,92.6586,0,1,0,20.2,0,495.87,0.289,85.42,47,2,Agent,11,900,120,300
2024-12-21,Goa,15.2993,74.124,1,12,5,20.2,0,176.94,0.195,74.12,743,1,Web,15,2000,250,800
2024-07-18,Jaipur,26.9124,75.7873,0,7,3,37.8,0,471.02,0.029,58.14,871,2,Web,6,1500,180,600
2025-09-20,Andaman,11.7401,92.6586,1,9,5,29.7,0,378.14,0.659,93.29,546,2,Agent,10,900,120,300
2025-08-02,Varanasi,25.3176,82.9739,1,8,5,31.2,0,440.09,1.0,50.13,504,2,Web,12,1400,160,500
2024-02-02,Kerala,10.8505,76.2711,0,2,4,24.0,0,555.52,0.043,61.93,463,2,App,15,1700,220,700
2024-11-25,Kerala,10.8505,76.2711,0,11,0,20.0,0,103.17,1.0,64.04,835,2,Kiosk,4,1700,220,700
2024-07-06,Kerala,10.8505,76.2711,1,7,5,36.6,0,401.67,0.272,70.15,813,2,Kiosk,6,1700,220,700
2024-12-15,Varanasi,25.3176,82.9739,1,12,6,17.1,0,336.88,-0.518,46.28,572,3,Web,17,1400,160,500
2024-11-15,Andaman,11.7401,92.6586,0,11,4,19.4,0,686.61,0.413,84.09,335,2,Kiosk,3,900,120,300
2024-06-19,Goa,15.2993,74.124,0,6,2,38.9,0,394.47,-0.115,88.19,1185,1,App,3,2000,250,800
2024-01-25,Jaipur,26.9124,75.7873,0,1,3,18.9,0,177.67,0.578,56.34,520,1,Kiosk,26,1500,180,600
2025-05-03,Andaman,11.7401,92.6586,1,5,5,37.1,0,1212.28,0.393,94.71,120,3,Web,4,900,120,300
2025-08-19,Manali,32.2432,77.1892,0,8,1,20.6,0,468.14,0.797,71.52,291,3,Kiosk,26,1200,140,450
2025-06-15,Kerala,10.8505,76.2711,1,6,6,40.9,1,93.66,-1.0,68.0,819,2,Kiosk,3,1700,220,700
2025-03-28,Varanasi,25.3176,82.9739,0,3,4,25.9,0,133.86,1.0,62.99,531,2,Web,1,1400,160,500
2024-06-08,Leh,34.1526,77.5771,1,6,5,20.5,0,602.54,0.569,97.05,249,2,Kiosk,11,600,90,220
2024-01-12,Agra,27.1767,78.0081,0,1,4,17.8,0,697.56,0.536,59.08,525,3,Web,14,1300,150,550
2024-11-01,Goa,15.2993,74.124,0,11,4,21.5,0,378.52,0.184,77.24,481,2,Web,19,2000,250,800
2024-06-22,Varanasi,25.3176,82.9739,1,6,5,36.9,0,293.19,-0.462,41.77,595,3,App,5,1400,160,500
2025-03-07,Kerala,10.8505,76.2711,0,3,4,26.5,0,539.31,0.237,70.72,627,2,Web,8,1700,220,700
2024-07-20,Andaman,11.7401,92.6586,1,7,5,36.5,0,235.76,-0.07,96.26,629,1,App,3,900,120,300
2024-10-09,Manali,32.2432,77.1892,0,10,2,10.6,0,701.66,0.577,75.92,731,3,Kiosk,7,1200,140,450
2024-07-01,Leh,34.1526,77.5771,0,7,0,16.4,1,133.08,-0.282,92.97,472,2,Kiosk,17,600,90,220
2024-02-04,Varanasi,25.3176,82.9739,1,2,6,22.1,0,121.29,-0.189,44.94,284,3,Kiosk,19,1400,160,500
2024-06-16,Andaman,11.7401,92.6586,1,6,6,38.4,0,76.52,0.947,92.07,418,1,App,7,900,120,300
2025-02-11,Jaipur,26.9124,75.7873,0,2,1,24.1,0,319.13,0.018,64.24,280,2,Agent,2,1500,180,600
2025-06-24,Jaipur,26.9124,75.7873,0,6,1,39.2,0,132.2,-0.024,57.04,716,1,App,9,1500,180,600
2024-05-23,Andaman,11.7401,92.6586,0,5,3,38.2,0,227.85,0.671,95.34,210,1,Web,2,900,120,300
2024-08-02,Manali,32.2432,77.1892,0,8,4,19.1,0,398.98,-0.036,78.05,882,2,Web,9,1200,140,450
2025-03-31,Goa,15.2993,74.124,0,3,0,29.4,0,401.24,0.131,73.73,419,1,Kiosk,20,2000,250,800
2024-09-16,Goa,15.2993,74.124,0,9,0,29.6,0,255.2,0.318,85.41,528,3,App,20,2000,250,800
2025-04-02,Goa,15.2993,74.124,0,4,2,32.5,0,592.66,0.15,82.67,1194,2,App,6,2000,250,800
2025-07-14,Andaman,11.7401,92.6586,0,7,0,39.6,0,677.61,0.598,93.72,330,3,App,26,900,120,300
2024-11-05,Leh,34.1526,77.5771,0,11,1,0.7,0,398.15,-1.0,94.46,355,1,Kiosk,4,600,90,220
2024-07-16,Leh,34.1526,77.5771,0,7,1,17.9,0,206.32,0.074,93.85,636,3,Web,9,600,90,220
2024-10-05,Agra,27.1767,78.0081,1,10,5,22.2,0,189.32,0.724,50.16,705,2,Agent,14,1300,150,550
2025-09-18,Agra,27.1767,78.0081,0,9,3,27.2,0,1838.71,-0.431,55.45,298,3,Web,1,1300,150,550
2025-04-27,Manali,32.2432,77.1892,1,4,6,20.9,0,649.13,-0.175,67.42,702,2,App,9,1200,140,450
2024-11-06,Kerala,10.8505,76.2711,0,11,2,19.3,0,285.07,0.07,69.75,418,3,Kiosk,19,1700,220,700
2024-03-10,Kerala,10.8505,76.2711,1,3,6,27.4,0,548.48,0.056,78.86,876,2,Web,34,1700,220,700
2025-07-10,Agra,27.1767,78.0081,0,7,3,37.4,0,314.45,-0.522,63.96,711,2,Kiosk,12,1300,150,550
2024-03-16,Leh,34.1526,77.5771,1,3,5,10.9,0,12.43,-0.537,96.29,316,2,App,16,600,90,220
2024-12-16,Agra,27.1767,78.0081,0,12,0,19.2,0,234.57,-0.56,56.56,588,1,App,19,1300,150,550
2025-07-01,Jaipur,26.9124,75.7873,0,7,1,36.3,0,552.59,0.088,61.79,758,2,Kiosk,4,1500,180,600
2024-10-08,Jaipur,26.9124,75.7873,0,10,1,23.9,0,418.44,-0.458,66.33,495,3,Kiosk,11,1500,180,600
2025-07-31,Leh,34.1526,77.5771,0,7,3,20.7,0,421.63,0.282,92.85,487,1,App,11,600,90,220
2025-09-18,Manali,32.2432,77.1892,0,9,3,14.9,0,46.79,0.447,58.76,411,1,Agent,11,1200,140,450
2024-04-24,Andaman,11.7401,92.6586,0,4,2,31.9,0,130.76,-0.913,86.76,551,3,Web,3,900,120,300
2024-09-21,Goa,15.2993,74.124,1,9,5,28.1,0,252.27,1.0,75.58,916,3,Kiosk,28,2000,250,800
2025-08-26,Varanasi,25.3176,82.9739,0,8,1,32.5,0,664.85,0.32,51.71,748,3,App,2,1400,160,500
2024-04-14,Agra,27.1767,78.0081,1,4,6,29.9,0,314.59,0.176,55.7,791,1,App,11,1300,150,550
2024-07-20,Manali,32.2432,77.1892,1,7,5,22.4,0,117.55,-0.49,71.17,696,3,Web,8,1200,140,450
2024-11-13,Goa,15.2993,74.124,0,11,2,21.9,0,515.71,-0.855,66.56,441,1,Agent,1,2000,250,800
2024-03-22,Jaipur,26.9124,75.7873,0,3,4,28.9,0,777.73,-0.162,55.27,336,2,Kiosk,9,1500,180,600
2024-05-03,Andaman,11.7401,92.6586,0,5,4,35.9,0,514.86,1.0,91.23,39,2,Kiosk,13,900,120,300
2024-01-18,Goa,15.2993,74.124,0,1,3,21.4,0,78.16,0.052,75.86,725,2,App,14,2000,250,800
2024-12-13,Kerala,10.8505,76.2711,0,12,4,21.3,0,328.78,0.715,65.73,728,3,App,18,1700,220,700
2024-11-12,Kerala,10.8505,76.2711,0,11,1,18.2,0,577.89,0.344,78.24,770,3,Kiosk,3,1700,220,700
2024-07-14,Andaman,11.7401,92.6586,1,7,6,38.0,0,501.23,-0.364,82.8,619,1,App,2,900,120,300
2024-10-19,Kerala,10.8505,76.2711,1,10,5,23.9,0,660.92,0.216,72.29,517,2,App,5,1700,220,700
2025-07-09,Leh,34.1526,77.5771,0,7,2,19.1,0,497.96,-0.007,86.47,401,2,Web,17,600,90,220
2024-12-12,Varanasi,25.3176,82.9739,0,12,3,15.7,0,164.4,-0.35,50.88,580,3,Web,37,1400,160,500
2025-09-07,Jaipur,26.9124,75.7873,1,9,6,27.6,0,523.68,-0.094,56.06,671,2,App,2,1500,180,600
2025-05-29,Kerala,10.8505,76.2711,0,5,3,36.7,0,580.91,0.905,69.17,780,2,Kiosk,4,1700,220,700
2025-02-14,Andaman,11.7401,92.6586,0,2,4,25.1,0,354.2,-0.84,83.24,264,2,Kiosk,10,900,120,300
2025-02-10,Goa,15.2993,74.124,0,2,0,25.2,0,295.11,0.016,83.49,634,2,Agent,8,2000,250,800
2025-09-20,Leh,34.1526,77.5771,1,9,5,9.1,0,1092.36,0.755,84.39,579,2,App,17,600,90,220
2025-07-31,Varanasi,25.3176,82.9739,0,7,3,36.3,0,419.96,0.049,62.4,712,2,App,20,1400,160,500
2024-07-13,Agra,27.1767,78.0081,1,7,5,32.3,0,77.53,-0.004,64.13,784,3,Web,29,1300,150,550
2024-04-13,Leh,34.1526,77.5771,1,4,5,14.5,0,955.76,-0.125,92.24,716,3,Web,16,600,90,220
2024-11-08,Leh,34.1526,77.5771,0,11,4,0.0,0,920.24,-0.465,99.15,531,2,Web,7,600,90,220
2024-12-15,Agra,27.1767,78.0081,1,12,6,16.9,0,34.95,0.378,54.27,721,2,Kiosk,6,1300,150,550
2025-08-11,Goa,15.2993,74.124,0,8,0,35.5,0,100.91,0.308,69.71,721,3,Agent,2,2000,250,800
2025-04-11,Andaman,11.7401,92.6586,0,4,4,32.1,0,1211.16,0.568,107.4,248,3,Kiosk,7,900,120,300
2025-05-07,Kerala,10.8505,76.2711,0,5,2,37.3,0,801.29,-0.246,74.91,776,1,Agent,16,1700,220,700
2024-03-12,Leh,34.1526,77.5771,0,3,1,9.4,0,627.49,0.99,101.66,815,3,Web,25,600,90,220
2025-05-07,Goa,15.2993,74.124,0,5,2,37.7,0,789.09,1.0,84.69,670,2,Web,9,2000,250,800
2025-05-07,Andaman,11.7401,92.6586,0,5,2,36.3,0,894.84,-0.254,86.27,503,1,Agent,6,900,120,300
2024-11-14,Varanasi,25.3176,82.9739,0,11,3,16.2,0,415.41,-0.673,49.15,430,2,Agent,20,1400,160,500
2025-02-16,Manali,32.2432,77.1892,1,2,6,8.5,0,137.37,-0.152,71.74,123,3,Agent,2,1200,140,450
2024-08-05,Kerala,10.8505,76.2711,0,8,0,34.0,0,1071.11,0.097,66.58,922,2,App,9,1700,220,700
2024-04-17,Agra,27.1767,78.0081,0,4,2,33.2,0,710.17,-0.203,65.59,652,2,Agent,4,1300,150,550
2024-10-04,Varanasi,25.3176,82.9739,0,10,4,22.4,0,283.89,0.944,35.6,686,3,Kiosk,5,1400,160,500
2025-08-03,Jaipur,26.9124,75.7873,1,8,6,32.0,0,304.83,0.876,61.53,428,2,App,18,1500,180,600
2025-04-28,Kerala,10.8505,76.2711,0,4,0,34.5,1,780.11,-0.481,57.23,648,2,Agent,5,1700,220,700
2025-06-06,Varanasi,25.3176,82.9739,0,6,4,34.5,0,520.98,-0.449,47.85,727,1,App,6,1400,160,500
2024-03-06,Leh,34.1526,77.5771,0,3,2,10.1,0,435.82,0.93,102.15,580,2,Web,11,600,90,220
2025-05-22,Agra,27.1767,78.0081,0,5,3,35.0,0,349.09,1.0,56.62,357,3,Web,3,1300,150,550
2024-07-10,Varanasi,25.3176,82.9739,0,7,2,35.2,0,267.54,0.457,52.49,178,2,Kiosk,10,1400,160,500
2024-09-23,Goa,15.2993,74.124,0,9,0,29.0,0,237.88,0.988,74.89,704,3,Kiosk,23,2000,250,800
2025-01-27,Goa,15.2993,74.124,0,1,0,22.4,0,117.59,0.516,88.39,786,1,App,18,2000,250,800
2024-05-09,Jaipur,26.9124,75.7873,0,5,3,35.9,0,65.05,-0.543,64.27,927,3,Web,9,1500,180,600
2025-04-28,Jaipur,26.9124,75.7873,0,4,0,34.0,0,750.16,0.817,56.41,323,2,Agent,20,1500,180,600
2024-09-16,Agra,27.1767,78.0081,0,9,0,27.3,1,552.12,0.25,53.26,190,2,Kiosk,19,1300,150,550
2024-11-30,Agra,27.1767,78.0081,1,11,5,16.8,0,854.61,0.105,42.92,427,3,Kiosk,6,1300,150,550
2025-08-25,Agra,27.1767,78.0081,0,8,0,30.1,0,904.13,0.291,53.42,525,2,Agent,1,1300,150,550
2025-01-10,Agra,27.1767,78.0081,0,1,4,17.8,0,871.96,0.39,56.26,507,1,Kiosk,9,1300,150,550
2024-04-03,Kerala,10.8505,76.2711,0,4,2,32.3,0,316.35,1.0,69.16,438,2,Web,5,1700,220,700
2024-08-22,Varanasi,25.3176,82.9739,0,8,3,31.8,0,352.64,0.268,41.08,606,3,Web,41,1400,160,500
2024-03-12,Andaman,11.7401,92.6586,0,3,1,27.6,0,459.87,0.246,98.0,543,2,App,11,900,120,300
2025-09-22,Andaman,11.7401,92.6586,0,9,0,30.0,0,146.7,0.528,79.45,58,1,Agent,14,900,120,300
2025-08-18,Agra,27.1767,78.0081,0,8,0,33.1,0,568.81,0.268,45.73,573,3,App,7,1300,150,550
2024-02-19,Leh,34.1526,77.5771,0,2,0,5.1,0,333.04,-0.064,106.04,29,2,Kiosk,5,600,90,220
2025-03-03,Andaman,11.7401,92.6586,0,3,0,30.7,0,382.4,0.659,99.16,414,2,Kiosk,19,900,120,300
2024-10-13,Kerala,10.8505,76.2711,1,10,6,22.4,0,166.57,0.647,58.93,758,2,Kiosk,22,1700,220,700
2025-04-10,Goa,15.2993,74.124,0,4,3,33.2,0,547.27,0.209,70.32,678,2,Agent,28,2000,250,800
2025-05-04,Goa,15.2993,74.124,1,5,6,37.4,0,355.2,0.412,75.49,649,1,Kiosk,6,2000,250,800
2024-12-06,Kerala,10.8505,76.2711,0,12,4,18.8,0,1114.21,-0.166,52.45,702,2,App,11,1700,220,700
2024-02-02,Leh,34.1526,77.5771,0,2,4,5.7,0,467.91,0.893,108.95,562,2,App,1,600,90,220
2025-03-23,Goa,15.2993,74.124,1,3,6,29.7,0,592.19,0.386,80.83,1019,3,Kiosk,7,2000,250,800
2024-01-17,Leh,34.1526,77.5771,0,1,2,1.3,0,962.52,0.025,93.94,281,3,Web,16,600,90,220
2025-04-10,Kerala,10.8505,76.2711,0,4,3,34.7,0,204.06,-0.539,71.33,635,2,Kiosk,9,1700,220,700
2024-09-24,Leh,34.1526,77.5771,0,9,1,11.5,0,323.69,0.635,104.29,490,2,Kiosk,22,600,90,220
2025-07-29,Andaman,11.7401,92.6586,0,7,1,36.0,0,162.69,-0.207,87.92,404,2,App,16,900,120,300
2024-02-27,Kerala,10.8505,76.2711,0,2,1,25.7,0,1126.85,-0.63,71.25,764,3,Kiosk,7,1700,220,700
2024-04-04,Agra,27.1767,78.0081,0,4,3,33.6,0,957.89,-0.675,47.28,569,1,App,5,1300,150,550
2024-12-17,Jaipur,26.9124,75.7873,0,12,1,16.3,0,80.24,-0.112,60.1,430,2,Web,8,1500,180,600
2024-05-05,Agra,27.1767,78.0081,1,5,6,37.4,0,1261.65,-0.37,56.39,743,2,App,17,1300,150,550
2024-11-08,Leh,34.1526,77.5771,0,11,4,0.7,0,478.22,-0.21,93.86,392,1,Kiosk,22,600,90,220
2024-09-19,Manali,32.2432,77.1892,0,9,3,15.5,0,477.7,-0.544,71.34,316,2,Kiosk,14,1200,140,450
2024-01-02,Andaman,11.7401,92.6586,0,1,1,19.6,0,275.97,0.476,105.18,452,2,Web,10,900,120,300
2025-03-20,Manali,32.2432,77.1892,0,3,3,14.3,0,209.3,-0.19,69.67,470,2,Web,13,1200,140,450
2024-12-14,Goa,15.2993,74.124,1,12,5,20.4,0,46.25,-0.004,69.45,617,1,Kiosk,7,2000,250,800
2025-02-05,Manali,32.2432,77.1892,0,2,2,8.0,0,69.82,-0.191,75.48,265,2,App,4,1200,140,450
2025-06-20,Andaman,11.7401,92.6586,0,6,4,39.7,0,140.09,-0.593,87.13,654,2,Web,2,900,120,300
2024-02-08,Kerala,10.8505,76.2711,0,2,3,26.1,0,250.17,0.209,71.6,366,3,Kiosk,18,1700,220,700
2024-02-15,Agra,27.1767,78.0081,0,2,3,21.6,0,118.52,0.321,56.8,233,2,Agent,17,1300,150,550
2025-01-13,Varanasi,25.3176,82.9739,0,1,0,20.0,0,387.0,-0.061,43.35,597,2,App,2,1400,160,500
2024-05-14,Goa,15.2993,74.124,0,5,1,36.9,0,468.69,-0.205,80.55,902,2,Web,5,2000,250,800
2024-07-25,Agra,27.1767,78.0081,0,7,3,34.3,0,397.89,-0.57,45.06,531,2,App,17,1300,150,550
2024-01-19,Andaman,11.7401,92.6586,0,1,4,19.4,0,1472.16,0.562,96.37,391,2,Kiosk,14,900,120,300
2024-02-03,Varanasi,25.3176,82.9739,1,2,5,23.2,0,205.4,0.548,51.92,691,2,Agent,11,1400,160,500
2024-04-17,Andaman,11.7401,92.6586,0,4,2,32.6,0,647.11,-0.567,94.5,527,3,Agent,1,900,120,300
2025-03-07,Manali,32.2432,77.1892,0,3,4,13.4,0,583.91,-0.205,80.51,412,2,Web,12,1200,140,450
2025-06-29,Jaipur,26.9124,75.7873,1,6,6,38.9,0,899.88,0.383,48.96,572,2,Web,12,1500,180,600
2024-03-20,Goa,15.2993,74.124,0,3,2,30.0,0,527.67,0.076,83.62,700,3,Web,6,2000,250,800
2025-05-23,Andaman,11.7401,92.6586,0,5,4,36.2,0,331.39,0.242,87.98,720,1,Kiosk,10,900,120,300
2025-02-17,Goa,15.2993,74.124,0,2,0,25.7,0,285.55,-0.888,81.44,479,2,Kiosk,12,2000,250,800
2024-10-21,Varanasi,25.3176,82.9739,0,10,0,23.7,0,513.62,1.0,48.19,462,2,Kiosk,3,1400,160,500
2024-07-31,Jaipur,26.9124,75.7873,0,7,2,36.2,1,217.22,0.16,64.34,555,3,Kiosk,23,1500,180,600
2025-01-20,Andaman,11.7401,92.6586,0,1,0,19.9,0,369.52,0.048,85.91,155,2,Web,8,900,120,300
2024-10-24,Leh,34.1526,77.5771,0,10,3,5.2,0,244.49,-0.13,87.18,8,3,Agent,4,600,90,220
2025-01-09,Goa,15.2993,74.124,0,1,3,22.6,0,190.69,-0.639,68.04,537,2,Web,8,2000,250,800
2024-04-16,Kerala,10.8505,76.2711,0,4,1,32.2,0,429.9,-0.916,80.23,907,1,Web,8,1700,220,700
2024-02-25,Andaman,11.7401,92.6586,1,2,6,24.9,0,1498.53,1.0,77.89,418,2,Agent,9,900,120,300
2025-09-09,Varanasi,25.3176,82.9739,0,9,1,26.1,0,536.24,0.838,49.02,524,2,Kiosk,8,1400,160,500
2025-04-04,Varanasi,25.3176,82.9739,0,4,4,31.5,0,488.38,-0.191,64.16,820,1,Web,8,1400,160,500
2024-02-10,Jaipur,26.9124,75.7873,1,2,5,25.2,0,359.02,0.408,42.98,653,2,Web,13,1500,180,600
2025-04-05,Agra,27.1767,78.0081,1,4,5,32.6,0,241.29,-0.251,60.15,639,3,Kiosk,17,1300,150,550
2025-09-12,Manali,32.2432,77.1892,0,9,4,13.8,0,478.51,0.187,64.85,154,3,Kiosk,7,1200,140,450
2024-01-14,Varanasi,25.3176,82.9739,1,1,6,19.0,0,430.71,1.0,64.38,979,3,App,12,1400,160,500
2025-07-04,Manali,32.2432,77.1892,0,7,4,25.5,0,176.43,1.0,72.49,137,3,Kiosk,11,1200,140,450
2024-08-10,Agra,27.1767,78.0081,1,8,5,31.2,0,411.31,0.503,68.38,690,2,App,10,1300,150,550
2025-04-06,Agra,27.1767,78.0081,1,4,6,31.6,0,571.94,-0.395,56.16,688,1,Agent,11,1300,150,550
2025-05-14,Andaman,11.7401,92.6586,0,5,2,35.6,0,787.72,0.605,91.53,380,2,Web,11,900,120,300
2024-09-14,Varanasi,25.3176,82.9739,1,9,5,25.9,0,139.34,0.162,51.93,464,2,Kiosk,21,1400,160,500
2025-05-13,Agra,27.1767,78.0081,0,5,1,35.0,0,545.97,-0.287,55.96,507,2,Agent,12,1300,150,550
2024-03-15,Agra,27.1767,78.0081,0,3,4,26.5,0,176.84,0.013,63.55,518,2,App,9,1300,150,550
2025-07-02,Andaman,11.7401,92.6586,0,7,2,36.5,0,638.9,-1.0,97.76,801,2,App,13,900,120,300
2024-08-11,Manali,32.2432,77.1892,1,8,6,19.5,0,318.18,0.087,72.67,617,3,Agent,20,1200,140,450
2025-08-18,Kerala,10.8505,76.2711,0,8,0,34.5,0,366.38,-0.158,74.12,629,3,Agent,8,1700,220,700
2025-01-30,Kerala,10.8505,76.2711,0,1,3,18.2,0,1022.88,0.977,71.47,1070,2,Agent,5,1700,220,700
2025-01-24,Kerala,10.8505,76.2711,0,1,4,21.0,0,274.81,0.277,69.75,831,2,App,23,1700,220,700
2024-04-19,Leh,34.1526,77.5771,0,4,4,15.0,0,281.39,-0.413,101.28,373,2,App,19,600,90,220
2025-01-08,Varanasi,25.3176,82.9739,0,1,2,17.7,1,729.35,0.209,43.24,190,3,Kiosk,23,1400,160,500
2024-09-11,Andaman,11.7401,92.6586,0,9,2,27.7,1,690.78,-0.077,82.33,66,1,Kiosk,6,900,120,300
2024-08-17,Kerala,10.8505,76.2711,1,8,5,33.6,0,370.29,-0.363,68.22,790,3,Kiosk,7,1700,220,700
2024-08-15,Jaipur,26.9124,75.7873,0,8,3,34.2,0,843.91,1.0,58.86,464,2,Kiosk,10,1500,180,600
2024-07-17,Agra,27.1767,78.0081,0,7,2,35.9,1,689.64,-0.241,53.24,401,2,Agent,16,1300,150,550
2025-04-25,Leh,34.1526,77.5771,0,4,4,13.0,0,392.06,0.88,91.21,526,3,Web,5,600,90,220
2025-02-23,Kerala,10.8505,76.2711,1,2,6,24.0,0,381.67,-0.085,61.74,515,1,Agent,4,1700,220,700
2024-10-10,Manali,32.2432,77.1892,0,10,3,10.6,0,270.94,-1.0,78.5,271,1,Web,26,1200,140,450
2024-07-01,Manali,32.2432,77.1892,0,7,0,24.3,0,287.93,0.676,75.44,307,2,Agent,28,1200,140,450
2025-04-06,Varanasi,25.3176,82.9739,1,4,6,30.9,0,631.56,0.279,50.16,565,1,Web,13,1400,160,500
2024-05-11,Varanasi,25.3176,82.9739,1,5,5,36.1,0,140.63,-0.015,46.84,717,2,App,22,1400,160,500
2025-01-30,Goa,15.2993,74.124,0,1,3,19.9,0,322.39,0.4,75.39,1047,3,Web,18,2000,250,800
2024-02-20,Kerala,10.8505,76.2711,0,2,1,23.5,0,38.02,0.767,63.43,617,3,Kiosk,2,1700,220,700
2024-11-25,Jaipur,26.9124,75.7873,0,11,0,18.4,0,420.93,-0.219,64.34,682,1,Kiosk,8,1500,180,600
2025-04-04,Leh,34.1526,77.5771,0,4,4,12.6,0,1161.12,-0.215,99.78,548,2,Web,4,600,90,220
2025-09-11,Jaipur,26.9124,75.7873,0,9,3,28.1,0,415.09,0.617,54.53,581,2,Kiosk,8,1500,180,600
2025-07-26,Kerala,10.8505,76.2711,1,7,5,37.0,0,410.37,-0.097,57.7,964,3,Web,6,1700,220,700
2025-03-25,Varanasi,25.3176,82.9739,0,3,1,27.2,0,559.95,0.807,41.98,480,2,Kiosk,3,1400,160,500
2025-01-28,Andaman,11.7401,92.6586,0,1,1,20.1,0,111.08,0.035,87.4,376,2,Web,3,900,120,300
2024-11-13,Andaman,11.7401,92.6586,0,11,2,19.8,0,208.96,-0.316,88.56,17,1,Kiosk,5,900,120,300
2024-12-29,Kerala,10.8505,76.2711,1,12,6,19.4,0,528.16,0.614,66.08,755,2,Agent,7,1700,220,700
2024-01-30,Varanasi,25.3176,82.9739,0,1,1,17.2,0,148.82,-0.162,51.29,435,3,Agent,3,1400,160,500
2025-07-25,Agra,27.1767,78.0081,0,7,4,35.4,0,361.55,-0.526,65.89,583,2,App,10,1300,150,550
2024-12-02,Jaipur,26.9124,75.7873,0,12,0,20.9,0,832.71,0.315,62.66,485,2,Kiosk,2,1500,180,600
2024-10-04,Varanasi,25.3176,82.9739,0,10,4,21.2,0,134.49,-0.229,45.21,559,3,App,11,1400,160,500
2025-09-04,Manali,32.2432,77.1892,0,9,3,14.9,1,225.05,-1.0,78.91,242,2,App,5,1200,140,450
2025-01-11,Agra,27.1767,78.0081,1,1,5,19.3,0,734.84,0.134,53.59,378,3,Kiosk,3,1300,150,550
2024-07-22,Agra,27.1767,78.0081,0,7,0,36.1,0,119.68,-0.413,54.93,583,2,App,17,1300,150,550
2025-06-28,Leh,34.1526,77.5771,1,6,5,18.8,0,165.03,-0.268,89.49,500,2,Agent,5,600,90,220
2024-10-14,Manali,32.2432,77.1892,0,10,0,9.3,0,63.42,0.39,76.18,488,3,Web,2,1200,140,450
2024-03-20,Manali,32.2432,77.1892,0,3,2,16.0,0,144.29,-0.009,78.9,111,3,Agent,2,1200,140,450
2024-01-26,Agra,27.1767,78.0081,0,1,4,18.9,0,96.41,0.291,69.09,516,2,Web,1,1300,150,550
2024-05-22,Jaipur,26.9124,75.7873,0,5,2,35.2,0,53.27,0.301,53.52,889,4,Web,5,1500,180,600
2024-04-04,Kerala,10.8505,76.2711,0,4,3,34.9,0,246.61,0.359,72.53,324,1,Kiosk,13,1700,220,700
2024-06-13,Leh,34.1526,77.5771,0,6,3,19.9,0,476.44,-0.226,103.85,569,2,App,2,600,90,220
2024-11-25,Varanasi,25.3176,82.9739,0,11,0,18.7,0,179.31,-0.669,41.83,413,2,Kiosk,15,1400,160,500
2025-01-03,Jaipur,26.9124,75.7873,0,1,4,18.3,0,66.88,0.135,59.99,571,1,Agent,13,1500,180,600
2024-07-31,Goa,15.2993,74.124,0,7,2,39.9,0,147.42,-0.171,75.16,717,2,Kiosk,15,2000,250,800
2024-06-15,Manali,32.2432,77.1892,1,6,5,23.6,0,673.16,-0.274,71.43,762,2,Kiosk,15,1200,140,450
2025-07-28,Jaipur,26.9124,75.7873,0,7,0,36.8,0,754.2,0.986,55.24,466,2,Web,23,1500,180,600
2024-11-06,Goa,15.2993,74.124,0,11,2,21.8,0,148.87,0.865,71.15,716,1,App,14,2000,250,800
2024-03-28,Kerala,10.8505,76.2711,0,3,3,29.6,0,245.51,0.165,81.84,356,2,Agent,10,1700,220,700
2024-12-09,Jaipur,26.9124,75.7873,0,12,0,19.1,0,206.98,0.299,61.57,463,1,Agent,17,1500,180,600
2025-06-15,Kerala,10.8505,76.2711,1,6,6,37.8,0,438.36,0.731,66.06,564,1,Kiosk,28,1700,220,700
2024-01-05,Manali,32.2432,77.1892,0,1,4,8.1,0,43.96,-0.22,75.03,492,3,App,4,1200,140,450
2024-12-01,Jaipur,26.9124,75.7873,1,12,6,17.2,0,788.61,0.297,55.55,324,3,Agent,7,1500,180,600
2025-03-08,Varanasi,25.3176,82.9739,1,3,5,27.5,0,508.71,0.525,52.8,855,4,Agent,12,1400,160,500
2024-10-06,Kerala,10.8505,76.2711,1,10,6,23.0,0,570.85,0.862,71.91,1089,2,Web,7,1700,220,700
2024-09-16,Goa,15.2993,74.124,0,9,0,28.3,0,388.29,0.86,75.89,663,1,Agent,7,2000,250,800
2024-09-17,Manali,32.2432,77.1892,0,9,1,14.9,0,612.64,0.44,64.78,393,2,Kiosk,23,1200,140,450
2024-11-06,Varanasi,25.3176,82.9739,0,11,2,18.8,0,1144.4,-0.234,38.9,200,2,Agent,1,1400,160,500
2024-01-08,Varanasi,25.3176,82.9739,0,1,0,17.9,1,467.16,-0.09,51.05,484,2,App,15,1400,160,500
2025-08-26,Agra,27.1767,78.0081,0,8,1,31.5,0,932.89,-0.075,50.6,613,1,App,21,1300,150,550
2025-02-20,Leh,34.1526,77.5771,0,2,3,3.9,0,231.99,0.117,99.89,25,2,Agent,22,600,90,220
2024-12-12,Agra,27.1767,78.0081,0,12,3,17.1,0,1278.83,-0.326,65.47,569,1,Kiosk,14,1300,150,550
2024-10-03,Manali,32.2432,77.1892,0,10,3,13.3,1,84.95,-0.775,72.08,247,2,App,7,1200,140,450
2024-07-22,Manali,32.2432,77.1892,0,7,0,23.7,0,493.67,0.083,70.54,496,2,App,9,1200,140,450
2024-04-30,Kerala,10.8505,76.2711,0,4,1,34.2,0,723.84,0.59,70.34,573,2,Kiosk,20,1700,220,700
2024-09-11,Andaman,11.7401,92.6586,0,9,2,28.0,0,337.82,-0.611,85.13,186,2,App,22,900,120,300
2024-02-10,Jaipur,26.9124,75.7873,1,2,5,25.3,0,170.12,0.099,64.44,442,2,Web,1,1500,180,600
2025-01-28,Jaipur,26.9124,75.7873,0,1,1,19.4,0,348.51,-0.56,53.98,523,1,Kiosk,6,1500,180,600
2024-05-08,Agra,27.1767,78.0081,0,5,2,36.9,0,785.21,0.185,60.28,646,3,Agent,6,1300,150,550
2024-08-31,Varanasi,25.3176,82.9739,1,8,5,32.2,1,567.21,0.07,52.2,736,3,Web,6,1400,160,500
2025-02-05,Agra,27.1767,78.0081,0,2,2,22.3,0,318.53,-0.069,64.45,321,1,Web,1,1300,150,550
2024-09-16,Andaman,11.7401,92.6586,0,9,0,28.1,0,308.47,0.028,87.28,75,1,Kiosk,13,900,120,300
2024-02-21,Varanasi,25.3176,82.9739,0,2,2,22.5,0,498.13,-0.592,58.67,593,1,Kiosk,1,1400,160,500
2025-02-06,Jaipur,26.9124,75.7873,0,2,3,21.3,0,426.55,0.502,63.46,744,1,Kiosk,25,1500,180,600
2024-06-21,Agra,27.1767,78.0081,0,6,4,35.8,0,295.9,0.343,49.07,502,3,Kiosk,5,1300,150,550
2025-08-14,Andaman,11.7401,92.6586,0,8,3,33.2,0,749.49,0.682,96.94,308,2,Kiosk,12,900,120,300
2024-12-27,Agra,27.1767,78.0081,0,12,4,16.3,0,928.73,0.808,53.49,607,3,Web,8,1300,150,550
2024-08-17,Varanasi,25.3176,82.9739,1,8,5,32.1,0,5.6,0.123,50.08,776,3,Web,5,1400,160,500
2024-01-02,Manali,32.2432,77.1892,0,1,1,5.4,0,495.41,0.257,78.42,418,1,Web,4,1200,140,450
2024-07-09,Andaman,11.7401,92.6586,0,7,1,35.9,0,809.97,-0.193,85.04,623,2,App,7,900,120,300
2024-09-25,Kerala,10.8505,76.2711,0,9,2,28.2,0,572.82,-0.421,73.85,642,3,Web,22,1700,220,700
2024-05-11,Andaman,11.7401,92.6586,1,5,5,36.6,0,427.63,-0.326,93.81,291,2,Kiosk,5,900,120,300
2025-06-08,Varanasi,25.3176,82.9739,1,6,6,37.3,0,246.46,-0.543,54.92,645,1,Kiosk,10,1400,160,500
2025-09-29,Goa,15.2993,74.124,0,9,0,30.9,0,907.85,0.876,76.76,1000,2,App,19,2000,250,800
2024-12-26,Goa,15.2993,74.124,0,12,3,21.1,0,389.95,-0.217,67.44,588,4,Agent,13,2000,250,800
2025-01-06,Andaman,11.7401,92.6586,0,1,0,18.7,0,183.51,-0.783,101.02,86,2,Kiosk,14,900,120,300
2024-05-23,Jaipur,26.9124,75.7873,0,5,3,37.3,0,332.0,-1.0,57.9,682,2,Web,1,1500,180,600
2024-12-02,Agra,27.1767,78.0081,0,12,0,17.3,0,131.06,0.295,68.91,144,1,Kiosk,5,1300,150,550
2024-02-16,Agra,27.1767,78.0081,0,2,4,22.6,0,396.27,-1.0,57.78,666,3,Web,2,1300,150,550
2025-09-14,Leh,34.1526,77.5771,1,9,6,9.1,0,275.49,0.165,89.4,221,2,Kiosk,6,600,90,220
2025-04-26,Agra,27.1767,78.0081,1,4,5,30.9,0,1606.27,-0.515,71.07,945,2,Web,1,1300,150,550
2025-04-14,Jaipur,26.9124,75.7873,0,4,0,33.1,0,125.66,0.313,52.01,718,3,App,3,1500,180,600
2025-04-18,Leh,34.1526,77.5771,0,4,4,14.9,0,1975.7,1.0,94.52,168,2,Agent,15,600,90,220
2024-03-02,Leh,34.1526,77.5771,1,3,5,11.7,0,130.09,-0.49,86.88,1,2,Agent,1,600,90,220
2025-07-23,Manali,32.2432,77.1892,0,7,2,23.2,0,211.85,0.264,81.47,435,2,Agent,13,1200,140,450
2024-10-06,Kerala,10.8505,76.2711,1,10,6,22.6,0,825.83,-0.312,64.45,583,1,Agent,9,1700,220,700
2024-10-28,Goa,15.2993,74.124,0,10,0,25.9,0,328.84,0.052,72.97,708,2,Web,5,2000,250,800
2024-03-24,Kerala,10.8505,76.2711,1,3,6,29.1,0,415.09,0.2,72.5,889,3,App,11,1700,220,700
2024-06-20,Goa,15.2993,74.124,0,6,3,40.0,0,718.45,0.053,90.55,827,2,Agent,10,2000,250,800
2024-07-10,Agra,27.1767,78.0081,0,7,2,36.7,1,311.93,-0.17,56.26,442,2,Agent,5,1300,150,550
2025-02-02,Jaipur,26.9124,75.7873,1,2,6,23.7,0,832.66,-0.558,56.21,624,1,App,11,1500,180,600
2024-10-14,Jaipur,26.9124,75.7873,0,10,0,21.6,0,197.39,-0.343,54.17,303,1,Kiosk,11,1500,180,600
2024-02-23,Varanasi,25.3176,82.9739,0,2,4,23.3,0,754.05,-1.0,47.13,152,2,Agent,5,1400,160,500
2025-03-29,Andaman,11.7401,92.6586,1,3,5,28.5,0,571.14,0.516,95.15,794,3,App,11,900,120,300
2025-04-14,Agra,27.1767,78.0081,0,4,0,31.1,0,194.51,-0.002,59.68,417,2,Agent,26,1300,150,550
2024-11-07,Andaman,11.7401,92.6586,0,11,3,17.5,0,191.66,-0.003,98.92,95,3,Kiosk,7,900,120,300
2024-10-01,Jaipur,26.9124,75.7873,0,10,1,26.2,0,203.23,-0.301,57.81,350,2,Kiosk,11,1500,180,600
2024-07-23,Jaipur,26.9124,75.7873,0,7,1,36.0,0,161.02,1.0,65.12,555,2,Agent,5,1500,180,600
2024-01-23,Jaipur,26.9124,75.7873,0,1,1,20.9,0,471.3,0.516,64.22,901,2,Web,9,1500,180,600
2025-09-28,Manali,32.2432,77.1892,1,9,6,16.3,0,593.24,0.425,77.96,813,3,Kiosk,9,1200,140,450
2025-01-09,Andaman,11.7401,92.6586,0,1,3,20.4,0,62.84,-0.055,87.58,48,3,Agent,12,900,120,300
2024-02-27,Manali,32.2432,77.1892,0,2,1,9.6,1,188.19,0.332,73.52,391,1,Agent,23,1200,140,450
2024-05-28,Agra,27.1767,78.0081,0,5,1,35.5,0,385.82,-0.603,57.44,939,1,Web,10,1300,150,550
2025-07-26,Varanasi,25.3176,82.9739,1,7,5,35.4,0,208.97,-0.911,62.9,620,2,Kiosk,32,1400,160,500
2024-09-18,Kerala,10.8505,76.2711,0,9,2,30.6,0,294.08,-0.128,50.71,517,2,Agent,16,1700,220,700
2025-04-17,Manali,32.2432,77.1892,0,4,3,19.9,0,1505.83,-0.5,75.47,629,2,Agent,2,1200,140,450
2024-05-25,Varanasi,25.3176,82.9739,1,5,5,34.7,0,375.83,-0.046,57.08,970,4,App,15,1400,160,500
2024-07-05,Kerala,10.8505,76.2711,0,7,4,38.4,0,331.11,-0.127,58.56,747,2,Web,10,1700,220,700
2025-05-11,Goa,15.2993,74.124,1,5,6,37.1,0,119.04,0.725,83.66,734,3,Web,6,2000,250,800
2024-06-10,Varanasi,25.3176,82.9739,0,6,0,36.7,0,331.52,-0.241,42.62,560,2,Web,5,1400,160,500
2024-04-30,Leh,34.1526,77.5771,0,4,1,12.9,0,148.4,-0.564,90.86,416,2,App,21,600,90,220
2025-03-15,Agra,27.1767,78.0081,1,3,5,27.0,0,312.15,-0.326,65.31,463,1,App,17,1300,150,550
2025-01-19,Varanasi,25.3176,82.9739,1,1,6,16.0,0,639.04,-0.184,47.55,377,3,Agent,5,1400,160,500
2025-02-24,Varanasi,25.3176,82.9739,0,2,0,22.7,0,353.47,0.598,44.5,692,2,Agent,9,1400,160,500
2024-12-22,Goa,15.2993,74.124,1,12,6,18.2,0,205.96,-0.091,78.28,658,2,Agent,5,2000,250,800
2025-03-23,Leh,34.1526,77.5771,1,3,6,10.7,0,315.04,0.617,95.5,559,2,Web,6,600,90,220
2025-08-28,Kerala,10.8505,76.2711,0,8,3,35.4,0,151.22,-0.263,58.68,752,3,App,1,1700,220,700
2025-09-02,Varanasi,25.3176,82.9739,0,9,1,27.8,0,335.73,1.0,41.48,679,2,Kiosk,40,1400,160,500
2025-06-12,Varanasi,25.3176,82.9739,0,6,3,36.3,0,416.93,-0.382,42.04,568,2,App,15,1400,160,500
2024-01-24,Manali,32.2432,77.1892,0,1,2,6.2,0,574.59,0.167,77.07,538,2,Kiosk,17,1200,140,450
2024-05-08,Leh,34.1526,77.5771,0,5,2,19.6,0,372.48,0.604,101.14,7,1,Agent,10,600,90,220
2025-01-29,Goa,15.2993,74.124,0,1,2,19.7,1,78.7,0.961,76.18,705,2,App,13,2000,250,800
2025-09-12,Leh,34.1526,77.5771,0,9,4,10.1,0,480.49,-0.457,92.36,303,2,Web,17,600,90,220
2024-11-07,Jaipur,26.9124,75.7873,0,11,3,18.9,0,180.98,0.192,63.89,381,3,Agent,22,1500,180,600
2025-08-30,Leh,34.1526,77.5771,1,8,5,13.8,0,1099.89,-0.262,80.28,387,4,App,3,600,90,220
2025-01-21,Manali,32.2432,77.1892,0,1,1,7.2,0,337.38,-0.267,76.03,423,3,Web,6,1200,140,450
2025-01-12,Kerala,10.8505,76.2711,1,1,6,21.4,0,72.74,-0.231,68.2,643,3,Web,16,1700,220,700
2025-05-04,Manali,32.2432,77.1892,1,5,6,23.6,0,253.3,-1.0,74.09,754,2,App,19,1200,140,450
2024-08-07,Varanasi,25.3176,82.9739,0,8,2,32.2,0,271.2,-0.993,53.67,482,2,Agent,8,1400,160,500
2025-03-30,Agra,27.1767,78.0081,1,3,6,26.9,0,69.74,0.505,53.92,485,3,Kiosk,38,1300,150,550
2025-03-17,Varanasi,25.3176,82.9739,0,3,0,27.0,0,237.47,0.716,58.77,680,1,App,11,1400,160,500
2025-03-19,Manali,32.2432,77.1892,0,3,2,13.1,0,746.53,0.967,73.96,568,2,Kiosk,30,1200,140,450
2025-04-14,Jaipur,26.9124,75.7873,0,4,0,32.8,0,402.56,0.187,61.54,794,3,App,8,1500,180,600
2025-03-04,Jaipur,26.9124,75.7873,0,3,1,27.0,0,662.68,0.312,69.78,600,1,App,9,1500,180,600
2024-05-11,Varanasi,25.3176,82.9739,1,5,5,36.8,0,53.33,0.124,58.04,628,2,Agent,4,1400,160,500
2025-01-04,Andaman,11.7401,92.6586,1,1,5,19.5,0,200.97,0.622,89.68,540,2,Agent,14,900,120,300
2024-09-07,Varanasi,25.3176,82.9739,1,9,5,25.6,0,9.2,0.133,46.98,256,3,Kiosk,5,1400,160,500
2024-06-10,Andaman,11.7401,92.6586,0,6,0,37.6,0,511.17,-0.453,89.13,624,2,App,42,900,120,300
2025-02-16,Agra,27.1767,78.0081,1,2,6,21.8,0,167.23,0.972,52.49,474,3,Agent,3,1300,150,550
2025-04-13,Kerala,10.8505,76.2711,1,4,6,31.5,0,180.44,0.273,74.45,627,2,Kiosk,24,1700,220,700
2025-03-22,Leh,34.1526,77.5771,1,3,5,10.0,0,622.01,0.023,99.1,251,2,Agent,20,600,90,220
2025-08-15,Varanasi,25.3176,82.9739,0,8,4,31.2,0,1065.41,0.673,55.49,440,3,App,4,1400,160,500
2024-11-10,Varanasi,25.3176,82.9739,1,11,6,16.6,0,1031.15,-0.112,50.69,355,1,Agent,16,1400,160,500
2024-07-01,Kerala,10.8505,76.2711,0,7,0,37.6,0,817.95,-0.863,73.22,1002,3,Kiosk,1,1700,220,700
2024-11-17,Agra,27.1767,78.0081,1,11,6,19.1,0,140.15,0.827,44.06,649,3,Kiosk,15,1300,150,550
2024-07-01,Jaipur,26.9124,75.7873,0,7,0,34.5,0,452.29,0.232,62.92,1053,2,Web,8,1500,180,600
2024-05-14,Kerala,10.8505,76.2711,0,5,1,38.0,0,442.89,-0.87,73.98,875,3,App,1,1700,220,700
2025-07-16,Manali,32.2432,77.1892,0,7,2,22.8,0,259.3,-0.469,58.84,468,1,Web,14,1200,140,450
2024-04-03,Kerala,10.8505,76.2711,0,4,2,34.5,0,182.71,-0.102,63.81,720,1,Web,30,1700,220,700
2024-07-10,Kerala,10.8505,76.2711,0,7,2,39.0,0,138.08,0.335,81.76,777,2,Web,10,1700,220,700
2025-06-19,Manali,32.2432,77.1892,0,6,3,24.6,0,188.59,0.171,72.39,485,2,App,7,1200,140,450
2025-09-13,Leh,34.1526,77.5771,1,9,5,10.0,0,117.15,-0.535,94.48,206,1,App,2,600,90,220
2024-11-08,Manali,32.2432,77.1892,0,11,4,8.2,1,950.5,-0.785,65.27,505,1,Web,5,1200,140,450
2024-09-07,Goa,15.2993,74.124,1,9,5,28.8,0,178.76,-0.237,71.68,425,3,Agent,17,2000,250,800
2024-10-02,Goa,15.2993,74.124,0,10,2,22.2,0,287.1,0.494,71.87,866,2,Agent,23,2000,250,800
2025-01-24,Leh,34.1526,77.5771,0,1,4,0.2,0,76.88,-0.441,98.3,471,3,Kiosk,14,600,90,220
2024-02-08,Jaipur,26.9124,75.7873,0,2,3,22.8,0,295.12,0.556,59.39,619,2,Agent,11,1500,180,600
2024-02-29,Varanasi,25.3176,82.9739,0,2,3,20.7,0,74.92,-0.297,41.88,331,2,App,6,1400,160,500
2024-01-15,Kerala,10.8505,76.2711,0,1,0,19.6,0,618.56,-0.039,57.15,459,3,App,3,1700,220,700
2024-04-20,Varanasi,25.3176,82.9739,1,4,5,31.5,0,194.98,0.215,56.17,702,1,Agent,17,1400,160,500
2025-01-29,Manali,32.2432,77.1892,0,1,2,4.0,0,233.29,1.0,80.82,487,1,Web,11,1200,140,450
2024-10-29,Kerala,10.8505,76.2711,0,10,1,23.1,0,423.63,0.965,69.78,780,2,Agent,7,1700,220,700
2025-08-13,Leh,34.1526,77.5771,0,8,2,16.8,0,99.05,0.554,91.84,186,2,Kiosk,11,600,90,220
2025-07-30,Jaipur,26.9124,75.7873,0,7,2,38.1,0,124.66,0.477,52.61,624,2,Web,11,1500,180,600
2025-01-01,Leh,34.1526,77.5771,0,1,2,0.5,0,77.94,1.0,100.48,502,3,Kiosk,5,600,90,220
2024-04-17,Goa,15.2993,74.124,0,4,2,36.7,0,78.55,0.233,78.82,787,2,Web,1,2000,250,800
2025-06-06,Jaipur,26.9124,75.7873,0,6,4,38.8,1,125.22,0.266,61.94,850,2,App,10,1500,180,600
2025-08-06,Jaipur,26.9124,75.7873,0,8,2,34.6,0,350.69,-1.0,60.47,734,1,Web,12,1500,180,600
2025-04-04,Agra,27.1767,78.0081,0,4,4,32.5,0,599.58,-0.288,45.74,575,2,Web,13,1300,150,550
2025-01-24,Goa,15.2993,74.124,0,1,4,21.8,0,556.67,-0.229,80.83,701,3,Web,12,2000,250,800
2024-05-14,Kerala,10.8505,76.2711,0,5,1,38.5,0,521.13,0.168,57.95,713,1,Web,44,1700,220,700
2024-08-11,Varanasi,25.3176,82.9739,1,8,6,33.4,0,405.7,-0.276,61.49,859,2,Agent,1,1400,160,500
2024-01-15,Agra,27.1767,78.0081,0,1,0,17.9,0,556.63,-0.337,58.46,395,3,Kiosk,18,1300,150,550
2025-09-07,Kerala,10.8505,76.2711,1,9,6,28.4,0,560.08,-0.075,60.78,660,1,App,3,1700,220,700
2025-06-30,Kerala,10.8505,76.2711,0,6,0,39.2,0,180.87,1.0,69.17,643,2,App,3,1700,220,700
2024-11-24,Varanasi,25.3176,82.9739,1,11,6,20.5,0,102.52,-0.06,51.06,517,1,App,9,1400,160,500
2025-01-30,Leh,34.1526,77.5771,0,1,3,-0.5,0,365.06,0.136,90.98,335,2,App,13,600,90,220
2025-06-09,Manali,32.2432,77.1892,0,6,0,25.5,0,347.57,-1.0,69.12,640,1,App,11,1200,140,450
2025-03-08,Manali,32.2432,77.1892,1,3,5,12.4,0,801.83,1.0,80.36,934,2,Web,8,1200,140,450
2025-06-15,Manali,32.2432,77.1892,1,6,6,24.1,0,464.24,-0.023,78.71,580,3,Web,2,1200,140,450
2025-06-24,Jaipur,26.9124,75.7873,0,6,1,38.5,1,290.97,0.126,66.25,664,1,App,15,1500,180,600
2024-12-19,Kerala,10.8505,76.2711,0,12,3,19.6,0,317.99,0.616,66.26,641,3,Agent,3,1700,220,700
2025-01-20,Leh,34.1526,77.5771,0,1,0,1.1,0,261.52,-0.019,90.94,82,2,App,25,600,90,220
2024-07-29,Kerala,10.8505,76.2711,0,7,0,36.3,1,430.47,-0.096,70.7,1057,2,Kiosk,1,1700,220,700
2024-06-03,Andaman,11.7401,92.6586,0,6,0,38.3,0,390.69,0.774,96.59,291,2,Agent,2,900,120,300
2024-06-24,Kerala,10.8505,76.2711,0,6,0,37.6,0,722.49,-0.487,72.85,762,1,Kiosk,6,1700,220,700
2024-12-20,Kerala,10.8505,76.2711,0,12,4,19.4,1,225.98,0.129,70.13,392,1,Kiosk,10,1700,220,700
2024-03-21,Jaipur,26.9124,75.7873,0,3,3,26.3,0,740.48,-0.025,58.41,659,1,App,3,1500,180,600
2025-03-15,Kerala,10.8505,76.2711,1,3,5,27.3,0,181.09,0.096,65.63,643,1,App,6,1700,220,700
2024-07-30,Kerala,10.8505,76.2711,0,7,1,36.2,0,149.78,-0.725,73.95,715,3,App,27,1700,220,700
2024-01-26,Manali,32.2432,77.1892,0,1,4,6.6,0,145.57,0.014,71.78,292,2,Agent,9,1200,140,450
2025-07-09,Andaman,11.7401,92.6586,0,7,2,38.1,0,67.63,0.826,90.88,66,3,Agent,11,900,120,300
2024-02-08,Leh,34.1526,77.5771,0,2,3,2.9,0,1051.99,0.596,96.28,521,3,App,11,600,90,220
2024-05-14,Kerala,10.8505,76.2711,0,5,1,36.3,0,212.04,0.397,67.6,357,3,Agent,3,1700,220,700
2025-06-12,Goa,15.2993,74.124,0,6,3,39.1,0,650.36,0.652,76.04,631,1,Kiosk,4,2000,250,800
2025-09-19,Varanasi,25.3176,82.9739,0,9,4,26.8,0,486.03,-0.158,50.12,524,2,Web,22,1400,160,500
2025-07-03,Kerala,10.8505,76.2711,0,7,3,39.0,0,303.32,-0.511,76.64,552,2,Agent,16,1700,220,700
2024-02-10,Kerala,10.8505,76.2711,1,2,5,22.4,0,1002.14,-0.653,68.38,562,2,Agent,9,1700,220,700
2024-10-02,Goa,15.2993,74.124,0,10,2,24.0,0,315.48,0.271,66.71,613,3,Agent,13,2000,250,800
2025-02-25,Goa,15.2993,74.124,0,2,1,25.3,0,334.12,-0.96,77.14,512,2,Web,7,2000,250,800
2024-11-26,Goa,15.2993,74.124,0,11,1,20.7,0,42.98,0.118,71.28,369,2,Agent,9,2000,250,800
2024-12-15,Leh,34.1526,77.5771,1,12,6,1.8,0,537.65,0.365,96.22,759,2,App,10,600,90,220
2024-03-19,Goa,15.2993,74.124,0,3,1,29.5,0,828.44,0.673,97.02,1183,2,App,6,2000,250,800
2025-08-01,Agra,27.1767,78.0081,0,8,4,34.4,0,171.82,0.046,46.46,593,2,App,32,1300,150,550
2024-11-26,Manali,32.2432,77.1892,0,11,1,7.6,0,108.98,0.505,76.81,400,2,Agent,5,1200,140,450
2024-04-08,Andaman,11.7401,92.6586,0,4,0,32.1,0,278.72,-0.373,94.43,244,1,Kiosk,1,900,120,300
2024-03-26,Andaman,11.7401,92.6586,0,3,1,29.2,0,597.99,0.178,94.26,598,2,Web,1,900,120,300
2025-02-05,Agra,27.1767,78.0081,0,2,2,22.5,0,408.27,0.582,57.11,740,2,App,6,1300,150,550
2025-03-04,Kerala,10.8505,76.2711,0,3,1,30.1,0,389.01,0.885,64.88,623,2,Kiosk,2,1700,220,700
2024-05-04,Leh,34.1526,77.5771,1,5,5,18.1,0,190.09,-0.73,89.62,673,3,Kiosk,15,600,90,220
2024-02-21,Manali,32.2432,77.1892,0,2,2,7.2,0,231.68,-0.569,77.55,448,2,App,11,1200,140,450
2024-10-01,Varanasi,25.3176,82.9739,0,10,1,22.3,0,31.03,0.074,51.8,180,4,Agent,2,1400,160,500
2024-02-15,Jaipur,26.9124,75.7873,0,2,3,23.3,0,97.26,0.402,73.76,731,3,Web,6,1500,180,600
2024-02-09,Jaipur,26.9124,75.7873,0,2,4,23.2,0,283.73,0.101,63.87,437,1,Web,1,1500,180,600
2024-02-16,Andaman,11.7401,92.6586,0,2,4,25.7,0,893.51,-0.09,92.04,613,3,App,1,900,120,300
2024-07-11,Kerala,10.8505,76.2711,0,7,3,36.4,0,59.54,-0.6,51.5,598,2,Kiosk,10,1700,220,700
2024-08-04,Manali,32.2432,77.1892,1,8,6,19.7,0,310.37,-0.868,77.58,396,1,Agent,44,1200,140,450
2025-06-09,Manali,32.2432,77.1892,0,6,0,24.4,0,461.88,-0.603,70.4,640,1,Agent,4,1200,140,450
2025-02-02,Andaman,11.7401,92.6586,1,2,6,23.6,0,641.04,-0.077,93.0,463,3,Kiosk,17,900,120,300
2025-09-14,Kerala,10.8505,76.2711,1,9,6,28.0,0,485.92,0.623,63.52,923,2,App,11,1700,220,700
2025-08-22,Agra,27.1767,78.0081,0,8,4,31.7,0,129.12,0.697,53.54,549,2,Web,19,1300,150,550
2024-04-16,Manali,32.2432,77.1892,0,4,1,18.2,0,672.67,0.332,70.23,362,3,Agent,10,1200,140,450
2025-07-15,Jaipur,26.9124,75.7873,0,7,1,37.0,0,788.32,0.001,68.3,796,2,Agent,24,1500,180,600
2024-07-26,Leh,34.1526,77.5771,0,7,4,17.2,0,298.43,-0.142,94.41,394,2,Agent,4,600,90,220
2024-11-06,Manali,32.2432,77.1892,0,11,2,6.4,0,347.23,1.0,66.26,422,1,Web,9,1200,140,450
2025-04-03,Varanasi,25.3176,82.9739,0,4,3,30.7,0,812.47,0.352,64.09,379,1,Kiosk,12,1400,160,500
2024-07-10,Jaipur,26.9124,75.7873,0,7,2,36.2,0,390.76,0.317,59.86,538,2,Kiosk,6,1500,180,600
2024-10-25,Andaman,11.7401,92.6586,0,10,4,23.7,0,438.83,0.418,82.26,542,3,Kiosk,18,900,120,300
2025-08-18,Leh,34.1526,77.5771,0,8,0,12.4,0,163.27,0.833,91.89,47,2,Kiosk,3,600,90,220
2024-05-01,Kerala,10.8505,76.2711,0,5,2,38.3,0,1244.77,0.656,62.97,333,2,Kiosk,9,1700,220,700
2024-07-13,Manali,32.2432,77.1892,1,7,5,24.2,1,386.63,0.886,73.05,450,3,App,26,1200,140,450
2024-12-23,Leh,34.1526,77.5771,0,12,0,-1.1,0,291.8,-0.043,86.56,296,2,Web,12,600,90,220
2024-01-18,Manali,32.2432,77.1892,0,1,3,5.8,0,115.8,0.399,72.26,586,2,Agent,19,1200,140,450
2024-06-16,Goa,15.2993,74.124,1,6,6,39.8,0,799.56,-0.366,91.46,1189,3,App,2,2000,250,800
2024-05-21,Manali,32.2432,77.1892,0,5,1,23.7,0,510.8,0.118,74.66,614,2,Agent,1,1200,140,450
2024-10-03,Andaman,11.7401,92.6586,0,10,3,23.4,0,449.45,-0.437,86.86,217,1,Kiosk,21,900,120,300
2024-10-03,Andaman,11.7401,92.6586,0,10,3,22.3,0,297.41,0.741,86.39,495,2,Web,11,900,120,300
2025-07-10,Andaman,11.7401,92.6586,0,7,3,38.3,0,186.92,0.709,84.24,289,1,Agent,11,900,120,300
2025-02-22,Leh,34.1526,77.5771,1,2,5,6.6,0,113.91,1.0,102.02,495,2,Kiosk,13,600,90,220
2025-09-13,Goa,15.2993,74.124,1,9,5,29.0,0,171.26,-0.436,83.27,451,2,Kiosk,1,2000,250,800
2025-02-23,Andaman,11.7401,92.6586,1,2,6,23.1,0,256.94,0.397,100.07,662,2,App,1,900,120,300
2024-05-16,Leh,34.1526,77.5771,0,5,3,17.1,0,205.83,0.434,87.33,246,3,Kiosk,16,600,90,220
2024-01-02,Varanasi,25.3176,82.9739,0,1,1,17.7,0,296.14,-0.48,48.02,149,1,Agent,17,1400,160,500
2024-03-23,Varanasi,25.3176,82.9739,1,3,5,27.4,0,232.37,1.0,62.58,815,1,App,1,1400,160,500
2025-02-21,Manali,32.2432,77.1892,0,2,4,10.0,0,46.61,-0.035,63.57,330,3,Agent,14,1200,140,450
2024-03-04,Leh,34.1526,77.5771,0,3,0,9.6,0,179.97,-0.975,106.1,197,2,Kiosk,18,600,90,220
2024-02-23,Goa,15.2993,74.124,0,2,4,26.4,0,367.55,0.389,85.5,685,3,Agent,4,2000,250,800
2025-08-07,Leh,34.1526,77.5771,0,8,3,16.4,0,624.29,-0.171,92.71,449,1,Kiosk,9,600,90,220
2024-07-29,Leh,34.1526,77.5771,0,7,0,19.4,0,45.5,1.0,100.22,215,2,Kiosk,12,600,90,220
2025-05-25,Agra,27.1767,78.0081,1,5,6,33.0,0,303.85,-0.946,57.03,767,3,Web,31,1300,150,550
2024-04-30,Leh,34.1526,77.5771,0,4,1,13.5,0,638.39,0.376,91.01,385,2,Web,5,600,90,220
2024-07-27,Varanasi,25.3176,82.9739,1,7,5,34.0,0,362.99,-0.336,64.79,857,1,App,3,1400,160,500
2024-04-18,Andaman,11.7401,92.6586,0,4,3,30.4,0,398.42,-0.066,93.71,677,4,Kiosk,5,900,120,300
2025-02-05,Jaipur,26.9124,75.7873,0,2,2,24.9,0,382.97,0.216,58.15,389,2,Web,11,1500,180,600
2025-04-29,Agra,27.1767,78.0081,0,4,1,31.8,0,957.6,-0.214,50.22,463,3,Kiosk,8,1300,150,550
2024-03-31,Leh,34.1526,77.5771,1,3,6,8.9,0,402.76,-0.205,97.35,419,2,Agent,30,600,90,220
2024-02-24,Leh,34.1526,77.5771,1,2,5,4.6,0,553.0,0.181,97.81,215,3,Kiosk,26,600,90,220
2024-12-07,Agra,27.1767,78.0081,1,12,5,17.7,0,178.13,-0.419,53.66,389,3,Kiosk,4,1300,150,550
2024-05-26,Kerala,10.8505,76.2711,1,5,6,38.7,0,757.1,-0.069,68.7,763,2,Kiosk,1,1700,220,700
2024-11-23,Varanasi,25.3176,82.9739,1,11,5,18.4,0,340.24,0.689,41.84,690,2,Kiosk,5,1400,160,500
2025-01-02,Goa,15.2993,74.124,0,1,3,22.8,0,212.84,-1.0,79.04,369,2,Agent,2,2000,250,800
2024-08-21,Jaipur,26.9124,75.7873,0,8,2,33.7,0,1009.8,-0.448,59.05,883,3,Web,1,1500,180,600
2024-10-08,Jaipur,26.9124,75.7873,0,10,1,24.0,0,560.95,-0.375,64.65,637,1,Web,2,1500,180,600
2025-05-20,Leh,34.1526,77.5771,0,5,1,20.5,0,827.46,-0.399,93.72,698,2,Agent,5,600,90,220
2025-07-07,Kerala,10.8505,76.2711,0,7,0,37.8,1,598.42,-0.874,79.15,1118,2,Web,6,1700,220,700
2024-07-15,Varanasi,25.3176,82.9739,0,7,0,35.4,1,449.16,-0.531,59.8,630,3,Kiosk,7,1400,160,500
2025-09-29,Leh,34.1526,77.5771,0,9,0,8.2,0,561.2,0.646,94.63,611,3,App,13,600,90,220
2024-04-10,Varanasi,25.3176,82.9739,0,4,2,32.1,0,771.35,-1.0,57.53,633,3,Agent,8,1400,160,500
2024-10-29,Jaipur,26.9124,75.7873,0,10,1,24.3,0,301.49,-0.666,53.36,382,1,App,15,1500,180,600
2024-05-30,Manali,32.2432,77.1892,0,5,3,25.4,0,486.83,0.081,70.52,451,1,App,1,1200,140,450
2025-05-10,Varanasi,25.3176,82.9739,1,5,5,35.0,0,44.03,0.482,57.68,509,2,Web,11,1400,160,500
2025-01-12,Varanasi,25.3176,82.9739,1,1,6,16.6,0,307.57,-0.451,46.08,535,2,Web,12,1400,160,500
2024-10-31,Kerala,10.8505,76.2711,0,10,3,24.4,0,119.71,0.677,68.01,622,1,Agent,12,1700,220,700
2025-04-30,Manali,32.2432,77.1892,0,4,2,19.2,0,530.18,1.0,79.23,594,2,Web,4,1200,140,450
2025-01-06,Goa,15.2993,74.124,0,1,0,21.0,0,291.42,0.452,91.67,693,1,Kiosk,9,2000,250,800
2024-10-17,Agra,27.1767,78.0081,0,10,3,23.2,0,444.3,-0.49,56.07,499,2,App,15,1300,150,550
2025-08-30,Goa,15.2993,74.124,1,8,5,35.0,0,173.0,-0.028,64.7,671,2,Kiosk,10,2000,250,800
2025-05-14,Andaman,11.7401,92.6586,0,5,2,37.2,0,1746.23,0.476,86.65,416,3,Web,9,900,120,300
2024-01-14,Agra,27.1767,78.0081,1,1,6,19.6,0,325.77,0.345,41.83,454,2,App,4,1300,150,550
2024-05-08,Leh,34.1526,77.5771,0,5,2,19.9,0,340.7,0.69,100.59,0,2,Agent,16,600,90,220
2024-07-21,Jaipur,26.9124,75.7873,1,7,6,36.9,0,677.16,0.716,55.77,683,1,App,6,1500,180,600
2024-11-19,Leh,34.1526,77.5771,0,11,1,0.6,0,50.92,1.0,93.39,454,1,Agent,1,600,90,220
2024-10-19,Goa,15.2993,74.124,1,10,5,26.5,0,306.76,-0.368,81.41,581,2,Agent,1,2000,250,800
2024-07-06,Kerala,10.8505,76.2711,1,7,5,38.5,0,823.59,-0.054,63.55,713,2,Web,10,1700,220,700
2024-06-04,Leh,34.1526,77.5771,0,6,1,20.6,0,266.79,-0.097,97.53,289,2,Agent,6,600,90,220
2024-07-27,Agra,27.1767,78.0081,1,7,5,35.6,0,232.24,0.715,62.96,444,1,Kiosk,15,1300,150,550
2024-03-25,Goa,15.2993,74.124,0,3,0,28.8,0,534.18,0.582,80.89,935,2,App,31,2000,250,800
2025-05-25,Varanasi,25.3176,82.9739,1,5,6,36.0,0,720.69,0.379,51.32,752,1,Web,28,1400,160,500
2024-06-18,Agra,27.1767,78.0081,0,6,1,36.9,0,87.02,0.595,72.15,373,2,Web,8,1300,150,550
2025-05-11,Goa,15.2993,74.124,1,5,6,39.5,0,229.62,0.878,77.41,603,2,Kiosk,18,2000,250,800
2025-05-12,Agra,27.1767,78.0081,0,5,0,35.2,0,1380.83,-0.727,48.49,627,1,Kiosk,16,1300,150,550
2025-03-29,Manali,32.2432,77.1892,1,3,5,14.3,0,122.44,0.298,69.35,472,3,App,4,1200,140,450
2025-08-20,Manali,32.2432,77.1892,0,8,2,20.6,0,59.22,0.459,76.52,299,2,Kiosk,3,1200,140,450
2024-11-25,Agra,27.1767,78.0081,0,11,0,20.8,0,200.41,0.097,52.26,399,1,Kiosk,4,1300,150,550
2025-05-03,Manali,32.2432,77.1892,1,5,5,24.4,0,363.17,0.319,73.73,648,3,App,8,1200,140,450
2024-03-21,Kerala,10.8505,76.2711,0,3,3,27.2,0,246.28,1.0,65.58,920,1,Web,15,1700,220,700
2024-04-28,Agra,27.1767,78.0081,1,4,6,30.0,0,117.04,-1.0,52.19,658,3,Agent,5,1300,150,550
2025-06-15,Kerala,10.8505,76.2711,1,6,6,38.6,0,182.27,-0.325,66.65,781,2,App,10,1700,220,700
2024-07-25,Kerala,10.8505,76.2711,0,7,3,38.3,0,403.51,0.226,67.87,823,1,Agent,3,1700,220,700
2024-12-22,Kerala,10.8505,76.2711,1,12,6,17.9,0,311.01,0.708,74.69,970,2,App,1,1700,220,700
2025-09-22,Leh,34.1526,77.5771,0,9,0,11.1,0,614.41,0.016,86.74,35,2,Agent,8,600,90,220
2024-06-15,Goa,15.2993,74.124,1,6,5,41.3,0,314.94,0.8,80.86,577,2,Agent,10,2000,250,800
2024-03-11,Varanasi,25.3176,82.9739,0,3,0,26.4,0,210.16,-0.626,56.22,303,2,App,4,1400,160,500
2025-07-22,Andaman,11.7401,92.6586,0,7,1,35.7,0,151.4,0.273,87.21,300,2,Agent,31,900,120,300
2024-08-21,Kerala,10.8505,76.2711,0,8,2,32.7,0,82.72,0.2,66.59,870,2,App,1,1700,220,700
2024-10-05,Goa,15.2993,74.124,1,10,5,25.0,0,365.57,-0.271,86.37,707,1,Web,2,2000,250,800
2024-09-03,Varanasi,25.3176,82.9739,0,9,1,27.4,0,533.01,0.1,53.77,454,3,Kiosk,5,1400,160,500
2025-05-31,Jaipur,26.9124,75.7873,1,5,5,36.9,0,224.1,0.137,62.34,950,2,Agent,36,1500,180,600
2024-05-22,Jaipur,26.9124,75.7873,0,5,2,37.5,0,348.9,-0.249,72.04,801,4,Kiosk,8,1500,180,600
2024-10-24,Agra,27.1767,78.0081,0,10,3,22.4,0,829.66,1.0,56.12,724,3,Web,21,1300,150,550
2024-04-23,Manali,32.2432,77.1892,0,4,1,19.8,0,724.64,0.409,58.46,176,2,Kiosk,10,1200,140,450
2025-02-20,Varanasi,25.3176,82.9739,0,2,3,21.0,0,972.78,1.0,51.23,698,2,App,2,1400,160,500
2025-02-13,Manali,32.2432,77.1892,0,2,3,10.6,0,611.04,0.217,67.84,127,1,Agent,12,1200,140,450
2025-03-26,Manali,32.2432,77.1892,0,3,2,15.6,0,235.11,-0.757,77.69,305,3,Web,7,1200,140,450
2024-05-27,Manali,32.2432,77.1892,0,5,0,24.6,0,114.2,-0.164,77.61,411,2,Kiosk,16,1200,140,450
2024-11-20,Agra,27.1767,78.0081,0,11,2,18.8,0,260.24,0.433,52.32,569,1,Web,17,1300,150,550
2025-05-19,Varanasi,25.3176,82.9739,0,5,0,35.5,0,369.09,-0.318,54.4,449,2,Kiosk,28,1400,160,500
2025-02-07,Kerala,10.8505,76.2711,0,2,4,23.7,0,74.17,-0.032,65.17,725,2,App,3,1700,220,700
2025-09-04,Kerala,10.8505,76.2711,0,9,3,27.4,0,557.51,-0.662,63.15,358,3,Kiosk,8,1700,220,700
2024-08-23,Kerala,10.8505,76.2711,0,8,4,35.1,0,154.51,0.715,76.97,398,2,Agent,10,1700,220,700
2025-02-08,Kerala,10.8505,76.2711,1,2,5,25.3,0,1029.37,-0.386,68.85,740,3,Kiosk,10,1700,220,700
2024-04-25,Manali,32.2432,77.1892,0,4,3,19.0,0,325.27,-0.313,65.31,527,2,Web,14,1200,140,450
2024-12-02,Leh,34.1526,77.5771,0,12,0,-0.1,0,781.49,0.757,96.22,492,4,Agent,13,600,90,220
2024-07-29,Kerala,10.8505,76.2711,0,7,0,38.2,1,244.17,1.0,75.62,610,2,Agent,11,1700,220,700
2025-07-18,Goa,15.2993,74.124,0,7,4,38.6,0,427.24,0.955,74.87,387,2,Kiosk,9,2000,250,800
2025-09-03,Andaman,11.7401,92.6586,0,9,2,29.5,0,175.17,0.758,87.59,435,1,Web,8,900,120,300
2024-06-21,Andaman,11.7401,92.6586,0,6,4,37.9,0,561.07,-0.439,88.57,527,3,App,3,900,120,300
2025-05-18,Andaman,11.7401,92.6586,1,5,6,35.7,0,1027.22,0.034,83.2,619,2,Web,1,900,120,300
2025-08-29,Goa,15.2993,74.124,0,8,4,34.4,0,680.68,0.446,77.46,668,3,Web,4,2000,250,800
2024-07-26,Manali,32.2432,77.1892,0,7,4,24.2,0,213.13,0.73,81.27,326,2,Kiosk,5,1200,140,450
2025-02-12,Jaipur,26.9124,75.7873,0,2,2,21.8,0,192.39,-0.946,63.83,473,1,Web,32,1500,180,600
2025-06-19,Jaipur,26.9124,75.7873,0,6,3,39.0,0,689.15,-0.514,63.76,753,1,Kiosk,28,1500,180,600
2024-04-22,Manali,32.2432,77.1892,0,4,0,21.3,0,376.32,-0.594,80.8,538,2,Agent,19,1200,140,450
2025-04-08,Jaipur,26.9124,75.7873,0,4,1,33.1,0,419.97,0.061,51.29,764,2,Kiosk,18,1500,180,600
2025-03-01,Kerala,10.8505,76.2711,1,3,5,28.6,0,360.92,-0.756,75.1,565,2,Agent,4,1700,220,700
2024-10-08,Goa,15.2993,74.124,0,10,1,26.1,0,1426.81,0.49,86.47,836,1,Agent,1,2000,250,800
2024-10-15,Andaman,11.7401,92.6586,0,10,1,23.1,0,446.03,-0.096,83.22,97,2,App,49,900,120,300
2024-10-06,Goa,15.2993,74.124,1,10,6,26.0,0,1618.65,-0.602,85.4,927,3,Web,14,2000,250,800
2024-11-18,Agra,27.1767,78.0081,0,11,0,20.5,0,273.3,-0.376,58.43,332,2,App,8,1300,150,550
2025-08-22,Andaman,11.7401,92.6586,0,8,4,33.8,0,278.3,0.141,89.61,566,1,Kiosk,11,900,120,300
2025-02-17,Manali,32.2432,77.1892,0,2,0,11.7,0,726.87,0.167,62.08,131,1,Agent,36,1200,140,450
2025-03-31,Goa,15.2993,74.124,0,3,0,30.1,0,54.0,0.061,78.04,465,3,Agent,9,2000,250,800
2025-05-31,Kerala,10.8505,76.2711,1,5,5,37.0,0,979.5,0.694,63.85,730,1,Agent,26,1700,220,700
2025-07-18,Varanasi,25.3176,82.9739,0,7,4,35.5,0,177.79,-0.254,57.76,600,2,App,14,1400,160,500
2024-06-23,Kerala,10.8505,76.2711,1,6,6,38.1,0,430.86,0.035,64.59,769,2,Kiosk,8,1700,220,700
2025-01-12,Goa,15.2993,74.124,1,1,6,20.9,0,376.19,0.888,83.27,1015,3,App,20,2000,250,800
2024-11-25,Manali,32.2432,77.1892,0,11,0,7.7,0,576.65,0.149,67.23,463,2,App,8,1200,140,450
2024-07-16,Varanasi,25.3176,82.9739,0,7,1,33.7,0,427.75,0.656,46.72,433,1,Agent,7,1400,160,500
2025-09-15,Andaman,11.7401,92.6586,0,9,0,27.9,0,27.63,0.978,89.61,387,2,App,7,900,120,300
2025-01-24,Kerala,10.8505,76.2711,0,1,4,19.3,0,264.02,0.694,73.68,1092,2,Web,7,1700,220,700
2025-04-22,Varanasi,25.3176,82.9739,0,4,1,31.5,0,928.01,0.33,37.38,590,2,Web,6,1400,160,500
2024-10-27,Jaipur,26.9124,75.7873,1,10,6,22.3,0,321.88,0.306,73.83,603,2,Web,9,1500,180,600
2025-02-23,Leh,34.1526,77.5771,1,2,6,3.7,0,555.74,0.035,95.55,420,2,Kiosk,8,600,90,220
2024-09-27,Andaman,11.7401,92.6586,0,9,4,27.6,0,481.34,1.0,79.66,450,3,App,19,900,120,300
2025-08-15,Manali,32.2432,77.1892,0,8,4,20.1,0,269.62,-1.0,73.93,382,1,Kiosk,32,1200,140,450
2025-03-04,Agra,27.1767,78.0081,0,3,1,26.3,0,433.16,-1.0,62.84,309,3,Kiosk,13,1300,150,550
2024-01-07,Leh,34.1526,77.5771,1,1,6,-1.2,0,403.88,-1.0,92.46,214,3,Agent,3,600,90,220
2024-05-27,Jaipur,26.9124,75.7873,0,5,0,36.6,0,218.23,0.06,58.77,569,2,Agent,2,1500,180,600
2025-08-07,Varanasi,25.3176,82.9739,0,8,3,32.8,1,426.07,-0.262,44.73,500,1,Kiosk,6,1400,160,500
2024-11-25,Goa,15.2993,74.124,0,11,0,23.1,0,52.81,0.676,78.51,1058,2,Web,23,2000,250,800
2024-03-07,Agra,27.1767,78.0081,0,3,3,27.0,0,238.27,-0.19,58.54,309,2,App,13,1300,150,550
2025-06-23,Jaipur,26.9124,75.7873,0,6,0,35.0,0,140.41,0.289,62.49,925,2,App,20,1500,180,600
2024-10-27,Agra,27.1767,78.0081,1,10,6,21.7,0,483.84,-0.043,51.25,436,2,Kiosk,10,1300,150,550
2024-10-18,Agra,27.1767,78.0081,0,10,4,22.7,0,409.41,0.977,45.31,644,2,Agent,31,1300,150,550
2024-01-28,Goa,15.2993,74.124,1,1,6,22.8,0,472.6,0.578,74.93,795,3,Web,2,2000,250,800
2025-07-03,Varanasi,25.3176,82.9739,0,7,3,34.6,0,321.89,0.667,52.39,334,3,App,5,1400,160,500
2025-05-01,Jaipur,26.9124,75.7873,0,5,3,37.0,0,143.92,0.341,58.21,608,3,Agent,21,1500,180,600
2024-07-06,Varanasi,25.3176,82.9739,1,7,5,35.4,0,643.42,-0.6,54.48,753,1,Web,9,1400,160,500
2025-09-14,Varanasi,25.3176,82.9739,1,9,6,28.3,0,410.64,0.566,39.51,764,3,App,16,1400,160,500
2025-03-28,Manali,32.2432,77.1892,0,3,4,15.4,0,385.47,0.945,69.49,521,2,App,5,1200,140,450
2024-02-22,Varanasi,25.3176,82.9739,0,2,3,23.1,0,233.21,0.389,48.56,458,2,Kiosk,8,1400,160,500
2025-09-10,Jaipur,26.9124,75.7873,0,9,2,26.6,0,146.34,-0.378,58.93,426,4,Kiosk,9,1500,180,600
2024-03-23,Goa,15.2993,74.124,1,3,5,30.4,0,1226.4,-0.121,76.96,812,2,Agent,11,2000,250,800
2025-05-22,Andaman,11.7401,92.6586,0,5,3,36.5,0,203.88,-0.118,101.86,300,1,Kiosk,13,900,120,300
2025-07-22,Manali,32.2432,77.1892,0,7,1,24.1,0,363.22,0.185,81.73,400,2,Kiosk,4,1200,140,450
2024-01-29,Andaman,11.7401,92.6586,0,1,0,18.2,0,388.03,-0.153,75.36,89,3,Kiosk,10,900,120,300
2025-05-21,Varanasi,25.3176,82.9739,0,5,2,35.5,0,343.17,0.597,49.06,296,2,App,7,1400,160,500
2025-06-29,Leh,34.1526,77.5771,1,6,6,19.4,0,84.28,0.247,93.73,519,2,Kiosk,27,600,90,220
2024-06-02,Leh,34.1526,77.5771,1,6,6,20.0,0,157.14,0.241,88.29,331,2,Kiosk,15,600,90,220
2024-07-08,Varanasi,25.3176,82.9739,0,7,0,36.7,0,538.64,-0.026,41.35,555,4,Web,7,1400,160,500
2024-08-07,Manali,32.2432,77.1892,0,8,2,20.3,0,713.16,0.41,61.49,219,3,App,5,1200,140,450
2024-03-10,Agra,27.1767,78.0081,1,3,6,27.3,0,231.31,-0.536,64.9,470,2,Web,8,1300,150,550
2024-12-24,Agra,27.1767,78.0081,0,12,1,16.2,0,321.53,0.549,56.34,560,2,App,34,1300,150,550
2024-01-16,Goa,15.2993,74.124,0,1,1,23.5,0,271.98,-0.338,81.62,437,1,Agent,8,2000,250,800
2024-04-01,Kerala,10.8505,76.2711,0,4,0,33.2,0,411.14,1.0,71.44,900,1,Web,8,1700,220,700
2024-12-03,Leh,34.1526,77.5771,0,12,1,-0.0,0,477.55,1.0,90.94,248,2,Kiosk,6,600,90,220
2024-03-23,Andaman,11.7401,92.6586,1,3,5,24.7,0,369.25,-0.03,97.5,368,1,Web,1,900,120,300
2025-06-13,Kerala,10.8505,76.2711,0,6,4,41.1,0,614.79,0.405,61.39,518,2,Kiosk,6,1700,220,700
2025-02-09,Leh,34.1526,77.5771,1,2,6,6.9,1,711.25,-0.598,91.48,163,3,Agent,12,600,90,220
2025-07-19,Leh,34.1526,77.5771,1,7,5,17.2,0,266.34,-0.09,94.56,442,2,Web,17,600,90,220
2025-03-07,Goa,15.2993,74.124,0,3,4,30.9,0,292.06,0.552,74.72,675,2,Kiosk,13,2000,250,800
2024-02-03,Jaipur,26.9124,75.7873,1,2,5,22.8,0,907.82,0.491,52.43,780,1,Agent,11,1500,180,600
2025-02-08,Agra,27.1767,78.0081,1,2,5,20.9,0,628.88,-1.0,50.68,369,1,Agent,19,1300,150,550
2025-05-01,Kerala,10.8505,76.2711,0,5,3,37.2,0,764.15,-0.172,78.99,889,2,App,12,1700,220,700
2025-07-12,Kerala,10.8505,76.2711,1,7,5,36.9,0,192.54,0.492,62.86,504,3,Agent,10,1700,220,700
2025-07-04,Manali,32.2432,77.1892,0,7,4,25.4,0,432.24,1.0,65.99,187,1,Kiosk,18,1200,140,450
2024-12-28,Leh,34.1526,77.5771,1,12,5,0.2,0,154.82,0.194,91.41,199,2,Agent,18,600,90,220
2024-12-23,Andaman,11.7401,92.6586,0,12,0,18.1,0,72.55,-0.138,95.8,408,2,App,5,900,120,300
2024-09-05,Agra,27.1767,78.0081,0,9,3,28.1,0,235.69,1.0,57.56,683,2,Agent,19,1300,150,550
2025-09-15,Andaman,11.7401,92.6586,0,9,0,26.9,1,592.51,0.104,76.8,168,1,App,23,900,120,300
2024-10-08,Manali,32.2432,77.1892,0,10,1,10.8,0,652.33,0.581,77.33,705,3,Web,6,1200,140,450
2025-04-14,Manali,32.2432,77.1892,0,4,0,20.9,1,569.62,-0.078,71.81,703,1,Web,4,1200,140,450
2025-02-19,Goa,15.2993,74.124,0,2,2,26.1,0,172.74,-0.59,72.36,351,2,Kiosk,13,2000,250,800
2025-05-04,Jaipur,26.9124,75.7873,1,5,6,36.5,0,329.01,0.78,62.92,637,2,App,9,1500,180,600
2024-08-07,Manali,32.2432,77.1892,0,8,2,20.1,0,227.9,0.276,56.34,429,3,Agent,22,1200,140,450
2025-02-16,Andaman,11.7401,92.6586,1,2,6,22.6,0,345.87,-0.277,88.97,54,1,Agent,2,900,120,300
2024-10-22,Manali,32.2432,77.1892,0,10,1,9.3,0,598.87,-0.169,66.86,333,2,Agent,4,1200,140,450
2024-02-20,Leh,34.1526,77.5771,0,2,1,3.3,0,740.22,0.322,89.5,2,2,Kiosk,1,600,90,220
2024-12-13,Varanasi,25.3176,82.9739,0,12,4,15.6,0,865.97,1.0,53.36,750,2,App,14,1400,160,500
2025-08-09,Kerala,10.8505,76.2711,1,8,5,35.6,0,435.65,-0.252,65.0,942,2,Web,7,1700,220,700
2024-11-13,Kerala,10.8505,76.2711,0,11,2,19.5,0,171.43,0.595,66.03,758,3,Web,13,1700,220,700
2025-05-24,Kerala,10.8505,76.2711,1,5,5,37.1,0,933.31,-0.244,74.57,804,2,Kiosk,4,1700,220,700
2024-04-21,Goa,15.2993,74.124,1,4,6,32.5,0,1284.55,1.0,69.2,666,2,Kiosk,12,2000,250,800
2025-08-04,Varanasi,25.3176,82.9739,0,8,0,32.2,1,166.56,0.132,42.43,614,3,Web,5,1400,160,500
2024-09-05,Jaipur,26.9124,75.7873,0,9,3,28.8,0,145.17,1.0,67.98,819,1,Agent,15,1500,180,600
2024-07-02,Leh,34.1526,77.5771,0,7,1,17.5,0,235.87,-0.044,90.79,276,3,Kiosk,5,600,90,220
2024-10-21,Kerala,10.8505,76.2711,0,10,0,22.8,0,512.79,0.611,66.46,894,1,App,14,1700,220,700
2025-03-25,Kerala,10.8505,76.2711,0,3,1,29.2,0,577.19,1.0,73.5,849,2,Kiosk,1,1700,220,700
2025-01-18,Andaman,11.7401,92.6586,1,1,5,17.7,0,747.49,0.16,95.59,193,1,Web,7,900,120,300
2024-04-02,Varanasi,25.3176,82.9739,0,4,1,30.1,0,186.24,0.88,41.89,212,1,Kiosk,32,1400,160,500
2024-09-30,Kerala,10.8505,76.2711,0,9,0,29.4,0,558.15,0.083,64.96,371,3,Kiosk,5,1700,220,700
2025-07-24,Jaipur,26.9124,75.7873,0,7,3,35.1,0,322.45,0.858,68.22,508,1,Agent,6,1500,180,600
2025-01-06,Varanasi,25.3176,82.9739,0,1,0,19.3,0,144.24,-0.036,47.81,301,3,App,7,1400,160,500
2024-04-04,Varanasi,25.3176,82.9739,0,4,3,33.4,0,622.0,1.0,40.36,252,3,Agent,24,1400,160,500
2025-07-06,Manali,32.2432,77.1892,1,7,6,24.2,0,521.58,-0.662,83.44,848,2,App,17,1200,140,450
2024-04-29,Andaman,11.7401,92.6586,0,4,0,32.4,0,187.08,0.1,89.84,647,3,App,8,900,120,300
2024-04-15,Kerala,10.8505,76.2711,0,4,0,32.1,0,633.47,-0.335,58.11,866,2,Agent,7,1700,220,700
2024-04-14,Jaipur,26.9124,75.7873,1,4,6,31.8,0,772.99,0.376,59.83,566,2,Agent,13,1500,180,600
2025-06-08,Leh,34.1526,77.5771,1,6,6,18.3,0,312.68,0.485,95.98,355,3,App,13,600,90,220
2024-11-02,Varanasi,25.3176,82.9739,1,11,5,17.7,0,742.18,0.881,46.43,474,3,Agent,8,1400,160,500
2024-10-07,Goa,15.2993,74.124,0,10,0,23.4,0,855.82,0.672,72.24,779,2,Web,6,2000,250,800
2024-01-31,Goa,15.2993,74.124,0,1,2,21.0,0,74.46,1.0,80.29,788,3,App,4,2000,250,800
2024-05-09,Goa,15.2993,74.124,0,5,3,37.8,0,667.49,0.219,77.2,1083,2,Kiosk,34,2000,250,800
2024-03-18,Varanasi,25.3176,82.9739,0,3,0,28.4,0,387.15,0.456,52.28,703,3,Agent,16,1400,160,500
2025-01-14,Agra,27.1767,78.0081,0,1,1,18.0,0,117.37,0.212,58.18,212,2,Kiosk,8,1300,150,550
2024-03-15,Agra,27.1767,78.0081,0,3,4,25.6,0,464.65,-0.435,58.92,662,2,Agent,10,1300,150,550
2025-05-01,Kerala,10.8505,76.2711,0,5,3,37.4,0,663.31,0.815,71.2,620,1,App,1,1700,220,700
2025-09-11,Agra,27.1767,78.0081,0,9,3,26.0,0,470.91,-0.494,60.84,412,1,Kiosk,11,1300,150,550
2025-05-17,Kerala,10.8505,76.2711,1,5,5,36.5,0,274.16,-0.112,70.1,763,2,Kiosk,33,1700,220,700
2024-07-22,Kerala,10.8505,76.2711,0,7,0,36.3,1,646.41,0.101,80.53,861,2,App,12,1700,220,700
2025-06-27,Goa,15.2993,74.124,0,6,4,38.4,0,639.59,0.121,76.56,932,2,Web,13,2000,250,800
2024-12-08,Kerala,10.8505,76.2711,1,12,6,18.5,0,124.85,0.463,58.99,892,3,App,8,1700,220,700
2025-01-12,Agra,27.1767,78.0081,1,1,6,17.6,0,198.92,-1.0,61.67,440,2,Agent,25,1300,150,550
2024-08-30,Leh,34.1526,77.5771,0,8,4,14.5,0,341.24,0.027,89.74,281,2,Kiosk,21,600,90,220
2025-08-19,Jaipur,26.9124,75.7873,0,8,1,31.3,0,316.2,-0.147,69.68,737,1,Web,29,1500,180,600
2024-07-11,Andaman,11.7401,92.6586,0,7,3,35.9,0,389.17,0.905,91.07,384,1,Web,7,900,120,300
2025-07-09,Andaman,11.7401,92.6586,0,7,2,35.6,0,350.49,0.287,86.35,452,3,App,6,900,120,300
2025-04-24,Leh,34.1526,77.5771,0,4,3,15.5,0,1020.43,-0.084,101.47,469,2,Kiosk,13,600,90,220
2025-09-02,Varanasi,25.3176,82.9739,0,9,1,28.3,0,775.78,-0.414,53.45,568,2,Agent,4,1400,160,500
2024-11-25,Kerala,10.8505,76.2711,0,11,0,21.3,0,288.97,-0.261,70.19,575,2,Kiosk,9,1700,220,700
2024-04-26,Kerala,10.8505,76.2711,0,4,4,33.9,0,181.87,0.283,78.38,650,2,Agent,25,1700,220,700
2024-01-22,Varanasi,25.3176,82.9739,0,1,0,17.7,0,497.95,-0.394,47.31,404,1,App,2,1400,160,500
2025-02-08,Agra,27.1767,78.0081,1,2,5,21.6,0,494.03,0.759,48.61,783,2,App,7,1300,150,550
2024-08-21,Manali,32.2432,77.1892,0,8,2,19.9,0,288.6,0.107,73.98,653,2,App,5,1200,140,450
2024-03-24,Andaman,11.7401,92.6586,1,3,6,28.9,0,529.39,0.595,86.49,732,2,Agent,23,900,120,300
2025-07-27,Leh,34.1526,77.5771,1,7,6,19.7,0,472.58,0.592,102.43,390,3,Web,15,600,90,220
2025-01-28,Manali,32.2432,77.1892,0,1,1,7.9,0,1336.12,0.289,62.56,406,1,Web,2,1200,140,450
2024-10-10,Jaipur,26.9124,75.7873,0,10,3,21.5,0,846.1,0.716,67.64,935,2,App,7,1500,180,600
2025-05-26,Leh,34.1526,77.5771,0,5,0,15.9,0,101.81,0.159,99.88,310,3,Kiosk,3,600,90,220
2024-08-24,Goa,15.2993,74.124,1,8,5,32.2,0,378.78,0.549,67.08,662,1,Kiosk,13,2000,250,800
2024-06-30,Varanasi,25.3176,82.9739,1,6,6,36.8,1,440.91,-0.572,50.24,553,3,App,11,1400,160,500
2024-11-28,Jaipur,26.9124,75.7873,0,11,3,19.3,0,859.15,-0.94,61.05,455,2,Agent,12,1500,180,600
2025-06-03,Kerala,10.8505,76.2711,0,6,1,41.3,0,824.03,-0.033,75.4,1140,3,App,6,1700,220,700
2024-02-14,Andaman,11.7401,92.6586,0,2,2,23.0,0,525.26,0.111,92.24,528,3,Agent,8,900,120,300
2025-08-17,Leh,34.1526,77.5771,1,8,6,15.1,0,679.96,0.385,96.41,510,3,Web,5,600,90,220
2025-08-14,Agra,27.1767,78.0081,0,8,3,33.4,0,388.77,1.0,64.99,507,3,Web,16,1300,150,550
2024-01-02,Jaipur,26.9124,75.7873,0,1,1,20.1,0,579.07,0.09,53.51,420,3,Web,17,1500,180,600
2025-08-21,Jaipur,26.9124,75.7873,0,8,3,33.9,0,1908.35,0.459,53.59,433,3,Web,27,1500,180,600
2024-03-01,Andaman,11.7401,92.6586,0,3,4,26.2,0,973.93,-0.691,99.65,283,2,Agent,1,900,120,300
2024-09-18,Leh,34.1526,77.5771,0,9,2,9.9,0,462.08,0.33,83.03,337,1,App,12,600,90,220
2025-09-21,Kerala,10.8505,76.2711,1,9,6,29.5,0,91.1,0.231,61.97,634,2,App,3,1700,220,700
2025-09-15,Varanasi,25.3176,82.9739,0,9,0,26.0,1,923.45,0.274,37.19,169,3,Agent,6,1400,160,500
2025-03-07,Manali,32.2432,77.1892,0,3,4,14.0,0,514.6,0.066,83.01,316,3,Agent,7,1200,140,450
2024-08-02,Agra,27.1767,78.0081,0,8,4,35.4,0,61.06,-0.436,52.12,827,2,App,19,1300,150,550
2024-08-11,Manali,32.2432,77.1892,1,8,6,20.2,1,354.37,-1.0,69.69,489,2,Web,1,1200,140,450
2024-03-11,Kerala,10.8505,76.2711,0,3,0,27.1,0,414.58,0.504,74.12,790,3,Kiosk,4,1700,220,700
2025-08-16,Andaman,11.7401,92.6586,1,8,5,32.7,0,542.53,0.221,85.41,449,1,App,26,900,120,300
2024-08-02,Varanasi,25.3176,82.9739,0,8,4,32.3,1,369.56,-1.0,57.01,704,2,Agent,12,1400,160,500
2024-12-09,Kerala,10.8505,76.2711,0,12,0,17.8,0,343.88,-0.31,68.77,678,2,Web,15,1700,220,700
2024-12-28,Kerala,10.8505,76.2711,1,12,5,19.7,0,480.29,-0.055,68.46,837,2,App,3,1700,220,700
2024-07-14,Varanasi,25.3176,82.9739,1,7,6,36.4,0,1125.02,-1.0,47.07,685,2,Kiosk,14,1400,160,500
2025-05-23,Goa,15.2993,74.124,0,5,4,37.1,0,679.6,-0.536,77.11,895,2,Kiosk,24,2000,250,800
2024-05-14,Varanasi,25.3176,82.9739,0,5,1,37.5,0,1275.63,0.001,54.81,601,1,Kiosk,5,1400,160,500
2025-08-06,Andaman,11.7401,92.6586,0,8,2,33.7,0,506.91,0.485,89.5,334,2,Web,22,900,120,300
2025-01-01,Agra,27.1767,78.0081,0,1,2,19.6,0,1216.36,-0.603,58.75,546,3,Agent,21,1300,150,550
2024-02-08,Andaman,11.7401,92.6586,0,2,3,24.9,0,691.77,-1.0,89.21,233,3,Kiosk,24,900,120,300
2024-11-02,Leh,34.1526,77.5771,1,11,5,-0.5,0,300.54,0.341,92.74,61,2,Web,1,600,90,220
2024-09-08,Jaipur,26.9124,75.7873,1,9,6,27.8,0,167.8,-0.216,60.25,488,2,Agent,10,1500,180,600
2025-02-04,Kerala,10.8505,76.2711,0,2,1,23.3,0,119.62,-0.457,74.66,666,3,Web,15,1700,220,700
2024-02-17,Andaman,11.7401,92.6586,1,2,5,24.0,0,441.03,0.152,86.16,568,2,Web,12,900,120,300
2024-08-23,Varanasi,25.3176,82.9739,0,8,4,34.3,0,897.63,0.332,57.49,665,3,Agent,6,1400,160,500
2025-04-20,Jaipur,26.9124,75.7873,1,4,6,32.3,0,315.11,0.221,56.19,784,3,Kiosk,2,1500,180,600
2024-09-02,Kerala,10.8505,76.2711,0,9,0,29.4,0,564.58,-0.109,55.74,409,2,App,3,1700,220,700
2024-08-14,Kerala,10.8505,76.2711,0,8,2,34.8,0,378.61,0.441,59.71,345,3,Agent,1,1700,220,700
2025-09-14,Manali,32.2432,77.1892,1,9,6,15.0,1,365.78,0.187,64.61,112,2,Kiosk,23,1200,140,450
2025-01-07,Jaipur,26.9124,75.7873,0,1,1,20.5,0,322.62,-0.14,65.21,619,2,App,3,1500,180,600
2025-06-28,Leh,34.1526,77.5771,1,6,5,19.9,0,18.63,0.682,101.27,245,2,Kiosk,3,600,90,220
2025-09-10,Jaipur,26.9124,75.7873,0,9,2,29.5,0,325.07,-0.206,54.15,289,2,Kiosk,28,1500,180,600
2025-05-31,Kerala,10.8505,76.2711,1,5,5,36.6,0,95.18,0.458,63.98,669,2,Kiosk,10,1700,220,700
2025-08-29,Kerala,10.8505,76.2711,0,8,4,33.0,0,93.73,-0.07,66.14,590,3,Kiosk,8,1700,220,700
2024-12-13,Goa,15.2993,74.124,0,12,4,20.0,0,904.12,0.125,72.93,388,1,Agent,12,2000,250,800
2024-06-01,Goa,15.2993,74.124,1,6,5,40.4,0,331.91,0.128,76.02,884,2,Agent,9,2000,250,800
2024-08-26,Goa,15.2993,74.124,0,8,0,37.3,0,214.75,-0.663,75.74,949,3,Agent,26,2000,250,800
2025-07-18,Leh,34.1526,77.5771,0,7,4,19.4,0,387.83,0.114,92.87,564,3,Web,22,600,90,220
2024-06-07,Kerala,10.8505,76.2711,0,6,4,39.4,0,377.73,0.444,61.31,445,1,Web,6,1700,220,700
2024-06-15,Leh,34.1526,77.5771,1,6,5,20.1,0,411.97,0.314,96.88,764,1,Web,13,600,90,220
2025-05-31,Jaipur,26.9124,75.7873,1,5,5,37.5,0,82.6,-0.207,68.2,984,2,Kiosk,33,1500,180,600
2024-04-12,Andaman,11.7401,92.6586,0,4,4,31.7,0,372.59,-0.606,91.52,499,1,Agent,5,900,120,300
2025-05-05,Leh,34.1526,77.5771,0,5,0,20.0,0,581.83,-0.247,94.01,434,2,Agent,7,600,90,220
2025-08-05,Leh,34.1526,77.5771,0,8,1,14.0,0,465.74,0.537,103.92,358,2,Agent,21,600,90,220
2024-02-13,Jaipur,26.9124,75.7873,0,2,1,23.1,0,294.23,0.132,61.82,437,4,Web,26,1500,180,600
2024-11-02,Manali,32.2432,77.1892,1,11,5,6.6,0,1024.36,-0.198,65.78,246,1,App,18,1200,140,450
2025-06-20,Andaman,11.7401,92.6586,0,6,4,37.3,0,150.06,-0.512,91.6,625,1,Web,1,900,120,300
2025-06-14,Manali,32.2432,77.1892,1,6,5,25.7,0,250.86,-0.393,71.73,611,3,Agent,40,1200,140,450
2024-01-17,Andaman,11.7401,92.6586,0,1,2,20.4,0,1433.15,-0.569,95.52,298,1,App,1,900,120,300
2025-04-25,Agra,27.1767,78.0081,0,4,4,32.7,0,758.54,0.034,50.44,771,3,Web,20,1300,150,550
2025-03-30,Kerala,10.8505,76.2711,1,3,6,27.2,0,434.92,0.038,64.17,462,3,Web,2,1700,220,700
2024-01-20,Goa,15.2993,74.124,1,1,5,21.8,0,261.89,1.0,81.81,1023,2,Kiosk,12,2000,250,800
2024-12-02,Andaman,11.7401,92.6586,0,12,0,17.7,0,860.48,0.59,86.82,560,3,Agent,13,900,120,300
2024-11-26,Agra,27.1767,78.0081,0,11,1,20.1,0,150.03,0.054,41.91,308,2,App,10,1300,150,550
2024-07-24,Kerala,10.8505,76.2711,0,7,2,38.9,0,98.62,-0.287,69.7,608,1,Agent,7,1700,220,700
2025-02-22,Varanasi,25.3176,82.9739,1,2,5,22.4,0,321.61,0.267,55.25,630,3,App,6,1400,160,500
2024-06-10,Andaman,11.7401,92.6586,0,6,0,39.5,0,315.86,0.369,94.86,196,2,App,16,900,120,300
2024-12-19,Agra,27.1767,78.0081,0,12,3,18.9,0,191.0,1.0,57.23,517,2,Web,9,1300,150,550
2024-12-13,Goa,15.2993,74.124,0,12,4,19.6,0,125.08,-0.4,75.33,521,1,Web,21,2000,250,800
2024-03-27,Jaipur,26.9124,75.7873,0,3,2,27.5,0,192.81,0.08,64.33,273,3,Kiosk,3,1500,180,600
2025-09-28,Varanasi,25.3176,82.9739,1,9,6,25.9,0,619.13,0.287,57.24,728,1,Web,19,1400,160,500
2025-08-04,Agra,27.1767,78.0081,0,8,0,31.9,1,244.33,0.67,67.93,236,2,Kiosk,9,1300,150,550
2024-12-16,Manali,32.2432,77.1892,0,12,0,3.8,0,447.37,0.876,65.27,689,3,App,6,1200,140,450
2024-05-15,Varanasi,25.3176,82.9739,0,5,2,36.6,0,1071.56,0.254,44.21,564,3,Web,6,1400,160,500
2025-01-23,Leh,34.1526,77.5771,0,1,3,2.7,0,476.1,-0.232,80.66,59,3,Web,8,600,90,220
2024-12-19,Varanasi,25.3176,82.9739,0,12,3,17.3,0,646.15,0.522,54.02,671,2,Kiosk,10,1400,160,500
2025-07-17,Varanasi,25.3176,82.9739,0,7,3,36.8,0,138.25,0.741,54.71,576,2,App,11,1400,160,500
2024-11-29,Kerala,10.8505,76.2711,0,11,4,21.5,0,91.01,0.509,61.38,994,3,Web,4,1700,220,700
2025-02-17,Kerala,10.8505,76.2711,0,2,0,23.0,0,290.36,-0.932,65.1,349,2,Agent,12,1700,220,700
2024-09-08,Varanasi,25.3176,82.9739,1,9,6,28.2,0,401.32,0.678,49.38,754,2,Web,8,1400,160,500
2024-12-17,Varanasi,25.3176,82.9739,0,12,1,16.7,0,552.11,0.872,50.05,550,2,Web,7,1400,160,500
2025-06-09,Andaman,11.7401,92.6586,0,6,0,36.6,0,787.68,-0.086,93.81,724,1,Kiosk,1,900,120,300
2024-03-14,Jaipur,26.9124,75.7873,0,3,3,27.2,0,153.17,1.0,55.91,749,3,App,25,1500,180,600
2025-09-24,Jaipur,26.9124,75.7873,0,9,2,27.6,0,281.92,-0.187,67.23,326,2,Agent,7,1500,180,600
2024-07-01,Manali,32.2432,77.1892,0,7,0,21.4,0,160.46,-0.387,77.08,653,2,Agent,5,1200,140,450
2025-05-29,Goa,15.2993,74.124,0,5,3,38.0,0,1409.45,0.533,65.94,629,3,Agent,7,2000,250,800
2024-06-22,Jaipur,26.9124,75.7873,1,6,5,37.4,0,122.51,1.0,70.31,362,3,Web,3,1500,180,600
2025-06-07,Andaman,11.7401,92.6586,1,6,5,39.4,0,301.58,0.675,98.06,286,2,Kiosk,26,900,120,300
2024-08-24,Jaipur,26.9124,75.7873,1,8,5,32.6,0,620.73,0.164,50.33,736,2,Kiosk,4,1500,180,600
2025-01-07,Varanasi,25.3176,82.9739,0,1,1,20.7,0,450.16,-0.624,45.8,520,2,Web,20,1400,160,500
2024-01-13,Agra,27.1767,78.0081,1,1,5,17.8,0,734.97,-0.714,66.49,290,3,Web,6,1300,150,550
2024-08-23,Kerala,10.8505,76.2711,0,8,4,35.0,1,1406.11,0.028,62.23,652,3,Kiosk,4,1700,220,700
2024-02-06,Agra,27.1767,78.0081,0,2,1,24.0,0,165.56,-0.581,64.3,231,1,Kiosk,13,1300,150,550
2025-03-22,Leh,34.1526,77.5771,1,3,5,10.8,0,138.61,0.334,97.72,19,2,Kiosk,7,600,90,220
2024-01-06,Leh,34.1526,77.5771,1,1,5,1.0,0,581.16,0.32,94.64,248,3,Kiosk,25,600,90,220
2025-03-16,Jaipur,26.9124,75.7873,1,3,6,28.1,0,299.1,0.012,62.96,378,2,Agent,4,1500,180,600
2024-08-25,Manali,32.2432,77.1892,1,8,6,20.6,0,404.35,-0.43,67.37,624,2,Kiosk,13,1200,140,450
2024-07-17,Varanasi,25.3176,82.9739,0,7,2,36.3,0,480.01,-0.628,49.85,473,1,Agent,18,1400,160,500
2024-06-17,Andaman,11.7401,92.6586,0,6,0,38.8,0,339.9,-0.08,87.52,463,2,App,7,900,120,300
2025-09-30,Goa,15.2993,74.124,0,9,1,30.9,0,487.66,0.658,76.58,1139,2,Web,16,2000,250,800
2025-09-23,Leh,34.1526,77.5771,0,9,1,12.6,0,711.14,-0.282,87.72,572,3,App,4,600,90,220
2024-11-23,Goa,15.2993,74.124,1,11,5,22.4,1,131.68,0.134,60.95,379,2,Kiosk,5,2000,250,800
2025-01-22,Andaman,11.7401,92.6586,0,1,2,17.5,0,377.88,0.251,76.92,208,4,App,21,900,120,300
2024-10-14,Kerala,10.8505,76.2711,0,10,0,25.3,0,56.05,-0.187,70.47,360,2,Agent,7,1700,220,700
2025-03-19,Agra,27.1767,78.0081,0,3,2,28.0,0,278.22,0.114,61.85,376,2,App,1,1300,150,550
2024-11-02,Andaman,11.7401,92.6586,1,11,5,20.4,0,914.29,1.0,78.97,340,1,Kiosk,4,900,120,300
2025-01-26,Jaipur,26.9124,75.7873,1,1,6,17.6,0,347.05,-0.219,71.87,675,1,Web,13,1500,180,600
2025-06-15,Goa,15.2993,74.124,1,6,6,38.4,0,101.4,0.048,79.15,751,1,Kiosk,2,2000,250,800
2024-04-17,Varanasi,25.3176,82.9739,0,4,2,32.6,0,152.89,0.202,53.04,443,1,Kiosk,17,1400,160,500
2024-02-05,Kerala,10.8505,76.2711,0,2,0,24.2,0,301.77,-0.727,51.94,528,1,Web,8,1700,220,700
2024-11-23,Varanasi,25.3176,82.9739,1,11,5,19.7,0,666.1,-0.565,52.23,685,2,Web,26,1400,160,500
2024-12-26,Varanasi,25.3176,82.9739,0,12,3,18.4,0,383.83,0.245,53.84,752,2,App,10,1400,160,500
2024-05-29,Varanasi,25.3176,82.9739,0,5,2,36.3,0,149.8,0.59,54.56,317,1,Web,13,1400,160,500
2025-05-22,Leh,34.1526,77.5771,0,5,3,18.2,0,267.84,0.961,112.24,81,1,Web,7,600,90,220
2024-07-03,Agra,27.1767,78.0081,0,7,2,37.2,0,434.89,0.126,64.16,745,2,App,9,1300,150,550
2025-07-24,Manali,32.2432,77.1892,0,7,3,22.7,0,144.21,0.583,67.61,469,2,Web,18,1200,140,450
2024-10-01,Varanasi,25.3176,82.9739,0,10,1,22.7,0,506.85,0.748,46.38,577,1,Web,1,1400,160,500
2025-09-03,Leh,34.1526,77.5771,0,9,2,8.6,0,415.17,0.165,93.19,289,3,Web,11,600,90,220
2024-11-08,Goa,15.2993,74.124,0,11,4,22.4,0,1119.77,-0.076,76.33,977,2,App,9,2000,250,800
2024-07-11,Leh,34.1526,77.5771,0,7,3,19.1,1,130.64,-0.544,92.23,391,1,App,7,600,90,220
2025-06-04,Andaman,11.7401,92.6586,0,6,2,37.5,1,895.42,-0.669,87.44,501,2,Kiosk,3,900,120,300
2025-06-28,Leh,34.1526,77.5771,1,6,5,19.7,1,289.49,-0.807,88.11,423,2,App,10,600,90,220
2024-06-07,Andaman,11.7401,92.6586,0,6,4,37.1,1,565.94,0.036,83.54,432,1,Web,14,900,120,300
2025-03-25,Varanasi,25.3176,82.9739,0,3,1,24.6,0,430.34,0.731,41.1,611,3,Web,11,1400,160,500
2025-04-07,Leh,34.1526,77.5771,0,4,0,14.5,0,502.07,0.481,89.25,150,3,App,35,600,90,220
2025-07-27,Agra,27.1767,78.0081,1,7,6,38.1,0,212.57,-0.058,54.22,540,2,App,6,1300,150,550
2024-02-22,Agra,27.1767,78.0081,0,2,3,20.3,0,254.19,0.502,49.45,452,3,Kiosk,25,1300,150,550
2025-08-14,Agra,27.1767,78.0081,0,8,3,32.5,0,789.13,-0.606,52.16,569,2,Web,4,1300,150,550
2025-02-02,Andaman,11.7401,92.6586,1,2,6,23.4,0,42.07,-0.528,91.14,425,3,App,7,900,120,300
2024-09-06,Andaman,11.7401,92.6586,0,9,4,26.7,0,577.65,-0.175,90.6,239,1,Kiosk,5,900,120,300
2025-06-26,Leh,34.1526,77.5771,0,6,3,16.9,0,509.42,-0.526,85.13,494,2,Agent,7,600,90,220
2025-08-26,Andaman,11.7401,92.6586,0,8,1,33.9,0,486.28,0.426,92.04,265,1,Agent,10,900,120,300
2024-09-04,Goa,15.2993,74.124,0,9,2,29.0,0,56.2,-0.447,76.62,420,1,Kiosk,23,2000,250,800
2025-06-12,Agra,27.1767,78.0081,0,6,3,35.8,0,287.95,-0.229,57.5,587,2,Web,19,1300,150,550
2024-10-06,Leh,34.1526,77.5771,1,10,6,7.5,0,349.67,-0.048,93.56,332,2,Web,6,600,90,220
2025-05-09,Jaipur,26.9124,75.7873,0,5,4,38.7,0,296.15,0.5,63.59,608,2,Web,8,1500,180,600
2024-04-30,Kerala,10.8505,76.2711,0,4,1,34.0,0,255.7,0.097,66.28,648,2,Kiosk,15,1700,220,700
2024-09-14,Andaman,11.7401,92.6586,1,9,5,28.5,0,456.88,-0.391,83.69,365,1,Kiosk,19,900,120,300
2024-12-25,Jaipur,26.9124,75.7873,0,12,2,19.9,0,366.1,0.173,69.29,458,2,Web,5,1500,180,600
2025-01-07,Goa,15.2993,74.124,0,1,1,20.6,0,217.29,0.253,70.53,743,3,Web,8,2000,250,800
2024-01-18,Jaipur,26.9124,75.7873,0,1,3,18.7,0,183.12,0.225,51.53,511,2,Agent,5,1500,180,600
2025-03-26,Agra,27.1767,78.0081,0,3,2,29.3,0,739.41,0.762,61.06,402,2,Agent,15,1300,150,550
2025-07-13,Manali,32.2432,77.1892,1,7,6,23.2,0,444.5,0.201,74.39,687,4,App,1,1200,140,450
2025-09-16,Manali,32.2432,77.1892,0,9,1,15.1,0,412.96,-0.15,61.48,475,3,Web,20,1200,140,450
2024-07-13,Leh,34.1526,77.5771,1,7,5,20.2,0,892.46,-0.804,96.07,807,3,App,19,600,90,220
2025-07-29,Agra,27.1767,78.0081,0,7,1,34.7,0,500.51,0.591,46.61,287,1,App,18,1300,150,550
2025-05-28,Jaipur,26.9124,75.7873,0,5,2,37.8,0,402.11,0.35,62.35,755,3,Agent,16,1500,180,600
2025-01-03,Goa,15.2993,74.124,0,1,4,22.2,0,349.41,0.137,79.38,737,2,Web,5,2000,250,800
2024-10-03,Jaipur,26.9124,75.7873,0,10,3,24.2,0,586.86,0.427,59.53,693,3,App,5,1500,180,600
2024-06-13,Leh,34.1526,77.5771,0,6,3,19.8,0,482.78,-0.036,93.03,499,3,Kiosk,5,600,90,220
2024-07-17,Manali,32.2432,77.1892,0,7,2,22.8,1,213.17,0.825,78.13,152,2,Kiosk,2,1200,140,450
2025-04-16,Manali,32.2432,77.1892,0,4,2,19.9,0,901.71,0.038,68.9,814,2,Web,6,1200,140,450
2024-03-27,Varanasi,25.3176,82.9739,0,3,2,27.9,0,39.84,0.153,43.01,181,3,Kiosk,9,1400,160,500
2024-10-28,Goa,15.2993,74.124,0,10,0,24.5,0,757.22,-0.107,74.48,723,2,Web,3,2000,250,800
2025-01-18,Varanasi,25.3176,82.9739,1,1,5,15.7,0,187.65,0.04,59.09,398,1,Agent,5,1400,160,500
2024-08-23,Goa,15.2993,74.124,0,8,4,34.6,0,293.14,-0.646,74.83,654,2,Agent,7,2000,250,800
2025-05-27,Goa,15.2993,74.124,0,5,1,37.9,0,231.1,-0.131,79.43,895,1,Kiosk,6,2000,250,800
2024-05-04,Manali,32.2432,77.1892,1,5,5,23.8,0,329.85,0.322,67.9,834,2,Agent,14,1200,140,450
2024-04-08,Goa,15.2993,74.124,0,4,0,35.4,0,537.67,0.189,79.39,960,2,Web,23,2000,250,800
2025-07-07,Kerala,10.8505,76.2711,0,7,0,36.1,0,168.02,0.584,73.07,692,1,App,12,1700,220,700
2024-01-20,Andaman,11.7401,92.6586,1,1,5,21.4,0,1100.44,0.046,82.52,432,3,Kiosk,31,900,120,300
2025-08-12,Jaipur,26.9124,75.7873,0,8,1,30.2,0,90.64,0.629,51.29,408,1,Web,5,1500,180,600
2025-03-29,Kerala,10.8505,76.2711,1,3,5,28.4,0,232.33,0.174,71.14,669,2,App,5,1700,220,700
2025-03-01,Varanasi,25.3176,82.9739,1,3,5,28.7,0,1262.91,0.081,50.66,497,2,Web,5,1400,160,500
2025-07-28,Jaipur,26.9124,75.7873,0,7,0,37.8,0,438.19,-0.341,59.76,706,2,Web,46,1500,180,600
2025-05-19,Varanasi,25.3176,82.9739,0,5,0,36.7,0,348.22,-0.052,49.21,443,2,Kiosk,6,1400,160,500
2025-08-18,Leh,34.1526,77.5771,0,8,0,15.0,0,362.88,0.48,94.4,125,1,App,13,600,90,220
2025-02-17,Leh,34.1526,77.5771,0,2,0,6.1,0,183.67,0.145,96.66,89,3,Agent,7,600,90,220
2025-08-16,Varanasi,25.3176,82.9739,1,8,5,31.8,1,609.29,0.252,39.76,711,2,Agent,31,1400,160,500
2025-04-02,Manali,32.2432,77.1892,0,4,2,21.0,0,1129.52,0.045,75.75,788,3,Agent,9,1200,140,450
2024-03-04,Leh,34.1526,77.5771,0,3,0,12.0,0,996.09,-0.468,98.61,499,2,App,6,600,90,220
2025-02-01,Manali,32.2432,77.1892,1,2,5,10.2,0,86.55,-0.4,75.02,340,2,Agent,19,1200,140,450
2025-02-13,Goa,15.2993,74.124,0,2,3,24.3,0,170.34,-0.445,80.97,526,2,App,25,2000,250,800
2025-03-21,Jaipur,26.9124,75.7873,0,3,4,26.1,0,506.36,1.0,66.41,759,3,Kiosk,4,1500,180,600
2024-05-18,Leh,34.1526,77.5771,1,5,5,17.8,0,478.98,-0.333,100.22,527,1,Agent,7,600,90,220
2025-03-08,Kerala,10.8505,76.2711,1,3,5,28.0,0,816.98,-0.771,77.4,763,2,Kiosk,5,1700,220,700
2024-05-24,Kerala,10.8505,76.2711,0,5,4,37.4,0,367.93,-0.001,64.56,940,1,App,19,1700,220,700
2025-02-21,Kerala,10.8505,76.2711,0,2,4,25.4,0,361.64,-0.179,69.96,657,4,Web,15,1700,220,700
2025-05-17,Agra,27.1767,78.0081,1,5,5,34.4,0,632.76,0.482,66.11,285,3,Web,29,1300,150,550
2024-06-07,Agra,27.1767,78.0081,0,6,4,37.5,0,595.43,-0.143,59.53,689,3,App,4,1300,150,550
2025-09-02,Jaipur,26.9124,75.7873,0,9,1,30.1,0,303.02,-0.096,51.98,825,3,Agent,24,1500,180,600
2024-01-09,Leh,34.1526,77.5771,0,1,1,1.6,0,108.38,0.153,94.27,27,2,Agent,2,600,90,220
2025-03-25,Agra,27.1767,78.0081,0,3,1,26.9,0,276.44,0.762,62.62,553,1,App,8,1300,150,550
2024-07-28,Jaipur,26.9124,75.7873,1,7,6,36.5,0,101.7,1.0,63.57,530,2,Agent,4,1500,180,600
2024-08-27,Jaipur,26.9124,75.7873,0,8,1,31.6,0,389.91,-0.474,62.04,898,2,App,13,1500,180,600
2025-09-16,Goa,15.2993,74.124,0,9,1,27.6,0,900.53,0.08,74.01,683,2,Web,11,2000,250,800
2024-12-16,Varanasi,25.3176,82.9739,0,12,0,16.1,0,420.5,-0.786,44.42,484,3,App,20,1400,160,500
2025-06-21,Andaman,11.7401,92.6586,1,6,5,38.3,0,379.65,0.035,88.67,578,1,Agent,13,900,120,300
2025-09-08,Varanasi,25.3176,82.9739,0,9,0,28.3,1,343.82,-0.775,46.04,504,2,Web,11,1400,160,500
2025-04-01,Varanasi,25.3176,82.9739,0,4,1,31.7,0,441.69,-0.235,49.81,529,2,Agent,29,1400,160,500
2024-07-01,Jaipur,26.9124,75.7873,0,7,0,36.8,0,395.62,-0.002,71.12,1042,2,Kiosk,5,1500,180,600
2025-07-20,Varanasi,25.3176,82.9739,1,7,6,36.7,0,585.04,-1.0,52.4,786,1,Kiosk,32,1400,160,500
2024-06-06,Kerala,10.8505,76.2711,0,6,3,40.4,1,1009.86,-0.277,69.01,1018,1,Web,7,1700,220,700
2024-10-08,Kerala,10.8505,76.2711,0,10,1,23.5,0,640.57,0.001,65.65,347,4,Kiosk,14,1700,220,700
2025-09-30,Jaipur,26.9124,75.7873,0,9,1,28.2,0,154.24,-0.214,68.69,569,3,App,8,1500,180,600
2024-04-27,Leh,34.1526,77.5771,1,4,5,14.7,0,854.93,-0.176,103.25,654,2,Kiosk,10,600,90,220
2024-11-01,Varanasi,25.3176,82.9739,0,11,4,18.7,0,98.05,1.0,57.02,505,3,Web,2,1400,160,500
2024-11-09,Varanasi,25.3176,82.9739,1,11,5,17.7,0,671.79,-0.515,44.41,406,2,Kiosk,22,1400,160,500
2025-01-27,Kerala,10.8505,76.2711,0,1,0,20.2,0,761.52,0.644,65.26,779,1,Web,10,1700,220,700
2024-12-20,Andaman,11.7401,92.6586,0,12,4,16.0,0,659.84,-0.405,93.91,241,1,Agent,18,900,120,300
2025-06-06,Varanasi,25.3176,82.9739,0,6,4,39.4,0,48.71,0.203,43.52,702,2,Kiosk,14,1400,160,500
2025-07-31,Manali,32.2432,77.1892,0,7,3,20.9,0,177.14,0.686,68.54,214,2,Web,24,1200,140,450
2024-12-15,Jaipur,26.9124,75.7873,1,12,6,18.0,0,117.18,0.292,64.83,654,2,Web,7,1500,180,600
2024-12-22,Varanasi,25.3176,82.9739,1,12,6,16.9,0,426.56,-0.368,53.52,715,2,Web,13,1400,160,500
2024-08-30,Kerala,10.8505,76.2711,0,8,4,34.6,0,506.01,0.562,76.11,683,2,App,9,1700,220,700
2024-02-11,Andaman,11.7401,92.6586,1,2,6,24.2,0,263.82,-1.0,92.45,373,1,App,14,900,120,300
2024-11-02,Kerala,10.8505,76.2711,1,11,5,21.0,0,373.88,0.396,60.07,727,2,App,15,1700,220,700
2024-11-04,Andaman,11.7401,92.6586,0,11,0,19.9,0,399.12,-0.401,81.82,194,3,App,35,900,120,300
2024-09-02,Varanasi,25.3176,82.9739,0,9,0,26.1,0,241.87,0.429,50.66,457,3,Kiosk,15,1400,160,500
2024-11-08,Varanasi,25.3176,82.9739,0,11,4,16.5,0,700.09,-0.18,45.25,491,3,Web,7,1400,160,500
2024-07-22,Goa,15.2993,74.124,0,7,0,40.9,0,442.27,0.331,78.57,934,3,App,23,2000,250,800
2024-10-05,Leh,34.1526,77.5771,1,10,5,2.9,0,264.78,-0.483,93.19,283,3,Web,8,600,90,220
2025-05-26,Leh,34.1526,77.5771,0,5,0,20.0,0,82.3,0.332,111.34,259,1,Agent,4,600,90,220
2024-10-15,Kerala,10.8505,76.2711,0,10,1,23.3,0,673.43,0.382,61.3,754,3,App,13,1700,220,700
2024-05-02,Leh,34.1526,77.5771,0,5,3,20.0,0,389.41,-0.723,100.56,776,2,Web,3,600,90,220
2024-07-04,Agra,27.1767,78.0081,0,7,3,35.5,1,1228.89,0.593,47.59,245,1,Agent,1,1300,150,550
2025-07-03,Leh,34.1526,77.5771,0,7,3,19.3,0,197.06,0.85,91.46,95,2,App,1,600,90,220
2025-04-17,Manali,32.2432,77.1892,0,4,3,21.9,0,286.78,0.489,59.2,255,2,App,18,1200,140,450
2024-12-15,Leh,34.1526,77.5771,1,12,6,0.8,0,225.54,0.077,96.81,196,2,Agent,12,600,90,220
2025-02-27,Kerala,10.8505,76.2711,0,2,3,24.8,0,1435.46,-0.299,60.11,707,2,Web,6,1700,220,700
2024-04-15,Andaman,11.7401,92.6586,0,4,0,31.6,0,1136.71,-0.174,100.63,833,4,App,10,900,120,300
2024-04-29,Kerala,10.8505,76.2711,0,4,0,33.2,0,173.54,-0.955,68.79,877,2,Agent,11,1700,220,700
2024-11-25,Andaman,11.7401,92.6586,0,11,0,20.8,0,1589.62,0.651,83.24,605,3,App,7,900,120,300
2024-07-13,Jaipur,26.9124,75.7873,1,7,5,36.6,0,908.29,0.002,57.27,757,2,Agent,13,1500,180,600
2024-07-04,Varanasi,25.3176,82.9739,0,7,3,37.1,0,234.12,0.196,55.95,513,2,Agent,11,1400,160,500
2025-04-20,Andaman,11.7401,92.6586,1,4,6,31.8,0,987.64,-0.388,90.11,840,3,App,1,900,120,300
2025-09-07,Manali,32.2432,77.1892,1,9,6,16.5,0,728.95,-0.239,70.91,460,3,App,6,1200,140,450
2024-12-20,Andaman,11.7401,92.6586,0,12,4,16.9,0,200.11,0.166,82.08,76,2,Agent,4,900,120,300
2024-07-12,Agra,27.1767,78.0081,0,7,4,35.7,0,386.37,-0.016,56.42,979,1,App,31,1300,150,550
2024-01-17,Varanasi,25.3176,82.9739,0,1,2,18.3,0,467.39,-0.7,41.79,273,2,Agent,17,1400,160,500
2025-09-02,Agra,27.1767,78.0081,0,9,1,26.1,0,109.76,0.229,54.96,420,4,Kiosk,3,1300,150,550
2024-08-27,Kerala,10.8505,76.2711,0,8,1,33.3,1,101.34,-0.67,70.53,759,2,App,8,1700,220,700
2024-09-23,Agra,27.1767,78.0081,0,9,0,24.5,1,79.0,0.719,54.13,472,2,Agent,4,1300,150,550
2024-11-04,Varanasi,25.3176,82.9739,0,11,0,18.5,0,1653.66,0.058,44.17,333,1,Web,13,1400,160,500
2024-05-07,Agra,27.1767,78.0081,0,5,1,36.6,0,905.41,-0.479,62.66,663,2,Kiosk,15,1300,150,550
2024-06-11,Kerala,10.8505,76.2711,0,6,1,39.1,0,1030.3,-0.275,66.89,880,3,App,13,1700,220,700
2024-09-15,Jaipur,26.9124,75.7873,1,9,6,28.9,1,313.64,-0.422,52.76,708,3,App,1,1500,180,600
2025-01-05,Leh,34.1526,77.5771,1,1,6,1.7,0,189.22,0.171,93.17,242,1,Kiosk,3,600,90,220
2025-08-18,Agra,27.1767,78.0081,0,8,0,33.2,0,166.7,0.365,64.2,148,1,Kiosk,23,1300,150,550
2024-10-31,Agra,27.1767,78.0081,0,10,3,22.6,0,441.03,-0.361,55.69,273,3,Web,7,1300,150,550
2024-03-10,Goa,15.2993,74.124,1,3,6,30.2,0,268.87,-0.219,76.33,706,3,Web,16,2000,250,800
2025-03-20,Varanasi,25.3176,82.9739,0,3,3,29.0,0,1223.39,-0.289,48.69,766,1,Web,21,1400,160,500
2024-05-20,Andaman,11.7401,92.6586,0,5,0,37.0,0,274.64,0.236,93.43,469,2,App,7,900,120,300
2025-05-27,Andaman,11.7401,92.6586,0,5,1,36.5,0,93.52,-0.31,97.74,683,2,Web,20,900,120,300
2024-03-22,Goa,15.2993,74.124,0,3,4,30.2,0,732.59,-0.046,82.22,716,2,App,10,2000,250,800
2025-01-11,Goa,15.2993,74.124,1,1,5,24.6,0,228.02,0.663,84.97,969,3,App,49,2000,250,800
2025-02-07,Goa,15.2993,74.124,0,2,4,24.2,0,689.86,0.291,75.84,704,1,Web,4,2000,250,800
2024-12-16,Varanasi,25.3176,82.9739,0,12,0,17.0,0,97.69,0.394,55.48,782,2,Web,7,1400,160,500
2024-12-14,Manali,32.2432,77.1892,1,12,5,4.0,0,729.83,-0.303,76.89,577,2,Kiosk,1,1200,140,450
2024-08-04,Leh,34.1526,77.5771,1,8,6,16.0,0,918.72,-0.078,97.96,569,3,App,18,600,90,220
2025-05-19,Andaman,11.7401,92.6586,0,5,0,37.3,0,805.94,-0.509,91.08,617,3,App,28,900,120,300
2024-04-11,Varanasi,25.3176,82.9739,0,4,3,31.9,0,538.78,0.453,47.16,207,1,Agent,10,1400,160,500
2024-01-26,Leh,34.1526,77.5771,0,1,4,1.8,0,225.01,0.044,103.23,325,1,App,32,600,90,220
2025-01-24,Varanasi,25.3176,82.9739,0,1,4,18.5,0,512.55,0.187,54.65,444,2,Kiosk,24,1400,160,500
2025-03-21,Andaman,11.7401,92.6586,0,3,4,29.0,0,567.75,0.739,100.42,490,4,Kiosk,11,900,120,300
2025-08-15,Manali,32.2432,77.1892,0,8,4,21.3,0,127.36,0.251,69.99,374,1,Kiosk,3,1200,140,450
2024-02-01,Andaman,11.7401,92.6586,0,2,3,25.9,0,602.36,0.413,85.28,342,2,Agent,18,900,120,300
2025-04-23,Leh,34.1526,77.5771,0,4,2,14.3,0,121.17,1.0,91.64,314,3,App,16,600,90,220
2024-11-03,Kerala,10.8505,76.2711,1,11,6,19.0,0,447.8,0.241,59.85,647,1,App,7,1700,220,700
2025-01-21,Leh,34.1526,77.5771,0,1,1,2.1,1,614.81,-0.432,92.36,393,2,Agent,17,600,90,220
2024-06-28,Agra,27.1767,78.0081,0,6,4,35.8,0,149.32,0.034,69.36,438,2,Kiosk,27,1300,150,550
2024-09-14,Agra,27.1767,78.0081,1,9,5,25.6,0,180.68,0.78,65.28,634,1,Kiosk,17,1300,150,550
2025-06-05,Agra,27.1767,78.0081,0,6,3,38.1,0,277.76,0.121,52.25,472,2,Kiosk,28,1300,150,550
2024-06-28,Kerala,10.8505,76.2711,0,6,4,39.9,0,524.02,-0.248,72.0,914,1,Web,7,1700,220,700
2024-11-01,Agra,27.1767,78.0081,0,11,4,17.2,1,713.21,-0.211,55.8,171,3,Agent,11,1300,150,550
2024-07-21,Jaipur,26.9124,75.7873,1,7,6,35.8,0,376.25,-0.672,73.04,919,2,Web,18,1500,180,600
2024-05-18,Kerala,10.8505,76.2711,1,5,5,35.5,0,163.17,-0.078,66.08,1078,2,Web,15,1700,220,700
2024-02-06,Leh,34.1526,77.5771,0,2,1,8.1,0,751.92,0.118,102.5,258,2,Kiosk,13,600,90,220
2025-01-26,Andaman,11.7401,92.6586,1,1,6,21.1,0,683.96,1.0,88.97,788,2,Kiosk,7,900,120,300
2024-03-08,Leh,34.1526,77.5771,0,3,4,10.0,0,634.89,0.302,96.84,299,2,App,7,600,90,220
2024-02-03,Goa,15.2993,74.124,1,2,5,25.3,0,682.63,-1.0,83.87,853,2,Kiosk,6,2000,250,800
2025-02-06,Leh,34.1526,77.5771,0,2,3,6.1,0,315.2,0.245,99.01,146,3,Web,1,600,90,220
2025-05-23,Leh,34.1526,77.5771,0,5,4,18.0,0,275.95,-0.359,110.56,640,3,Agent,3,600,90,220
2024-09-19,Varanasi,25.3176,82.9739,0,9,3,26.1,0,958.56,-0.622,44.76,327,3,Web,4,1400,160,500
2025-09-28,Goa,15.2993,74.124,1,9,6,28.0,0,193.54,-0.373,82.91,629,2,Kiosk,13,2000,250,800
2024-09-27,Jaipur,26.9124,75.7873,0,9,4,29.4,0,962.08,0.119,65.38,596,3,App,21,1500,180,600
2024-02-27,Agra,27.1767,78.0081,0,2,1,22.5,0,318.81,-0.736,63.12,434,2,Kiosk,15,1300,150,550
2025-04-14,Agra,27.1767,78.0081,0,4,0,32.1,0,136.21,-0.18,53.57,448,1,Agent,11,1300,150,550
2025-06-11,Jaipur,26.9124,75.7873,0,6,2,39.4,0,740.26,0.882,54.84,362,2,Web,7,1500,180,600
2024-08-11,Leh,34.1526,77.5771,1,8,6,14.8,0,633.55,0.279,93.31,774,1,App,14,600,90,220
2024-06-14,Andaman,11.7401,92.6586,0,6,4,35.3,0,350.34,-0.197,80.53,591,3,Kiosk,2,900,120,300
2025-02-19,Andaman,11.7401,92.6586,0,2,2,20.8,0,122.7,-0.447,90.25,208,2,Web,10,900,120,300
2024-03-12,Varanasi,25.3176,82.9739,0,3,1,27.3,0,526.08,0.625,59.21,897,4,Agent,1,1400,160,500
2024-07-03,Manali,32.2432,77.1892,0,7,2,23.0,0,921.65,-0.199,64.15,471,1,App,5,1200,140,450
2024-10-19,Leh,34.1526,77.5771,1,10,5,4.6,0,259.17,-0.387,85.03,362,3,App,15,600,90,220
2024-08-22,Kerala,10.8505,76.2711,0,8,3,36.8,0,722.03,0.403,74.7,551,2,Kiosk,14,1700,220,700
2024-07-05,Kerala,10.8505,76.2711,0,7,4,38.4,1,75.73,-0.526,66.03,713,1,Web,3,1700,220,700
2024-06-08,Leh,34.1526,77.5771,1,6,5,19.3,0,582.96,0.219,89.11,320,2,Web,1,600,90,220
2025-01-13,Agra,27.1767,78.0081,0,1,0,15.5,0,232.84,-0.532,56.49,494,3,App,12,1300,150,550
2024-07-02,Manali,32.2432,77.1892,0,7,1,23.0,0,251.34,0.674,67.94,218,1,App,19,1200,140,450
2024-12-15,Jaipur,26.9124,75.7873,1,12,6,19.0,0,830.85,0.257,54.29,609,3,App,1,1500,180,600
2025-09-19,Kerala,10.8505,76.2711,0,9,4,28.3,0,73.29,0.867,68.75,885,3,Web,3,1700,220,700
2024-02-19,Goa,15.2993,74.124,0,2,0,26.0,0,62.2,-0.606,79.25,510,2,Web,14,2000,250,800
2025-08-24,Leh,34.1526,77.5771,1,8,6,15.4,0,148.7,-0.706,97.16,464,3,Kiosk,2,600,90,220
2024-04-23,Agra,27.1767,78.0081,0,4,1,33.1,0,620.56,-0.71,60.42,800,2,Web,5,1300,150,550
2025-05-02,Andaman,11.7401,92.6586,0,5,4,36.5,0,158.03,0.79,95.82,256,1,Agent,9,900,120,300
2025-09-28,Leh,34.1526,77.5771,1,9,6,10.0,1,641.01,0.974,96.48,441,2,Kiosk,15,600,90,220
2024-04-15,Goa,15.2993,74.124,0,4,0,35.2,0,913.6,-0.767,73.56,974,2,Web,4,2000,250,800
2025-03-30,Kerala,10.8505,76.2711,1,3,6,27.0,0,437.31,0.098,60.43,503,3,Web,2,1700,220,700
2024-03-18,Manali,32.2432,77.1892,0,3,0,13.7,0,123.98,0.643,79.32,556,2,App,13,1200,140,450
2024-03-17,Manali,32.2432,77.1892,1,3,6,17.6,0,308.2,-0.884,78.02,570,2,Kiosk,4,1200,140,450
2024-03-20,Jaipur,26.9124,75.7873,0,3,2,30.0,0,117.46,-0.274,63.24,694,2,App,5,1500,180,600
2024-08-08,Jaipur,26.9124,75.7873,0,8,3,33.8,0,519.56,0.185,54.74,715,2,App,4,1500,180,600
2025-08-14,Jaipur,26.9124,75.7873,0,8,3,34.7,0,1083.06,-0.757,67.31,844,3,App,2,1500,180,600
2024-07-24,Kerala,10.8505,76.2711,0,7,2,36.7,0,156.78,0.517,69.01,462,2,App,15,1700,220,700
2024-07-08,Varanasi,25.3176,82.9739,0,7,0,34.8,0,216.28,1.0,50.67,333,3,Web,4,1400,160,500
2025-08-15,Agra,27.1767,78.0081,0,8,4,31.5,0,388.36,0.726,64.7,450,2,Web,5,1300,150,550
2025-06-19,Kerala,10.8505,76.2711,0,6,3,38.1,1,125.2,-1.0,64.03,745,2,App,6,1700,220,700
2024-07-22,Goa,15.2993,74.124,0,7,0,38.6,0,378.22,-0.517,87.89,660,4,Agent,26,2000,250,800
2024-03-15,Agra,27.1767,78.0081,0,3,4,27.3,0,322.02,-0.409,44.03,541,2,Web,10,1300,150,550
2024-01-29,Leh,34.1526,77.5771,0,1,0,3.5,0,587.35,-0.4,98.1,251,2,Agent,6,600,90,220
2024-08-04,Leh,34.1526,77.5771,1,8,6,15.5,0,310.3,0.814,88.89,0,2,Agent,25,600,90,220
2024-03-12,Agra,27.1767,78.0081,0,3,1,23.9,0,253.25,0.635,49.93,631,1,Kiosk,7,1300,150,550
2025-09-28,Andaman,11.7401,92.6586,1,9,6,28.6,0,170.09,-0.886,104.08,271,2,Kiosk,2,900,120,300
2024-10-11,Goa,15.2993,74.124,0,10,4,25.8,0,630.39,0.187,80.39,651,1,Agent,4,2000,250,800
2025-03-03,Leh,34.1526,77.5771,0,3,0,9.0,0,790.29,0.396,94.07,815,1,Web,4,600,90,220
2024-07-01,Andaman,11.7401,92.6586,0,7,0,36.4,0,413.08,0.692,85.8,339,2,Agent,6,900,120,300
2025-05-06,Goa,15.2993,74.124,0,5,1,38.7,0,88.23,-0.69,81.13,1064,2,App,4,2000,250,800
2025-05-03,Jaipur,26.9124,75.7873,1,5,5,37.9,0,108.88,-0.63,61.67,872,2,App,8,1500,180,600
2024-12-10,Andaman,11.7401,92.6586,0,12,1,20.0,0,176.49,-0.192,84.8,74,1,Agent,17,900,120,300
2025-08-20,Agra,27.1767,78.0081,0,8,2,31.7,0,199.67,-0.23,51.65,676,2,Agent,18,1300,150,550
2024-10-11,Goa,15.2993,74.124,0,10,4,24.5,0,294.74,0.784,78.47,1218,2,Web,10,2000,250,800
2024-12-21,Kerala,10.8505,76.2711,1,12,5,18.2,0,100.69,0.027,57.81,713,2,App,24,1700,220,700
2025-07-09,Goa,15.2993,74.124,0,7,2,39.0,0,141.33,0.965,75.57,428,2,Kiosk,3,2000,250,800
2025-02-13,Manali,32.2432,77.1892,0,2,3,10.2,0,203.34,0.647,81.7,394,2,Kiosk,4,1200,140,450
2024-02-20,Varanasi,25.3176,82.9739,0,2,1,20.4,1,350.49,0.66,50.68,563,1,Agent,15,1400,160,500
2025-06-17,Varanasi,25.3176,82.9739,0,6,1,37.9,0,119.17,-0.23,47.69,516,2,Agent,6,1400,160,500
2024-07-03,Leh,34.1526,77.5771,0,7,2,18.1,0,188.85,-0.285,109.84,340,2,Web,1,600,90,220
2025-09-11,Leh,34.1526,77.5771,0,9,3,9.5,0,303.27,-0.127,91.98,109,2,App,9,600,90,220
2025-06-29,Manali,32.2432,77.1892,1,6,6,25.6,0,353.39,-0.246,89.53,764,1,App,36,1200,140,450
2025-01-10,Leh,34.1526,77.5771,0,1,4,1.6,0,97.11,1.0,90.44,521,3,Web,14,600,90,220
2024-01-14,Goa,15.2993,74.124,1,1,6,20.8,0,95.38,0.692,69.27,869,2,Agent,17,2000,250,800
2025-09-27,Manali,32.2432,77.1892,1,9,5,16.7,0,373.23,0.252,73.0,405,3,App,16,1200,140,450
2025-09-10,Leh,34.1526,77.5771,0,9,2,9.0,0,550.87,0.078,89.85,0,2,Agent,2,600,90,220
2025-02-22,Kerala,10.8505,76.2711,1,2,5,23.8,0,51.48,0.283,62.04,623,2,Agent,10,1700,220,700
2025-03-26,Goa,15.2993,74.124,0,3,2,29.4,0,194.9,-0.464,76.2,515,3,Web,4,2000,250,800
2024-10-12,Goa,15.2993,74.124,1,10,5,22.3,0,355.04,0.057,72.06,808,1,Kiosk,3,2000,250,800
2024-02-09,Manali,32.2432,77.1892,0,2,4,9.6,0,383.46,-0.101,75.01,416,2,Web,27,1200,140,450
2024-01-16,Andaman,11.7401,92.6586,0,1,1,20.1,0,818.26,0.545,82.07,350,2,Agent,8,900,120,300
2024-12-02,Manali,32.2432,77.1892,0,12,0,4.1,0,161.32,0.709,76.79,506,2,Web,3,1200,140,450
2025-03-21,Manali,32.2432,77.1892,0,3,4,15.7,0,663.84,-0.39,76.93,329,3,Agent,10,1200,140,450
2024-10-25,Leh,34.1526,77.5771,0,10,4,5.2,0,426.83,-0.107,95.55,0,3,Kiosk,18,600,90,220
2025-03-19,Leh,34.1526,77.5771,0,3,2,11.6,0,343.75,0.309,92.03,51,2,Kiosk,38,600,90,220
2025-08-11,Agra,27.1767,78.0081,0,8,0,32.1,0,13.84,0.003,49.33,480,2,Agent,10,1300,150,550
2024-03-13,Andaman,11.7401,92.6586,0,3,2,28.1,0,347.68,0.323,89.67,173,2,Web,17,900,120,300
2025-07-31,Jaipur,26.9124,75.7873,0,7,3,35.2,0,741.48,0.215,67.03,803,2,Agent,25,1500,180,600
2025-05-19,Agra,27.1767,78.0081,0,5,0,35.9,0,340.31,-0.711,55.61,512,2,Web,9,1300,150,550
2025-05-14,Manali,32.2432,77.1892,0,5,2,22.0,0,306.78,-0.202,72.74,523,1,App,8,1200,140,450
2025-06-29,Agra,27.1767,78.0081,1,6,6,37.3,1,265.9,-0.281,55.84,484,2,Agent,31,1300,150,550
2024-12-01,Kerala,10.8505,76.2711,1,12,6,19.3,0,258.41,0.768,67.12,764,2,App,3,1700,220,700
2024-10-04,Leh,34.1526,77.5771,0,10,4,3.8,0,354.23,0.521,107.73,465,3,Kiosk,20,600,90,220
2024-12-16,Kerala,10.8505,76.2711,0,12,0,18.3,0,558.96,-0.337,58.46,756,3,Web,19,1700,220,700
2025-08-15,Jaipur,26.9124,75.7873,0,8,4,34.7,0,457.88,0.398,66.59,557,2,Web,23,1500,180,600
2025-04-06,Goa,15.2993,74.124,1,4,6,35.1,0,1165.15,0.912,84.36,588,2,Agent,16,2000,250,800
2025-07-25,Kerala,10.8505,76.2711,0,7,4,38.1,0,774.53,0.499,63.18,494,2,Web,5,1700,220,700
2025-03-12,Jaipur,26.9124,75.7873,0,3,2,27.4,0,16.53,-0.652,77.51,452,1,App,3,1500,180,600
2024-12-28,Goa,15.2993,74.124,1,12,5,20.5,0,352.59,-0.084,77.36,653,2,Kiosk,22,2000,250,800
2024-02-21,Varanasi,25.3176,82.9739,0,2,2,22.2,0,544.84,0.54,52.76,877,3,Agent,1,1400,160,500
2024-12-24,Jaipur,26.9124,75.7873,0,12,1,18.3,0,95.03,-0.435,48.52,278,3,Kiosk,17,1500,180,600
2025-07-19,Varanasi,25.3176,82.9739,1,7,5,36.9,0,377.21,0.187,48.93,577,2,Web,5,1400,160,500
2024-12-19,Goa,15.2993,74.124,0,12,3,19.7,0,79.25,1.0,78.26,677,3,Agent,4,2000,250,800
2024-07-30,Agra,27.1767,78.0081,0,7,1,36.5,0,701.46,-1.0,63.47,657,1,Agent,17,1300,150,550
2025-04-03,Kerala,10.8505,76.2711,0,4,3,34.6,0,191.03,0.186,72.61,631,1,Agent,12,1700,220,700
2024-10-13,Jaipur,26.9124,75.7873,1,10,6,25.3,1,95.73,-0.827,62.85,265,1,Kiosk,6,1500,180,600
2025-08-03,Kerala,10.8505,76.2711,1,8,6,34.6,0,101.88,-0.573,56.61,576,2,Kiosk,23,1700,220,700
2025-08-10,Varanasi,25.3176,82.9739,1,8,6,31.7,0,151.72,-0.67,46.52,510,1,Kiosk,14,1400,160,500
2024-11-15,Kerala,10.8505,76.2711,0,11,4,20.4,0,180.73,0.534,71.58,584,2,Agent,28,1700,220,700
2024-10-30,Goa,15.2993,74.124,0,10,2,24.3,1,1012.89,0.541,76.72,896,1,Agent,33,2000,250,800
2024-08-28,Leh,34.1526,77.5771,0,8,2,13.4,0,167.89,0.473,93.52,125,3,App,2,600,90,220
2024-06-05,Goa,15.2993,74.124,0,6,2,41.3,0,248.67,-0.018,92.57,864,4,Agent,17,2000,250,800
2025-02-09,Varanasi,25.3176,82.9739,1,2,6,23.5,1,399.96,-0.449,44.07,342,3,Web,9,1400,160,500
2025-09-24,Agra,27.1767,78.0081,0,9,2,26.7,0,708.55,-0.511,64.47,460,1,App,5,1300,150,550
2024-07-25,Andaman,11.7401,92.6586,0,7,3,35.9,0,654.12,0.98,84.24,53,2,Agent,1,900,120,300
2025-09-27,Jaipur,26.9124,75.7873,1,9,5,28.7,0,675.16,-1.0,52.0,552,2,Kiosk,1,1500,180,600
2024-10-22,Andaman,11.7401,92.6586,0,10,1,22.6,0,572.25,1.0,77.85,634,2,App,11,900,120,300
2024-07-08,Andaman,11.7401,92.6586,0,7,0,36.6,0,276.54,0.139,76.49,448,3,App,10,900,120,300
2025-01-14,Manali,32.2432,77.1892,0,1,1,5.0,0,1128.29,0.87,75.09,624,2,Agent,3,1200,140,450
2025-02-14,Varanasi,25.3176,82.9739,0,2,4,23.5,0,347.78,-0.356,49.34,524,2,Web,23,1400,160,500
2024-04-07,Andaman,11.7401,92.6586,1,4,6,33.4,0,973.66,-0.536,90.18,648,2,Web,12,900,120,300
2024-10-30,Leh,34.1526,77.5771,0,10,2,6.1,0,351.76,1.0,92.78,308,3,Kiosk,24,600,90,220
2024-08-12,Andaman,11.7401,92.6586,0,8,0,32.4,0,333.08,0.379,91.45,378,1,Web,6,900,120,300
2024-10-27,Goa,15.2993,74.124,1,10,6,24.7,0,1043.22,-0.271,83.04,928,2,App,5,2000,250,800
2025-03-08,Manali,32.2432,77.1892,1,3,5,14.5,0,1066.91,0.414,81.85,777,2,Kiosk,12,1200,140,450
2024-03-08,Andaman,11.7401,92.6586,0,3,4,28.9,0,345.17,-0.985,101.41,207,2,Web,4,900,120,300
2024-04-14,Goa,15.2993,74.124,1,4,6,36.0,0,362.36,-0.699,85.39,872,3,Kiosk,6,2000,250,800
2024-06-19,Kerala,10.8505,76.2711,0,6,2,37.5,0,124.83,-0.323,61.01,920,1,Web,5,1700,220,700
2025-06-11,Andaman,11.7401,92.6586,0,6,2,39.9,1,625.7,-0.835,104.84,517,2,Agent,5,900,120,300
2024-06-11,Manali,32.2432,77.1892,0,6,1,25.0,0,365.18,-0.126,76.38,436,2,Agent,8,1200,140,450
2024-08-06,Andaman,11.7401,92.6586,0,8,1,33.6,1,312.5,-0.207,90.69,488,2,App,3,900,120,300
2025-08-09,Varanasi,25.3176,82.9739,1,8,5,33.3,1,577.36,-0.196,46.46,428,2,Kiosk,22,1400,160,500
2025-08-17,Andaman,11.7401,92.6586,1,8,6,32.8,0,64.37,-0.361,84.6,663,2,App,8,900,120,300
2024-12-02,Leh,34.1526,77.5771,0,12,0,-1.6,1,1440.57,0.109,95.26,145,1,Agent,10,600,90,220
2024-04-20,Manali,32.2432,77.1892,1,4,5,20.9,0,868.15,0.246,71.97,851,3,Kiosk,11,1200,140,450
2024-03-23,Varanasi,25.3176,82.9739,1,3,5,26.9,0,255.85,0.73,49.4,829,3,App,6,1400,160,500
2024-05-19,Manali,32.2432,77.1892,1,5,6,23.4,0,57.99,1.0,68.83,228,2,Web,11,1200,140,450
2025-06-28,Leh,34.1526,77.5771,1,6,5,19.1,0,81.58,-0.132,102.42,502,3,Kiosk,8,600,90,220
2024-04-06,Andaman,11.7401,92.6586,1,4,5,34.2,0,219.81,0.22,95.42,666,2,Web,7,900,120,300
2024-05-24,Agra,27.1767,78.0081,0,5,4,34.8,0,532.88,0.246,68.82,452,2,Kiosk,1,1300,150,550
2025-05-08,Manali,32.2432,77.1892,0,5,3,23.7,0,237.88,-0.699,64.57,529,1,Web,12,1200,140,450
2024-10-30,Kerala,10.8505,76.2711,0,10,2,22.0,0,869.59,0.266,63.22,384,2,Web,21,1700,220,700
2025-05-22,Kerala,10.8505,76.2711,0,5,3,35.8,0,245.36,0.958,70.63,463,2,App,1,1700,220,700
2024-09-17,Manali,32.2432,77.1892,0,9,1,15.4,0,148.42,-0.001,66.39,149,3,Agent,7,1200,140,450
2024-11-30,Jaipur,26.9124,75.7873,1,11,5,18.8,0,298.27,0.095,52.98,616,1,App,22,1500,180,600
2024-06-24,Varanasi,25.3176,82.9739,0,6,0,38.4,0,457.38,0.787,56.03,393,1,Agent,10,1400,160,500
2024-07-15,Manali,32.2432,77.1892,0,7,0,22.9,1,621.33,-1.0,72.39,726,1,Web,21,1200,140,450
2024-03-12,Andaman,11.7401,92.6586,0,3,1,29.5,0,600.57,-0.293,95.29,524,2,Kiosk,5,900,120,300
2024-04-16,Leh,34.1526,77.5771,0,4,1,14.3,0,490.12,0.382,106.24,309,2,App,10,600,90,220
2025-07-30,Agra,27.1767,78.0081,0,7,2,35.8,0,240.56,0.271,48.94,730,1,Agent,4,1300,150,550
2024-08-22,Manali,32.2432,77.1892,0,8,3,21.8,0,314.72,0.088,63.79,458,3,App,3,1200,140,450
2024-09-24,Manali,32.2432,77.1892,0,9,1,14.7,0,220.69,0.68,60.92,701,2,App,8,1200,140,450
2025-06-12,Goa,15.2993,74.124,0,6,3,39.3,1,68.5,-0.117,84.1,729,3,Kiosk,3,2000,250,800
2024-05-01,Manali,32.2432,77.1892,0,5,2,22.9,0,1395.68,-0.511,71.24,726,2,Web,1,1200,140,450
2025-05-27,Agra,27.1767,78.0081,0,5,1,37.4,0,335.95,-0.863,66.2,743,3,App,8,1300,150,550
2024-09-27,Andaman,11.7401,92.6586,0,9,4,29.5,0,146.44,-0.11,81.72,202,1,App,10,900,120,300
2024-06-03,Goa,15.2993,74.124,0,6,0,41.8,0,592.81,0.026,75.63,767,3,App,30,2000,250,800
2024-03-22,Agra,27.1767,78.0081,0,3,4,26.7,0,259.69,0.002,67.51,282,2,Web,5,1300,150,550
2025-09-07,Leh,34.1526,77.5771,1,9,6,10.5,0,132.4,0.427,101.57,623,3,App,6,600,90,220
2024-03-23,Andaman,11.7401,92.6586,1,3,5,25.4,0,564.2,-0.336,97.66,423,2,Kiosk,8,900,120,300
2025-08-05,Goa,15.2993,74.124,0,8,1,35.0,0,400.18,-0.722,88.2,1015,1,Kiosk,9,2000,250,800
2024-02-16,Jaipur,26.9124,75.7873,0,2,4,23.7,0,314.5,-0.242,59.93,557,4,Kiosk,14,1500,180,600
2024-01-31,Leh,34.1526,77.5771,0,1,2,1.9,1,459.55,0.088,90.68,0,1,Agent,11,600,90,220
2024-09-23,Goa,15.2993,74.124,0,9,0,28.6,0,762.23,-0.121,81.95,771,1,App,23,2000,250,800
2025-05-13,Andaman,11.7401,92.6586,0,5,1,36.2,0,670.5,0.211,95.25,601,3,App,12,900,120,300
2025-03-05,Kerala,10.8505,76.2711,0,3,2,29.8,0,330.65,0.067,64.86,578,2,Agent,21,1700,220,700
2025-02-06,Varanasi,25.3176,82.9739,0,2,3,20.6,1,77.36,0.018,41.68,365,4,Web,14,1400,160,500
2024-07-09,Manali,32.2432,77.1892,0,7,1,24.2,1,39.38,-0.231,74.72,659,3,Agent,18,1200,140,450
2024-04-22,Kerala,10.8505,76.2711,0,4,0,34.5,0,447.38,0.05,68.34,1012,2,Agent,6,1700,220,700
2024-03-15,Varanasi,25.3176,82.9739,0,3,4,28.1,0,151.0,-0.665,48.02,439,1,Agent,12,1400,160,500
2024-09-27,Agra,27.1767,78.0081,0,9,4,28.4,0,166.54,-0.214,52.22,203,2,Agent,22,1300,150,550
2025-06-06,Andaman,11.7401,92.6586,0,6,4,40.4,0,363.37,-0.39,90.58,611,2,App,4,900,120,300
2025-08-11,Agra,27.1767,78.0081,0,8,0,32.7,0,621.11,-0.315,55.74,454,1,Kiosk,5,1300,150,550
2025-02-17,Goa,15.2993,74.124,0,2,0,24.8,0,788.4,0.833,79.16,942,1,Web,19,2000,250,800
2024-12-01,Goa,15.2993,74.124,1,12,6,21.5,0,334.85,1.0,83.64,832,2,Web,34,2000,250,800
2024-07-10,Andaman,11.7401,92.6586,0,7,2,37.0,0,211.94,0.397,98.32,88,3,Agent,11,900,120,300
2025-05-24,Agra,27.1767,78.0081,1,5,5,34.7,0,163.0,-0.385,62.4,790,2,Kiosk,21,1300,150,550
2025-09-11,Leh,34.1526,77.5771,0,9,3,11.1,0,49.84,0.156,88.81,123,2,App,1,600,90,220
2024-09-17,Varanasi,25.3176,82.9739,0,9,1,25.2,0,249.5,-0.388,56.52,294,1,Web,21,1400,160,500
2024-05-25,Andaman,11.7401,92.6586,1,5,5,35.9,0,119.43,-0.039,99.08,814,2,Web,9,900,120,300
2025-08-20,Varanasi,25.3176,82.9739,0,8,2,30.0,0,507.35,0.511,45.35,525,3,App,13,1400,160,500
2025-07-28,Varanasi,25.3176,82.9739,0,7,0,33.8,0,187.92,0.456,46.98,302,2,App,11,1400,160,500
2024-04-06,Goa,15.2993,74.124,1,4,5,37.2,0,173.2,-0.129,70.87,982,2,Web,10,2000,250,800
2024-09-02,Agra,27.1767,78.0081,0,9,0,27.7,0,1177.63,0.095,59.93,473,3,Web,12,1300,150,550
2024-11-09,Andaman,11.7401,92.6586,1,11,5,21.5,0,677.96,0.181,91.14,580,3,Web,12,900,120,300
2024-10-04,Varanasi,25.3176,82.9739,0,10,4,21.7,1,337.4,0.446,52.26,677,2,Agent,13,1400,160,500
2024-07-30,Leh,34.1526,77.5771,0,7,1,16.7,1,321.94,-0.425,93.19,378,2,App,13,600,90,220
2024-03-14,Varanasi,25.3176,82.9739,0,3,3,26.2,0,360.49,0.789,61.59,430,3,Agent,8,1400,160,500
2024-11-09,Goa,15.2993,74.124,1,11,5,23.3,0,286.08,-0.138,73.01,774,2,Web,4,2000,250,800
2025-05-31,Goa,15.2993,74.124,1,5,5,41.2,1,621.52,-0.037,83.31,689,2,Agent,12,2000,250,800
2024-03-19,Agra,27.1767,78.0081,0,3,1,27.7,1,1033.84,0.287,54.51,405,2,Agent,5,1300,150,550
2024-09-09,Varanasi,25.3176,82.9739,0,9,0,26.7,0,995.3,0.155,41.48,192,3,Kiosk,8,1400,160,500
2024-06-02,Kerala,10.8505,76.2711,1,6,6,39.6,0,730.78,-0.348,60.25,661,1,Kiosk,19,1700,220,700
2024-06-28,Jaipur,26.9124,75.7873,0,6,4,36.3,0,427.23,0.314,65.71,738,2,Kiosk,5,1500,180,600
2025-04-29,Varanasi,25.3176,82.9739,0,4,1,34.2,0,1161.81,-0.057,59.85,742,3,App,22,1400,160,500
2024-03-13,Manali,32.2432,77.1892,0,3,2,13.8,0,51.18,0.666,77.57,440,2,Kiosk,13,1200,140,450
2024-05-28,Andaman,11.7401,92.6586,0,5,1,38.0,0,500.54,0.494,89.7,470,2,Agent,1,900,120,300
2025-03-14,Agra,27.1767,78.0081,0,3,4,26.6,0,462.96,0.141,59.8,471,2,Web,6,1300,150,550
2025-04-20,Manali,32.2432,77.1892,1,4,6,21.2,0,269.03,0.577,69.81,473,2,App,1,1200,140,450
2025-05-28,Agra,27.1767,78.0081,0,5,2,35.1,0,412.08,-0.273,56.87,779,1,Web,6,1300,150,550
2025-08-04,Andaman,11.7401,92.6586,0,8,0,32.0,0,311.4,-0.265,81.2,296,2,Kiosk,1,900,120,300
2024-04-30,Jaipur,26.9124,75.7873,0,4,1,31.2,0,709.3,-0.489,66.64,910,3,App,9,1500,180,600
2025-05-08,Agra,27.1767,78.0081,0,5,3,36.9,0,373.57,-0.235,57.16,551,3,App,4,1300,150,550
2024-03-11,Manali,32.2432,77.1892,0,3,0,16.1,0,765.33,-0.415,75.23,365,1,Kiosk,2,1200,140,450
2024-05-25,Goa,15.2993,74.124,1,5,5,39.3,0,656.99,-0.339,90.87,923,2,Kiosk,19,2000,250,800
2025-08-17,Kerala,10.8505,76.2711,1,8,6,35.2,0,702.57,-0.365,69.24,1039,1,Agent,6,1700,220,700
2024-10-31,Jaipur,26.9124,75.7873,0,10,3,24.4,0,102.46,0.594,63.96,517,2,Kiosk,10,1500,180,600
2024-04-28,Leh,34.1526,77.5771,1,4,6,14.0,0,610.56,-0.128,94.83,771,1,App,8,600,90,220
2025-04-23,Jaipur,26.9124,75.7873,0,4,2,33.9,0,450.77,-0.422,67.87,1040,2,App,27,1500,180,600
2025-01-27,Jaipur,26.9124,75.7873,0,1,0,21.2,0,470.17,0.756,54.42,593,2,Agent,14,1500,180,600
2024-09-26,Jaipur,26.9124,75.7873,0,9,3,28.4,1,130.05,0.395,56.08,607,2,Kiosk,36,1500,180,600
2024-08-27,Andaman,11.7401,92.6586,0,8,1,31.9,0,752.9,-0.281,84.63,331,1,Agent,12,900,120,300
2024-01-04,Jaipur,26.9124,75.7873,0,1,3,20.4,0,134.78,-0.71,63.61,666,2,App,45,1500,180,600
2025-09-28,Andaman,11.7401,92.6586,1,9,6,28.7,0,416.68,0.136,81.73,333,2,Web,6,900,120,300
2025-09-30,Agra,27.1767,78.0081,0,9,1,27.3,0,246.65,0.004,43.32,545,2,Web,6,1300,150,550
2024-08-18,Andaman,11.7401,92.6586,1,8,6,33.5,0,595.73,1.0,94.66,504,2,App,9,900,120,300
2024-07-03,Agra,27.1767,78.0081,0,7,2,33.6,0,616.51,-0.718,57.81,642,3,Kiosk,17,1300,150,550
2025-04-07,Varanasi,25.3176,82.9739,0,4,0,31.9,0,215.23,-0.368,49.22,596,2,Web,16,1400,160,500
2024-03-21,Andaman,11.7401,92.6586,0,3,3,27.9,0,244.35,-0.39,91.78,217,3,Agent,2,900,120,300
2025-02-03,Jaipur,26.9124,75.7873,0,2,0,20.6,0,735.4,-0.129,66.45,511,3,Agent,1,1500,180,600
2025-09-13,Manali,32.2432,77.1892,1,9,5,14.6,0,471.2,0.521,68.29,428,3,Web,18,1200,140,450
2025-05-19,Kerala,10.8505,76.2711,0,5,0,38.9,0,657.87,-0.329,61.32,746,1,Web,21,1700,220,700
2025-09-04,Manali,32.2432,77.1892,0,9,3,15.5,1,299.2,0.676,77.95,350,2,Kiosk,3,1200,140,450
2025-04-06,Kerala,10.8505,76.2711,1,4,6,33.4,0,70.33,-0.207,64.59,694,3,App,16,1700,220,700
2024-09-29,Goa,15.2993,74.124,1,9,6,32.4,0,659.21,0.713,77.85,567,3,Kiosk,3,2000,250,800
2024-05-05,Agra,27.1767,78.0081,1,5,6,35.4,0,817.24,0.641,59.32,469,2,App,7,1300,150,550
2024-02-01,Kerala,10.8505,76.2711,0,2,3,24.0,0,166.33,0.445,69.59,640,2,Agent,7,1700,220,700
2024-07-16,Kerala,10.8505,76.2711,0,7,1,37.9,0,235.43,0.82,55.36,572,3,Agent,12,1700,220,700
2024-09-17,Varanasi,25.3176,82.9739,0,9,1,27.0,0,23.94,0.521,54.35,557,3,App,10,1400,160,500
2024-08-06,Kerala,10.8505,76.2711,0,8,1,33.8,0,547.5,-0.347,60.75,800,3,Web,7,1700,220,700
2024-11-07,Goa,15.2993,74.124,0,11,3,18.8,0,857.57,-0.865,75.51,494,3,Web,31,2000,250,800
2024-01-08,Jaipur,26.9124,75.7873,0,1,0,19.7,0,371.68,-0.372,63.54,400,2,Web,7,1500,180,600
2024-05-14,Andaman,11.7401,92.6586,0,5,1,35.5,0,752.53,0.378,93.02,375,3,Web,21,900,120,300
2024-01-27,Agra,27.1767,78.0081,1,1,5,17.9,0,238.96,0.392,52.59,967,2,Web,11,1300,150,550
2024-07-19,Leh,34.1526,77.5771,0,7,4,18.0,0,281.58,-0.311,88.8,374,1,App,19,600,90,220
2025-04-10,Varanasi,25.3176,82.9739,0,4,3,32.2,0,744.63,1.0,55.2,439,3,Kiosk,9,1400,160,500
2024-04-22,Kerala,10.8505,76.2711,0,4,0,33.1,0,836.65,0.07,72.06,1170,3,App,4,1700,220,700
2025-03-22,Goa,15.2993,74.124,1,3,5,28.9,0,318.97,0.254,81.33,372,2,Agent,7,2000,250,800
2025-03-15,Manali,32.2432,77.1892,1,3,5,16.4,0,254.75,1.0,69.03,641,1,Agent,9,1200,140,450
2024-12-05,Andaman,11.7401,92.6586,0,12,3,17.5,0,804.12,-0.42,87.78,189,3,Agent,15,900,120,300
2024-10-25,Goa,15.2993,74.124,0,10,4,23.4,0,67.4,0.595,75.0,996,3,Web,5,2000,250,800
2024-12-24,Agra,27.1767,78.0081,0,12,1,16.9,0,322.58,1.0,49.11,579,1,Web,8,1300,150,550
2024-01-08,Varanasi,25.3176,82.9739,0,1,0,18.8,0,215.61,0.018,60.95,246,2,App,23,1400,160,500
2024-05-13,Jaipur,26.9124,75.7873,0,5,0,35.9,0,289.49,0.676,62.72,354,2,Agent,16,1500,180,600
2025-03-30,Jaipur,26.9124,75.7873,1,3,6,28.8,0,191.21,0.327,57.8,413,2,App,5,1500,180,600
2024-01-11,Manali,32.2432,77.1892,0,1,3,4.7,0,332.11,0.059,74.87,450,2,Web,10,1200,140,450
2024-09-01,Agra,27.1767,78.0081,1,9,6,26.3,0,380.52,0.103,59.3,413,2,Web,1,1300,150,550
2024-01-26,Goa,15.2993,74.124,0,1,4,20.9,0,189.93,-0.522,73.73,691,3,App,6,2000,250,800
2024-01-24,Varanasi,25.3176,82.9739,0,1,2,20.0,0,568.13,0.052,61.76,774,1,Web,16,1400,160,500
2024-07-18,Manali,32.2432,77.1892,0,7,3,23.8,0,135.98,0.76,74.38,326,1,Kiosk,4,1200,140,450
2025-07-26,Varanasi,25.3176,82.9739,1,7,5,34.9,0,139.79,-0.203,40.7,832,2,App,8,1400,160,500
2025-01-27,Kerala,10.8505,76.2711,0,1,0,19.9,0,201.17,0.84,64.32,745,2,Web,7,1700,220,700
2024-07-23,Varanasi,25.3176,82.9739,0,7,1,36.3,0,164.99,0.429,56.37,529,2,App,9,1400,160,500
2025-05-15,Goa,15.2993,74.124,0,5,3,39.5,0,572.55,-0.707,83.45,839,2,Kiosk,15,2000,250,800
2024-10-06,Kerala,10.8505,76.2711,1,10,6,26.1,0,1097.8,-0.946,72.87,724,2,Agent,14,1700,220,700
2024-01-03,Manali,32.2432,77.1892,0,1,2,6.8,0,211.87,-0.987,77.41,249,2,App,5,1200,140,450
2025-01-02,Goa,15.2993,74.124,0,1,3,20.9,0,530.01,0.525,77.74,956,3,App,7,2000,250,800
2024-12-27,Jaipur,26.9124,75.7873,0,12,4,19.7,0,640.15,0.394,57.78,597,1,Agent,29,1500,180,600
2024-05-20,Jaipur,26.9124,75.7873,0,5,0,35.5,0,958.98,-0.519,63.18,844,2,Web,11,1500,180,600
2024-11-22,Varanasi,25.3176,82.9739,0,11,4,20.8,0,266.89,0.651,44.8,669,2,Agent,11,1400,160,500
2025-07-08,Kerala,10.8505,76.2711,0,7,1,38.1,1,840.73,-0.787,74.32,769,2,Agent,14,1700,220,700
2025-05-15,Leh,34.1526,77.5771,0,5,3,16.2,0,723.39,0.292,107.93,440,2,Kiosk,19,600,90,220
2025-08-29,Jaipur,26.9124,75.7873,0,8,4,33.9,0,195.03,0.374,59.02,320,2,Kiosk,28,1500,180,600
2024-11-18,Manali,32.2432,77.1892,0,11,0,5.2,0,55.5,0.243,84.05,118,2,Agent,17,1200,140,450
2024-01-11,Jaipur,26.9124,75.7873,0,1,3,17.7,0,837.99,-0.194,56.62,539,2,Agent,5,1500,180,600
2025-04-18,Leh,34.1526,77.5771,0,4,4,15.7,0,443.56,0.451,87.71,105,2,Web,4,600,90,220
2025-06-10,Kerala,10.8505,76.2711,0,6,1,36.1,0,210.54,-0.328,80.97,699,2,App,12,1700,220,700
2024-08-09,Andaman,11.7401,92.6586,0,8,4,34.6,0,230.34,0.751,89.79,412,2,Web,3,900,120,300
2024-10-17,Goa,15.2993,74.124,0,10,3,23.1,0,1145.38,-0.571,83.45,724,3,Web,8,2000,250,800
2025-06-25,Andaman,11.7401,92.6586,0,6,2,35.6,0,276.52,0.252,100.96,343,2,Agent,6,900,120,300
2025-02-11,Kerala,10.8505,76.2711,0,2,1,24.5,0,332.79,0.831,65.91,652,3,Agent,10,1700,220,700
2024-02-22,Agra,27.1767,78.0081,0,2,3,23.9,1,314.61,-0.665,35.14,186,3,Kiosk,18,1300,150,550
2024-09-23,Agra,27.1767,78.0081,0,9,0,27.7,0,462.09,0.217,63.11,500,3,Web,29,1300,150,550
2024-02-10,Kerala,10.8505,76.2711,1,2,5,24.7,0,549.61,0.918,61.65,647,3,Kiosk,7,1700,220,700
2024-05-16,Leh,34.1526,77.5771,0,5,3,20.7,0,487.05,-0.236,96.86,807,2,App,30,600,90,220
2024-04-05,Kerala,10.8505,76.2711,0,4,4,33.5,0,53.54,0.719,60.96,626,2,Kiosk,9,1700,220,700
2025-07-04,Manali,32.2432,77.1892,0,7,4,23.8,0,149.73,1.0,61.19,113,1,Kiosk,16,1200,140,450
2025-07-14,Manali,32.2432,77.1892,0,7,0,23.4,0,68.5,0.076,75.44,339,2,Agent,6,1200,140,450
2025-03-20,Andaman,11.7401,92.6586,0,3,3,28.2,0,370.68,0.22,93.85,259,2,Agent,10,900,120,300
2025-08-13,Goa,15.2993,74.124,0,8,2,35.8,0,522.96,0.628,75.43,695,1,App,5,2000,250,800
2025-01-30,Leh,34.1526,77.5771,0,1,3,1.6,0,1019.41,0.42,85.94,503,2,Kiosk,1,600,90,220
2025-04-08,Kerala,10.8505,76.2711,0,4,1,33.7,0,999.1,-0.492,75.54,1169,2,App,8,1700,220,700
2024-01-04,Manali,32.2432,77.1892,0,1,3,4.1,0,1152.59,0.448,75.57,893,3,Web,1,1200,140,450
2025-02-24,Varanasi,25.3176,82.9739,0,2,0,20.9,1,336.05,0.619,50.42,687,2,Kiosk,11,1400,160,500
2024-06-07,Andaman,11.7401,92.6586,0,6,4,38.8,0,630.3,0.151,89.1,525,1,Agent,6,900,120,300
2025-01-25,Agra,27.1767,78.0081,1,1,5,18.0,0,575.98,0.575,54.32,852,1,Kiosk,12,1300,150,550
2025-01-10,Jaipur,26.9124,75.7873,0,1,4,21.5,0,473.96,-0.882,64.0,343,3,Kiosk,8,1500,180,600
2025-06-08,Agra,27.1767,78.0081,1,6,6,36.3,0,177.62,0.351,50.9,408,2,Agent,13,1300,150,550
2025-05-13,Jaipur,26.9124,75.7873,0,5,1,38.2,0,330.43,0.195,60.08,532,1,Kiosk,9,1500,180,600
2025-05-13,Andaman,11.7401,92.6586,0,5,1,38.4,1,304.72,0.367,78.2,35,2,Agent,2,900,120,300
2024-09-18,Goa,15.2993,74.124,0,9,2,29.7,0,395.02,0.653,76.52,1136,2,App,2,2000,250,800
2024-04-05,Andaman,11.7401,92.6586,0,4,4,33.6,0,546.37,-0.316,99.37,752,2,Agent,10,900,120,300
2025-06-21,Andaman,11.7401,92.6586,1,6,5,35.7,0,297.32,0.931,99.52,267,2,Agent,17,900,120,300
2024-12-02,Agra,27.1767,78.0081,0,12,0,16.0,0,493.99,0.217,60.83,426,2,Web,8,1300,150,550
2025-05-20,Manali,32.2432,77.1892,0,5,1,21.6,0,1310.13,0.922,82.55,643,4,Web,5,1200,140,450
2024-06-26,Manali,32.2432,77.1892,0,6,2,24.5,1,551.83,-0.245,77.05,623,2,App,18,1200,140,450
2024-11-25,Goa,15.2993,74.124,0,11,0,21.4,0,2135.34,0.833,78.5,1081,2,Agent,7,2000,250,800
2025-03-02,Leh,34.1526,77.5771,1,3,6,10.0,0,325.19,0.89,91.58,572,2,Web,20,600,90,220
2024-06-12,Leh,34.1526,77.5771,0,6,2,19.6,0,409.31,0.726,84.93,341,3,App,7,600,90,220
2024-06-02,Agra,27.1767,78.0081,1,6,6,37.0,0,259.52,-0.08,58.34,575,2,Web,12,1300,150,550
2024-05-20,Jaipur,26.9124,75.7873,0,5,0,37.6,0,337.96,0.376,60.44,364,1,Web,15,1500,180,600
2024-01-14,Jaipur,26.9124,75.7873,1,1,6,20.3,0,150.19,-0.375,56.56,652,2,Web,2,1500,180,600
2024-01-11,Manali,32.2432,77.1892,0,1,3,7.8,0,203.09,1.0,76.67,624,3,Kiosk,5,1200,140,450
2024-09-30,Leh,34.1526,77.5771,0,9,0,10.7,0,137.18,-0.706,91.49,58,3,Agent,32,600,90,220
2024-08-01,Jaipur,26.9124,75.7873,0,8,3,33.3,1,245.23,-0.652,60.62,720,2,Web,19,1500,180,600
2025-04-29,Goa,15.2993,74.124,0,4,1,35.6,0,174.3,1.0,91.8,487,2,Web,8,2000,250,800
2024-01-07,Kerala,10.8505,76.2711,1,1,6,21.0,0,666.26,0.047,65.89,489,2,App,14,1700,220,700
2024-03-06,Andaman,11.7401,92.6586,0,3,2,28.3,0,828.03,-0.081,94.66,435,2,Web,1,900,120,300
2025-08-22,Leh,34.1526,77.5771,0,8,4,14.9,0,217.0,-1.0,80.44,633,2,Web,15,600,90,220
2024-12-28,Kerala,10.8505,76.2711,1,12,5,18.5,0,171.52,0.354,67.91,859,2,Agent,27,1700,220,700
2024-05-24,Goa,15.2993,74.124,0,5,4,36.2,0,27.91,-0.065,74.76,973,2,Web,13,2000,250,800
2025-09-28,Varanasi,25.3176,82.9739,1,9,6,28.0,0,280.08,-0.096,48.07,372,2,Agent,11,1400,160,500
2025-09-26,Kerala,10.8505,76.2711,0,9,4,29.8,0,316.58,-0.926,77.57,428,1,Web,8,1700,220,700
2025-02-11,Agra,27.1767,78.0081,0,2,1,22.4,0,238.65,-0.368,50.06,166,3,Kiosk,14,1300,150,550
2024-04-08,Jaipur,26.9124,75.7873,0,4,0,34.0,0,130.0,-0.282,76.98,650,2,App,3,1500,180,600
2025-06-17,Agra,27.1767,78.0081,0,6,1,36.7,0,38.4,-0.249,58.34,467,3,Agent,10,1300,150,550
2025-05-14,Jaipur,26.9124,75.7873,0,5,2,37.2,0,225.06,0.317,70.48,632,3,Kiosk,12,1500,180,600
2024-07-19,Agra,27.1767,78.0081,0,7,4,37.2,1,228.78,0.508,51.98,326,4,App,1,1300,150,550
2025-09-30,Kerala,10.8505,76.2711,0,9,1,31.4,0,97.58,-0.134,56.24,841,2,Agent,24,1700,220,700
2024-01-22,Jaipur,26.9124,75.7873,0,1,0,21.5,0,867.43,-0.502,54.73,291,2,Kiosk,9,1500,180,600
2024-05-17,Goa,15.2993,74.124,0,5,4,38.6,0,460.91,-0.498,77.82,673,3,Agent,2,2000,250,800
2025-09-10,Andaman,11.7401,92.6586,0,9,2,28.6,0,322.46,0.727,84.85,459,2,App,17,900,120,300
2025-07-13,Manali,32.2432,77.1892,1,7,6,24.8,1,219.76,0.646,78.44,467,2,App,13,1200,140,450
2024-04-23,Agra,27.1767,78.0081,0,4,1,30.2,1,165.38,-0.643,58.15,632,1,App,9,1300,150,550
2025-08-03,Manali,32.2432,77.1892,1,8,6,20.5,0,498.19,0.081,82.68,727,1,App,4,1200,140,450
2024-05-17,Agra,27.1767,78.0081,0,5,4,36.0,0,384.74,0.987,58.59,257,3,Kiosk,24,1300,150,550
2025-06-16,Manali,32.2432,77.1892,0,6,0,24.4,0,775.85,0.055,74.54,592,3,Agent,11,1200,140,450
2025-01-15,Agra,27.1767,78.0081,0,1,2,17.5,0,263.66,-0.152,59.32,253,2,Web,8,1300,150,550
2024-04-25,Varanasi,25.3176,82.9739,0,4,3,31.9,0,652.67,-0.96,37.2,555,2,Web,5,1400,160,500
2024-09-15,Jaipur,26.9124,75.7873,1,9,6,27.4,0,99.09,-0.359,63.98,468,2,App,12,1500,180,600
2024-12-30,Leh,34.1526,77.5771,0,12,0,-1.8,0,268.39,0.395,92.97,460,3,App,1,600,90,220
2024-02-19,Manali,32.2432,77.1892,0,2,0,9.2,1,123.13,0.978,63.68,394,1,Agent,6,1200,140,450
2024-04-12,Leh,34.1526,77.5771,0,4,4,15.9,0,795.45,-0.254,106.98,775,2,Web,8,600,90,220
2024-12-08,Jaipur,26.9124,75.7873,1,12,6,17.4,0,255.46,0.391,62.59,821,2,Kiosk,38,1500,180,600
2024-10-25,Agra,27.1767,78.0081,0,10,4,19.9,0,407.68,0.515,47.93,733,3,App,15,1300,150,550
2024-01-09,Agra,27.1767,78.0081,0,1,1,18.2,0,1004.17,-0.675,65.75,504,1,App,9,1300,150,550
2024-05-11,Leh,34.1526,77.5771,1,5,5,17.7,0,415.95,-0.207,94.47,368,1,App,34,600,90,220
2024-04-20,Goa,15.2993,74.124,1,4,5,34.0,0,523.91,0.023,81.57,1048,4,Agent,10,2000,250,800
2024-11-29,Jaipur,26.9124,75.7873,0,11,4,19.7,0,851.01,0.857,65.92,977,2,Agent,1,1500,180,600
2024-10-28,Manali,32.2432,77.1892,0,10,0,9.0,0,753.4,-0.249,74.68,659,3,App,7,1200,140,450
2024-08-22,Goa,15.2993,74.124,0,8,3,34.5,0,148.95,-0.976,84.09,653,2,Kiosk,11,2000,250,800
2024-04-12,Agra,27.1767,78.0081,0,4,4,33.4,0,503.08,0.745,50.36,445,2,Kiosk,1,1300,150,550
2025-02-14,Andaman,11.7401,92.6586,0,2,4,23.7,0,138.7,0.279,87.13,239,2,Kiosk,12,900,120,300
2024-02-24,Agra,27.1767,78.0081,1,2,5,22.4,0,146.93,0.393,56.85,536,2,Web,7,1300,150,550
2024-05-02,Kerala,10.8505,76.2711,0,5,3,38.2,0,352.08,0.915,67.75,562,2,Agent,23,1700,220,700
2024-09-14,Agra,27.1767,78.0081,1,9,5,24.4,0,420.78,0.942,50.19,634,3,Kiosk,25,1300,150,550
2025-09-06,Andaman,11.7401,92.6586,1,9,5,27.0,0,151.7,0.429,84.36,421,2,Web,17,900,120,300
2025-08-11,Kerala,10.8505,76.2711,0,8,0,34.6,0,285.04,-0.244,60.75,673,3,Kiosk,8,1700,220,700
2025-02-14,Kerala,10.8505,76.2711,0,2,4,25.1,0,502.52,-0.326,68.48,878,2,Web,13,1700,220,700
2024-12-04,Jaipur,26.9124,75.7873,0,12,2,17.1,0,314.0,-0.155,57.66,261,2,Kiosk,16,1500,180,600
2024-03-06,Goa,15.2993,74.124,0,3,2,31.8,0,178.82,0.371,84.47,754,2,Web,3,2000,250,800
2024-05-08,Agra,27.1767,78.0081,0,5,2,34.1,0,94.57,-0.496,58.27,563,3,Web,27,1300,150,550
2024-07-17,Jaipur,26.9124,75.7873,0,7,2,35.5,0,637.06,0.391,55.15,246,2,Agent,12,1500,180,600
2024-10-27,Leh,34.1526,77.5771,1,10,6,4.4,0,530.12,-0.711,84.52,286,2,Agent,45,600,90,220
2025-02-10,Andaman,11.7401,92.6586,0,2,0,23.6,0,362.17,-0.436,100.52,402,2,Web,16,900,120,300
2024-04-30,Agra,27.1767,78.0081,0,4,1,31.0,0,211.57,0.416,56.24,178,2,Agent,3,1300,150,550
2025-02-18,Kerala,10.8505,76.2711,0,2,1,25.4,0,319.72,0.509,85.65,750,2,App,10,1700,220,700
2025-01-12,Jaipur,26.9124,75.7873,1,1,6,20.2,0,720.23,0.333,64.5,818,3,Web,5,1500,180,600
2025-01-04,Agra,27.1767,78.0081,1,1,5,16.8,0,136.91,-0.108,55.82,401,2,Agent,5,1300,150,550
2025-02-07,Varanasi,25.3176,82.9739,0,2,4,21.5,0,562.45,0.397,63.05,1023,3,App,5,1400,160,500
2024-10-15,Varanasi,25.3176,82.9739,0,10,1,22.4,0,923.47,0.59,47.75,513,3,Web,12,1400,160,500
2025-02-02,Varanasi,25.3176,82.9739,1,2,6,23.6,0,288.03,0.3,53.85,529,2,Web,23,1400,160,500
2025-04-05,Goa,15.2993,74.124,1,4,5,33.1,0,864.43,0.571,73.36,779,1,Web,14,2000,250,800
2025-05-13,Goa,15.2993,74.124,0,5,1,37.0,0,792.02,-0.551,76.57,840,3,Agent,7,2000,250,800
2024-02-11,Kerala,10.8505,76.2711,1,2,6,23.4,0,35.1,-0.245,56.7,600,1,Agent,3,1700,220,700
2024-07-26,Jaipur,26.9124,75.7873,0,7,4,34.7,0,486.19,0.356,50.72,464,2,Agent,17,1500,180,600
2024-05-14,Agra,27.1767,78.0081,0,5,1,37.4,0,429.39,0.245,55.95,427,2,Agent,10,1300,150,550
2025-09-11,Varanasi,25.3176,82.9739,0,9,3,24.7,0,113.66,1.0,54.38,502,2,Kiosk,5,1400,160,500
2025-05-25,Leh,34.1526,77.5771,1,5,6,16.5,0,1256.01,0.765,93.65,524,1,Web,4,600,90,220
2024-09-20,Manali,32.2432,77.1892,0,9,4,15.0,0,230.31,0.358,74.63,387,3,Agent,18,1200,140,450
2024-01-01,Leh,34.1526,77.5771,0,1,0,1.9,0,288.35,0.343,90.38,189,3,Agent,26,600,90,220
2024-12-19,Leh,34.1526,77.5771,0,12,3,1.5,0,399.42,0.04,102.25,312,2,Web,40,600,90,220
2024-04-23,Leh,34.1526,77.5771,0,4,1,13.9,0,194.66,-0.291,100.05,322,2,Web,21,600,90,220
2025-05-04,Agra,27.1767,78.0081,1,5,6,34.9,0,544.27,0.622,58.67,715,3,Web,5,1300,150,550
2025-08-18,Leh,34.1526,77.5771,0,8,0,17.2,0,163.05,-0.366,94.01,273,3,Agent,7,600,90,220
2024-05-06,Goa,15.2993,74.124,0,5,0,37.9,0,526.19,-0.072,90.41,845,2,Kiosk,8,2000,250,800
2025-09-14,Manali,32.2432,77.1892,1,9,6,15.8,0,406.01,-0.444,62.61,325,3,Kiosk,1,1200,140,450
2024-04-29,Agra,27.1767,78.0081,0,4,0,32.0,0,302.85,-1.0,60.39,620,2,Agent,2,1300,150,550
2025-08-16,Manali,32.2432,77.1892,1,8,5,20.7,0,379.14,0.082,77.17,351,2,Kiosk,12,1200,140,450
2025-07-12,Leh,34.1526,77.5771,1,7,5,20.3,0,389.77,0.063,96.16,695,2,Kiosk,8,600,90,220
2025-05-16,Kerala,10.8505,76.2711,0,5,4,38.2,0,327.07,0.634,60.3,726,3,Web,15,1700,220,700
2024-09-11,Kerala,10.8505,76.2711,0,9,2,28.9,0,198.92,0.492,51.43,639,2,App,6,1700,220,700
2024-07-12,Kerala,10.8505,76.2711,0,7,4,35.4,0,679.19,-0.152,68.44,1131,3,Web,1,1700,220,700
2025-09-29,Manali,32.2432,77.1892,0,9,0,14.7,1,382.1,0.215,61.82,265,2,Web,10,1200,140,450
2024-04-04,Goa,15.2993,74.124,0,4,3,34.4,0,401.75,0.252,86.98,881,2,Agent,7,2000,250,800
2025-06-12,Leh,34.1526,77.5771,0,6,3,20.0,0,250.3,0.985,87.99,170,2,Web,28,600,90,220
2025-07-15,Jaipur,26.9124,75.7873,0,7,1,36.7,0,296.87,-0.405,59.6,655,2,App,20,1500,180,600
2024-07-08,Andaman,11.7401,92.6586,0,7,0,36.7,1,289.74,-0.004,77.68,345,2,Kiosk,29,900,120,300
2025-06-25,Varanasi,25.3176,82.9739,0,6,2,37.5,0,1098.06,0.086,59.9,652,1,Agent,3,1400,160,500
2025-06-07,Varanasi,25.3176,82.9739,1,6,5,37.3,0,605.32,-0.38,51.07,825,1,Agent,11,1400,160,500
2024-06-29,Manali,32.2432,77.1892,1,6,5,24.7,0,903.26,0.118,70.79,462,2,Agent,9,1200,140,450
2025-03-07,Manali,32.2432,77.1892,0,3,4,15.6,0,646.88,0.162,79.13,407,2,App,21,1200,140,450
2024-09-25,Jaipur,26.9124,75.7873,0,9,2,28.6,0,306.0,-0.781,52.2,336,2,Agent,8,1500,180,600
2025-09-11,Jaipur,26.9124,75.7873,0,9,3,27.6,0,216.9,0.411,53.43,609,2,App,6,1500,180,600
2024-03-01,Goa,15.2993,74.124,0,3,4,29.3,0,138.73,0.667,79.98,649,2,Kiosk,13,2000,250,800
2024-11-16,Agra,27.1767,78.0081,1,11,5,18.5,0,472.93,-0.224,67.28,541,2,Kiosk,18,1300,150,550
2024-01-22,Goa,15.2993,74.124,0,1,0,20.5,0,909.79,-0.4,85.92,730,2,App,21,2000,250,800
2025-09-16,Andaman,11.7401,92.6586,0,9,1,28.7,0,495.25,0.013,92.24,588,2,App,30,900,120,300
2025-03-19,Goa,15.2993,74.124,0,3,2,30.3,0,1045.15,-0.022,90.9,642,2,Kiosk,17,2000,250,800
2025-06-04,Manali,32.2432,77.1892,0,6,2,23.3,0,310.44,0.152,72.7,331,2,Kiosk,10,1200,140,450
2025-07-06,Leh,34.1526,77.5771,1,7,6,17.9,0,615.72,-0.622,105.72,732,2,App,11,600,90,220
2024-07-30,Agra,27.1767,78.0081,0,7,1,36.7,0,87.18,0.375,49.16,245,1,Agent,12,1300,150,550
2024-03-14,Agra,27.1767,78.0081,0,3,3,26.8,0,274.81,-0.221,49.44,303,2,App,18,1300,150,550
2024-04-17,Leh,34.1526,77.5771,0,4,2,13.8,0,418.17,-0.862,97.07,475,2,Kiosk,3,600,90,220
2024-04-22,Kerala,10.8505,76.2711,0,4,0,32.0,0,600.71,1.0,62.58,523,3,Kiosk,2,1700,220,700
2024-02-10,Goa,15.2993,74.124,1,2,5,24.7,0,359.14,-0.627,76.86,538,4,App,14,2000,250,800
2025-07-25,Leh,34.1526,77.5771,0,7,4,17.9,0,586.32,-0.257,88.97,335,1,App,11,600,90,220
2025-01-07,Varanasi,25.3176,82.9739,0,1,1,16.7,0,520.25,-0.127,48.34,537,2,Web,5,1400,160,500
2025-09-06,Manali,32.2432,77.1892,1,9,5,16.2,0,892.04,0.259,67.43,113,1,Kiosk,11,1200,140,450
2025-04-16,Agra,27.1767,78.0081,0,4,2,32.6,0,279.22,-1.0,55.77,699,2,Agent,16,1300,150,550
2025-05-23,Varanasi,25.3176,82.9739,0,5,4,35.2,0,1164.21,-0.579,51.16,754,1,Web,7,1400,160,500
2025-09-11,Goa,15.2993,74.124,0,9,3,29.3,0,318.52,1.0,72.96,803,2,App,11,2000,250,800
2024-05-15,Varanasi,25.3176,82.9739,0,5,2,35.0,0,72.35,-1.0,50.04,539,3,Agent,6,1400,160,500
2024-02-15,Leh,34.1526,77.5771,0,2,3,3.3,0,275.58,-0.208,92.64,0,2,Kiosk,7,600,90,220
2024-02-28,Manali,32.2432,77.1892,0,2,2,9.4,0,756.39,0.049,71.38,371,2,Agent,15,1200,140,450
2024-09-24,Jaipur,26.9124,75.7873,0,9,1,28.5,0,780.38,0.574,55.5,857,2,Web,1,1500,180,600
2025-07-28,Andaman,11.7401,92.6586,0,7,0,36.5,1,1726.42,-0.449,99.31,471,3,Kiosk,1,900,120,300
2025-09-21,Agra,27.1767,78.0081,1,9,6,26.3,0,457.2,-0.181,56.52,626,3,Agent,27,1300,150,550
2024-01-12,Goa,15.2993,74.124,0,1,4,21.5,1,311.9,0.945,90.33,874,1,Agent,1,2000,250,800
2025-07-15,Manali,32.2432,77.1892,0,7,1,24.1,0,274.5,-0.069,67.6,485,2,Web,17,1200,140,450
2025-02-09,Leh,34.1526,77.5771,1,2,6,7.8,0,278.39,-0.225,91.24,360,2,Web,5,600,90,220
2024-01-29,Leh,34.1526,77.5771,0,1,0,0.2,0,126.39,-0.597,92.9,107,2,App,13,600,90,220
2025-04-16,Andaman,11.7401,92.6586,0,4,2,33.3,0,121.9,0.895,93.57,387,2,Web,24,900,120,300
2025-08-29,Manali,32.2432,77.1892,0,8,4,20.4,0,372.07,-0.282,48.79,376,2,Agent,21,1200,140,450
2024-12-14,Kerala,10.8505,76.2711,1,12,5,20.7,0,737.76,-0.192,66.38,701,2,Agent,8,1700,220,700
2024-03-02,Leh,34.1526,77.5771,1,3,5,12.1,0,306.17,0.788,108.29,166,1,App,22,600,90,220
2024-05-18,Leh,34.1526,77.5771,1,5,5,18.8,0,197.99,-0.182,109.39,713,2,Agent,15,600,90,220
2025-04-14,Leh,34.1526,77.5771,0,4,0,14.9,0,718.26,0.041,84.71,277,1,Agent,10,600,90,220
2024-03-13,Jaipur,26.9124,75.7873,0,3,2,28.2,0,292.98,-0.208,64.33,311,2,Kiosk,12,1500,180,600
2025-07-13,Leh,34.1526,77.5771,1,7,6,17.7,0,511.12,0.451,98.11,183,1,Kiosk,3,600,90,220
2024-02-18,Manali,32.2432,77.1892,1,2,6,8.2,0,171.8,0.667,68.33,706,1,Web,14,1200,140,450
2024-09-27,Manali,32.2432,77.1892,0,9,4,14.3,0,383.89,-0.059,70.57,108,2,Agent,14,1200,140,450
2025-03-02,Varanasi,25.3176,82.9739,1,3,6,27.0,0,188.3,-0.153,54.95,517,2,Web,9,1400,160,500
2024-08-25,Varanasi,25.3176,82.9739,1,8,6,31.2,0,318.77,-0.189,46.06,717,1,Agent,8,1400,160,500
2025-09-26,Goa,15.2993,74.124,0,9,4,29.0,0,499.76,-0.175,69.93,414,1,Agent,19,2000,250,800
2024-06-05,Varanasi,25.3176,82.9739,0,6,2,37.1,0,372.25,-0.168,49.46,821,1,App,8,1400,160,500
2025-02-21,Manali,32.2432,77.1892,0,2,4,10.0,0,93.22,0.772,76.22,678,2,App,9,1200,140,450
2025-07-08,Goa,15.2993,74.124,0,7,1,39.3,0,1133.95,0.693,83.06,557,2,Kiosk,15,2000,250,800
2024-04-25,Varanasi,25.3176,82.9739,0,4,3,30.9,1,341.45,-0.121,54.0,484,1,Agent,21,1400,160,500
2025-04-09,Leh,34.1526,77.5771,0,4,2,15.8,0,537.01,-0.324,111.28,432,2,Agent,8,600,90,220
2024-02-01,Varanasi,25.3176,82.9739,0,2,3,22.8,0,157.13,0.074,47.3,346,2,App,16,1400,160,500
2025-06-07,Varanasi,25.3176,82.9739,1,6,5,34.6,1,755.38,-0.107,45.52,481,3,Agent,22,1400,160,500
2024-06-22,Varanasi,25.3176,82.9739,1,6,5,38.4,0,427.04,0.177,48.45,483,1,Agent,3,1400,160,500
2025-06-20,Varanasi,25.3176,82.9739,0,6,4,35.8,0,116.33,0.25,40.7,696,1,Kiosk,9,1400,160,500
2024-06-08,Agra,27.1767,78.0081,1,6,5,34.5,0,641.23,0.036,59.3,613,2,Agent,15,1300,150,550
2024-01-16,Agra,27.1767,78.0081,0,1,1,19.9,0,1316.75,1.0,66.35,710,2,App,18,1300,150,550
2024-09-28,Andaman,11.7401,92.6586,1,9,5,27.1,0,1913.8,0.573,89.07,820,2,Web,3,900,120,300
2025-02-03,Manali,32.2432,77.1892,0,2,0,9.0,0,557.96,0.056,77.87,299,2,Agent,9,1200,140,450
2024-06-14,Manali,32.2432,77.1892,0,6,4,25.9,0,1244.29,0.294,75.5,783,2,Kiosk,5,1200,140,450
2024-02-04,Goa,15.2993,74.124,1,2,6,25.3,0,463.45,0.143,78.28,716,2,App,15,2000,250,800
2024-05-28,Jaipur,26.9124,75.7873,0,5,1,37.5,0,250.5,-0.183,65.31,806,2,Kiosk,8,1500,180,600
2024-11-12,Andaman,11.7401,92.6586,0,11,1,18.4,0,551.72,0.669,87.46,847,3,Web,17,900,120,300
2025-09-24,Agra,27.1767,78.0081,0,9,2,26.6,0,687.2,-0.281,55.62,233,3,Kiosk,6,1300,150,550
2024-06-08,Kerala,10.8505,76.2711,1,6,5,37.2,0,327.87,0.323,68.32,651,3,Agent,4,1700,220,700
2024-06-11,Jaipur,26.9124,75.7873,0,6,1,35.8,0,75.14,-0.282,62.48,577,2,Kiosk,20,1500,180,600
2024-11-06,Kerala,10.8505,76.2711,0,11,2,22.3,0,1004.01,0.941,63.17,700,1,App,10,1700,220,700
2024-04-19,Andaman,11.7401,92.6586,0,4,4,33.0,0,445.71,-0.091,102.62,626,2,App,10,900,120,300
2025-06-18,Jaipur,26.9124,75.7873,0,6,2,36.8,0,218.42,-0.188,59.81,662,2,Web,21,1500,180,600
2025-03-01,Andaman,11.7401,92.6586,1,3,5,30.3,0,440.21,-1.0,95.55,749,3,Agent,3,900,120,300
2025-03-11,Kerala,10.8505,76.2711,0,3,1,28.6,0,785.89,0.397,66.25,850,2,Agent,46,1700,220,700
2025-01-29,Goa,15.2993,74.124,0,1,2,21.9,0,61.51,1.0,77.36,769,1,Web,11,2000,250,800
2025-04-30,Goa,15.2993,74.124,0,4,2,35.7,0,655.7,1.0,79.57,812,2,Kiosk,1,2000,250,800
2025-01-20,Andaman,11.7401,92.6586,0,1,0,19.6,0,287.52,-0.436,85.32,64,3,Kiosk,11,900,120,300
2024-04-22,Manali,32.2432,77.1892,0,4,0,20.7,0,148.35,-0.413,73.16,589,2,Agent,25,1200,140,450
2024-01-29,Goa,15.2993,74.124,0,1,0,18.6,0,281.42,0.085,74.39,426,3,Agent,11,2000,250,800
2024-07-12,Kerala,10.8505,76.2711,0,7,4,37.6,0,145.06,0.464,69.33,681,2,Web,10,1700,220,700
2024-06-16,Leh,34.1526,77.5771,1,6,6,18.7,0,437.25,-0.5,97.67,679,3,Agent,7,600,90,220
2025-05-19,Leh,34.1526,77.5771,0,5,0,18.6,0,775.96,-0.148,90.16,209,2,Agent,14,600,90,220
2025-05-08,Jaipur,26.9124,75.7873,0,5,3,36.7,0,555.52,0.278,58.74,683,2,App,4,1500,180,600
2025-09-28,Varanasi,25.3176,82.9739,1,9,6,28.2,0,248.6,-0.219,51.92,448,3,Kiosk,3,1400,160,500
2025-05-31,Agra,27.1767,78.0081,1,5,5,36.7,0,664.53,0.592,61.95,558,2,App,5,1300,150,550
2025-09-24,Andaman,11.7401,92.6586,0,9,2,27.5,0,432.26,-0.373,91.86,233,2,Agent,14,900,120,300
2025-09-11,Goa,15.2993,74.124,0,9,3,29.1,0,441.74,-0.435,79.46,601,2,Kiosk,8,2000,250,800
2024-08-28,Varanasi,25.3176,82.9739,0,8,2,30.1,0,737.11,0.759,54.52,547,2,App,7,1400,160,500
2025-05-28,Jaipur,26.9124,75.7873,0,5,2,37.4,0,405.99,-0.759,64.83,818,2,Web,4,1500,180,600
2025-05-16,Andaman,11.7401,92.6586,0,5,4,36.9,0,445.97,0.151,90.89,397,2,App,21,900,120,300
2025-06-01,Leh,34.1526,77.5771,1,6,6,19.4,1,297.2,-0.71,96.06,234,1,Kiosk,3,600,90,220
2025-03-08,Agra,27.1767,78.0081,1,3,5,28.0,0,520.06,0.836,52.42,797,3,App,7,1300,150,550
2024-01-23,Agra,27.1767,78.0081,0,1,1,18.6,0,240.86,0.547,58.08,629,2,App,14,1300,150,550
2025-06-04,Manali,32.2432,77.1892,0,6,2,26.7,1,108.35,0.616,81.45,107,3,Kiosk,1,1200,140,450
2025-01-19,Varanasi,25.3176,82.9739,1,1,6,16.4,0,805.01,-0.413,58.33,590,3,Agent,14,1400,160,500
2025-06-18,Varanasi,25.3176,82.9739,0,6,2,35.2,1,619.16,-0.257,43.21,464,3,Agent,8,1400,160,500
2024-06-11,Varanasi,25.3176,82.9739,0,6,1,38.3,0,227.34,-0.192,50.63,514,3,App,3,1400,160,500
2024-06-03,Kerala,10.8505,76.2711,0,6,0,38.1,0,90.65,-0.713,64.71,692,2,App,3,1700,220,700
2024-06-23,Jaipur,26.9124,75.7873,1,6,6,38.9,0,108.22,-0.213,61.01,892,3,Web,8,1500,180,600
2024-04-11,Agra,27.1767,78.0081,0,4,3,32.7,0,686.07,-1.0,48.68,513,2,App,3,1300,150,550
2024-05-21,Agra,27.1767,78.0081,0,5,1,36.6,0,311.54,0.886,61.47,214,1,Kiosk,19,1300,150,550
2025-06-20,Varanasi,25.3176,82.9739,0,6,4,36.0,0,1002.27,-0.286,59.1,844,3,Kiosk,4,1400,160,500
2025-07-14,Kerala,10.8505,76.2711,0,7,0,38.3,0,1145.09,-0.535,69.61,904,2,Web,34,1700,220,700
2025-02-10,Kerala,10.8505,76.2711,0,2,0,24.1,0,481.39,-0.288,65.75,595,3,Agent,28,1700,220,700
2025-09-01,Kerala,10.8505,76.2711,0,9,0,27.2,1,815.94,-0.171,69.46,600,2,App,6,1700,220,700
2024-01-07,Goa,15.2993,74.124,1,1,6,19.8,0,223.89,-0.31,75.71,480,2,Web,18,2000,250,800
2025-08-21,Andaman,11.7401,92.6586,0,8,3,33.4,0,491.19,0.126,92.58,541,1,Agent,6,900,120,300
2024-06-29,Jaipur,26.9124,75.7873,1,6,5,38.5,0,229.6,0.158,60.89,564,1,Agent,1,1500,180,600
2025-02-07,Kerala,10.8505,76.2711,0,2,4,22.9,0,630.7,0.448,65.14,832,1,Agent,27,1700,220,700
2024-10-19,Jaipur,26.9124,75.7873,1,10,5,23.6,0,1476.08,0.568,62.1,563,2,Agent,30,1500,180,600
2024-01-02,Jaipur,26.9124,75.7873,0,1,1,21.4,0,512.08,-0.351,67.44,605,2,App,10,1500,180,600
2024-06-11,Agra,27.1767,78.0081,0,6,1,36.7,0,211.78,0.321,63.01,426,3,Agent,5,1300,150,550
2024-12-09,Leh,34.1526,77.5771,0,12,0,2.7,1,371.54,-0.923,84.61,195,1,Agent,14,600,90,220
2024-06-30,Goa,15.2993,74.124,1,6,6,43.0,0,382.76,0.389,79.63,816,4,Kiosk,13,2000,250,800
2024-01-04,Leh,34.1526,77.5771,0,1,3,1.7,0,162.86,-0.321,98.91,217,1,Kiosk,9,600,90,220
2024-05-24,Agra,27.1767,78.0081,0,5,4,37.2,0,299.41,0.479,56.51,369,2,Kiosk,12,1300,150,550
2024-08-03,Goa,15.2993,74.124,1,8,5,37.7,0,319.28,-0.185,71.46,974,1,Web,13,2000,250,800
2024-03-14,Varanasi,25.3176,82.9739,0,3,3,25.2,0,402.11,0.373,49.51,566,1,Web,37,1400,160,500
2025-04-09,Goa,15.2993,74.124,0,4,2,35.2,0,262.01,0.601,71.98,550,2,Web,9,2000,250,800
2024-03-29,Leh,34.1526,77.5771,0,3,4,9.7,1,48.64,-0.333,104.66,324,2,Web,3,600,90,220
2025-07-22,Andaman,11.7401,92.6586,0,7,1,37.4,0,375.98,0.614,90.59,82,3,Agent,11,900,120,300
2024-05-12,Manali,32.2432,77.1892,1,5,6,25.4,0,288.7,0.112,82.21,575,3,Kiosk,8,1200,140,450
2025-07-07,Leh,34.1526,77.5771,0,7,0,17.9,0,163.98,0.289,111.33,548,2,Agent,1,600,90,220
2025-06-12,Kerala,10.8505,76.2711,0,6,3,38.7,0,365.82,-0.998,58.78,641,3,Agent,26,1700,220,700
2024-10-28,Andaman,11.7401,92.6586,0,10,0,23.6,0,1128.3,-1.0,82.07,327,2,Agent,5,900,120,300
2024-04-17,Varanasi,25.3176,82.9739,0,4,2,32.3,0,556.32,0.22,50.24,494,1,Agent,3,1400,160,500
2025-02-07,Manali,32.2432,77.1892,0,2,4,11.1,0,605.01,-0.146,72.42,684,2,Web,10,1200,140,450
2024-10-04,Manali,32.2432,77.1892,0,10,4,10.7,0,724.25,-0.791,65.06,304,2,Kiosk,4,1200,140,450
2024-02-11,Goa,15.2993,74.124,1,2,6,25.5,0,183.36,1.0,76.29,1009,3,App,6,2000,250,800
2024-11-30,Goa,15.2993,74.124,1,11,5,22.7,0,163.9,0.35,72.79,1009,2,App,5,2000,250,800
2025-02-27,Varanasi,25.3176,82.9739,0,2,3,20.4,0,139.46,0.871,45.48,670,2,Agent,10,1400,160,500
2024-01-07,Agra,27.1767,78.0081,1,1,6,18.5,0,131.57,-1.0,61.7,143,1,Agent,25,1300,150,550
2024-07-15,Kerala,10.8505,76.2711,0,7,0,37.8,0,249.56,-0.775,70.54,784,2,App,4,1700,220,700
2025-03-19,Leh,34.1526,77.5771,0,3,2,8.6,0,997.78,-0.235,96.95,190,2,Agent,19,600,90,220
2024-11-25,Leh,34.1526,77.5771,0,11,0,2.4,0,683.77,0.721,98.37,666,4,Kiosk,17,600,90,220
2025-07-30,Manali,32.2432,77.1892,0,7,2,24.6,0,14.68,-0.242,73.44,566,3,Kiosk,29,1200,140,450
2024-12-20,Manali,32.2432,77.1892,0,12,4,4.4,0,936.9,-0.107,72.8,370,4,Web,4,1200,140,450
2024-09-26,Manali,32.2432,77.1892,0,9,3,14.5,0,368.54,-0.484,69.19,264,2,App,7,1200,140,450
2024-05-04,Agra,27.1767,78.0081,1,5,5,36.5,0,364.16,0.707,73.13,674,2,Web,12,1300,150,550
2024-10-16,Jaipur,26.9124,75.7873,0,10,2,23.4,0,201.52,0.694,64.96,915,3,Web,4,1500,180,600
2025-03-06,Andaman,11.7401,92.6586,0,3,3,27.2,1,569.36,-0.643,96.36,285,2,Kiosk,3,900,120,300
2024-04-19,Agra,27.1767,78.0081,0,4,4,32.1,0,184.17,0.516,51.95,179,2,Agent,12,1300,150,550
2025-01-11,Varanasi,25.3176,82.9739,1,1,5,20.4,0,232.31,-1.0,50.41,452,4,Agent,4,1400,160,500
2025-08-09,Manali,32.2432,77.1892,1,8,5,18.8,0,365.37,0.714,77.33,502,3,Web,8,1200,140,450
2024-10-04,Manali,32.2432,77.1892,0,10,4,9.7,0,111.07,0.203,64.42,253,2,Agent,13,1200,140,450
2025-06-21,Leh,34.1526,77.5771,1,6,5,21.1,1,190.6,-0.608,99.28,373,2,App,12,600,90,220
2024-12-31,Varanasi,25.3176,82.9739,0,12,1,17.8,0,231.1,-0.156,44.81,222,3,Agent,7,1400,160,500
2025-09-06,Varanasi,25.3176,82.9739,1,9,5,26.3,0,695.73,-0.057,49.03,253,2,Kiosk,4,1400,160,500
2024-05-09,Manali,32.2432,77.1892,0,5,3,25.0,0,361.53,-0.415,73.31,545,2,Agent,11,1200,140,450
2025-02-24,Agra,27.1767,78.0081,0,2,0,20.8,0,847.32,-0.625,51.89,363,2,Agent,14,1300,150,550
2024-04-21,Kerala,10.8505,76.2711,1,4,6,34.3,0,458.94,-0.78,72.31,1144,2,App,13,1700,220,700
2024-11-19,Goa,15.2993,74.124,0,11,1,22.2,1,245.54,0.207,73.48,663,1,Agent,6,2000,250,800
2024-05-08,Andaman,11.7401,92.6586,0,5,2,37.9,0,790.32,0.421,100.27,415,2,App,3,900,120,300
2025-01-11,Kerala,10.8505,76.2711,1,1,5,21.8,0,536.22,0.77,65.32,806,3,Kiosk,7,1700,220,700
2024-06-04,Varanasi,25.3176,82.9739,0,6,1,38.1,0,113.79,0.702,49.59,227,1,Agent,22,1400,160,500
2024-01-25,Goa,15.2993,74.124,0,1,3,23.3,0,583.94,-0.439,77.07,589,3,Kiosk,4,2000,250,800
2024-11-21,Kerala,10.8505,76.2711,0,11,3,20.3,0,131.41,-0.192,60.81,439,1,App,8,1700,220,700
2024-12-07,Agra,27.1767,78.0081,1,12,5,17.4,0,176.3,1.0,49.68,618,1,Kiosk,7,1300,150,550
2024-05-31,Varanasi,25.3176,82.9739,0,5,4,36.6,0,68.2,0.76,49.86,540,2,Web,16,1400,160,500
2024-03-09,Agra,27.1767,78.0081,1,3,5,25.4,0,346.13,0.146,63.79,291,1,Web,9,1300,150,550
2024-04-20,Jaipur,26.9124,75.7873,1,4,5,32.5,0,184.57,-0.438,64.6,887,2,Web,4,1500,180,600
2024-06-02,Jaipur,26.9124,75.7873,1,6,6,38.1,0,704.26,0.362,62.85,465,1,Agent,10,1500,180,600
2025-05-05,Kerala,10.8505,76.2711,0,5,0,37.1,0,170.76,-0.403,66.29,621,1,Agent,6,1700,220,700
2024-08-24,Jaipur,26.9124,75.7873,1,8,5,32.6,0,219.32,-0.115,66.65,947,3,App,9,1500,180,600
2024-04-02,Leh,34.1526,77.5771,0,4,1,13.8,0,673.04,0.364,90.58,198,4,Web,19,600,90,220
2025-03-12,Kerala,10.8505,76.2711,0,3,2,28.2,0,270.54,-0.929,65.86,310,1,Agent,16,1700,220,700
2024-08-21,Agra,27.1767,78.0081,0,8,2,32.5,0,83.38,0.536,49.76,386,1,Agent,2,1300,150,550
2025-04-10,Agra,27.1767,78.0081,0,4,3,30.3,0,286.5,1.0,58.01,236,2,Agent,6,1300,150,550
2024-01-30,Agra,27.1767,78.0081,0,1,1,14.7,0,410.6,0.012,64.22,556,2,Kiosk,6,1300,150,550
2024-06-11,Manali,32.2432,77.1892,0,6,1,25.3,1,153.63,-1.0,81.99,424,1,Agent,40,1200,140,450
2025-05-25,Leh,34.1526,77.5771,1,5,6,19.7,0,860.27,1.0,93.7,532,1,App,15,600,90,220
2025-08-04,Goa,15.2993,74.124,0,8,0,34.6,1,281.86,-0.659,89.46,750,3,App,15,2000,250,800
2024-03-06,Kerala,10.8505,76.2711,0,3,2,29.6,0,298.76,0.365,73.0,584,1,Agent,2,1700,220,700
2025-02-08,Manali,32.2432,77.1892,1,2,5,9.5,0,783.79,-0.091,75.48,516,3,Kiosk,1,1200,140,450
2025-03-11,Goa,15.2993,74.124,0,3,1,28.4,0,85.89,0.815,78.88,661,2,Agent,1,2000,250,800
2025-08-17,Jaipur,26.9124,75.7873,1,8,6,33.6,0,398.59,0.521,58.61,620,1,App,10,1500,180,600
2024-06-24,Andaman,11.7401,92.6586,0,6,0,38.9,0,360.81,0.736,91.57,51,2,Kiosk,11,900,120,300
2024-10-14,Jaipur,26.9124,75.7873,0,10,0,24.5,0,192.22,-0.211,68.39,414,3,Web,5,1500,180,600
2024-12-10,Jaipur,26.9124,75.7873,0,12,1,18.9,0,224.06,0.854,60.0,579,2,Kiosk,7,1500,180,600
2025-09-25,Goa,15.2993,74.124,0,9,3,32.1,0,689.21,0.713,66.65,594,1,Kiosk,22,2000,250,800
2025-04-04,Varanasi,25.3176,82.9739,0,4,4,31.9,0,384.74,-0.32,49.13,442,2,Kiosk,16,1400,160,500
2024-10-01,Andaman,11.7401,92.6586,0,10,1,23.0,0,135.62,-0.169,91.31,115,2,Web,13,900,120,300
2025-07-17,Kerala,10.8505,76.2711,0,7,3,38.2,0,511.93,-0.223,79.2,1163,3,App,3,1700,220,700
2025-09-15,Kerala,10.8505,76.2711,0,9,0,28.4,0,199.78,-0.215,70.42,435,2,App,20,1700,220,700
2024-05-19,Kerala,10.8505,76.2711,1,5,6,38.6,0,519.45,0.612,67.71,674,2,App,8,1700,220,700
2025-04-29,Agra,27.1767,78.0081,0,4,1,32.0,0,283.97,-0.284,61.62,549,2,App,8,1300,150,550
2025-02-13,Kerala,10.8505,76.2711,0,2,3,23.0,0,249.01,-0.731,77.87,556,2,App,22,1700,220,700
2025-07-14,Varanasi,25.3176,82.9739,0,7,0,36.3,0,754.61,-0.07,46.09,439,2,Kiosk,3,1400,160,500
2025-03-15,Jaipur,26.9124,75.7873,1,3,5,27.1,0,532.81,-0.778,68.45,699,2,Kiosk,4,1500,180,600
2024-10-22,Kerala,10.8505,76.2711,0,10,1,23.4,0,1076.59,0.361,69.25,1126,2,Web,17,1700,220,700
2025-04-08,Varanasi,25.3176,82.9739,0,4,1,32.5,0,155.9,0.331,45.98,628,2,Agent,7,1400,160,500
2025-07-24,Goa,15.2993,74.124,0,7,3,40.0,1,168.66,-0.153,77.61,969,2,Web,10,2000,250,800
2024-05-07,Kerala,10.8505,76.2711,0,5,1,36.2,0,127.98,0.088,69.19,611,2,Agent,5,1700,220,700
2024-09-22,Jaipur,26.9124,75.7873,1,9,6,29.7,0,369.68,-0.622,66.91,303,1,Kiosk,2,1500,180,600
2025-01-30,Andaman,11.7401,92.6586,0,1,3,19.4,0,257.22,-0.323,103.85,377,2,App,13,900,120,300
2025-02-19,Kerala,10.8505,76.2711,0,2,2,23.6,0,241.59,-0.304,65.75,403,2,Agent,6,1700,220,700
2024-12-07,Agra,27.1767,78.0081,1,12,5,18.0,0,132.29,-0.322,47.14,424,1,Agent,11,1300,150,550
2025-03-06,Varanasi,25.3176,82.9739,0,3,3,26.5,0,297.35,-0.328,43.19,379,2,App,4,1400,160,500
2025-02-12,Varanasi,25.3176,82.9739,0,2,2,20.7,0,168.4,-0.916,58.33,289,2,Web,11,1400,160,500
2024-04-19,Andaman,11.7401,92.6586,0,4,4,33.2,0,519.63,0.321,89.8,522,2,Kiosk,3,900,120,300
2024-10-15,Leh,34.1526,77.5771,0,10,1,4.6,0,1106.06,-0.095,100.84,363,3,Web,10,600,90,220
2024-08-30,Jaipur,26.9124,75.7873,0,8,4,33.3,0,883.24,0.42,65.86,457,1,Agent,2,1500,180,600
2024-11-09,Kerala,10.8505,76.2711,1,11,5,19.4,0,216.12,-1.0,57.15,673,3,Web,32,1700,220,700
2024-05-05,Manali,32.2432,77.1892,1,5,6,22.7,0,215.77,0.784,60.18,103,3,Agent,17,1200,140,450
2025-03-07,Jaipur,26.9124,75.7873,0,3,4,27.8,0,365.62,-0.729,68.7,313,3,Kiosk,6,1500,180,600
2024-09-16,Jaipur,26.9124,75.7873,0,9,0,26.5,0,374.51,-1.0,51.92,317,2,App,37,1500,180,600
2025-06-19,Agra,27.1767,78.0081,0,6,3,37.6,0,154.42,0.157,60.61,566,3,Web,26,1300,150,550
2025-09-08,Leh,34.1526,77.5771,0,9,0,9.7,0,341.21,0.688,98.72,634,4,App,5,600,90,220
2025-04-18,Agra,27.1767,78.0081,0,4,4,31.2,1,273.88,-0.101,53.47,477,3,Kiosk,3,1300,150,550
2024-12-09,Manali,32.2432,77.1892,0,12,0,4.8,0,70.83,-0.103,72.1,465,1,App,4,1200,140,450
2025-03-10,Goa,15.2993,74.124,0,3,0,29.6,0,203.19,-0.62,64.46,599,1,Kiosk,9,2000,250,800
2024-06-12,Agra,27.1767,78.0081,0,6,2,36.7,0,348.86,0.027,65.67,691,2,Kiosk,23,1300,150,550
2024-12-17,Jaipur,26.9124,75.7873,0,12,1,17.3,0,631.28,0.346,63.97,520,2,Agent,22,1500,180,600
2024-08-04,Jaipur,26.9124,75.7873,1,8,6,33.3,0,585.98,0.547,61.6,686,3,App,8,1500,180,600
2024-10-25,Kerala,10.8505,76.2711,0,10,4,23.6,0,449.36,0.469,63.78,835,2,Kiosk,8,1700,220,700
2025-06-13,Agra,27.1767,78.0081,0,6,4,36.7,0,1020.67,-0.045,51.9,747,3,Web,5,1300,150,550
2024-12-01,Goa,15.2993,74.124,1,12,6,17.7,0,395.13,-0.532,79.74,726,2,App,6,2000,250,800
2025-08-14,Manali,32.2432,77.1892,0,8,3,18.6,0,48.26,0.156,75.18,375,3,Kiosk,17,1200,140,450
2024-07-22,Manali,32.2432,77.1892,0,7,0,24.2,0,677.28,0.398,78.34,406,2,Web,8,1200,140,450
2024-12-31,Kerala,10.8505,76.2711,0,12,1,18.9,0,1008.58,-0.172,67.58,702,3,App,23,1700,220,700
2025-07-10,Kerala,10.8505,76.2711,0,7,3,38.1,0,1120.83,-0.175,76.16,999,2,Kiosk,9,1700,220,700
2025-03-10,Agra,27.1767,78.0081,0,3,0,26.1,0,616.29,-0.068,54.72,396,2,Agent,28,1300,150,550
2025-04-23,Manali,32.2432,77.1892,0,4,2,16.9,0,198.78,0.883,78.81,707,1,App,9,1200,140,450
2024-04-11,Andaman,11.7401,92.6586,0,4,3,33.5,0,1423.77,-0.028,90.45,545,2,Agent,7,900,120,300
2025-03-04,Agra,27.1767,78.0081,0,3,1,28.2,0,244.38,0.412,50.58,601,3,Web,38,1300,150,550
2025-08-08,Jaipur,26.9124,75.7873,0,8,4,32.5,0,809.01,0.342,53.03,619,1,Kiosk,35,1500,180,600
2025-09-27,Varanasi,25.3176,82.9739,1,9,5,27.7,0,1079.85,0.102,47.86,554,2,Web,12,1400,160,500
2024-10-22,Goa,15.2993,74.124,0,10,1,23.7,0,341.27,0.582,72.08,987,2,App,9,2000,250,800
2025-03-08,Kerala,10.8505,76.2711,1,3,5,29.1,0,162.97,0.802,68.56,800,2,Agent,19,1700,220,700
2024-10-04,Kerala,10.8505,76.2711,0,10,4,25.3,0,526.22,-0.75,64.49,540,3,Kiosk,12,1700,220,700
2024-01-26,Leh,34.1526,77.5771,0,1,4,0.2,0,318.77,0.698,97.61,477,2,Agent,8,600,90,220
2025-05-03,Kerala,10.8505,76.2711,1,5,5,38.3,0,604.98,-0.692,63.2,806,3,Kiosk,28,1700,220,700
2025-03-14,Andaman,11.7401,92.6586,0,3,4,28.1,0,496.63,0.028,92.41,351,2,Web,5,900,120,300
2025-08-23,Agra,27.1767,78.0081,1,8,5,31.2,1,214.46,0.478,51.82,247,1,Kiosk,19,1300,150,550
2024-09-21,Goa,15.2993,74.124,1,9,5,27.8,1,287.31,-0.309,77.71,546,2,App,1,2000,250,800
2024-05-26,Andaman,11.7401,92.6586,1,5,6,36.0,1,1086.94,0.355,81.46,267,2,Agent,3,900,120,300
2024-08-14,Goa,15.2993,74.124,0,8,2,33.6,0,370.91,0.322,74.21,767,2,Web,9,2000,250,800
2024-12-01,Manali,32.2432,77.1892,1,12,6,3.8,1,234.12,-0.976,76.69,531,1,App,10,1200,140,450
2024-11-11,Agra,27.1767,78.0081,0,11,0,15.6,0,467.17,0.061,50.63,343,2,App,2,1300,150,550
2024-05-03,Goa,15.2993,74.124,0,5,4,38.9,0,448.6,1.0,84.5,598,1,Web,28,2000,250,800
2024-03-10,Kerala,10.8505,76.2711,1,3,6,30.2,0,792.78,-0.191,63.23,717,2,App,8,1700,220,700
2024-07-19,Andaman,11.7401,92.6586,0,7,4,36.3,1,148.65,-0.915,88.39,319,2,Kiosk,8,900,120,300
2025-09-10,Goa,15.2993,74.124,0,9,2,31.4,0,67.4,-0.837,77.51,519,3,Web,9,2000,250,800
2025-09-23,Kerala,10.8505,76.2711,0,9,1,29.1,0,375.44,-1.0,65.08,663,3,Web,11,1700,220,700
2025-09-30,Leh,34.1526,77.5771,0,9,1,9.9,0,209.38,-0.157,94.22,312,4,App,21,600,90,220
2025-08-01,Agra,27.1767,78.0081,0,8,4,33.4,0,159.26,0.128,57.21,515,1,App,6,1300,150,550
2024-04-23,Manali,32.2432,77.1892,0,4,1,20.2,0,766.83,0.02,73.7,641,1,Agent,6,1200,140,450
2024-02-05,Varanasi,25.3176,82.9739,0,2,0,23.7,0,208.53,-0.819,49.83,290,1,Web,4,1400,160,500
2024-11-03,Varanasi,25.3176,82.9739,1,11,6,19.4,0,673.52,-0.658,58.89,593,2,Agent,7,1400,160,500
2024-12-17,Manali,32.2432,77.1892,0,12,1,5.9,0,305.56,-0.193,61.27,220,2,App,14,1200,140,450
2024-05-31,Goa,15.2993,74.124,0,5,4,38.9,0,226.57,0.038,84.73,965,2,Web,5,2000,250,800
2025-01-13,Goa,15.2993,74.124,0,1,0,21.0,1,631.34,-0.11,73.45,733,1,App,26,2000,250,800
2025-08-13,Kerala,10.8505,76.2711,0,8,2,31.7,0,355.67,-0.607,69.25,925,2,Web,21,1700,220,700
2025-09-13,Agra,27.1767,78.0081,1,9,5,26.1,0,450.94,0.118,64.29,328,1,Agent,22,1300,150,550
2024-06-19,Varanasi,25.3176,82.9739,0,6,2,36.0,0,590.81,0.158,56.09,861,2,Agent,23,1400,160,500
2024-06-11,Varanasi,25.3176,82.9739,0,6,1,35.8,0,214.91,-0.487,51.44,611,2,Web,11,1400,160,500
2025-04-29,Agra,27.1767,78.0081,0,4,1,33.6,0,1198.26,0.243,59.55,661,3,Agent,24,1300,150,550
2024-11-14,Kerala,10.8505,76.2711,0,11,3,21.4,1,256.94,0.486,74.17,869,3,Agent,5,1700,220,700
2024-07-05,Leh,34.1526,77.5771,0,7,4,17.4,1,318.66,0.506,100.7,119,2,Web,26,600,90,220
2025-05-04,Manali,32.2432,77.1892,1,5,6,22.5,0,349.15,-0.518,70.51,614,2,Agent,6,1200,140,450
2024-03-01,Varanasi,25.3176,82.9739,0,3,4,24.6,0,27.01,0.148,52.25,240,1,Agent,8,1400,160,500
2024-09-19,Leh,34.1526,77.5771,0,9,3,10.3,0,345.39,-0.145,97.78,0,3,Agent,20,600,90,220
2024-07-25,Varanasi,25.3176,82.9739,0,7,3,35.6,1,728.63,-0.039,58.96,795,2,Web,5,1400,160,500
2025-01-18,Kerala,10.8505,76.2711,1,1,5,20.1,0,807.44,0.69,71.28,585,2,Kiosk,7,1700,220,700
2024-11-20,Leh,34.1526,77.5771,0,11,2,2.3,0,354.78,-0.484,96.71,178,2,App,8,600,90,220
2024-10-11,Varanasi,25.3176,82.9739,0,10,4,20.8,0,281.71,0.775,53.23,998,3,Web,2,1400,160,500
2024-09-30,Varanasi,25.3176,82.9739,0,9,0,25.9,0,101.97,-0.656,48.33,226,1,Web,10,1400,160,500
2025-08-01,Leh,34.1526,77.5771,0,8,4,14.3,0,278.66,-0.691,91.97,244,2,Kiosk,12,600,90,220
2024-12-07,Kerala,10.8505,76.2711,1,12,5,17.7,0,343.24,-0.472,68.44,584,1,Agent,24,1700,220,700
2024-01-18,Varanasi,25.3176,82.9739,0,1,3,19.5,0,113.33,-0.432,59.62,519,2,App,11,1400,160,500
2025-01-17,Manali,32.2432,77.1892,0,1,4,4.8,0,192.52,0.074,72.87,349,1,Agent,6,1200,140,450
2024-04-27,Agra,27.1767,78.0081,1,4,5,30.9,0,701.62,-0.158,61.79,876,3,Agent,9,1300,150,550
2025-01-15,Jaipur,26.9124,75.7873,0,1,2,19.6,0,858.0,-0.098,73.28,557,1,Agent,5,1500,180,600
2024-10-23,Varanasi,25.3176,82.9739,0,10,2,23.0,0,417.65,0.471,55.0,728,3,Agent,1,1400,160,500
2024-07-21,Manali,32.2432,77.1892,1,7,6,23.9,0,648.49,-0.462,66.05,726,2,App,16,1200,140,450
2024-08-23,Kerala,10.8505,76.2711,0,8,4,34.5,1,438.67,-0.185,72.69,882,3,App,9,1700,220,700
2025-07-28,Goa,15.2993,74.124,0,7,0,39.0,0,147.83,0.027,79.57,716,3,Kiosk,3,2000,250,800
2024-03-20,Andaman,11.7401,92.6586,0,3,2,26.7,0,275.33,-0.41,102.21,131,1,Web,11,900,120,300
2025-01-13,Kerala,10.8505,76.2711,0,1,0,20.5,0,680.06,-0.113,65.55,672,2,App,3,1700,220,700
2024-12-22,Goa,15.2993,74.124,1,12,6,18.2,0,246.25,0.468,69.57,865,2,Agent,25,2000,250,800
2025-07-19,Agra,27.1767,78.0081,1,7,5,36.0,0,726.95,0.668,68.15,525,2,Web,5,1300,150,550
2025-01-13,Agra,27.1767,78.0081,0,1,0,19.7,0,57.28,-0.165,53.37,379,2,Agent,14,1300,150,550
2025-02-12,Agra,27.1767,78.0081,0,2,2,21.2,0,437.27,-0.756,57.45,489,2,App,8,1300,150,550
2024-10-16,Varanasi,25.3176,82.9739,0,10,2,23.5,0,318.4,0.75,48.11,791,2,Web,8,1400,160,500
2024-07-30,Manali,32.2432,77.1892,0,7,1,24.7,1,143.18,-0.219,77.57,531,2,Web,2,1200,140,450
2025-04-13,Jaipur,26.9124,75.7873,1,4,6,34.4,0,200.43,0.632,57.16,482,1,Web,10,1500,180,600
2024-08-29,Varanasi,25.3176,82.9739,0,8,3,32.3,0,222.67,-0.254,43.29,627,4,Agent,15,1400,160,500
2025-04-28,Goa,15.2993,74.124,0,4,0,36.0,0,195.64,0.319,83.75,661,2,Kiosk,8,2000,250,800
2024-08-21,Kerala,10.8505,76.2711,0,8,2,34.6,0,333.7,0.022,64.12,841,1,Agent,17,1700,220,700
2024-01-09,Jaipur,26.9124,75.7873,0,1,1,18.7,0,1012.69,0.754,61.0,926,1,App,15,1500,180,600
2024-09-27,Agra,27.1767,78.0081,0,9,4,26.6,0,362.56,-0.748,58.87,156,3,Kiosk,11,1300,150,550
2024-03-03,Varanasi,25.3176,82.9739,1,3,6,26.1,0,677.68,0.425,53.23,959,2,App,9,1400,160,500
2025-03-04,Jaipur,26.9124,75.7873,0,3,1,26.9,0,542.73,0.208,76.24,605,1,App,15,1500,180,600
2025-06-19,Andaman,11.7401,92.6586,0,6,3,38.4,0,354.68,0.419,89.4,138,3,App,5,900,120,300
2024-09-12,Kerala,10.8505,76.2711,0,9,3,27.7,1,95.7,-0.538,64.41,655,2,Web,12,1700,220,700
2025-03-30,Agra,27.1767,78.0081,1,3,6,26.9,0,117.74,0.634,63.61,445,3,Agent,33,1300,150,550
2025-08-21,Andaman,11.7401,92.6586,0,8,3,35.3,0,416.99,-0.002,82.03,304,2,Kiosk,31,900,120,300
2024-08-17,Varanasi,25.3176,82.9739,1,8,5,32.9,0,99.57,0.437,43.02,472,3,Agent,15,1400,160,500
2024-06-26,Manali,32.2432,77.1892,0,6,2,24.6,0,273.09,-0.048,69.41,517,2,Web,2,1200,140,450
2025-08-17,Varanasi,25.3176,82.9739,1,8,6,32.0,0,224.77,-0.894,53.06,687,2,Agent,30,1400,160,500
2025-05-21,Varanasi,25.3176,82.9739,0,5,2,36.2,0,677.39,0.177,56.55,660,2,Agent,10,1400,160,500
2024-11-03,Leh,34.1526,77.5771,1,11,6,0.8,0,2310.53,-0.313,101.28,485,2,Web,26,600,90,220
2024-01-16,Kerala,10.8505,76.2711,0,1,1,21.7,0,984.5,-0.179,60.98,509,3,App,8,1700,220,700
2024-07-03,Kerala,10.8505,76.2711,0,7,2,39.4,0,626.43,-0.691,63.04,759,3,App,9,1700,220,700
2025-06-20,Kerala,10.8505,76.2711,0,6,4,40.5,0,416.22,-1.0,70.17,953,2,Agent,29,1700,220,700
2025-01-06,Goa,15.2993,74.124,0,1,0,22.5,0,985.55,-0.04,85.38,547,2,Agent,2,2000,250,800
2024-07-16,Agra,27.1767,78.0081,0,7,1,35.4,0,287.82,0.768,54.94,386,2,Agent,10,1300,150,550
2024-03-11,Andaman,11.7401,92.6586,0,3,0,26.4,0,130.32,-0.578,87.44,113,3,Agent,12,900,120,300
2025-03-06,Goa,15.2993,74.124,0,3,3,29.5,0,1174.24,0.005,77.96,574,3,Agent,9,2000,250,800
2025-05-27,Kerala,10.8505,76.2711,0,5,1,38.1,0,1442.27,0.675,64.55,596,3,Kiosk,3,1700,220,700
2024-12-27,Jaipur,26.9124,75.7873,0,12,4,17.3,0,44.77,0.194,65.82,396,2,App,11,1500,180,600
2025-06-01,Jaipur,26.9124,75.7873,1,6,6,39.3,0,230.29,0.551,59.64,629,1,Web,8,1500,180,600
2025-01-09,Varanasi,25.3176,82.9739,0,1,3,18.0,0,481.19,0.458,52.44,706,2,Web,3,1400,160,500
2024-11-11,Jaipur,26.9124,75.7873,0,11,0,23.2,0,460.73,0.223,46.52,394,1,App,20,1500,180,600
2025-06-17,Varanasi,25.3176,82.9739,0,6,1,34.6,1,198.82,0.331,57.88,521,2,Agent,5,1400,160,500
2024-03-02,Andaman,11.7401,92.6586,1,3,5,27.1,1,228.56,-0.151,96.48,382,2,App,6,900,120,300
2024-04-25,Andaman,11.7401,92.6586,0,4,3,33.4,0,735.43,0.7,92.22,344,3,App,24,900,120,300
2024-04-18,Andaman,11.7401,92.6586,0,4,3,33.3,0,452.67,0.527,96.57,488,3,Kiosk,9,900,120,300
2025-05-18,Andaman,11.7401,92.6586,1,5,6,34.9,0,731.77,0.247,94.77,769,1,Agent,52,900,120,300
2025-09-07,Manali,32.2432,77.1892,1,9,6,15.1,0,347.48,0.707,70.86,592,2,Agent,6,1200,140,450
2024-03-12,Manali,32.2432,77.1892,0,3,1,14.9,0,292.59,-0.697,74.98,479,2,App,5,1200,140,450
2025-06-10,Jaipur,26.9124,75.7873,0,6,1,36.9,0,366.29,0.515,61.34,262,1,Kiosk,2,1500,180,600
2024-11-25,Jaipur,26.9124,75.7873,0,11,0,19.4,0,67.15,-0.369,65.83,650,2,App,7,1500,180,600
2024-06-14,Manali,32.2432,77.1892,0,6,4,24.9,0,565.1,0.174,73.64,883,3,Web,12,1200,140,450
2024-12-02,Jaipur,26.9124,75.7873,0,12,0,18.7,0,299.88,0.833,63.33,727,2,App,6,1500,180,600
2025-05-05,Agra,27.1767,78.0081,0,5,0,35.7,0,218.18,0.394,60.47,163,4,Kiosk,11,1300,150,550
2025-01-30,Leh,34.1526,77.5771,0,1,3,1.6,0,361.86,-0.055,86.97,165,1,Kiosk,17,600,90,220
2025-07-29,Goa,15.2993,74.124,0,7,1,38.7,0,368.36,-0.318,83.62,816,3,Web,15,2000,250,800
2024-02-08,Jaipur,26.9124,75.7873,0,2,3,23.4,0,429.44,0.685,57.94,577,2,Kiosk,17,1500,180,600
2025-09-15,Leh,34.1526,77.5771,0,9,0,9.0,0,607.61,-0.519,94.27,140,3,Kiosk,8,600,90,220
2025-01-01,Manali,32.2432,77.1892,0,1,2,5.4,0,109.97,1.0,85.42,760,2,Web,8,1200,140,450
2024-06-05,Agra,27.1767,78.0081,0,6,2,35.9,0,113.48,-0.531,56.22,818,2,Web,14,1300,150,550
2025-08-09,Jaipur,26.9124,75.7873,1,8,5,32.9,1,1789.48,0.81,61.68,587,2,App,11,1500,180,600
2024-01-30,Agra,27.1767,78.0081,0,1,1,19.4,0,89.45,0.183,56.67,399,1,Kiosk,15,1300,150,550
2024-12-17,Agra,27.1767,78.0081,0,12,1,17.2,0,528.54,0.646,63.38,647,1,Kiosk,17,1300,150,550
2025-02-13,Varanasi,25.3176,82.9739,0,2,3,22.7,0,130.78,-0.754,59.89,167,2,Agent,10,1400,160,500
2024-02-01,Varanasi,25.3176,82.9739,0,2,3,22.1,0,119.77,0.66,56.85,462,1,Kiosk,15,1400,160,500
2025-09-22,Agra,27.1767,78.0081,0,9,0,27.6,0,148.63,-0.238,57.5,350,2,App,12,1300,150,550
2024-02-24,Kerala,10.8505,76.2711,1,2,5,21.2,0,157.24,0.78,65.43,741,3,Web,1,1700,220,700
2024-08-05,Goa,15.2993,74.124,0,8,0,35.7,0,286.35,0.016,80.98,652,2,Kiosk,11,2000,250,800
2025-05-23,Jaipur,26.9124,75.7873,0,5,4,34.7,0,245.26,0.63,56.55,735,2,Agent,10,1500,180,600
2025-07-17,Leh,34.1526,77.5771,0,7,3,17.9,0,416.51,-0.189,99.93,747,1,Web,3,600,90,220
2024-10-15,Leh,34.1526,77.5771,0,10,1,4.3,0,366.5,0.808,92.29,340,1,App,3,600,90,220
2024-10-14,Kerala,10.8505,76.2711,0,10,0,24.3,0,484.9,-0.168,66.98,552,2,Kiosk,4,1700,220,700
2025-09-01,Varanasi,25.3176,82.9739,0,9,0,29.4,0,296.59,0.278,50.55,565,2,App,16,1400,160,500
2024-04-20,Kerala,10.8505,76.2711,1,4,5,34.2,0,423.63,0.564,70.64,739,2,Kiosk,27,1700,220,700
2025-02-25,Agra,27.1767,78.0081,0,2,1,21.9,0,160.79,-0.141,64.86,233,1,Kiosk,4,1300,150,550
2024-06-09,Jaipur,26.9124,75.7873,1,6,6,38.9,0,143.95,-0.13,52.57,784,3,Kiosk,14,1500,180,600
2024-09-20,Varanasi,25.3176,82.9739,0,9,4,27.1,0,337.34,0.562,43.93,499,2,Kiosk,34,1400,160,500
2024-12-12,Jaipur,26.9124,75.7873,0,12,3,17.5,0,61.76,-0.178,64.21,716,2,App,2,1500,180,600
2025-09-28,Leh,34.1526,77.5771,1,9,6,10.8,0,48.69,-0.733,100.94,200,1,Kiosk,16,600,90,220
2025-06-17,Jaipur,26.9124,75.7873,0,6,1,37.1,0,828.64,0.129,57.37,685,3,Web,12,1500,180,600
2024-01-17,Manali,32.2432,77.1892,0,1,2,7.9,0,528.91,-0.656,71.58,313,2,Agent,7,1200,140,450
2024-12-19,Kerala,10.8505,76.2711,0,12,3,17.3,0,557.54,0.587,67.71,815,1,Agent,17,1700,220,700
2024-10-21,Varanasi,25.3176,82.9739,0,10,0,21.9,0,431.28,-0.793,55.98,390,1,Kiosk,14,1400,160,500
2025-04-14,Andaman,11.7401,92.6586,0,4,0,31.6,0,244.19,1.0,85.49,100,4,App,10,900,120,300
2024-07-25,Jaipur,26.9124,75.7873,0,7,3,35.3,0,557.43,-0.396,59.32,650,2,App,3,1500,180,600
2024-02-28,Varanasi,25.3176,82.9739,0,2,2,23.9,0,152.68,-0.268,56.53,150,2,Kiosk,18,1400,160,500
2025-07-08,Varanasi,25.3176,82.9739,0,7,1,36.3,0,206.13,-0.819,46.36,464,2,Agent,15,1400,160,500
2024-03-02,Goa,15.2993,74.124,1,3,5,28.7,0,208.71,0.155,74.23,467,2,Kiosk,25,2000,250,800
2025-08-24,Andaman,11.7401,92.6586,1,8,6,33.5,0,1196.51,-0.404,90.41,786,2,Kiosk,11,900,120,300
2024-08-23,Agra,27.1767,78.0081,0,8,4,30.0,0,311.46,0.67,56.63,248,3,Kiosk,8,1300,150,550
2025-09-07,Manali,32.2432,77.1892,1,9,6,12.6,0,593.13,0.087,69.81,465,2,App,6,1200,140,450
2024-12-05,Kerala,10.8505,76.2711,0,12,3,17.4,0,388.34,-0.092,70.17,518,1,Kiosk,16,1700,220,700
2024-01-20,Leh,34.1526,77.5771,1,1,5,2.6,0,512.57,-0.074,101.48,142,4,Agent,19,600,90,220
2025-04-23,Andaman,11.7401,92.6586,0,4,2,33.4,0,59.8,-0.694,88.67,612,1,Web,42,900,120,300
2024-04-21,Kerala,10.8505,76.2711,1,4,6,33.2,0,285.94,-0.86,59.49,888,2,App,9,1700,220,700
2025-06-14,Goa,15.2993,74.124,1,6,5,40.2,0,31.72,-0.968,81.54,901,2,Agent,12,2000,250,800
2025-03-13,Andaman,11.7401,92.6586,0,3,3,27.9,0,164.06,-0.39,95.08,349,2,Web,10,900,120,300
2024-12-13,Andaman,11.7401,92.6586,0,12,4,18.3,0,757.34,0.322,86.31,310,1,Web,11,900,120,300
2024-08-13,Goa,15.2993,74.124,0,8,1,36.3,0,80.29,0.067,75.99,645,2,Agent,16,2000,250,800
2024-05-10,Manali,32.2432,77.1892,0,5,4,24.0,0,328.81,0.661,72.79,360,2,Kiosk,8,1200,140,450
2024-11-29,Leh,34.1526,77.5771,0,11,4,1.9,0,250.34,0.219,89.72,317,2,Web,4,600,90,220
2025-07-13,Goa,15.2993,74.124,1,7,6,38.5,0,143.29,0.141,71.36,662,2,Agent,23,2000,250,800
2025-01-18,Jaipur,26.9124,75.7873,1,1,5,20.9,0,176.61,-0.133,64.06,494,2,Agent,19,1500,180,600
2024-12-03,Jaipur,26.9124,75.7873,0,12,1,16.1,0,335.18,-0.295,65.46,329,2,Agent,14,1500,180,600
2024-05-18,Manali,32.2432,77.1892,1,5,5,23.4,0,372.34,0.173,70.27,813,1,Kiosk,1,1200,140,450
2025-09-18,Manali,32.2432,77.1892,0,9,3,14.4,1,1220.23,-0.247,75.22,442,2,Web,10,1200,140,450
2024-04-19,Varanasi,25.3176,82.9739,0,4,4,30.7,0,215.88,-0.146,42.79,533,2,Web,6,1400,160,500
2024-08-11,Varanasi,25.3176,82.9739,1,8,6,30.2,0,864.26,0.333,60.05,972,3,App,14,1400,160,500
2025-09-18,Varanasi,25.3176,82.9739,0,9,3,28.2,0,172.42,0.195,49.63,331,1,App,7,1400,160,500
2024-03-29,Agra,27.1767,78.0081,0,3,4,25.3,0,161.94,0.34,47.11,563,2,App,26,1300,150,550
2024-12-16,Leh,34.1526,77.5771,0,12,0,-2.2,0,371.87,-0.499,101.45,256,2,Agent,4,600,90,220
2025-09-18,Leh,34.1526,77.5771,0,9,3,10.4,1,1083.24,0.258,95.82,324,2,App,7,600,90,220
2025-03-12,Goa,15.2993,74.124,0,3,2,30.2,0,397.89,0.401,75.96,631,3,Agent,1,2000,250,800
2025-05-29,Varanasi,25.3176,82.9739,0,5,3,36.2,0,242.0,-0.397,60.25,852,3,Web,8,1400,160,500
2025-03-02,Agra,27.1767,78.0081,1,3,6,27.6,0,259.81,-0.918,66.15,483,1,Web,6,1300,150,550
2024-05-14,Goa,15.2993,74.124,0,5,1,38.1,0,638.74,0.678,99.56,686,3,Web,9,2000,250,800
2025-03-06,Goa,15.2993,74.124,0,3,3,30.0,0,552.43,-0.987,81.2,518,2,Agent,40,2000,250,800
2024-11-09,Agra,27.1767,78.0081,1,11,5,20.8,0,524.71,1.0,49.45,669,2,Kiosk,1,1300,150,550
2025-05-13,Manali,32.2432,77.1892,0,5,1,23.6,0,315.29,0.82,77.34,138,2,Agent,10,1200,140,450
2025-08-29,Varanasi,25.3176,82.9739,0,8,4,31.9,0,255.82,0.29,46.22,606,2,Web,5,1400,160,500
2024-11-11,Manali,32.2432,77.1892,0,11,0,8.6,0,175.97,-0.677,68.46,134,3,Kiosk,12,1200,140,450
2024-05-25,Agra,27.1767,78.0081,1,5,5,33.4,0,534.33,0.975,53.83,735,2,Web,5,1300,150,550
2024-05-22,Jaipur,26.9124,75.7873,0,5,2,38.0,0,513.31,-0.368,57.76,870,2,App,11,1500,180,600
2025-05-09,Leh,34.1526,77.5771,0,5,4,20.0,0,174.67,-1.0,99.67,605,2,App,11,600,90,220
2024-04-26,Manali,32.2432,77.1892,0,4,4,19.8,0,563.76,0.083,85.07,583,2,Agent,30,1200,140,450
2025-06-27,Jaipur,26.9124,75.7873,0,6,4,39.0,0,246.28,-0.099,54.39,618,2,App,8,1500,180,600
2025-07-16,Goa,15.2993,74.124,0,7,2,38.7,0,748.49,0.805,71.8,526,3,Web,8,2000,250,800
2024-01-18,Jaipur,26.9124,75.7873,0,1,3,19.0,0,73.55,0.41,54.92,873,3,App,8,1500,180,600
2025-09-29,Varanasi,25.3176,82.9739,0,9,0,27.7,0,1022.93,-0.521,33.37,299,1,App,10,1400,160,500
2025-05-26,Varanasi,25.3176,82.9739,0,5,0,34.1,0,403.4,0.431,55.19,484,3,Web,12,1400,160,500
2024-02-19,Goa,15.2993,74.124,0,2,0,25.9,0,168.32,-0.208,77.15,487,2,App,16,2000,250,800
2024-07-23,Leh,34.1526,77.5771,0,7,1,16.5,0,438.92,-0.598,97.31,805,2,Web,20,600,90,220
2025-03-24,Kerala,10.8505,76.2711,0,3,0,28.7,0,598.93,0.358,56.52,590,2,Agent,12,1700,220,700
2025-09-11,Goa,15.2993,74.124,0,9,3,30.4,0,137.63,0.005,70.06,563,2,Web,3,2000,250,800
2024-10-28,Jaipur,26.9124,75.7873,0,10,0,22.9,0,510.67,0.544,60.31,733,2,Kiosk,23,1500,180,600
2025-09-13,Kerala,10.8505,76.2711,1,9,5,29.8,0,652.45,-0.604,56.54,453,3,App,27,1700,220,700
2025-05-24,Kerala,10.8505,76.2711,1,5,5,37.7,0,261.87,0.147,61.23,1138,2,Web,10,1700,220,700
2024-08-13,Leh,34.1526,77.5771,0,8,1,12.7,0,1116.93,-0.357,106.64,567,2,App,10,600,90,220
2025-06-20,Agra,27.1767,78.0081,0,6,4,36.9,0,446.44,-0.252,68.74,883,2,Kiosk,2,1300,150,550
2025-02-01,Manali,32.2432,77.1892,1,2,5,10.4,0,214.71,-0.038,63.98,419,3,Agent,20,1200,140,450
2024-04-28,Leh,34.1526,77.5771,1,4,6,13.2,1,1274.08,0.811,105.77,323,2,Web,9,600,90,220
2024-06-25,Leh,34.1526,77.5771,0,6,1,20.0,0,184.73,0.027,100.76,607,2,App,19,600,90,220
2025-02-21,Manali,32.2432,77.1892,0,2,4,8.9,0,465.49,0.47,72.31,843,1,Agent,2,1200,140,450
2025-04-05,Andaman,11.7401,92.6586,1,4,5,31.3,0,783.61,0.485,98.5,504,2,Agent,10,900,120,300
2025-03-17,Varanasi,25.3176,82.9739,0,3,0,27.7,0,217.47,0.652,51.99,552,2,Web,14,1400,160,500
2025-08-20,Andaman,11.7401,92.6586,0,8,2,34.0,0,470.98,-0.387,85.83,645,3,Web,15,900,120,300
2025-08-03,Goa,15.2993,74.124,1,8,6,33.7,0,80.85,0.316,85.87,816,3,App,8,2000,250,800
2024-03-31,Manali,32.2432,77.1892,1,3,6,15.5,0,116.03,-0.865,85.39,338,2,Agent,5,1200,140,450
2024-10-06,Andaman,11.7401,92.6586,1,10,6,22.3,1,390.61,0.838,84.5,426,2,App,6,900,120,300
2025-03-13,Goa,15.2993,74.124,0,3,3,31.1,0,348.23,0.337,77.9,585,3,Kiosk,11,2000,250,800
2024-12-18,Andaman,11.7401,92.6586,0,12,2,17.1,0,111.36,-0.563,103.85,404,2,Web,2,900,120,300
2024-10-19,Andaman,11.7401,92.6586,1,10,5,22.2,0,267.86,-0.045,91.32,199,2,Kiosk,3,900,120,300
2025-09-21,Andaman,11.7401,92.6586,1,9,6,27.5,0,90.11,0.459,80.63,632,3,App,33,900,120,300
2025-09-14,Varanasi,25.3176,82.9739,1,9,6,28.5,1,161.2,0.267,52.31,207,3,Kiosk,17,1400,160,500
2024-06-13,Leh,34.1526,77.5771,0,6,3,19.9,0,694.57,0.135,93.77,419,2,Kiosk,11,600,90,220
2025-05-13,Agra,27.1767,78.0081,0,5,1,37.4,0,908.67,-1.0,49.33,598,1,App,15,1300,150,550
2024-07-31,Andaman,11.7401,92.6586,0,7,2,36.1,0,477.93,0.482,99.79,222,3,Kiosk,18,900,120,300
2024-06-14,Andaman,11.7401,92.6586,0,6,4,39.1,0,525.82,-0.618,89.18,752,2,Agent,3,900,120,300
2025-01-01,Manali,32.2432,77.1892,0,1,2,6.9,0,569.61,-0.403,75.71,485,2,Kiosk,3,1200,140,450
2025-03-04,Goa,15.2993,74.124,0,3,1,28.8,0,179.36,-0.824,81.45,388,2,Kiosk,8,2000,250,800
2024-03-20,Goa,15.2993,74.124,0,3,2,30.3,0,123.63,-0.226,87.47,485,2,Kiosk,18,2000,250,800
2024-06-12,Varanasi,25.3176,82.9739,0,6,2,34.8,0,77.41,0.736,40.24,447,2,Kiosk,17,1400,160,500
2024-01-28,Jaipur,26.9124,75.7873,1,1,6,18.4,0,709.01,-0.623,48.78,410,2,Web,10,1500,180,600
2025-08-14,Agra,27.1767,78.0081,0,8,3,34.3,0,975.51,0.177,58.04,675,3,Web,5,1300,150,550
2025-07-01,Manali,32.2432,77.1892,0,7,1,23.0,0,1049.7,-0.106,77.33,563,4,Kiosk,19,1200,140,450
2024-11-03,Kerala,10.8505,76.2711,1,11,6,19.6,0,843.29,0.599,54.31,757,2,Kiosk,13,1700,220,700
2024-05-21,Leh,34.1526,77.5771,0,5,1,19.2,0,12.24,-0.283,92.38,344,2,Web,7,600,90,220
2025-08-20,Kerala,10.8505,76.2711,0,8,2,33.3,0,967.98,0.06,74.17,1162,2,App,45,1700,220,700
2025-04-08,Agra,27.1767,78.0081,0,4,1,32.4,0,229.99,-0.582,55.52,779,2,App,13,1300,150,550
2024-05-16,Goa,15.2993,74.124,0,5,3,39.0,0,416.25,0.396,81.92,819,3,Agent,26,2000,250,800
2024-12-18,Agra,27.1767,78.0081,0,12,2,17.9,0,389.02,-0.561,51.25,516,1,Web,15,1300,150,550
2024-03-04,Kerala,10.8505,76.2711,0,3,0,31.6,0,153.18,0.504,73.48,732,2,App,1,1700,220,700
2025-03-29,Leh,34.1526,77.5771,1,3,5,9.0,0,353.61,0.586,96.17,482,1,Kiosk,7,600,90,220
2025-07-22,Jaipur,26.9124,75.7873,0,7,1,37.8,0,410.52,-0.47,62.76,892,3,App,21,1500,180,600
2024-09-12,Andaman,11.7401,92.6586,0,9,3,29.3,0,430.52,0.032,82.24,382,1,Web,9,900,120,300
2024-11-20,Manali,32.2432,77.1892,0,11,2,7.9,1,330.16,-0.539,73.45,82,4,Agent,53,1200,140,450
2025-08-27,Kerala,10.8505,76.2711,0,8,2,32.9,0,30.48,0.222,76.46,972,2,App,12,1700,220,700
2025-09-10,Manali,32.2432,77.1892,0,9,2,16.3,0,69.79,-0.406,65.92,160,3,Kiosk,10,1200,140,450
2024-03-23,Goa,15.2993,74.124,1,3,5,31.4,0,456.06,0.363,81.68,1065,2,Agent,12,2000,250,800
2025-01-04,Agra,27.1767,78.0081,1,1,5,18.8,0,586.32,-0.046,51.94,382,2,Agent,12,1300,150,550
2024-07-18,Kerala,10.8505,76.2711,0,7,3,37.5,0,282.35,-0.379,56.89,994,1,App,9,1700,220,700
2025-01-25,Manali,32.2432,77.1892,1,1,5,6.3,0,1220.85,-0.348,70.58,647,3,App,11,1200,140,450
2024-04-10,Varanasi,25.3176,82.9739,0,4,2,31.1,0,706.99,0.358,55.49,520,1,App,15,1400,160,500
2024-04-10,Kerala,10.8505,76.2711,0,4,2,34.0,1,828.64,-0.23,66.64,806,3,Agent,3,1700,220,700
2025-02-11,Leh,34.1526,77.5771,0,2,1,6.6,0,143.42,0.651,98.32,382,2,App,6,600,90,220
2024-08-24,Kerala,10.8505,76.2711,1,8,5,32.1,0,14.75,-0.604,68.56,858,2,Agent,8,1700,220,700
2024-04-05,Agra,27.1767,78.0081,0,4,4,30.8,0,387.01,0.453,70.45,678,3,Web,10,1300,150,550
2025-07-27,Goa,15.2993,74.124,1,7,6,36.7,0,472.53,0.022,83.03,890,2,Agent,6,2000,250,800
2025-03-24,Leh,34.1526,77.5771,0,3,0,9.7,0,301.79,0.88,93.51,328,3,Kiosk,10,600,90,220
2025-03-11,Jaipur,26.9124,75.7873,0,3,1,27.0,0,207.21,-0.001,54.96,341,3,Kiosk,16,1500,180,600
2024-06-22,Manali,32.2432,77.1892,1,6,5,26.5,0,201.61,-0.093,73.07,322,1,Kiosk,7,1200,140,450
2024-02-02,Andaman,11.7401,92.6586,0,2,4,25.5,0,974.71,-0.768,87.54,383,3,Web,20,900,120,300
2025-04-22,Goa,15.2993,74.124,0,4,1,35.9,0,109.07,-1.0,80.22,678,3,Agent,4,2000,250,800
2024-05-12,Manali,32.2432,77.1892,1,5,6,21.3,0,564.82,0.037,66.41,677,2,App,6,1200,140,450
2025-09-16,Leh,34.1526,77.5771,0,9,1,9.0,0,433.28,-0.394,87.32,289,2,Web,4,600,90,220
2025-06-20,Manali,32.2432,77.1892,0,6,4,26.6,0,142.13,0.476,71.75,324,2,Kiosk,7,1200,140,450
2025-07-14,Leh,34.1526,77.5771,0,7,0,17.2,0,654.44,1.0,89.1,231,1,App,7,600,90,220
2025-06-21,Manali,32.2432,77.1892,1,6,5,23.8,0,301.6,0.232,83.64,719,1,App,2,1200,140,450
2024-02-17,Andaman,11.7401,92.6586,1,2,5,21.9,0,138.5,-0.313,96.79,387,2,Web,13,900,120,300
2024-10-27,Agra,27.1767,78.0081,1,10,6,23.6,0,236.11,-0.077,61.55,423,3,Kiosk,12,1300,150,550
2024-02-17,Jaipur,26.9124,75.7873,1,2,5,23.3,0,74.94,-0.085,65.25,500,2,Agent,4,1500,180,600
2025-04-23,Manali,32.2432,77.1892,0,4,2,18.8,0,167.81,0.349,81.53,683,1,App,13,1200,140,450
2024-09-29,Kerala,10.8505,76.2711,1,9,6,29.1,0,1141.85,0.59,62.23,727,2,App,7,1700,220,700
2024-12-12,Leh,34.1526,77.5771,0,12,3,0.5,0,89.1,0.659,86.95,558,1,App,8,600,90,220
2025-03-29,Varanasi,25.3176,82.9739,1,3,5,28.7,0,593.45,-0.235,56.51,622,3,Kiosk,24,1400,160,500
2024-08-31,Andaman,11.7401,92.6586,1,8,5,32.3,0,347.61,-0.811,89.93,515,3,Kiosk,2,900,120,300
2024-12-26,Leh,34.1526,77.5771,0,12,3,-0.6,0,533.66,0.043,106.8,361,3,Agent,7,600,90,220
2024-04-04,Manali,32.2432,77.1892,0,4,3,20.6,0,355.78,0.664,70.25,204,1,Kiosk,11,1200,140,450
2025-02-09,Andaman,11.7401,92.6586,1,2,6,23.5,0,723.95,-0.191,95.9,402,3,Kiosk,1,900,120,300
2025-02-15,Andaman,11.7401,92.6586,1,2,5,21.7,0,1072.68,-1.0,89.77,525,3,Kiosk,15,900,120,300
2024-04-22,Goa,15.2993,74.124,0,4,0,34.2,0,262.33,-0.204,79.89,1011,2,Web,6,2000,250,800
2025-05-11,Varanasi,25.3176,82.9739,1,5,6,37.2,0,316.71,-0.187,56.33,714,2,Kiosk,13,1400,160,500
2025-06-04,Kerala,10.8505,76.2711,0,6,2,38.9,0,474.36,-0.325,69.63,884,1,App,8,1700,220,700
2024-11-27,Leh,34.1526,77.5771,0,11,2,0.0,0,541.77,-0.275,92.2,376,3,Web,4,600,90,220
2024-12-31,Manali,32.2432,77.1892,0,12,1,4.9,0,45.71,0.673,75.44,510,2,App,1,1200,140,450
2025-08-29,Goa,15.2993,74.124,0,8,4,37.6,0,420.05,0.802,73.67,476,2,App,1,2000,250,800
2025-09-03,Manali,32.2432,77.1892,0,9,2,14.8,0,312.34,0.474,68.96,475,3,App,9,1200,140,450
2025-03-13,Agra,27.1767,78.0081,0,3,3,28.5,0,151.81,0.634,56.08,639,3,Agent,28,1300,150,550
2024-09-19,Goa,15.2993,74.124,0,9,3,28.3,0,805.13,-0.574,70.29,480,2,Kiosk,10,2000,250,800
2024-08-18,Leh,34.1526,77.5771,1,8,6,12.5,0,193.88,-0.389,97.73,607,2,Web,24,600,90,220
2025-08-21,Manali,32.2432,77.1892,0,8,3,19.4,0,291.74,0.221,80.7,515,2,App,18,1200,140,450
2025-04-13,Manali,32.2432,77.1892,1,4,6,20.9,1,1012.45,-0.478,85.08,878,2,Web,11,1200,140,450
2025-02-14,Goa,15.2993,74.124,0,2,4,24.3,0,145.97,-0.901,92.94,702,1,Web,6,2000,250,800
2024-05-06,Kerala,10.8505,76.2711,0,5,0,37.0,0,727.94,0.099,73.95,926,2,App,2,1700,220,700
2025-03-11,Goa,15.2993,74.124,0,3,1,31.1,0,192.16,-0.168,75.14,529,3,Web,7,2000,250,800
2025-07-06,Varanasi,25.3176,82.9739,1,7,6,36.0,0,96.28,-0.143,53.3,698,1,Agent,5,1400,160,500
2024-08-28,Varanasi,25.3176,82.9739,0,8,2,33.3,0,187.96,0.666,52.75,301,2,App,2,1400,160,500
2024-01-20,Leh,34.1526,77.5771,1,1,5,1.7,0,497.74,0.139,95.97,262,1,Agent,7,600,90,220
2025-05-14,Goa,15.2993,74.124,0,5,2,37.7,0,503.14,-0.3,82.17,998,2,App,8,2000,250,800
2024-11-08,Goa,15.2993,74.124,0,11,4,21.1,0,273.86,-0.014,69.57,630,2,Agent,13,2000,250,800
2024-09-09,Jaipur,26.9124,75.7873,0,9,0,29.0,0,366.55,-1.0,56.25,352,3,Kiosk,10,1500,180,600
2024-12-19,Agra,27.1767,78.0081,0,12,3,19.2,0,126.01,0.148,53.54,310,3,Web,3,1300,150,550
2024-10-26,Goa,15.2993,74.124,1,10,5,24.3,0,630.79,-0.0,76.54,476,3,Web,4,2000,250,800
2025-01-02,Varanasi,25.3176,82.9739,0,1,3,20.0,0,292.52,0.671,46.63,560,2,Web,4,1400,160,500
2025-05-22,Manali,32.2432,77.1892,0,5,3,23.8,0,1444.89,0.048,64.4,506,2,Web,1,1200,140,450
2024-04-15,Varanasi,25.3176,82.9739,0,4,0,32.2,0,231.36,0.219,46.28,677,2,Kiosk,16,1400,160,500
2024-07-05,Varanasi,25.3176,82.9739,0,7,4,34.8,0,221.56,-0.319,46.42,544,2,Web,6,1400,160,500
2024-04-14,Manali,32.2432,77.1892,1,4,6,19.5,0,193.62,0.1,75.21,724,2,Web,3,1200,140,450
2024-01-27,Goa,15.2993,74.124,1,1,5,21.7,0,681.9,0.633,77.89,883,3,Kiosk,23,2000,250,800
2025-08-15,Andaman,11.7401,92.6586,0,8,4,31.2,0,293.64,-0.214,86.56,310,3,Kiosk,1,900,120,300
2024-03-31,Varanasi,25.3176,82.9739,1,3,6,27.5,0,782.71,0.106,61.64,552,3,Agent,29,1400,160,500
2025-01-31,Andaman,11.7401,92.6586,0,1,4,18.4,0,299.67,0.47,85.6,525,1,Kiosk,24,900,120,300
2025-06-29,Leh,34.1526,77.5771,1,6,6,19.8,0,139.01,0.03,105.77,500,3,Agent,5,600,90,220
2024-11-14,Leh,34.1526,77.5771,0,11,3,-0.2,0,186.98,-0.316,89.89,220,3,Agent,19,600,90,220
2024-01-25,Leh,34.1526,77.5771,0,1,3,1.2,0,507.96,-0.118,97.4,289,1,Web,6,600,90,220
2025-05-10,Agra,27.1767,78.0081,1,5,5,34.6,0,597.46,-0.382,57.52,421,3,Agent,12,1300,150,550
2024-01-01,Andaman,11.7401,92.6586,0,1,0,20.0,0,318.86,-0.075,95.01,401,2,App,14,900,120,300
2024-09-27,Goa,15.2993,74.124,0,9,4,33.0,0,800.29,-0.59,69.36,663,2,Kiosk,5,2000,250,800
2024-05-28,Leh,34.1526,77.5771,0,5,1,17.6,0,174.89,0.179,109.28,500,1,Kiosk,3,600,90,220
2024-04-01,Kerala,10.8505,76.2711,0,4,0,34.4,0,63.47,0.608,63.27,686,2,App,15,1700,220,700
2025-01-04,Goa,15.2993,74.124,1,1,5,21.6,0,74.61,0.366,74.71,760,2,Kiosk,31,2000,250,800
2025-09-02,Manali,32.2432,77.1892,0,9,1,15.8,0,312.57,0.105,69.59,383,1,App,3,1200,140,450
2024-05-20,Leh,34.1526,77.5771,0,5,0,19.3,0,656.01,-0.403,92.31,498,3,Agent,5,600,90,220
2025-08-18,Jaipur,26.9124,75.7873,0,8,0,33.4,0,288.43,-0.76,58.29,560,1,Kiosk,8,1500,180,600
2024-07-30,Goa,15.2993,74.124,0,7,1,40.2,0,234.63,-0.076,80.66,684,2,Kiosk,16,2000,250,800
2024-12-29,Andaman,11.7401,92.6586,1,12,6,19.7,0,605.42,-0.471,83.01,79,2,Kiosk,12,900,120,300
2025-09-30,Andaman,11.7401,92.6586,0,9,1,30.4,1,289.13,0.323,84.84,590,2,Web,8,900,120,300
2025-01-12,Jaipur,26.9124,75.7873,1,1,6,19.0,0,128.39,-0.279,65.44,673,2,App,3,1500,180,600
2025-07-25,Agra,27.1767,78.0081,0,7,4,35.3,0,785.17,0.628,50.03,161,1,Kiosk,12,1300,150,550
2025-01-22,Agra,27.1767,78.0081,0,1,2,16.3,0,834.69,-1.0,53.89,318,4,App,13,1300,150,550
2024-09-12,Kerala,10.8505,76.2711,0,9,3,27.0,0,96.88,0.351,74.5,934,3,Web,3,1700,220,700
2025-03-22,Leh,34.1526,77.5771,1,3,5,8.9,0,463.1,1.0,103.49,497,3,App,27,600,90,220
2025-06-14,Jaipur,26.9124,75.7873,1,6,5,40.3,0,709.96,-1.0,64.06,1106,3,Web,20,1500,180,600
2024-03-20,Andaman,11.7401,92.6586,0,3,2,26.9,0,961.32,0.12,99.81,351,3,App,22,900,120,300
2024-01-20,Goa,15.2993,74.124,1,1,5,21.2,0,292.28,0.139,76.79,778,2,Agent,3,2000,250,800
2024-03-12,Kerala,10.8505,76.2711,0,3,1,29.5,0,446.21,-0.016,61.06,710,2,App,10,1700,220,700
2025-06-06,Andaman,11.7401,92.6586,0,6,4,39.2,1,455.07,-0.269,85.17,638,2,App,9,900,120,300
2024-08-26,Kerala,10.8505,76.2711,0,8,0,32.1,0,200.77,0.121,70.84,794,2,Kiosk,8,1700,220,700
2024-09-03,Goa,15.2993,74.124,0,9,1,28.1,0,377.75,0.147,69.3,467,1,App,22,2000,250,800
2024-10-10,Andaman,11.7401,92.6586,0,10,3,20.5,0,751.69,0.852,95.21,653,2,Web,5,900,120,300
2025-03-26,Goa,15.2993,74.124,0,3,2,30.0,0,670.88,0.493,92.26,952,2,App,39,2000,250,800
2025-04-23,Varanasi,25.3176,82.9739,0,4,2,33.1,0,429.36,0.069,48.08,677,2,Agent,16,1400,160,500
2025-02-17,Leh,34.1526,77.5771,0,2,0,3.3,0,446.61,0.122,97.98,159,2,Agent,25,600,90,220
2024-05-15,Varanasi,25.3176,82.9739,0,5,2,36.5,0,424.24,0.661,49.29,165,2,Kiosk,6,1400,160,500
2025-03-22,Kerala,10.8505,76.2711,1,3,5,29.0,0,643.89,-0.139,71.44,641,3,Web,22,1700,220,700
2024-06-10,Goa,15.2993,74.124,0,6,0,40.7,0,200.84,0.051,89.97,657,3,Kiosk,3,2000,250,800
2024-08-25,Leh,34.1526,77.5771,1,8,6,14.1,0,761.74,0.706,98.13,484,2,Web,3,600,90,220
2025-06-15,Kerala,10.8505,76.2711,1,6,6,39.2,1,225.54,-0.568,75.36,872,3,Kiosk,22,1700,220,700
2024-06-12,Varanasi,25.3176,82.9739,0,6,2,36.5,1,281.16,-0.698,52.18,834,3,App,3,1400,160,500
2024-10-17,Kerala,10.8505,76.2711,0,10,3,24.1,0,29.06,0.05,62.73,503,3,Web,13,1700,220,700
2024-05-11,Leh,34.1526,77.5771,1,5,5,19.2,0,762.67,0.035,86.95,602,1,Web,6,600,90,220
2024-02-13,Agra,27.1767,78.0081,0,2,1,23.5,0,478.9,0.146,52.9,301,2,App,26,1300,150,550
2024-10-28,Andaman,11.7401,92.6586,0,10,0,24.5,0,256.43,0.539,90.12,492,2,Agent,25,900,120,300
2024-06-07,Andaman,11.7401,92.6586,0,6,4,38.0,0,469.08,-0.081,90.65,512,3,Agent,9,900,120,300
2024-07-16,Goa,15.2993,74.124,0,7,1,38.5,0,22.68,0.548,76.93,771,2,App,1,2000,250,800
2024-06-15,Agra,27.1767,78.0081,1,6,5,36.8,1,458.12,-0.236,63.73,622,2,Kiosk,5,1300,150,550
2025-01-17,Agra,27.1767,78.0081,0,1,4,20.5,0,88.67,0.635,59.63,703,1,App,3,1300,150,550
2024-06-07,Goa,15.2993,74.124,0,6,4,41.7,0,224.29,-0.113,78.68,693,1,Kiosk,23,2000,250,800
2025-02-25,Kerala,10.8505,76.2711,0,2,1,24.6,0,199.1,-0.163,63.63,365,2,Kiosk,1,1700,220,700
2024-10-31,Jaipur,26.9124,75.7873,0,10,3,22.9,0,251.06,-0.254,56.68,363,2,Web,12,1500,180,600
2024-05-14,Varanasi,25.3176,82.9739,0,5,1,35.7,0,669.67,0.567,45.5,242,2,Agent,6,1400,160,500
2024-11-25,Goa,15.2993,74.124,0,11,0,19.8,0,711.0,0.085,73.13,649,2,Agent,24,2000,250,800
2024-11-24,Agra,27.1767,78.0081,1,11,6,18.2,0,1247.18,0.978,57.31,908,2,Web,32,1300,150,550
2024-03-23,Andaman,11.7401,92.6586,1,3,5,30.7,0,255.77,0.267,91.24,506,3,Agent,13,900,120,300
2025-06-13,Varanasi,25.3176,82.9739,0,6,4,37.9,1,664.85,0.453,50.06,518,1,App,9,1400,160,500
2025-08-14,Varanasi,25.3176,82.9739,0,8,3,30.6,0,301.63,1.0,45.65,183,2,Kiosk,21,1400,160,500
2025-03-28,Manali,32.2432,77.1892,0,3,4,15.0,0,107.87,0.588,74.08,541,2,Web,4,1200,140,450
2024-10-24,Varanasi,25.3176,82.9739,0,10,3,22.3,0,931.41,-0.049,55.77,350,2,Agent,29,1400,160,500
2024-10-24,Goa,15.2993,74.124,0,10,3,27.0,0,381.46,-0.112,81.53,697,2,Web,10,2000,250,800
2024-02-14,Leh,34.1526,77.5771,0,2,2,3.6,0,333.91,-0.397,98.59,366,3,App,8,600,90,220
2024-07-14,Leh,34.1526,77.5771,1,7,6,17.5,0,329.6,-0.83,99.28,508,2,Kiosk,4,600,90,220
2024-02-27,Manali,32.2432,77.1892,0,2,1,11.3,0,241.31,0.777,72.83,640,2,Agent,7,1200,140,450
2025-02-14,Andaman,11.7401,92.6586,0,2,4,23.4,0,486.45,-0.32,92.97,541,2,Kiosk,25,900,120,300
2025-09-24,Andaman,11.7401,92.6586,0,9,2,28.7,0,266.67,0.37,89.44,321,2,Kiosk,6,900,120,300
2025-07-05,Leh,34.1526,77.5771,1,7,5,20.5,1,205.86,0.142,96.78,389,2,App,5,600,90,220
2024-08-29,Agra,27.1767,78.0081,0,8,3,31.5,0,191.21,0.239,62.92,721,3,Web,3,1300,150,550
2025-04-21,Jaipur,26.9124,75.7873,0,4,0,32.6,0,510.7,-0.826,65.65,851,2,App,7,1500,180,600
2024-10-05,Goa,15.2993,74.124,1,10,5,26.6,0,526.53,-0.433,78.57,483,2,Web,12,2000,250,800
2024-03-17,Kerala,10.8505,76.2711,1,3,6,29.9,0,845.19,-0.4,61.2,541,2,Kiosk,16,1700,220,700
2024-08-24,Varanasi,25.3176,82.9739,1,8,5,34.5,0,448.78,0.534,48.27,551,2,App,11,1400,160,500
2024-03-26,Goa,15.2993,74.124,0,3,1,29.6,0,338.27,0.41,76.69,891,3,Kiosk,25,2000,250,800
2025-02-10,Varanasi,25.3176,82.9739,0,2,0,20.8,0,562.33,0.093,45.58,436,1,Kiosk,7,1400,160,500
2024-06-02,Varanasi,25.3176,82.9739,1,6,6,38.2,0,664.77,-0.151,56.31,756,4,Web,4,1400,160,500
2024-06-04,Kerala,10.8505,76.2711,0,6,1,40.8,0,211.77,-0.727,66.58,653,2,Web,5,1700,220,700
2025-09-14,Jaipur,26.9124,75.7873,1,9,6,28.3,1,92.74,-0.308,69.21,323,2,Kiosk,11,1500,180,600
2024-01-17,Agra,27.1767,78.0081,0,1,2,17.0,0,229.03,0.33,57.42,269,3,Agent,7,1300,150,550
2025-08-14,Andaman,11.7401,92.6586,0,8,3,33.1,0,690.37,0.813,95.33,358,2,App,7,900,120,300
2024-03-12,Manali,32.2432,77.1892,0,3,1,14.5,0,748.86,0.986,73.19,785,2,Agent,15,1200,140,450
2024-02-08,Varanasi,25.3176,82.9739,0,2,3,22.3,0,413.39,0.136,52.2,497,2,App,1,1400,160,500
2025-07-15,Varanasi,25.3176,82.9739,0,7,1,38.3,0,565.81,0.562,50.84,297,3,Web,10,1400,160,500
2024-03-18,Jaipur,26.9124,75.7873,0,3,0,28.0,0,159.89,-0.648,57.12,237,2,Kiosk,12,1500,180,600
2024-08-23,Jaipur,26.9124,75.7873,0,8,4,31.3,0,800.53,0.343,66.61,674,2,Agent,25,1500,180,600
2024-03-17,Jaipur,26.9124,75.7873,1,3,6,25.9,0,680.13,0.005,65.26,650,1,Agent,14,1500,180,600
2024-12-15,Andaman,11.7401,92.6586,1,12,6,19.8,0,278.53,-0.109,95.53,283,2,Agent,4,900,120,300
2025-09-30,Manali,32.2432,77.1892,0,9,1,14.5,0,415.43,-0.813,79.29,473,2,Kiosk,7,1200,140,450
2025-10-01,Andaman,11.7401,92.6586,0,10,2,24.4,0,1163.49,0.75,87.8,622,3,App,6,900,120,300
2025-05-22,Leh,34.1526,77.5771,0,5,3,18.0,1,254.63,0.771,101.49,0,3,Agent,11,600,90,220
2024-04-04,Manali,32.2432,77.1892,0,4,3,19.4,0,231.5,-0.11,81.74,380,2,Agent,3,1200,140,450
2025-06-03,Jaipur,26.9124,75.7873,0,6,1,37.5,0,203.29,1.0,66.21,520,2,Agent,9,1500,180,600
2025-04-09,Jaipur,26.9124,75.7873,0,4,2,32.5,0,228.76,0.253,66.35,505,3,Agent,2,1500,180,600
2024-03-23,Andaman,11.7401,92.6586,1,3,5,26.9,0,267.69,-0.366,97.88,239,2,Kiosk,1,900,120,300
2024-12-05,Leh,34.1526,77.5771,0,12,3,1.6,0,43.58,0.907,96.04,319,2,Web,25,600,90,220
2024-11-07,Agra,27.1767,78.0081,0,11,3,19.9,0,697.58,-0.993,65.64,473,2,Web,2,1300,150,550
2024-12-07,Leh,34.1526,77.5771,1,12,5,0.5,0,930.62,-1.0,98.18,432,3,Agent,5,600,90,220
2024-03-20,Kerala,10.8505,76.2711,0,3,2,29.7,0,502.09,-0.267,66.89,556,4,Agent,20,1700,220,700
2024-06-29,Goa,15.2993,74.124,1,6,5,39.0,0,682.32,-0.297,76.78,937,2,Web,7,2000,250,800
2025-03-03,Manali,32.2432,77.1892,0,3,0,14.5,0,241.94,-0.213,77.52,497,2,Web,6,1200,140,450
2024-04-03,Leh,34.1526,77.5771,0,4,2,13.9,0,515.51,-0.377,100.82,501,1,Agent,22,600,90,220
2024-11-07,Goa,15.2993,74.124,0,11,3,20.7,0,1068.31,-0.027,77.82,585,1,Kiosk,8,2000,250,800
2025-06-05,Kerala,10.8505,76.2711,0,6,3,38.6,0,711.24,0.645,77.46,684,2,App,12,1700,220,700
2024-12-04,Andaman,11.7401,92.6586,0,12,2,18.6,0,105.28,-0.027,86.64,253,2,Web,5,900,120,300
2024-06-25,Manali,32.2432,77.1892,0,6,1,24.0,0,1386.47,-0.288,87.32,840,3,Agent,6,1200,140,450
2025-09-12,Jaipur,26.9124,75.7873,0,9,4,28.4,0,578.84,0.411,59.25,695,2,App,6,1500,180,600
2024-07-28,Varanasi,25.3176,82.9739,1,7,6,37.3,0,190.71,0.156,52.87,735,2,Web,10,1400,160,500
2025-07-27,Jaipur,26.9124,75.7873,1,7,6,37.6,1,562.01,0.393,57.92,629,2,App,5,1500,180,600
2025-02-04,Kerala,10.8505,76.2711,0,2,1,21.1,0,368.84,-0.144,73.02,713,3,Web,12,1700,220,700
2024-07-17,Leh,34.1526,77.5771,0,7,2,17.0,1,930.85,-1.0,89.87,354,2,Web,11,600,90,220
2025-04-11,Manali,32.2432,77.1892,0,4,4,18.3,0,477.31,0.176,76.17,723,2,App,16,1200,140,450
2025-04-29,Manali,32.2432,77.1892,0,4,1,19.3,0,261.2,-0.877,71.73,542,1,App,30,1200,140,450
2024-08-04,Manali,32.2432,77.1892,1,8,6,19.6,1,203.08,-1.0,72.18,693,2,Web,12,1200,140,450
2025-07-10,Jaipur,26.9124,75.7873,0,7,3,36.7,0,110.16,-0.29,55.55,918,3,App,6,1500,180,600
2024-08-12,Manali,32.2432,77.1892,0,8,0,19.3,1,46.72,-0.092,82.41,726,3,App,10,1200,140,450
2024-03-27,Jaipur,26.9124,75.7873,0,3,2,26.8,0,418.9,0.392,56.25,574,2,Kiosk,15,1500,180,600
2024-11-04,Kerala,10.8505,76.2711,0,11,0,20.0,0,549.34,0.623,56.11,582,4,Agent,10,1700,220,700
2024-12-01,Kerala,10.8505,76.2711,1,12,6,18.2,1,209.51,0.453,65.48,927,3,Kiosk,7,1700,220,700
2024-03-11,Manali,32.2432,77.1892,0,3,0,14.2,0,482.03,-1.0,78.23,424,2,App,5,1200,140,450
2024-10-25,Kerala,10.8505,76.2711,0,10,4,22.7,0,604.41,0.04,65.18,548,2,Agent,3,1700,220,700
2024-04-22,Andaman,11.7401,92.6586,0,4,0,32.0,0,672.81,0.777,86.4,571,3,Web,16,900,120,300
2024-08-02,Manali,32.2432,77.1892,0,8,4,17.0,0,498.75,0.213,69.98,350,2,Kiosk,2,1200,140,450
2024-02-08,Varanasi,25.3176,82.9739,0,2,3,22.4,0,203.86,0.347,59.21,306,2,App,26,1400,160,500
2024-03-20,Andaman,11.7401,92.6586,0,3,2,27.0,0,291.39,-0.234,94.47,39,2,Agent,6,900,120,300
2025-05-12,Jaipur,26.9124,75.7873,0,5,0,36.5,0,228.57,0.281,61.16,813,3,Agent,2,1500,180,600
2025-05-16,Manali,32.2432,77.1892,0,5,4,24.5,0,790.39,-0.359,65.39,716,2,App,15,1200,140,450
2024-06-06,Varanasi,25.3176,82.9739,0,6,3,35.9,0,1135.06,-0.429,41.1,637,2,App,17,1400,160,500
2025-04-27,Andaman,11.7401,92.6586,1,4,6,32.7,1,532.39,0.512,86.6,360,3,Web,1,900,120,300
2025-01-06,Varanasi,25.3176,82.9739,0,1,0,19.6,0,240.02,0.613,56.37,572,1,Web,11,1400,160,500
2024-11-09,Leh,34.1526,77.5771,1,11,5,1.6,0,400.99,0.16,86.6,351,2,App,13,600,90,220
2024-10-04,Kerala,10.8505,76.2711,0,10,4,24.9,0,834.2,0.478,76.77,611,3,Kiosk,13,1700,220,700
2025-07-27,Agra,27.1767,78.0081,1,7,6,34.3,0,362.51,0.459,55.58,174,2,Kiosk,8,1300,150,550
2024-08-26,Manali,32.2432,77.1892,0,8,0,19.5,0,1070.79,-0.181,75.93,899,1,Web,3,1200,140,450
2024-12-14,Jaipur,26.9124,75.7873,1,12,5,18.6,0,394.87,0.945,58.94,760,3,Agent,12,1500,180,600
2025-06-26,Kerala,10.8505,76.2711,0,6,3,38.4,0,237.96,-0.252,72.55,949,3,Web,18,1700,220,700
2024-08-07,Manali,32.2432,77.1892,0,8,2,20.8,1,694.18,0.016,63.34,516,2,App,13,1200,140,450
2025-01-01,Kerala,10.8505,76.2711,0,1,2,21.2,0,55.68,-0.14,72.49,586,2,Agent,18,1700,220,700
2024-11-06,Manali,32.2432,77.1892,0,11,2,8.4,0,210.43,0.996,71.02,429,2,Kiosk,12,1200,140,450
2024-03-20,Goa,15.2993,74.124,0,3,2,29.1,0,170.56,-1.0,75.99,499,2,App,22,2000,250,800
2025-05-28,Andaman,11.7401,92.6586,0,5,2,36.6,0,481.63,-0.474,95.49,515,1,Agent,15,900,120,300
2024-12-10,Andaman,11.7401,92.6586,0,12,1,18.4,0,209.16,-0.699,96.99,191,2,Web,3,900,120,300
2024-09-08,Manali,32.2432,77.1892,1,9,6,14.6,1,191.61,-0.109,63.41,198,2,App,16,1200,140,450
2025-08-28,Kerala,10.8505,76.2711,0,8,3,33.0,0,753.76,0.583,61.06,440,3,Agent,6,1700,220,700
2024-10-21,Leh,34.1526,77.5771,0,10,0,4.5,0,539.66,0.121,83.59,142,1,App,9,600,90,220
2024-01-12,Leh,34.1526,77.5771,0,1,4,0.5,0,372.6,-0.501,102.04,148,3,Kiosk,13,600,90,220
2025-02-22,Leh,34.1526,77.5771,1,2,5,4.7,0,335.88,0.034,90.85,203,1,Agent,12,600,90,220
2025-05-31,Jaipur,26.9124,75.7873,1,5,5,37.7,0,903.46,0.059,59.74,1008,2,Web,3,1500,180,600
2025-01-14,Kerala,10.8505,76.2711,0,1,1,20.3,0,503.11,-0.007,57.64,439,3,App,25,1700,220,700
2025-06-01,Agra,27.1767,78.0081,1,6,6,37.0,0,66.9,-0.189,51.53,737,3,Agent,22,1300,150,550
2024-06-13,Kerala,10.8505,76.2711,0,6,3,36.7,0,239.5,0.126,67.82,723,2,Web,7,1700,220,700
2025-07-04,Andaman,11.7401,92.6586,0,7,4,36.7,1,383.29,-0.424,79.61,376,2,Kiosk,5,900,120,300
2024-02-16,Varanasi,25.3176,82.9739,0,2,4,21.2,0,805.62,-0.584,45.05,611,3,Web,21,1400,160,500
2025-05-02,Goa,15.2993,74.124,0,5,4,38.7,0,199.68,0.093,81.32,933,2,Web,4,2000,250,800
2025-04-29,Goa,15.2993,74.124,0,4,1,35.2,0,448.29,1.0,76.64,583,2,Kiosk,8,2000,250,800
2024-10-13,Andaman,11.7401,92.6586,1,10,6,22.4,0,259.96,0.538,82.68,631,3,Web,5,900,120,300
2024-03-31,Andaman,11.7401,92.6586,1,3,6,25.4,0,1098.67,0.505,91.16,720,2,Agent,7,900,120,300
2024-06-23,Agra,27.1767,78.0081,1,6,6,38.8,0,579.21,0.628,52.5,481,2,Web,5,1300,150,550
2025-08-10,Varanasi,25.3176,82.9739,1,8,6,30.3,0,50.39,-0.527,36.52,525,4,App,6,1400,160,500
2024-09-11,Manali,32.2432,77.1892,0,9,2,17.1,0,529.71,-0.455,81.96,605,1,Kiosk,10,1200,140,450
2025-05-12,Varanasi,25.3176,82.9739,0,5,0,36.0,0,122.81,-0.513,48.18,779,2,App,21,1400,160,500
2025-02-08,Leh,34.1526,77.5771,1,2,5,6.2,0,592.39,0.014,85.11,304,2,App,6,600,90,220
2025-04-29,Kerala,10.8505,76.2711,0,4,1,31.5,0,367.12,0.229,67.91,718,3,App,19,1700,220,700
2024-01-20,Leh,34.1526,77.5771,1,1,5,-0.6,1,505.74,0.236,88.38,208,1,Agent,10,600,90,220
2024-01-17,Goa,15.2993,74.124,0,1,2,22.4,0,400.52,-0.286,74.69,365,3,Kiosk,7,2000,250,800
2025-07-11,Varanasi,25.3176,82.9739,0,7,4,36.3,0,751.93,-0.342,54.58,752,1,App,13,1400,160,500
2025-06-11,Jaipur,26.9124,75.7873,0,6,2,40.0,0,367.1,-0.295,73.63,537,1,Kiosk,5,1500,180,600
2024-08-06,Goa,15.2993,74.124,0,8,1,35.9,0,530.23,-0.364,87.56,887,1,Agent,3,2000,250,800
2024-10-27,Jaipur,26.9124,75.7873,1,10,6,23.9,0,644.91,-0.626,62.32,819,3,Web,27,1500,180,600
2024-07-23,Kerala,10.8505,76.2711,0,7,1,37.8,0,101.73,0.551,70.16,725,1,App,18,1700,220,700
2025-05-10,Goa,15.2993,74.124,1,5,5,37.8,0,694.7,-0.421,70.18,869,1,Kiosk,14,2000,250,800
2025-07-10,Andaman,11.7401,92.6586,0,7,3,35.3,1,242.77,0.474,85.12,342,2,Agent,5,900,120,300
2024-04-02,Jaipur,26.9124,75.7873,0,4,1,34.0,0,1193.27,0.698,81.37,437,3,Kiosk,14,1500,180,600
2024-07-03,Leh,34.1526,77.5771,0,7,2,18.2,0,271.99,-0.077,103.05,259,2,Agent,16,600,90,220
2024-10-19,Kerala,10.8505,76.2711,1,10,5,23.8,0,237.68,0.791,69.11,904,3,App,5,1700,220,700
2024-11-19,Varanasi,25.3176,82.9739,0,11,1,18.1,0,302.64,-0.2,51.54,558,1,App,3,1400,160,500
2024-04-06,Agra,27.1767,78.0081,1,4,5,30.7,0,340.87,1.0,45.08,484,3,App,11,1300,150,550
2024-03-04,Agra,27.1767,78.0081,0,3,0,26.8,0,268.19,0.599,60.73,831,2,Web,7,1300,150,550
2024-02-12,Varanasi,25.3176,82.9739,0,2,0,22.9,0,416.34,-0.722,39.69,333,3,App,13,1400,160,500
2024-07-25,Andaman,11.7401,92.6586,0,7,3,34.2,0,174.27,-0.717,82.52,348,2,App,9,900,120,300
2024-10-30,Varanasi,25.3176,82.9739,0,10,2,21.7,0,229.66,-0.014,41.91,170,2,Agent,16,1400,160,500
2024-12-09,Manali,32.2432,77.1892,0,12,0,5.1,0,548.8,-0.904,67.86,310,3,Kiosk,7,1200,140,450
2025-03-11,Andaman,11.7401,92.6586,0,3,1,27.1,0,336.32,-1.0,91.99,117,1,Agent,10,900,120,300
2024-08-19,Manali,32.2432,77.1892,0,8,0,18.7,0,766.32,0.131,80.24,832,2,Kiosk,18,1200,140,450
2025-08-14,Jaipur,26.9124,75.7873,0,8,3,34.9,0,443.31,0.181,52.46,669,2,Web,10,1500,180,600
2024-10-19,Varanasi,25.3176,82.9739,1,10,5,24.7,0,766.17,1.0,42.13,665,3,Kiosk,7,1400,160,500
2025-06-30,Andaman,11.7401,92.6586,0,6,0,37.8,1,418.34,0.01,91.54,690,2,Kiosk,12,900,120,300
2024-05-07,Andaman,11.7401,92.6586,0,5,1,35.2,0,397.64,-0.492,90.23,492,2,Kiosk,7,900,120,300
2025-07-29,Varanasi,25.3176,82.9739,0,7,1,33.7,1,247.91,1.0,57.28,135,1,Kiosk,8,1400,160,500
2024-06-28,Kerala,10.8505,76.2711,0,6,4,39.2,0,136.81,-0.274,78.35,738,2,App,14,1700,220,700
2025-08-19,Kerala,10.8505,76.2711,0,8,1,34.6,0,603.79,0.307,71.44,839,1,Kiosk,5,1700,220,700
2024-07-16,Goa,15.2993,74.124,0,7,1,38.7,0,1075.49,0.54,68.21,738,2,Web,16,2000,250,800
2024-12-24,Kerala,10.8505,76.2711,0,12,1,19.0,0,141.81,0.564,68.98,727,2,Web,14,1700,220,700
2025-05-11,Varanasi,25.3176,82.9739,1,5,6,35.2,0,451.03,0.873,57.77,710,1,Web,8,1400,160,500
2024-10-11,Andaman,11.7401,92.6586,0,10,4,24.0,1,370.74,-0.895,91.35,480,3,Kiosk,37,900,120,300
2024-03-04,Goa,15.2993,74.124,0,3,0,30.4,0,136.35,0.094,69.39,736,1,App,13,2000,250,800
2025-02-21,Leh,34.1526,77.5771,0,2,4,7.1,0,498.41,-0.545,102.27,446,2,Kiosk,13,600,90,220
2025-04-21,Varanasi,25.3176,82.9739,0,4,0,32.0,0,666.27,-0.103,57.82,664,2,Kiosk,9,1400,160,500
2024-04-06,Manali,32.2432,77.1892,1,4,5,18.8,0,181.45,0.151,74.9,673,3,App,1,1200,140,450
2024-06-21,Manali,32.2432,77.1892,0,6,4,26.0,0,27.6,-0.799,76.91,471,1,Web,5,1200,140,450
2025-05-11,Manali,32.2432,77.1892,1,5,6,24.0,0,298.43,-0.469,77.22,646,2,Kiosk,16,1200,140,450
2025-06-17,Goa,15.2993,74.124,0,6,1,38.0,0,381.03,0.48,73.01,476,3,Kiosk,11,2000,250,800
2025-03-22,Leh,34.1526,77.5771,1,3,5,10.1,0,67.39,0.143,100.97,34,1,Kiosk,29,600,90,220
2024-04-09,Andaman,11.7401,92.6586,0,4,1,32.4,0,39.54,-0.24,91.42,408,3,Agent,7,900,120,300
2024-06-20,Leh,34.1526,77.5771,0,6,3,22.3,0,447.19,-0.346,99.76,563,2,Web,6,600,90,220
2024-02-21,Agra,27.1767,78.0081,0,2,2,21.5,0,788.06,-1.0,49.73,387,2,Agent,6,1300,150,550
2025-08-23,Agra,27.1767,78.0081,1,8,5,30.2,1,473.56,0.034,58.26,684,2,App,9,1300,150,550
2024-01-15,Manali,32.2432,77.1892,0,1,0,6.6,0,1159.42,-0.047,66.6,112,3,Kiosk,40,1200,140,450
2025-01-16,Agra,27.1767,78.0081,0,1,3,17.5,0,74.98,-0.041,57.38,216,2,Agent,7,1300,150,550
2025-05-30,Goa,15.2993,74.124,0,5,4,41.2,0,88.0,-0.026,78.96,871,1,Agent,12,2000,250,800
2025-03-02,Kerala,10.8505,76.2711,1,3,6,28.4,0,274.14,0.025,75.34,686,1,App,12,1700,220,700
2025-08-12,Andaman,11.7401,92.6586,0,8,1,34.6,0,202.84,-0.103,85.38,363,3,Agent,5,900,120,300
2024-12-03,Jaipur,26.9124,75.7873,0,12,1,18.3,0,484.79,-0.435,63.65,648,2,App,3,1500,180,600
2024-11-26,Manali,32.2432,77.1892,0,11,1,7.6,0,1091.33,-0.257,67.58,262,2,App,12,1200,140,450
2025-06-26,Jaipur,26.9124,75.7873,0,6,3,38.9,0,187.16,0.227,61.12,876,2,Agent,6,1500,180,600
2024-03-09,Kerala,10.8505,76.2711,1,3,5,29.2,0,630.93,-0.045,75.4,540,2,Agent,7,1700,220,700
2024-07-25,Leh,34.1526,77.5771,0,7,3,18.2,0,151.15,-0.22,89.25,398,1,Web,7,600,90,220
2024-12-14,Kerala,10.8505,76.2711,1,12,5,19.8,1,287.75,-0.619,62.76,436,3,Web,24,1700,220,700
2025-03-24,Kerala,10.8505,76.2711,0,3,0,28.0,0,64.43,-0.542,63.92,382,1,Kiosk,7,1700,220,700
2025-08-18,Varanasi,25.3176,82.9739,0,8,0,33.3,0,21.39,0.347,54.24,634,4,Web,4,1400,160,500
2024-02-29,Kerala,10.8505,76.2711,0,2,3,24.7,0,374.35,-0.162,56.94,333,2,Agent,14,1700,220,700
2024-04-01,Agra,27.1767,78.0081,0,4,0,31.3,0,187.89,0.517,54.99,378,3,Kiosk,14,1300,150,550
2024-08-03,Leh,34.1526,77.5771,1,8,5,15.1,1,339.89,-0.423,97.08,325,1,Agent,4,600,90,220
2024-05-01,Leh,34.1526,77.5771,0,5,2,15.9,0,474.04,0.684,99.3,169,2,Kiosk,2,600,90,220
2025-01-31,Goa,15.2993,74.124,0,1,4,22.9,0,100.26,-0.094,68.34,579,3,Agent,13,2000,250,800
2025-03-12,Goa,15.2993,74.124,0,3,2,29.7,1,172.79,-0.579,75.01,537,2,App,4,2000,250,800
2025-04-24,Goa,15.2993,74.124,0,4,3,36.5,0,971.11,0.484,74.56,431,1,Kiosk,18,2000,250,800
2024-09-07,Manali,32.2432,77.1892,1,9,5,17.2,0,484.78,0.271,73.49,707,2,App,10,1200,140,450
2024-08-10,Andaman,11.7401,92.6586,1,8,5,33.2,0,653.64,-0.038,84.46,555,3,Kiosk,20,900,120,300
2025-01-14,Varanasi,25.3176,82.9739,0,1,1,16.2,0,819.22,0.658,43.32,575,3,Web,22,1400,160,500
2025-03-16,Agra,27.1767,78.0081,1,3,6,25.3,0,43.45,-0.235,64.93,191,1,Kiosk,8,1300,150,550
2025-09-09,Goa,15.2993,74.124,0,9,1,28.9,0,148.72,-0.19,66.5,544,4,App,28,2000,250,800
2025-05-27,Varanasi,25.3176,82.9739,0,5,1,36.7,0,185.98,0.942,50.27,526,2,Web,14,1400,160,500
2025-05-26,Varanasi,25.3176,82.9739,0,5,0,33.9,0,483.19,-0.105,58.21,676,2,Kiosk,8,1400,160,500
2024-05-28,Manali,32.2432,77.1892,0,5,1,23.9,0,369.37,0.119,69.57,694,2,Web,6,1200,140,450
2024-12-11,Manali,32.2432,77.1892,0,12,2,7.4,0,119.15,0.14,64.08,242,2,Web,1,1200,140,450
2025-09-25,Leh,34.1526,77.5771,0,9,3,10.1,0,444.45,-0.487,93.95,489,2,App,18,600,90,220
2024-07-02,Goa,15.2993,74.124,0,7,1,39.7,0,492.32,0.425,74.9,526,2,Web,6,2000,250,800
2025-04-08,Kerala,10.8505,76.2711,0,4,1,35.0,1,1178.49,-0.262,62.95,778,3,Kiosk,12,1700,220,700
2025-07-21,Manali,32.2432,77.1892,0,7,0,24.8,1,186.66,-0.509,72.72,447,1,Web,7,1200,140,450
2024-04-26,Varanasi,25.3176,82.9739,0,4,4,30.5,0,385.28,0.565,45.7,273,2,Kiosk,3,1400,160,500
2024-09-02,Kerala,10.8505,76.2711,0,9,0,27.7,0,291.41,0.19,58.38,316,2,Agent,10,1700,220,700
2025-02-08,Varanasi,25.3176,82.9739,1,2,5,23.0,0,318.33,-0.507,55.68,525,3,App,21,1400,160,500
2024-03-09,Goa,15.2993,74.124,1,3,5,30.6,0,406.79,-1.0,69.61,448,1,Kiosk,9,2000,250,800
2024-06-03,Leh,34.1526,77.5771,0,6,0,19.7,0,783.67,-0.05,98.1,409,2,Agent,16,600,90,220
2024-08-19,Goa,15.2993,74.124,0,8,0,34.7,0,198.48,-0.969,72.35,871,2,Agent,4,2000,250,800
2025-09-23,Kerala,10.8505,76.2711,0,9,1,30.6,1,198.19,-0.389,73.43,627,2,Agent,41,1700,220,700
2025-02-26,Goa,15.2993,74.124,0,2,2,24.7,0,929.23,0.043,76.44,697,2,App,5,2000,250,800
2024-03-11,Varanasi,25.3176,82.9739,0,3,0,28.9,0,124.45,-0.826,48.74,201,3,Kiosk,8,1400,160,500
2024-02-06,Goa,15.2993,74.124,0,2,1,26.1,0,327.54,-1.0,85.82,414,2,Kiosk,29,2000,250,800
2024-03-11,Leh,34.1526,77.5771,0,3,0,11.5,0,383.86,0.93,102.49,563,3,App,15,600,90,220
2024-07-02,Manali,32.2432,77.1892,0,7,1,23.7,1,733.14,-1.0,75.98,709,3,Web,7,1200,140,450
2024-10-01,Leh,34.1526,77.5771,0,10,1,5.6,0,208.72,0.078,85.72,45,2,Agent,13,600,90,220
2024-05-27,Manali,32.2432,77.1892,0,5,0,24.4,0,988.87,0.507,83.82,327,1,Agent,7,1200,140,450
2025-08-25,Goa,15.2993,74.124,0,8,0,34.6,0,149.04,1.0,90.42,504,3,App,3,2000,250,800
2024-03-12,Varanasi,25.3176,82.9739,0,3,1,27.7,0,909.11,-0.339,45.08,525,2,Web,4,1400,160,500
2025-04-16,Agra,27.1767,78.0081,0,4,2,31.6,0,401.35,0.394,61.74,538,2,Agent,7,1300,150,550
2025-08-09,Agra,27.1767,78.0081,1,8,5,35.3,0,559.54,-0.178,61.04,904,3,Agent,10,1300,150,550
2025-08-20,Jaipur,26.9124,75.7873,0,8,2,32.5,0,274.64,-0.488,56.36,910,2,Web,2,1500,180,600
2024-04-07,Agra,27.1767,78.0081,1,4,6,33.1,0,808.16,-0.151,64.83,618,2,Agent,13,1300,150,550
2025-06-28,Kerala,10.8505,76.2711,1,6,5,39.4,1,353.88,-0.33,64.58,611,2,Agent,4,1700,220,700
2024-03-23,Varanasi,25.3176,82.9739,1,3,5,26.6,0,395.2,0.376,49.19,611,2,Agent,17,1400,160,500
2024-08-02,Goa,15.2993,74.124,0,8,4,34.7,0,528.15,0.445,76.05,911,2,App,24,2000,250,800
2024-12-28,Agra,27.1767,78.0081,1,12,5,16.1,0,776.38,0.109,56.24,595,2,Agent,6,1300,150,550
2024-08-25,Agra,27.1767,78.0081,1,8,6,30.9,0,1158.53,0.18,63.1,923,1,Web,6,1300,150,550
2025-08-06,Leh,34.1526,77.5771,0,8,2,15.2,1,223.88,0.386,88.55,130,5,App,1,600,90,220
2024-10-17,Kerala,10.8505,76.2711,0,10,3,22.8,0,528.69,-0.426,56.65,442,1,App,7,1700,220,700
2024-12-14,Andaman,11.7401,92.6586,1,12,5,16.7,0,62.82,1.0,84.36,668,2,Web,13,900,120,300
2024-08-30,Manali,32.2432,77.1892,0,8,4,20.8,0,414.06,0.191,73.57,635,2,App,37,1200,140,450
2025-06-01,Andaman,11.7401,92.6586,1,6,6,38.0,0,128.38,1.0,87.28,379,2,Web,7,900,120,300
2025-02-15,Andaman,11.7401,92.6586,1,2,5,25.7,0,293.93,0.05,85.51,316,2,Agent,29,900,120,300
2025-09-08,Varanasi,25.3176,82.9739,0,9,0,25.2,0,402.81,0.909,50.86,789,2,Web,11,1400,160,500
2025-02-08,Jaipur,26.9124,75.7873,1,2,5,21.7,0,460.19,1.0,69.37,882,3,Kiosk,10,1500,180,600
2024-06-05,Andaman,11.7401,92.6586,0,6,2,37.8,0,142.24,0.574,88.67,366,2,Web,19,900,120,300
2024-09-21,Andaman,11.7401,92.6586,1,9,5,29.8,1,574.08,-0.136,88.1,334,3,App,9,900,120,300
2024-06-07,Andaman,11.7401,92.6586,0,6,4,38.8,0,282.06,-0.218,81.36,268,3,Kiosk,27,900,120,300
2024-04-09,Manali,32.2432,77.1892,0,4,1,20.7,1,1020.74,-0.432,72.43,716,1,App,7,1200,140,450
2025-03-09,Varanasi,25.3176,82.9739,1,3,6,24.2,0,85.14,-0.356,52.06,524,2,App,7,1400,160,500
2025-01-17,Leh,34.1526,77.5771,0,1,4,1.8,0,306.37,-0.433,100.87,236,3,Kiosk,15,600,90,220
2024-05-27,Manali,32.2432,77.1892,0,5,0,23.7,0,821.99,0.743,81.98,374,1,Web,3,1200,140,450
2025-05-31,Leh,34.1526,77.5771,1,5,5,18.5,0,169.99,0.199,93.3,656,2,Kiosk,1,600,90,220
2025-01-04,Manali,32.2432,77.1892,1,1,5,4.1,0,28.21,-0.3,73.17,302,4,Kiosk,4,1200,140,450
2024-10-05,Andaman,11.7401,92.6586,1,10,5,24.5,0,621.84,0.574,87.94,291,1,Kiosk,9,900,120,300
2025-07-07,Jaipur,26.9124,75.7873,0,7,0,36.2,0,458.41,0.703,61.85,668,3,Kiosk,5,1500,180,600
2024-03-07,Manali,32.2432,77.1892,0,3,3,15.3,0,495.54,0.366,68.77,433,1,Agent,2,1200,140,450
2025-05-13,Kerala,10.8505,76.2711,0,5,1,38.3,0,295.84,0.422,65.67,504,1,Web,9,1700,220,700
2024-05-18,Jaipur,26.9124,75.7873,1,5,5,35.3,0,1232.88,1.0,61.88,541,2,Agent,1,1500,180,600
2024-05-20,Leh,34.1526,77.5771,0,5,0,18.5,0,250.57,0.131,94.18,370,1,App,4,600,90,220
2024-11-26,Varanasi,25.3176,82.9739,0,11,1,16.4,0,68.05,0.56,46.01,530,3,Kiosk,23,1400,160,500
2024-10-16,Manali,32.2432,77.1892,0,10,2,11.3,1,167.11,0.417,68.27,735,2,Web,9,1200,140,450
2025-03-13,Manali,32.2432,77.1892,0,3,3,15.4,0,565.49,0.087,78.41,622,3,App,16,1200,140,450
2025-04-16,Goa,15.2993,74.124,0,4,2,34.7,1,629.13,0.193,83.79,1082,2,Agent,5,2000,250,800
2024-11-14,Leh,34.1526,77.5771,0,11,3,3.7,0,335.04,0.341,98.58,288,3,Web,18,600,90,220
2024-07-17,Manali,32.2432,77.1892,0,7,2,23.6,0,1028.15,0.422,61.58,250,1,Web,9,1200,140,450
2024-08-26,Kerala,10.8505,76.2711,0,8,0,32.2,0,542.82,-0.201,68.96,1165,2,Web,10,1700,220,700
2024-11-03,Varanasi,25.3176,82.9739,1,11,6,17.9,0,249.66,0.735,50.28,730,2,Web,13,1400,160,500
2024-11-24,Varanasi,25.3176,82.9739,1,11,6,18.9,0,145.12,-0.59,47.82,436,2,Kiosk,11,1400,160,500
2025-06-07,Leh,34.1526,77.5771,1,6,5,19.4,0,439.65,0.019,97.37,773,4,App,7,600,90,220
2025-03-24,Andaman,11.7401,92.6586,0,3,0,28.1,0,690.5,-0.346,91.88,359,3,App,5,900,120,300
2024-11-28,Manali,32.2432,77.1892,0,11,3,5.1,0,517.87,0.27,64.71,197,3,Web,1,1200,140,450
2025-05-30,Manali,32.2432,77.1892,0,5,4,23.6,0,580.77,0.435,70.68,414,3,Web,10,1200,140,450
2024-06-13,Kerala,10.8505,76.2711,0,6,3,40.0,1,573.82,-0.107,61.59,738,2,App,1,1700,220,700
2024-06-27,Kerala,10.8505,76.2711,0,6,3,38.9,0,251.09,-0.011,60.0,605,3,Kiosk,8,1700,220,700
2025-04-07,Varanasi,25.3176,82.9739,0,4,0,32.8,0,146.25,0.808,42.85,151,2,Kiosk,1,1400,160,500
2025-04-02,Manali,32.2432,77.1892,0,4,2,19.6,0,88.97,0.121,87.95,648,1,Agent,12,1200,140,450
2024-07-06,Kerala,10.8505,76.2711,1,7,5,37.4,0,65.49,0.257,66.28,649,1,Agent,10,1700,220,700
2025-04-08,Varanasi,25.3176,82.9739,0,4,1,31.4,0,136.99,0.968,43.82,440,3,Kiosk,6,1400,160,500
2024-12-29,Manali,32.2432,77.1892,1,12,6,7.0,0,511.33,0.512,72.19,711,3,Web,7,1200,140,450
2024-12-10,Leh,34.1526,77.5771,0,12,1,0.5,0,1090.39,-0.3,105.98,165,4,Kiosk,17,600,90,220
2025-08-21,Leh,34.1526,77.5771,0,8,3,17.0,1,167.8,-0.247,91.64,404,2,Web,6,600,90,220
2025-05-20,Agra,27.1767,78.0081,0,5,1,35.9,0,759.34,-0.913,64.66,854,1,Kiosk,8,1300,150,550
2025-04-30,Kerala,10.8505,76.2711,0,4,2,32.0,0,853.32,0.735,72.4,753,2,Kiosk,2,1700,220,700
2024-06-23,Andaman,11.7401,92.6586,1,6,6,37.6,0,824.01,0.93,93.65,544,3,Kiosk,11,900,120,300
2025-07-11,Varanasi,25.3176,82.9739,0,7,4,36.1,0,22.2,1.0,45.24,337,2,App,5,1400,160,500
2024-08-28,Varanasi,25.3176,82.9739,0,8,2,33.2,0,260.49,0.185,47.01,581,1,Web,6,1400,160,500
2025-01-08,Agra,27.1767,78.0081,0,1,2,18.9,0,177.13,0.323,56.68,316,3,Web,15,1300,150,550
2025-01-05,Agra,27.1767,78.0081,1,1,6,18.6,0,768.69,-0.048,54.33,384,2,Kiosk,5,1300,150,550
2024-03-05,Varanasi,25.3176,82.9739,0,3,1,27.7,1,860.46,0.202,46.36,342,2,Web,4,1400,160,500
2024-01-16,Goa,15.2993,74.124,0,1,1,19.0,0,32.95,-0.567,83.21,499,1,Web,23,2000,250,800
2025-09-18,Jaipur,26.9124,75.7873,0,9,3,29.2,0,60.43,0.483,65.82,654,2,App,20,1500,180,600
2024-03-03,Manali,32.2432,77.1892,1,3,6,14.2,0,152.95,0.277,67.27,322,3,Agent,13,1200,140,450
2025-02-03,Kerala,10.8505,76.2711,0,2,0,23.0,1,144.62,0.295,62.94,431,3,Agent,11,1700,220,700
2025-01-04,Agra,27.1767,78.0081,1,1,5,17.9,0,800.51,-0.351,47.35,408,2,Agent,1,1300,150,550
2024-09-17,Varanasi,25.3176,82.9739,0,9,1,26.6,0,502.94,-0.109,48.99,187,3,Agent,6,1400,160,500
2024-01-19,Varanasi,25.3176,82.9739,0,1,4,17.7,0,706.93,1.0,43.38,651,3,Agent,8,1400,160,500
2024-06-12,Kerala,10.8505,76.2711,0,6,2,38.6,0,287.97,-0.983,62.06,926,2,App,15,1700,220,700
2025-04-04,Kerala,10.8505,76.2711,0,4,4,34.6,0,389.52,0.599,58.7,365,2,Agent,12,1700,220,700
2025-02-22,Agra,27.1767,78.0081,1,2,5,23.6,0,121.66,0.126,50.47,567,1,App,2,1300,150,550
2024-10-23,Leh,34.1526,77.5771,0,10,2,4.7,0,167.74,0.043,97.24,109,2,App,14,600,90,220
2025-05-09,Jaipur,26.9124,75.7873,0,5,4,37.2,0,291.27,-0.057,61.2,923,3,App,3,1500,180,600
2024-11-29,Leh,34.1526,77.5771,0,11,4,0.4,1,1004.22,0.678,98.49,791,2,Web,13,600,90,220
2025-01-22,Leh,34.1526,77.5771,0,1,2,2.2,0,278.92,0.29,97.91,23,2,Agent,3,600,90,220
2024-09-30,Kerala,10.8505,76.2711,0,9,0,29.6,0,620.36,-0.395,69.38,649,2,App,7,1700,220,700
2024-01-24,Agra,27.1767,78.0081,0,1,2,17.3,0,271.93,-0.585,54.77,383,2,Agent,5,1300,150,550
2024-08-17,Manali,32.2432,77.1892,1,8,5,19.4,0,520.44,0.607,63.52,387,2,Agent,5,1200,140,450
2025-03-14,Kerala,10.8505,76.2711,0,3,4,29.7,0,761.61,0.032,63.64,431,2,App,8,1700,220,700
2024-07-15,Jaipur,26.9124,75.7873,0,7,0,35.8,0,346.58,-0.094,57.51,536,3,Agent,8,1500,180,600
2024-05-15,Jaipur,26.9124,75.7873,0,5,2,37.3,0,169.57,-0.04,57.49,595,2,Kiosk,19,1500,180,600
2025-05-06,Goa,15.2993,74.124,0,5,1,38.4,0,171.07,0.362,76.47,752,1,App,3,2000,250,800
2024-05-21,Manali,32.2432,77.1892,0,5,1,24.1,0,655.89,1.0,76.23,420,3,App,22,1200,140,450
2024-08-26,Agra,27.1767,78.0081,0,8,0,32.2,0,435.46,0.208,55.95,754,1,App,4,1300,150,550
2025-01-07,Kerala,10.8505,76.2711,0,1,1,20.2,0,135.27,1.0,65.89,907,2,App,7,1700,220,700
2025-09-21,Andaman,11.7401,92.6586,1,9,6,29.6,0,234.76,-0.836,85.16,386,3,App,10,900,120,300
2025-08-23,Manali,32.2432,77.1892,1,8,5,18.8,0,517.27,0.319,66.37,701,3,Web,1,1200,140,450
2024-03-02,Leh,34.1526,77.5771,1,3,5,10.2,0,600.1,-0.179,90.97,108,2,Web,21,600,90,220
2024-02-20,Varanasi,25.3176,82.9739,0,2,1,23.0,0,214.05,0.006,60.28,220,2,Kiosk,44,1400,160,500
2024-01-27,Goa,15.2993,74.124,1,1,5,20.5,0,244.23,-0.867,73.89,840,4,Agent,8,2000,250,800
2024-05-05,Varanasi,25.3176,82.9739,1,5,6,34.7,0,988.01,0.495,49.35,255,2,Agent,13,1400,160,500
2025-07-10,Goa,15.2993,74.124,0,7,3,37.2,0,324.06,-0.093,80.61,974,1,App,4,2000,250,800
2025-03-11,Jaipur,26.9124,75.7873,0,3,1,28.9,0,289.07,-0.269,69.56,281,3,Agent,8,1500,180,600
2025-04-04,Andaman,11.7401,92.6586,0,4,4,31.8,0,416.61,-0.58,97.21,637,1,Web,13,900,120,300
2024-08-18,Kerala,10.8505,76.2711,1,8,6,33.6,0,51.13,0.118,74.53,971,3,Web,27,1700,220,700
2025-05-27,Jaipur,26.9124,75.7873,0,5,1,36.8,0,605.84,1.0,61.98,820,2,App,11,1500,180,600
2024-09-28,Agra,27.1767,78.0081,1,9,5,27.2,0,563.23,0.605,44.7,700,2,Agent,39,1300,150,550
2024-02-07,Jaipur,26.9124,75.7873,0,2,2,23.0,0,274.89,-0.1,56.76,643,3,App,1,1500,180,600
2024-01-12,Kerala,10.8505,76.2711,0,1,4,22.3,0,190.63,-0.631,65.76,668,1,Web,6,1700,220,700
2024-07-06,Manali,32.2432,77.1892,1,7,5,24.2,0,199.36,-1.0,72.12,450,2,Web,3,1200,140,450
2024-07-08,Leh,34.1526,77.5771,0,7,0,20.6,0,102.04,0.651,92.54,124,3,Web,5,600,90,220
2024-08-10,Leh,34.1526,77.5771,1,8,5,13.7,0,214.49,0.927,90.1,277,3,Agent,11,600,90,220
2025-01-09,Agra,27.1767,78.0081,0,1,3,16.6,0,375.18,-0.332,45.32,202,2,Kiosk,24,1300,150,550
2025-03-19,Leh,34.1526,77.5771,0,3,2,8.9,0,127.74,0.049,105.04,0,2,Kiosk,4,600,90,220
2024-05-12,Manali,32.2432,77.1892,1,5,6,23.0,0,297.11,0.852,78.13,465,3,App,9,1200,140,450
2025-08-09,Jaipur,26.9124,75.7873,1,8,5,34.3,0,124.99,0.128,65.26,834,2,Kiosk,8,1500,180,600
2024-11-03,Goa,15.2993,74.124,1,11,6,20.5,0,486.07,-0.662,69.74,625,3,Kiosk,8,2000,250,800
2024-02-09,Andaman,11.7401,92.6586,0,2,4,22.4,0,180.4,0.518,93.14,334,3,Agent,15,900,120,300
2024-07-19,Jaipur,26.9124,75.7873,0,7,4,38.2,0,225.86,0.826,69.02,260,2,Agent,40,1500,180,600
2025-08-11,Goa,15.2993,74.124,0,8,0,35.1,0,611.04,0.865,87.06,745,2,Web,10,2000,250,800
2025-02-07,Jaipur,26.9124,75.7873,0,2,4,24.1,0,260.2,0.906,56.08,779,2,Agent,1,1500,180,600
2024-12-11,Varanasi,25.3176,82.9739,0,12,2,15.5,0,439.99,0.636,60.67,665,2,Agent,8,1400,160,500
2025-07-15,Kerala,10.8505,76.2711,0,7,1,38.5,1,215.96,-0.284,64.7,659,1,Agent,21,1700,220,700
2024-02-27,Jaipur,26.9124,75.7873,0,2,1,20.7,0,241.69,0.955,60.04,888,2,Web,33,1500,180,600
2025-06-24,Jaipur,26.9124,75.7873,0,6,1,37.5,0,404.18,0.518,69.75,550,2,Kiosk,13,1500,180,600
2025-02-22,Varanasi,25.3176,82.9739,1,2,5,22.9,0,327.09,0.897,46.83,744,1,Web,6,1400,160,500
2025-04-11,Manali,32.2432,77.1892,0,4,4,17.7,0,276.17,0.111,78.12,356,1,Kiosk,7,1200,140,450
2024-07-15,Jaipur,26.9124,75.7873,0,7,0,36.9,1,288.82,-0.433,61.41,687,1,Web,5,1500,180,600
2024-04-10,Varanasi,25.3176,82.9739,0,4,2,29.4,0,91.68,0.657,58.11,331,3,App,5,1400,160,500
2024-09-17,Kerala,10.8505,76.2711,0,9,1,28.6,0,284.93,0.437,64.9,644,2,Agent,11,1700,220,700
2024-03-26,Jaipur,26.9124,75.7873,0,3,1,29.1,0,175.21,-0.484,75.47,520,2,Agent,7,1500,180,600
2024-11-20,Jaipur,26.9124,75.7873,0,11,2,21.0,0,697.59,-0.656,52.78,416,2,App,6,1500,180,600
2025-05-16,Andaman,11.7401,92.6586,0,5,4,37.9,0,266.68,0.196,87.49,657,3,Web,12,900,120,300
2025-09-21,Kerala,10.8505,76.2711,1,9,6,27.9,0,28.27,1.0,67.17,857,2,Agent,3,1700,220,700
2024-03-01,Jaipur,26.9124,75.7873,0,3,4,28.1,0,339.75,0.397,55.0,716,3,Web,5,1500,180,600
2025-07-17,Kerala,10.8505,76.2711,0,7,3,38.3,0,173.2,0.563,55.95,651,2,Web,22,1700,220,700
2024-08-06,Leh,34.1526,77.5771,0,8,1,14.5,0,310.14,1.0,96.44,129,3,Web,1,600,90,220
2025-04-24,Andaman,11.7401,92.6586,0,4,3,30.8,0,336.05,0.253,93.62,419,3,Web,30,900,120,300
2025-08-23,Goa,15.2993,74.124,1,8,5,36.4,0,375.6,-0.297,69.54,945,1,Agent,10,2000,250,800
2025-04-26,Goa,15.2993,74.124,1,4,5,37.8,0,386.79,-0.205,86.26,1200,2,Web,29,2000,250,800
2024-06-27,Agra,27.1767,78.0081,0,6,3,37.4,0,696.94,0.535,61.14,489,1,Web,15,1300,150,550
2025-05-22,Andaman,11.7401,92.6586,0,5,3,37.1,0,290.08,-0.037,79.12,301,2,Agent,10,900,120,300
2025-03-04,Varanasi,25.3176,82.9739,0,3,1,29.4,0,435.51,0.895,58.06,338,2,Agent,20,1400,160,500
2025-09-21,Jaipur,26.9124,75.7873,1,9,6,29.4,1,314.7,0.969,55.66,714,1,Web,29,1500,180,600
2025-06-02,Varanasi,25.3176,82.9739,0,6,0,36.1,0,401.09,0.062,45.68,393,2,Agent,4,1400,160,500
2024-02-10,Goa,15.2993,74.124,1,2,5,25.9,0,445.33,-0.784,78.06,557,2,Agent,25,2000,250,800
2025-02-13,Andaman,11.7401,92.6586,0,2,3,23.3,0,310.75,-0.013,93.97,80,3,Agent,18,900,120,300
2025-03-12,Jaipur,26.9124,75.7873,0,3,2,30.0,0,724.74,-0.886,68.12,910,3,Web,5,1500,180,600
2025-05-18,Leh,34.1526,77.5771,1,5,6,16.1,0,368.16,-1.0,90.25,552,2,Kiosk,7,600,90,220
2024-08-07,Andaman,11.7401,92.6586,0,8,2,33.2,0,596.03,0.137,99.76,559,2,Kiosk,18,900,120,300
2025-03-09,Varanasi,25.3176,82.9739,1,3,6,26.2,0,621.64,0.041,41.33,456,3,Agent,3,1400,160,500
2024-03-08,Goa,15.2993,74.124,0,3,4,30.1,0,671.37,-0.56,71.82,504,3,Web,8,2000,250,800
2025-07-19,Kerala,10.8505,76.2711,1,7,5,36.4,0,334.84,0.329,73.29,609,1,Agent,18,1700,220,700
2025-08-28,Kerala,10.8505,76.2711,0,8,3,34.4,0,834.26,-0.088,68.4,781,2,Agent,15,1700,220,700
2025-01-15,Goa,15.2993,74.124,0,1,2,22.0,0,779.05,0.102,64.47,469,3,Web,18,2000,250,800
2025-04-28,Kerala,10.8505,76.2711,0,4,0,32.9,0,41.57,-0.574,76.99,733,2,App,24,1700,220,700
2024-06-08,Varanasi,25.3176,82.9739,1,6,5,37.6,0,499.68,-0.504,50.49,562,3,Web,7,1400,160,500
2024-02-20,Goa,15.2993,74.124,0,2,1,24.6,0,722.4,0.366,76.34,815,2,Kiosk,6,2000,250,800
2025-09-21,Jaipur,26.9124,75.7873,1,9,6,27.8,0,523.4,-0.527,70.07,804,2,App,3,1500,180,600
2024-04-03,Agra,27.1767,78.0081,0,4,2,31.8,0,543.19,0.709,60.64,464,3,Web,3,1300,150,550
2025-01-28,Leh,34.1526,77.5771,0,1,1,2.4,0,127.88,0.604,108.55,569,3,App,18,600,90,220
2024-12-12,Andaman,11.7401,92.6586,0,12,3,18.0,0,253.2,-0.119,81.06,341,2,App,13,900,120,300
2024-12-21,Varanasi,25.3176,82.9739,1,12,5,15.5,0,125.62,0.011,45.76,509,2,App,20,1400,160,500
2025-08-10,Varanasi,25.3176,82.9739,1,8,6,31.3,1,583.99,0.383,52.72,600,2,Kiosk,20,1400,160,500
2024-06-14,Goa,15.2993,74.124,0,6,4,38.6,0,684.69,0.233,73.53,843,2,Kiosk,7,2000,250,800
2024-02-26,Manali,32.2432,77.1892,0,2,0,12.9,0,192.17,0.368,70.11,464,3,App,9,1200,140,450
2024-09-14,Andaman,11.7401,92.6586,1,9,5,27.4,0,176.72,-0.113,95.25,260,1,Kiosk,4,900,120,300
2024-11-02,Leh,34.1526,77.5771,1,11,5,1.1,1,219.76,-1.0,92.86,180,2,Kiosk,20,600,90,220
2025-08-17,Kerala,10.8505,76.2711,1,8,6,32.4,0,491.89,0.19,58.58,964,2,App,14,1700,220,700
2024-09-25,Kerala,10.8505,76.2711,0,9,2,30.8,0,475.23,0.52,69.36,785,2,Kiosk,3,1700,220,700
2025-02-26,Andaman,11.7401,92.6586,0,2,2,24.5,0,333.83,0.14,88.29,184,1,App,3,900,120,300
2025-04-22,Kerala,10.8505,76.2711,0,4,1,34.7,0,360.81,0.258,65.14,615,1,Kiosk,9,1700,220,700
2024-05-05,Jaipur,26.9124,75.7873,1,5,6,37.2,0,301.17,-0.027,55.32,552,2,Kiosk,2,1500,180,600
2024-03-16,Andaman,11.7401,92.6586,1,3,5,28.7,0,170.04,-1.0,87.19,429,2,App,23,900,120,300
2024-01-22,Goa,15.2993,74.124,0,1,0,19.7,0,325.27,-0.058,75.72,483,2,Agent,6,2000,250,800
2024-01-07,Kerala,10.8505,76.2711,1,1,6,19.8,0,303.98,0.822,62.44,616,2,Agent,5,1700,220,700
2025-09-22,Manali,32.2432,77.1892,0,9,0,16.4,0,191.68,-0.263,67.84,265,3,Web,11,1200,140,450
2025-08-09,Jaipur,26.9124,75.7873,1,8,5,32.2,0,83.67,0.339,61.39,789,2,Agent,12,1500,180,600
2024-12-09,Goa,15.2993,74.124,0,12,0,23.6,0,515.39,-0.172,69.53,751,1,App,15,2000,250,800
2024-05-27,Jaipur,26.9124,75.7873,0,5,0,38.4,1,252.32,0.156,56.64,605,3,Agent,1,1500,180,600
2024-02-04,Agra,27.1767,78.0081,1,2,6,23.6,0,396.91,-0.207,55.11,355,2,App,14,1300,150,550
2025-07-06,Jaipur,26.9124,75.7873,1,7,6,36.6,0,964.39,0.18,63.19,981,1,Agent,31,1500,180,600
2024-01-28,Andaman,11.7401,92.6586,1,1,6,20.7,0,125.2,0.567,91.03,376,4,Agent,12,900,120,300
2024-01-19,Kerala,10.8505,76.2711,0,1,4,22.4,0,203.29,0.364,58.51,951,2,App,1,1700,220,700
2024-02-06,Andaman,11.7401,92.6586,0,2,1,21.0,0,722.76,0.651,90.38,613,3,App,10,900,120,300
2025-08-28,Manali,32.2432,77.1892,0,8,3,20.2,0,611.02,0.576,84.47,272,2,Agent,5,1200,140,450
2025-03-29,Jaipur,26.9124,75.7873,1,3,5,26.3,0,175.7,-0.944,60.58,673,2,Agent,3,1500,180,600
2025-02-09,Jaipur,26.9124,75.7873,1,2,6,22.9,0,982.41,0.401,82.05,1043,2,Web,22,1500,180,600
2025-09-12,Jaipur,26.9124,75.7873,0,9,4,28.5,0,221.14,-0.271,63.12,371,3,App,6,1500,180,600
2025-02-09,Leh,34.1526,77.5771,1,2,6,4.3,0,443.79,0.092,87.44,223,3,Kiosk,2,600,90,220
2025-02-07,Andaman,11.7401,92.6586,0,2,4,23.1,0,96.23,-0.105,83.26,291,2,Kiosk,12,900,120,300
2024-05-26,Agra,27.1767,78.0081,1,5,6,37.3,0,488.13,0.442,67.48,482,2,App,9,1300,150,550
2024-01-20,Leh,34.1526,77.5771,1,1,5,3.1,0,381.5,0.107,94.9,183,2,Kiosk,15,600,90,220
2024-09-23,Agra,27.1767,78.0081,0,9,0,27.5,1,333.85,0.159,55.29,291,3,Web,9,1300,150,550
2024-10-19,Andaman,11.7401,92.6586,1,10,5,22.3,0,151.52,-0.359,86.52,358,3,App,9,900,120,300
2024-03-14,Varanasi,25.3176,82.9739,0,3,3,28.1,0,685.79,0.252,60.15,482,2,Web,10,1400,160,500
2025-05-30,Leh,34.1526,77.5771,0,5,4,17.4,0,381.59,-0.883,98.82,455,2,Web,8,600,90,220
2025-05-28,Leh,34.1526,77.5771,0,5,2,16.7,0,255.65,-0.214,96.3,268,2,Kiosk,16,600,90,220
2024-07-14,Jaipur,26.9124,75.7873,1,7,6,37.6,0,319.42,-0.122,66.18,955,1,Web,1,1500,180,600
2025-08-24,Agra,27.1767,78.0081,1,8,6,32.5,0,487.54,-0.277,65.38,863,1,Agent,4,1300,150,550
2025-06-18,Andaman,11.7401,92.6586,0,6,2,38.3,1,874.21,0.088,91.07,597,1,Web,12,900,120,300
2024-11-30,Goa,15.2993,74.124,1,11,5,18.2,0,540.82,1.0,69.49,1006,4,Web,14,2000,250,800
2024-06-12,Kerala,10.8505,76.2711,0,6,2,40.2,0,314.81,0.368,68.74,699,3,App,27,1700,220,700
2024-05-08,Leh,34.1526,77.5771,0,5,2,20.4,0,234.79,-0.113,98.34,270,1,Agent,6,600,90,220
2024-05-27,Varanasi,25.3176,82.9739,0,5,0,37.6,0,317.64,-0.073,58.47,481,2,Kiosk,15,1400,160,500
2025-07-11,Leh,34.1526,77.5771,0,7,4,19.9,0,195.8,0.709,108.06,19,2,Kiosk,6,600,90,220
2025-07-28,Goa,15.2993,74.124,0,7,0,37.3,0,378.87,-0.573,91.82,806,1,App,11,2000,250,800
2025-09-02,Varanasi,25.3176,82.9739,0,9,1,26.5,0,341.83,-0.084,56.43,425,2,Agent,25,1400,160,500
2024-07-22,Andaman,11.7401,92.6586,0,7,0,38.4,0,251.27,-1.0,90.79,434,2,App,6,900,120,300
2024-07-21,Agra,27.1767,78.0081,1,7,6,34.7,0,376.77,-0.381,49.51,858,1,Web,40,1300,150,550
2025-05-27,Manali,32.2432,77.1892,0,5,1,21.9,1,201.45,-0.859,80.2,656,3,App,12,1200,140,450
2024-07-29,Andaman,11.7401,92.6586,0,7,0,36.8,0,344.56,0.129,85.9,597,2,App,14,900,120,300
2025-09-29,Leh,34.1526,77.5771,0,9,0,10.4,0,324.07,-0.362,89.78,153,2,Web,6,600,90,220
2024-05-08,Jaipur,26.9124,75.7873,0,5,2,36.9,0,336.44,0.653,61.04,448,1,Web,9,1500,180,600
2024-01-17,Kerala,10.8505,76.2711,0,1,2,19.4,0,351.14,0.037,63.69,378,2,Agent,16,1700,220,700
2024-07-03,Andaman,11.7401,92.6586,0,7,2,34.6,0,1393.72,0.002,90.8,500,2,Agent,7,900,120,300
2024-05-16,Varanasi,25.3176,82.9739,0,5,3,35.6,0,894.64,-0.077,50.68,658,1,Kiosk,16,1400,160,500
2024-12-08,Leh,34.1526,77.5771,1,12,6,-0.8,0,253.52,0.472,103.58,398,2,Agent,20,600,90,220
2025-06-10,Jaipur,26.9124,75.7873,0,6,1,39.3,0,222.05,0.611,64.83,327,1,Kiosk,18,1500,180,600
2025-05-18,Manali,32.2432,77.1892,1,5,6,21.8,0,789.56,0.422,76.76,696,2,App,10,1200,140,450
2024-09-30,Jaipur,26.9124,75.7873,0,9,0,29.2,0,299.73,0.233,60.06,346,3,Agent,13,1500,180,600
2024-10-04,Agra,27.1767,78.0081,0,10,4,22.3,1,614.01,-0.096,53.18,512,2,App,13,1300,150,550
2024-03-02,Manali,32.2432,77.1892,1,3,5,13.7,0,357.34,0.001,85.2,256,3,App,3,1200,140,450
2024-11-21,Leh,34.1526,77.5771,0,11,3,0.6,0,345.2,-0.179,89.3,5,2,Agent,7,600,90,220
2025-04-20,Goa,15.2993,74.124,1,4,6,36.6,0,1343.71,-0.559,76.91,1170,1,App,9,2000,250,800
2025-09-07,Manali,32.2432,77.1892,1,9,6,14.8,0,1033.23,0.281,80.46,469,3,Kiosk,16,1200,140,450
2024-02-19,Goa,15.2993,74.124,0,2,0,24.8,0,365.44,0.194,78.64,419,2,Agent,11,2000,250,800
2024-10-24,Goa,15.2993,74.124,0,10,3,24.8,0,435.4,-0.188,71.36,493,2,App,1,2000,250,800
2024-10-07,Manali,32.2432,77.1892,0,10,0,10.4,0,927.21,-0.52,78.12,465,2,App,8,1200,140,450
2025-01-28,Manali,32.2432,77.1892,0,1,1,6.9,0,190.25,-0.266,65.08,489,2,App,7,1200,140,450
2025-05-09,Goa,15.2993,74.124,0,5,4,38.2,0,643.55,-0.807,75.82,948,2,Web,5,2000,250,800
2024-07-04,Agra,27.1767,78.0081,0,7,3,37.0,0,192.41,0.651,67.53,312,2,Web,33,1300,150,550
2024-07-07,Varanasi,25.3176,82.9739,1,7,6,36.3,0,1836.28,-0.824,53.6,819,3,Agent,12,1400,160,500
2024-02-15,Kerala,10.8505,76.2711,0,2,3,24.4,0,607.42,-0.53,60.86,421,3,Web,16,1700,220,700
2024-09-29,Leh,34.1526,77.5771,1,9,6,10.8,0,206.94,-0.448,93.95,5,3,Agent,3,600,90,220
2025-06-17,Jaipur,26.9124,75.7873,0,6,1,35.8,1,284.48,-0.409,61.07,701,1,Web,15,1500,180,600
2024-07-08,Kerala,10.8505,76.2711,0,7,0,35.2,0,286.67,-0.104,69.44,648,2,Kiosk,3,1700,220,700
2025-07-08,Goa,15.2993,74.124,0,7,1,37.5,0,301.26,0.272,83.14,773,2,App,11,2000,250,800
2024-02-05,Kerala,10.8505,76.2711,0,2,0,23.3,0,600.23,0.232,68.24,573,4,Kiosk,2,1700,220,700
2024-09-12,Agra,27.1767,78.0081,0,9,3,28.6,0,248.53,-0.234,62.32,462,2,Kiosk,3,1300,150,550
2025-08-11,Varanasi,25.3176,82.9739,0,8,0,30.9,0,777.37,0.325,51.64,804,1,App,6,1400,160,500
2024-05-28,Leh,34.1526,77.5771,0,5,1,16.8,1,370.9,0.28,99.18,559,2,Web,25,600,90,220
2025-02-12,Jaipur,26.9124,75.7873,0,2,2,22.3,0,507.4,1.0,63.42,750,2,Kiosk,7,1500,180,600
2025-02-01,Leh,34.1526,77.5771,1,2,5,4.3,0,515.57,0.101,84.58,247,2,Agent,34,600,90,220
2024-02-12,Agra,27.1767,78.0081,0,2,0,19.3,0,404.59,0.421,54.56,612,1,App,12,1300,150,550
2025-07-22,Manali,32.2432,77.1892,0,7,1,23.6,0,440.3,0.635,81.87,431,2,App,23,1200,140,450
2025-01-10,Jaipur,26.9124,75.7873,0,1,4,19.2,0,71.15,0.455,59.02,897,3,App,8,1500,180,600
2024-08-03,Leh,34.1526,77.5771,1,8,5,16.4,0,115.87,-1.0,91.8,527,1,Agent,1,600,90,220
2024-06-14,Jaipur,26.9124,75.7873,0,6,4,36.4,0,494.22,0.585,69.07,816,2,Web,41,1500,180,600
2025-08-18,Jaipur,26.9124,75.7873,0,8,0,33.9,0,764.34,0.059,57.77,534,3,Agent,28,1500,180,600
2025-04-05,Varanasi,25.3176,82.9739,1,4,5,32.1,0,1261.34,-0.116,43.75,774,2,App,7,1400,160,500
2025-05-22,Manali,32.2432,77.1892,0,5,3,23.5,0,495.99,0.451,81.92,415,3,App,15,1200,140,450
2025-09-18,Kerala,10.8505,76.2711,0,9,3,31.0,0,97.26,-0.524,73.94,434,2,App,22,1700,220,700
2025-06-15,Agra,27.1767,78.0081,1,6,6,36.3,0,788.8,0.586,53.68,269,1,App,3,1300,150,550
2025-05-08,Kerala,10.8505,76.2711,0,5,3,36.2,0,995.98,-0.129,71.96,919,4,App,9,1700,220,700
2025-05-02,Manali,32.2432,77.1892,0,5,4,22.4,0,1031.06,-0.478,87.66,373,2,Agent,7,1200,140,450
2024-01-03,Manali,32.2432,77.1892,0,1,2,6.4,0,487.86,0.767,65.5,431,2,Agent,6,1200,140,450
2024-11-17,Varanasi,25.3176,82.9739,1,11,6,19.8,0,67.91,-0.0,47.17,524,1,App,17,1400,160,500
2025-08-31,Andaman,11.7401,92.6586,1,8,6,33.6,0,29.9,-0.848,91.05,527,2,Kiosk,2,900,120,300
2024-05-28,Andaman,11.7401,92.6586,0,5,1,36.7,0,193.89,0.151,103.2,628,2,Web,18,900,120,300
2024-04-06,Leh,34.1526,77.5771,1,4,5,16.1,0,516.2,-0.255,98.23,697,2,Agent,1,600,90,220
2024-05-09,Jaipur,26.9124,75.7873,0,5,3,36.6,0,225.87,-0.393,58.27,900,3,Web,5,1500,180,600
2024-12-11,Goa,15.2993,74.124,0,12,2,20.2,0,149.67,0.982,75.04,841,2,Web,3,2000,250,800
2024-06-12,Agra,27.1767,78.0081,0,6,2,36.5,0,593.19,0.911,51.5,522,2,Web,15,1300,150,550
2025-02-12,Manali,32.2432,77.1892,0,2,2,12.2,0,131.57,-0.377,79.75,241,1,App,2,1200,140,450
2024-08-26,Agra,27.1767,78.0081,0,8,0,32.9,0,476.6,-0.113,60.79,807,2,Kiosk,7,1300,150,550
2024-11-27,Agra,27.1767,78.0081,0,11,2,18.9,0,383.81,1.0,58.35,637,2,Kiosk,11,1300,150,550
2024-11-08,Varanasi,25.3176,82.9739,0,11,4,17.9,0,282.6,-0.583,47.63,431,3,Kiosk,24,1400,160,500
2024-05-12,Agra,27.1767,78.0081,1,5,6,36.2,0,1265.93,0.093,47.87,660,3,Agent,8,1300,150,550
2024-11-15,Varanasi,25.3176,82.9739,0,11,4,19.1,1,67.71,-0.189,48.59,211,2,Agent,5,1400,160,500
2024-12-20,Agra,27.1767,78.0081,0,12,4,15.6,0,185.02,-0.217,52.57,351,3,App,2,1300,150,550
2025-09-22,Manali,32.2432,77.1892,0,9,0,15.4,0,239.46,0.232,78.35,263,3,App,2,1200,140,450
2024-04-01,Leh,34.1526,77.5771,0,4,0,14.2,0,597.56,-0.194,94.04,738,2,App,15,600,90,220
2025-09-21,Jaipur,26.9124,75.7873,1,9,6,28.4,1,598.68,0.967,58.25,564,2,Agent,16,1500,180,600
2024-05-10,Jaipur,26.9124,75.7873,0,5,4,36.0,0,286.36,-0.009,54.09,727,2,Agent,8,1500,180,600
2024-12-23,Leh,34.1526,77.5771,0,12,0,0.2,0,929.99,0.625,91.48,690,3,Agent,8,600,90,220
2025-02-24,Kerala,10.8505,76.2711,0,2,0,24.1,0,1010.61,0.583,63.8,945,2,App,11,1700,220,700
2025-06-13,Varanasi,25.3176,82.9739,0,6,4,36.7,0,78.59,0.115,48.02,687,1,Agent,1,1400,160,500
2025-09-28,Leh,34.1526,77.5771,1,9,6,9.9,0,262.71,-0.005,103.12,219,3,Kiosk,17,600,90,220
2025-08-30,Kerala,10.8505,76.2711,1,8,5,33.5,0,91.42,0.152,69.51,690,3,Agent,1,1700,220,700
2024-04-13,Jaipur,26.9124,75.7873,1,4,5,33.4,0,849.03,-0.198,64.6,974,2,Kiosk,6,1500,180,600
2025-08-01,Agra,27.1767,78.0081,0,8,4,32.4,0,781.06,0.383,70.73,406,2,Agent,31,1300,150,550
2025-06-13,Jaipur,26.9124,75.7873,0,6,4,39.1,0,463.41,-0.122,54.0,831,2,App,4,1500,180,600
2025-07-11,Varanasi,25.3176,82.9739,0,7,4,34.2,1,456.63,-0.14,52.5,798,3,App,16,1400,160,500
2024-09-14,Kerala,10.8505,76.2711,1,9,5,29.4,0,114.22,-0.739,60.49,647,2,Web,21,1700,220,700
2025-05-27,Kerala,10.8505,76.2711,0,5,1,35.7,0,1261.63,0.319,63.46,803,2,Kiosk,33,1700,220,700
2025-09-07,Goa,15.2993,74.124,1,9,6,29.7,0,384.62,0.193,75.94,623,3,Kiosk,11,2000,250,800
2024-06-05,Agra,27.1767,78.0081,0,6,2,39.4,0,192.85,0.187,63.56,673,2,Agent,9,1300,150,550
2024-09-06,Leh,34.1526,77.5771,0,9,4,8.0,0,386.56,0.275,81.31,132,1,Web,12,600,90,220
2025-07-12,Jaipur,26.9124,75.7873,1,7,5,36.3,0,606.5,0.599,57.56,591,2,Web,11,1500,180,600
2025-01-24,Leh,34.1526,77.5771,0,1,4,-0.2,0,966.81,0.148,98.38,200,2,Agent,3,600,90,220
2025-04-08,Andaman,11.7401,92.6586,0,4,1,32.5,1,481.1,-0.311,98.25,705,2,Agent,18,900,120,300
2024-10-16,Kerala,10.8505,76.2711,0,10,2,24.2,0,456.34,0.428,68.24,1176,3,App,11,1700,220,700
2024-02-27,Kerala,10.8505,76.2711,0,2,1,23.2,1,1083.75,-0.132,63.81,599,1,Web,16,1700,220,700
2024-11-22,Manali,32.2432,77.1892,0,11,4,6.3,0,321.85,-0.612,70.86,388,3,Kiosk,3,1200,140,450
2024-11-27,Andaman,11.7401,92.6586,0,11,2,20.6,0,318.31,0.467,82.56,322,2,Kiosk,12,900,120,300
2025-01-25,Goa,15.2993,74.124,1,1,5,22.8,0,711.93,1.0,84.78,843,2,Agent,3,2000,250,800
2024-09-03,Kerala,10.8505,76.2711,0,9,1,29.1,0,531.79,-0.068,63.36,377,2,Kiosk,17,1700,220,700
2024-12-06,Leh,34.1526,77.5771,0,12,4,1.8,0,438.73,-0.19,109.47,438,1,Kiosk,31,600,90,220
2024-06-21,Manali,32.2432,77.1892,0,6,4,24.7,0,316.48,0.401,76.2,154,1,Agent,3,1200,140,450
2024-11-02,Goa,15.2993,74.124,1,11,5,21.5,0,486.07,0.304,84.45,690,2,App,1,2000,250,800
2024-02-11,Andaman,11.7401,92.6586,1,2,6,24.3,0,658.47,-0.307,99.58,559,2,Web,7,900,120,300
2024-07-10,Kerala,10.8505,76.2711,0,7,2,37.2,0,527.85,-0.404,84.09,1008,2,App,4,1700,220,700
2024-04-13,Leh,34.1526,77.5771,1,4,5,13.0,0,76.78,0.339,99.07,469,3,Kiosk,4,600,90,220
2025-05-18,Jaipur,26.9124,75.7873,1,5,6,36.8,0,245.78,-0.588,60.19,863,2,Kiosk,25,1500,180,600
2025-05-18,Goa,15.2993,74.124,1,5,6,40.4,0,534.56,0.004,79.16,1152,2,App,1,2000,250,800
2025-06-12,Kerala,10.8505,76.2711,0,6,3,38.6,1,338.17,1.0,62.97,462,3,App,4,1700,220,700
2024-03-02,Goa,15.2993,74.124,1,3,5,28.5,0,292.98,0.867,70.96,749,2,App,5,2000,250,800
2024-04-07,Leh,34.1526,77.5771,1,4,6,14.8,0,1142.28,0.9,87.0,44,3,Kiosk,17,600,90,220
2024-08-17,Jaipur,26.9124,75.7873,1,8,5,32.2,0,158.37,0.33,68.72,850,1,App,9,1500,180,600
2024-09-08,Goa,15.2993,74.124,1,9,6,30.3,1,324.76,-0.993,79.69,494,1,Kiosk,26,2000,250,800
2024-02-29,Agra,27.1767,78.0081,0,2,3,23.1,0,341.15,0.277,53.99,158,4,Kiosk,11,1300,150,550
2025-07-30,Goa,15.2993,74.124,0,7,2,38.9,0,289.34,0.452,75.98,731,3,App,3,2000,250,800
2024-08-25,Goa,15.2993,74.124,1,8,6,35.9,1,139.86,-0.519,72.61,682,2,Kiosk,9,2000,250,800
2025-03-03,Varanasi,25.3176,82.9739,0,3,0,26.1,0,184.74,-0.18,44.43,486,1,Web,21,1400,160,500
2025-01-22,Manali,32.2432,77.1892,0,1,2,8.1,0,364.96,-0.196,74.73,145,2,Kiosk,10,1200,140,450
2024-04-27,Goa,15.2993,74.124,1,4,5,36.3,0,735.76,0.304,77.16,1071,2,Agent,29,2000,250,800
2024-07-10,Manali,32.2432,77.1892,0,7,2,24.4,0,603.82,-0.053,70.17,359,1,Agent,20,1200,140,450
2025-03-30,Varanasi,25.3176,82.9739,1,3,6,26.7,0,588.37,-0.053,53.69,307,1,Kiosk,36,1400,160,500
2024-03-10,Kerala,10.8505,76.2711,1,3,6,29.9,0,239.23,0.429,75.05,876,2,Agent,19,1700,220,700
2024-05-09,Jaipur,26.9124,75.7873,0,5,3,36.3,0,834.51,-0.393,62.8,1078,2,App,7,1500,180,600
2025-04-22,Manali,32.2432,77.1892,0,4,1,20.5,0,216.6,-0.793,82.63,420,2,Agent,2,1200,140,450
2025-01-27,Leh,34.1526,77.5771,0,1,0,2.7,0,113.69,0.292,96.99,96,2,App,15,600,90,220
2024-10-17,Andaman,11.7401,92.6586,0,10,3,22.5,0,697.84,0.043,84.24,170,3,Web,7,900,120,300
2024-11-16,Andaman,11.7401,92.6586,1,11,5,19.2,0,286.86,-0.09,91.1,248,2,Agent,8,900,120,300
2024-10-12,Varanasi,25.3176,82.9739,1,10,5,22.3,0,313.82,0.297,58.89,763,2,Web,11,1400,160,500
2025-07-22,Andaman,11.7401,92.6586,0,7,1,34.9,0,185.77,-0.217,85.08,467,3,Web,17,900,120,300
2024-04-03,Andaman,11.7401,92.6586,0,4,2,33.6,0,149.29,-0.058,96.35,449,1,App,3,900,120,300
2025-07-28,Andaman,11.7401,92.6586,0,7,0,38.2,0,387.54,0.115,86.38,537,3,Agent,12,900,120,300
2025-09-14,Leh,34.1526,77.5771,1,9,6,10.8,0,361.45,0.172,93.95,372,2,Web,8,600,90,220
2025-03-25,Jaipur,26.9124,75.7873,0,3,1,27.5,0,691.18,0.799,56.13,664,2,App,9,1500,180,600
2025-09-28,Agra,27.1767,78.0081,1,9,6,25.4,0,377.98,0.533,52.34,687,3,Web,19,1300,150,550
2024-02-06,Kerala,10.8505,76.2711,0,2,1,23.0,0,125.51,0.723,74.46,737,2,App,16,1700,220,700
2024-10-20,Agra,27.1767,78.0081,1,10,6,21.7,0,294.91,0.901,60.29,643,2,Agent,3,1300,150,550
2025-06-13,Kerala,10.8505,76.2711,0,6,4,39.3,0,639.59,-0.027,60.62,812,2,Kiosk,18,1700,220,700
2024-03-06,Andaman,11.7401,92.6586,0,3,2,28.5,0,257.04,0.302,104.05,96,1,Kiosk,6,900,120,300
2024-06-15,Agra,27.1767,78.0081,1,6,5,37.1,0,825.06,-0.42,63.59,820,2,Kiosk,16,1300,150,550
2024-01-06,Goa,15.2993,74.124,1,1,5,22.0,0,63.23,-1.0,72.31,724,1,Agent,3,2000,250,800
2025-06-16,Jaipur,26.9124,75.7873,0,6,0,37.6,0,205.38,1.0,66.27,414,3,App,11,1500,180,600
2025-03-05,Andaman,11.7401,92.6586,0,3,2,28.5,0,625.8,1.0,102.02,772,2,Agent,28,900,120,300
2025-08-08,Agra,27.1767,78.0081,0,8,4,31.4,0,251.19,0.6,63.14,333,2,Web,1,1300,150,550
2025-05-05,Jaipur,26.9124,75.7873,0,5,0,38.3,0,369.92,0.299,65.23,619,2,Kiosk,5,1500,180,600
2024-01-22,Manali,32.2432,77.1892,0,1,0,6.8,0,40.85,1.0,81.25,398,2,Agent,6,1200,140,450
2024-06-09,Leh,34.1526,77.5771,1,6,6,19.4,0,58.05,-0.413,97.11,567,3,Web,4,600,90,220
2025-03-06,Leh,34.1526,77.5771,0,3,3,9.4,0,77.01,0.83,97.95,379,2,Web,4,600,90,220
2024-12-30,Varanasi,25.3176,82.9739,0,12,0,15.1,0,316.62,0.368,49.63,558,3,Web,5,1400,160,500
2025-03-04,Goa,15.2993,74.124,0,3,1,30.4,0,317.78,-0.28,95.45,569,3,App,8,2000,250,800
2025-03-05,Jaipur,26.9124,75.7873,0,3,2,27.9,0,489.48,1.0,58.28,921,3,App,4,1500,180,600
2024-11-15,Manali,32.2432,77.1892,0,11,4,7.3,0,1127.84,-0.171,68.24,232,2,App,2,1200,140,450
2024-05-19,Leh,34.1526,77.5771,1,5,6,19.5,0,195.09,-0.53,98.5,267,3,Agent,7,600,90,220
2024-04-09,Manali,32.2432,77.1892,0,4,1,19.5,0,419.76,-0.184,75.36,717,2,App,5,1200,140,450
2024-11-24,Goa,15.2993,74.124,1,11,6,22.6,0,1698.41,0.493,66.75,820,2,Kiosk,10,2000,250,800
2025-05-26,Varanasi,25.3176,82.9739,0,5,0,37.1,0,622.1,0.48,56.96,399,2,Kiosk,4,1400,160,500
2025-07-08,Goa,15.2993,74.124,0,7,1,38.6,1,602.19,-0.288,75.59,593,2,Kiosk,11,2000,250,800
2025-06-08,Agra,27.1767,78.0081,1,6,6,38.5,0,1625.12,0.547,54.43,387,2,Kiosk,10,1300,150,550
2024-05-17,Goa,15.2993,74.124,0,5,4,40.0,0,235.33,-0.796,71.7,852,1,Kiosk,31,2000,250,800
2025-01-18,Andaman,11.7401,92.6586,1,1,5,17.8,0,307.17,-0.021,90.51,268,2,Kiosk,1,900,120,300
2025-08-14,Leh,34.1526,77.5771,0,8,3,15.9,0,609.59,1.0,105.18,174,3,Agent,7,600,90,220
2024-12-21,Andaman,11.7401,92.6586,1,12,5,17.0,0,72.36,-0.507,78.69,252,2,Agent,9,900,120,300
2025-09-14,Manali,32.2432,77.1892,1,9,6,14.8,0,347.13,-0.039,73.78,412,3,App,9,1200,140,450
2025-02-10,Goa,15.2993,74.124,0,2,0,25.2,0,468.89,-0.197,73.78,674,1,App,6,2000,250,800
2024-11-25,Andaman,11.7401,92.6586,0,11,0,20.6,0,135.41,-0.828,97.65,324,2,Web,20,900,120,300
2024-04-27,Agra,27.1767,78.0081,1,4,5,30.8,1,644.72,-0.486,61.26,656,3,Kiosk,5,1300,150,550
2024-08-18,Varanasi,25.3176,82.9739,1,8,6,34.6,0,10.08,0.012,49.91,647,1,Agent,33,1400,160,500
2024-02-19,Kerala,10.8505,76.2711,0,2,0,25.3,0,255.7,0.174,59.68,446,2,Web,17,1700,220,700
2025-04-22,Goa,15.2993,74.124,0,4,1,34.7,0,525.98,0.618,78.1,586,1,Kiosk,3,2000,250,800
2024-08-03,Leh,34.1526,77.5771,1,8,5,15.4,0,100.91,-0.41,107.92,444,2,Agent,11,600,90,220
2025-07-20,Leh,34.1526,77.5771,1,7,6,15.6,0,624.73,0.308,91.27,820,2,Web,4,600,90,220
2025-04-12,Goa,15.2993,74.124,1,4,5,34.4,0,572.05,0.384,84.72,776,3,Kiosk,7,2000,250,800
2024-02-14,Kerala,10.8505,76.2711,0,2,2,23.4,0,254.29,-0.074,64.88,602,1,Kiosk,4,1700,220,700
2024-05-20,Jaipur,26.9124,75.7873,0,5,0,37.2,0,1011.65,0.103,56.19,681,2,Web,5,1500,180,600
2024-02-01,Jaipur,26.9124,75.7873,0,2,3,22.0,0,83.79,0.155,62.78,350,2,Agent,27,1500,180,600
2024-01-22,Goa,15.2993,74.124,0,1,0,20.3,0,757.29,0.996,88.91,963,2,Web,11,2000,250,800
2024-03-20,Leh,34.1526,77.5771,0,3,2,11.3,0,383.19,-0.406,89.14,65,4,App,14,600,90,220
2024-06-11,Varanasi,25.3176,82.9739,0,6,1,36.5,0,214.92,-0.371,47.53,518,3,Kiosk,11,1400,160,500
2024-12-05,Leh,34.1526,77.5771,0,12,3,1.2,1,318.96,0.63,78.2,311,3,Web,5,600,90,220
2025-08-31,Leh,34.1526,77.5771,1,8,6,16.8,0,490.14,-0.684,86.94,584,2,Web,23,600,90,220
2024-01-04,Varanasi,25.3176,82.9739,0,1,3,16.9,0,397.05,-0.536,51.05,611,2,Agent,19,1400,160,500
2025-04-16,Kerala,10.8505,76.2711,0,4,2,36.1,0,226.65,0.276,62.93,912,3,App,2,1700,220,700
2025-08-17,Kerala,10.8505,76.2711,1,8,6,33.8,1,1063.22,-1.0,64.91,716,2,App,16,1700,220,700
2025-07-25,Leh,34.1526,77.5771,0,7,4,19.1,0,197.78,-0.807,99.45,372,2,App,2,600,90,220
2025-09-21,Varanasi,25.3176,82.9739,1,9,6,27.1,0,278.22,0.97,41.91,803,2,App,25,1400,160,500
2025-05-27,Jaipur,26.9124,75.7873,0,5,1,37.7,0,374.68,-0.498,65.92,783,2,Agent,24,1500,180,600
2025-02-18,Andaman,11.7401,92.6586,0,2,1,21.8,0,1164.19,-0.751,89.48,297,1,Agent,6,900,120,300
2024-04-08,Goa,15.2993,74.124,0,4,0,34.7,0,255.17,0.223,75.4,719,1,App,20,2000,250,800
2024-09-28,Agra,27.1767,78.0081,1,9,5,26.0,0,506.83,-1.0,55.59,397,2,Agent,22,1300,150,550
2024-07-02,Andaman,11.7401,92.6586,0,7,1,36.8,0,177.32,0.6,93.84,70,2,Kiosk,8,900,120,300
2024-11-05,Andaman,11.7401,92.6586,0,11,1,18.2,0,781.15,-0.049,81.96,419,4,Web,6,900,120,300
2025-05-20,Leh,34.1526,77.5771,0,5,1,18.0,0,1313.78,-0.087,99.92,787,2,Web,2,600,90,220
2024-04-17,Goa,15.2993,74.124,0,4,2,35.4,0,229.1,-0.434,92.58,774,2,Web,20,2000,250,800
2024-12-23,Varanasi,25.3176,82.9739,0,12,0,17.2,0,805.84,0.234,62.4,734,1,App,3,1400,160,500
2025-07-31,Andaman,11.7401,92.6586,0,7,3,35.6,0,313.68,-0.091,93.99,311,3,Kiosk,26,900,120,300
2025-05-03,Andaman,11.7401,92.6586,1,5,5,35.3,0,891.84,-0.085,107.72,339,3,Agent,14,900,120,300
2025-04-09,Varanasi,25.3176,82.9739,0,4,2,32.1,0,537.87,-0.351,55.75,674,2,Kiosk,5,1400,160,500
2025-01-13,Agra,27.1767,78.0081,0,1,0,18.0,0,1081.33,0.549,65.79,835,4,Kiosk,3,1300,150,550
2024-10-11,Goa,15.2993,74.124,0,10,4,25.3,0,514.27,0.117,79.18,772,2,App,2,2000,250,800
2024-08-16,Goa,15.2993,74.124,0,8,4,34.3,0,133.66,0.66,77.06,457,2,Agent,9,2000,250,800
2024-08-28,Leh,34.1526,77.5771,0,8,2,15.3,0,247.0,-0.755,77.52,370,2,App,32,600,90,220
2024-09-16,Varanasi,25.3176,82.9739,0,9,0,26.3,0,239.6,-0.422,41.76,219,2,Kiosk,9,1400,160,500
2025-01-13,Varanasi,25.3176,82.9739,0,1,0,17.3,0,458.29,1.0,51.17,917,3,Kiosk,9,1400,160,500
2024-06-09,Leh,34.1526,77.5771,1,6,6,21.7,0,127.73,-0.069,85.23,458,2,Kiosk,6,600,90,220
2024-03-22,Leh,34.1526,77.5771,0,3,4,10.5,0,191.27,-1.0,95.51,158,1,Web,7,600,90,220
2024-05-22,Varanasi,25.3176,82.9739,0,5,2,35.9,0,896.9,0.702,39.41,500,2,App,3,1400,160,500
2024-07-29,Goa,15.2993,74.124,0,7,0,39.8,1,183.17,0.056,80.4,1008,2,Web,5,2000,250,800
2024-06-04,Varanasi,25.3176,82.9739,0,6,1,35.2,1,222.86,-0.065,56.89,457,2,Kiosk,9,1400,160,500
2025-02-02,Andaman,11.7401,92.6586,1,2,6,23.1,0,486.23,1.0,90.39,780,2,App,29,900,120,300
2025-06-29,Andaman,11.7401,92.6586,1,6,6,38.3,0,67.75,0.675,91.87,314,1,Agent,14,900,120,300
2024-04-14,Manali,32.2432,77.1892,1,4,6,19.9,0,1393.79,0.469,75.55,643,2,Web,15,1200,140,450
2025-03-11,Leh,34.1526,77.5771,0,3,1,8.9,0,187.96,0.561,87.13,380,2,App,27,600,90,220
2024-05-18,Kerala,10.8505,76.2711,1,5,5,39.6,0,368.35,1.0,61.96,893,2,Web,8,1700,220,700
2024-08-04,Goa,15.2993,74.124,1,8,6,37.4,0,473.17,0.668,79.65,616,1,Agent,2,2000,250,800
2024-01-17,Goa,15.2993,74.124,0,1,2,19.9,0,351.0,0.973,77.84,688,2,Agent,7,2000,250,800
2025-03-30,Manali,32.2432,77.1892,1,3,6,16.0,0,707.35,0.024,72.04,298,2,Kiosk,3,1200,140,450
2025-06-08,Agra,27.1767,78.0081,1,6,6,36.7,0,557.38,-0.589,52.98,737,3,Kiosk,22,1300,150,550
2025-02-08,Kerala,10.8505,76.2711,1,2,5,23.4,0,626.59,-0.096,70.5,816,1,Web,20,1700,220,700
2024-11-23,Andaman,11.7401,92.6586,1,11,5,18.5,0,137.85,0.111,92.81,205,2,Kiosk,12,900,120,300
2024-07-16,Manali,32.2432,77.1892,0,7,1,21.1,0,129.8,-0.228,70.62,594,4,Kiosk,23,1200,140,450
2024-12-04,Varanasi,25.3176,82.9739,0,12,2,17.8,0,207.65,0.74,49.22,565,2,Web,9,1400,160,500
2024-11-06,Andaman,11.7401,92.6586,0,11,2,18.1,1,879.49,0.217,73.53,70,2,Kiosk,5,900,120,300
2024-11-29,Agra,27.1767,78.0081,0,11,4,19.5,0,961.99,-0.137,45.4,416,2,Agent,13,1300,150,550
2024-12-06,Kerala,10.8505,76.2711,0,12,4,19.7,0,162.94,-0.337,68.09,650,2,App,5,1700,220,700
2024-09-19,Goa,15.2993,74.124,0,9,3,29.5,1,321.16,-0.847,88.81,404,1,Agent,14,2000,250,800
2025-02-27,Manali,32.2432,77.1892,0,2,3,10.7,0,141.38,0.808,74.19,621,2,Kiosk,3,1200,140,450
2024-03-26,Goa,15.2993,74.124,0,3,1,32.0,0,765.27,-0.333,78.2,825,4,Kiosk,4,2000,250,800
2024-11-19,Jaipur,26.9124,75.7873,0,11,1,20.6,0,199.64,-0.166,55.24,606,3,Web,2,1500,180,600
2024-03-08,Manali,32.2432,77.1892,0,3,4,14.0,0,665.76,-0.715,71.46,282,2,Agent,11,1200,140,450
2024-11-04,Goa,15.2993,74.124,0,11,0,20.0,0,87.22,-0.612,69.49,558,3,App,11,2000,250,800
2024-04-19,Agra,27.1767,78.0081,0,4,4,31.7,0,224.28,0.897,51.33,186,3,Kiosk,5,1300,150,550
2024-05-20,Agra,27.1767,78.0081,0,5,0,35.8,0,236.17,0.548,56.08,191,4,Kiosk,4,1300,150,550
2024-04-30,Leh,34.1526,77.5771,0,4,1,16.9,1,197.4,-0.268,99.3,260,4,Kiosk,23,600,90,220
2024-06-11,Goa,15.2993,74.124,0,6,1,40.1,1,829.52,0.479,74.11,526,2,App,12,2000,250,800
2024-01-29,Leh,34.1526,77.5771,0,1,0,2.5,0,36.22,-0.376,90.11,0,2,Agent,27,600,90,220
2024-12-23,Leh,34.1526,77.5771,0,12,0,1.5,0,321.71,0.703,91.21,588,1,Web,6,600,90,220
2025-08-17,Manali,32.2432,77.1892,1,8,6,19.6,0,185.6,-0.124,71.16,623,2,Agent,8,1200,140,450
2025-06-18,Manali,32.2432,77.1892,0,6,2,25.5,0,299.03,0.681,67.96,255,2,Web,12,1200,140,450
2024-09-06,Andaman,11.7401,92.6586,0,9,4,30.4,0,521.26,0.136,81.29,302,1,Kiosk,12,900,120,300
2024-04-17,Jaipur,26.9124,75.7873,0,4,2,35.7,0,706.14,-0.426,69.49,776,3,Agent,2,1500,180,600
2024-09-06,Agra,27.1767,78.0081,0,9,4,26.0,0,525.87,0.5,67.58,782,1,Web,2,1300,150,550
2024-10-01,Agra,27.1767,78.0081,0,10,1,22.3,0,1015.99,0.282,61.46,426,3,Agent,7,1300,150,550
2024-12-02,Jaipur,26.9124,75.7873,0,12,0,18.5,0,468.27,0.254,66.54,616,2,Web,5,1500,180,600
2024-01-12,Jaipur,26.9124,75.7873,0,1,4,17.7,0,295.03,0.197,69.56,496,2,Kiosk,9,1500,180,600
2024-03-14,Varanasi,25.3176,82.9739,0,3,3,29.0,0,412.75,1.0,59.15,497,1,Kiosk,5,1400,160,500
2024-02-25,Manali,32.2432,77.1892,1,2,6,10.4,0,306.65,-0.306,79.02,372,2,Agent,23,1200,140,450
2025-01-16,Jaipur,26.9124,75.7873,0,1,3,21.3,0,794.35,0.205,61.43,601,2,Web,13,1500,180,600
2024-06-30,Manali,32.2432,77.1892,1,6,6,24.0,0,617.59,0.59,78.19,653,2,Web,50,1200,140,450
2024-10-27,Jaipur,26.9124,75.7873,1,10,6,24.2,1,152.48,-0.047,59.1,442,2,App,4,1500,180,600
2024-06-12,Kerala,10.8505,76.2711,0,6,2,41.6,1,61.69,-0.214,78.11,793,2,Agent,19,1700,220,700
2025-04-01,Andaman,11.7401,92.6586,0,4,1,34.1,0,624.38,-0.167,99.44,489,2,Kiosk,20,900,120,300
2024-06-21,Manali,32.2432,77.1892,0,6,4,24.7,0,374.83,0.496,74.97,248,1,Web,9,1200,140,450
2025-02-12,Andaman,11.7401,92.6586,0,2,2,22.9,0,326.63,0.367,85.45,413,1,Kiosk,16,900,120,300
2024-02-15,Goa,15.2993,74.124,0,2,3,25.4,0,1233.77,0.629,81.11,839,3,Kiosk,10,2000,250,800
2025-07-14,Manali,32.2432,77.1892,0,7,0,23.7,0,283.61,-0.492,63.66,442,2,Web,7,1200,140,450
2024-11-25,Manali,32.2432,77.1892,0,11,0,6.1,0,262.43,0.928,69.6,704,2,App,4,1200,140,450
2024-03-23,Andaman,11.7401,92.6586,1,3,5,26.1,0,732.77,0.618,102.12,825,3,Web,19,900,120,300
2024-03-31,Goa,15.2993,74.124,1,3,6,30.1,0,40.75,0.744,80.13,906,2,Agent,14,2000,250,800
2025-04-11,Kerala,10.8505,76.2711,0,4,4,33.4,0,100.68,0.936,60.26,467,2,Web,12,1700,220,700
2024-04-05,Varanasi,25.3176,82.9739,0,4,4,36.1,1,295.72,-0.542,48.01,720,2,Kiosk,20,1400,160,500
2025-06-15,Kerala,10.8505,76.2711,1,6,6,41.0,0,155.25,-0.23,70.4,673,2,Web,34,1700,220,700
2024-03-14,Andaman,11.7401,92.6586,0,3,3,28.3,0,261.24,0.614,102.14,350,2,Web,1,900,120,300
2024-02-27,Manali,32.2432,77.1892,0,2,1,8.0,0,166.33,-0.501,75.42,310,2,Kiosk,5,1200,140,450
2025-05-05,Agra,27.1767,78.0081,0,5,0,34.9,0,327.68,-0.037,69.93,560,3,App,24,1300,150,550
2024-03-26,Varanasi,25.3176,82.9739,0,3,1,25.0,0,152.57,0.106,52.73,418,1,Agent,22,1400,160,500
2024-12-31,Agra,27.1767,78.0081,0,12,1,19.4,0,184.63,-0.368,57.02,160,1,Agent,8,1300,150,550
2025-03-22,Leh,34.1526,77.5771,1,3,5,11.2,0,566.46,-0.146,103.54,324,3,App,3,600,90,220
2024-04-04,Agra,27.1767,78.0081,0,4,3,32.0,0,351.62,0.237,56.1,583,1,Web,8,1300,150,550
2024-03-14,Andaman,11.7401,92.6586,0,3,3,29.4,0,982.95,0.404,89.2,601,3,Web,1,900,120,300
2024-03-12,Andaman,11.7401,92.6586,0,3,1,30.1,0,421.55,0.009,88.11,725,2,Agent,28,900,120,300
2025-04-07,Varanasi,25.3176,82.9739,0,4,0,32.3,0,733.83,0.636,65.31,461,2,App,13,1400,160,500
2024-10-06,Leh,34.1526,77.5771,1,10,6,4.2,0,477.94,-0.809,90.65,343,1,Web,13,600,90,220
2025-05-07,Manali,32.2432,77.1892,0,5,2,24.2,0,1248.49,0.118,65.89,541,1,App,4,1200,140,450
2024-12-28,Kerala,10.8505,76.2711,1,12,5,17.3,0,1302.8,0.05,59.66,617,3,App,6,1700,220,700
2025-05-15,Manali,32.2432,77.1892,0,5,3,23.4,0,335.87,-0.544,81.94,513,2,Web,6,1200,140,450
2024-09-13,Kerala,10.8505,76.2711,0,9,4,29.3,0,191.57,0.194,62.73,479,1,Web,10,1700,220,700
2024-10-19,Agra,27.1767,78.0081,1,10,5,22.8,0,1034.54,-0.292,57.8,231,3,Agent,7,1300,150,550
2024-11-18,Varanasi,25.3176,82.9739,0,11,0,19.2,0,253.05,0.261,61.63,329,2,Web,9,1400,160,500
2025-02-06,Varanasi,25.3176,82.9739,0,2,3,21.8,0,130.85,0.631,50.67,456,1,Agent,20,1400,160,500
2025-08-27,Andaman,11.7401,92.6586,0,8,2,33.4,0,28.58,0.879,96.97,383,3,Web,14,900,120,300
2025-03-17,Jaipur,26.9124,75.7873,0,3,0,28.9,0,320.63,0.778,56.6,541,2,Kiosk,1,1500,180,600
2025-08-08,Leh,34.1526,77.5771,0,8,4,15.7,1,177.1,-0.498,97.13,328,1,App,4,600,90,220
2024-03-07,Leh,34.1526,77.5771,0,3,3,9.0,0,398.83,-0.176,99.49,379,3,Web,11,600,90,220
2024-01-21,Jaipur,26.9124,75.7873,1,1,6,18.0,0,840.15,-0.219,63.82,501,2,Kiosk,9,1500,180,600
2025-04-09,Jaipur,26.9124,75.7873,0,4,2,31.8,0,1067.22,-0.366,57.38,728,3,App,4,1500,180,600
2024-03-14,Jaipur,26.9124,75.7873,0,3,3,26.3,0,406.83,-0.394,61.18,542,2,Agent,14,1500,180,600
2025-09-02,Jaipur,26.9124,75.7873,0,9,1,27.0,0,307.66,-1.0,54.98,563,2,Kiosk,3,1500,180,600
2024-04-08,Goa,15.2993,74.124,0,4,0,33.0,0,320.85,-0.076,96.32,717,1,Web,11,2000,250,800
2024-04-30,Agra,27.1767,78.0081,0,4,1,33.0,0,131.75,-0.091,53.01,482,1,Agent,5,1300,150,550
2025-01-30,Goa,15.2993,74.124,0,1,3,21.8,0,74.9,0.74,80.24,848,1,Agent,5,2000,250,800
2024-08-28,Varanasi,25.3176,82.9739,0,8,2,31.4,0,156.47,0.046,50.2,531,1,Kiosk,6,1400,160,500
2024-12-13,Agra,27.1767,78.0081,0,12,4,16.7,0,336.93,-0.461,56.92,333,2,App,7,1300,150,550
2025-01-09,Varanasi,25.3176,82.9739,0,1,3,17.3,0,365.79,0.305,41.97,385,1,App,11,1400,160,500
2024-10-08,Agra,27.1767,78.0081,0,10,1,20.6,0,341.33,-0.033,45.86,319,2,App,2,1300,150,550
2025-01-05,Varanasi,25.3176,82.9739,1,1,6,16.7,0,499.59,-0.326,56.5,694,1,Web,25,1400,160,500
2025-04-09,Kerala,10.8505,76.2711,0,4,2,32.7,0,1281.45,0.353,76.56,518,2,Agent,5,1700,220,700
2025-09-17,Jaipur,26.9124,75.7873,0,9,2,27.7,0,144.26,0.147,70.77,313,1,Agent,29,1500,180,600
2025-01-13,Manali,32.2432,77.1892,0,1,0,8.2,0,155.33,0.438,75.85,673,2,Web,12,1200,140,450
2024-03-19,Kerala,10.8505,76.2711,0,3,1,27.4,0,629.84,1.0,72.33,1130,2,Web,5,1700,220,700
2025-03-26,Jaipur,26.9124,75.7873,0,3,2,27.4,0,377.88,-0.696,63.35,333,2,Kiosk,3,1500,180,600
2024-10-27,Varanasi,25.3176,82.9739,1,10,6,22.5,0,570.16,-0.031,46.1,491,2,App,47,1400,160,500
2024-06-30,Varanasi,25.3176,82.9739,1,6,6,34.8,0,336.65,0.652,45.08,524,2,Web,34,1400,160,500
2024-02-13,Jaipur,26.9124,75.7873,0,2,1,23.1,0,172.19,-0.517,70.69,383,2,Web,4,1500,180,600
2025-01-14,Varanasi,25.3176,82.9739,0,1,1,17.1,0,76.81,1.0,50.09,454,2,Kiosk,16,1400,160,500
2025-06-16,Manali,32.2432,77.1892,0,6,0,24.3,0,515.8,0.114,68.72,394,1,Kiosk,12,1200,140,450
2024-09-18,Leh,34.1526,77.5771,0,9,2,10.8,0,581.32,0.834,87.45,572,2,Web,13,600,90,220
2025-08-25,Andaman,11.7401,92.6586,0,8,0,32.2,0,155.39,0.232,90.51,368,1,App,5,900,120,300
2024-05-02,Varanasi,25.3176,82.9739,0,5,3,34.7,0,59.21,-0.093,49.73,741,1,App,6,1400,160,500
2024-05-05,Manali,32.2432,77.1892,1,5,6,23.4,0,227.48,0.14,67.39,345,2,Kiosk,4,1200,140,450
2024-07-26,Leh,34.1526,77.5771,0,7,4,17.6,0,132.48,0.523,92.74,207,2,Kiosk,10,600,90,220
2024-11-23,Kerala,10.8505,76.2711,1,11,5,19.1,0,830.33,0.139,63.26,530,3,Agent,4,1700,220,700
2025-08-11,Andaman,11.7401,92.6586,0,8,0,33.5,0,190.32,0.821,103.0,97,1,Kiosk,10,900,120,300
2024-12-22,Goa,15.2993,74.124,1,12,6,17.9,0,218.07,0.972,63.19,966,1,App,29,2000,250,800
2024-06-10,Kerala,10.8505,76.2711,0,6,0,37.6,0,391.8,-0.621,66.68,829,1,Agent,18,1700,220,700
2025-08-06,Kerala,10.8505,76.2711,0,8,2,33.4,0,716.05,-0.18,70.3,952,2,App,14,1700,220,700
2025-06-03,Leh,34.1526,77.5771,0,6,1,20.8,0,104.94,0.023,99.28,554,2,Web,6,600,90,220
2025-06-09,Andaman,11.7401,92.6586,0,6,0,39.5,0,150.03,0.322,92.46,608,1,Agent,11,900,120,300
2025-02-13,Leh,34.1526,77.5771,0,2,3,4.1,0,353.33,0.723,94.71,367,2,App,9,600,90,220
2025-09-15,Varanasi,25.3176,82.9739,0,9,0,28.4,0,977.74,-0.072,42.59,226,2,Agent,11,1400,160,500
2024-05-08,Manali,32.2432,77.1892,0,5,2,24.1,0,683.59,0.937,81.62,324,4,Kiosk,3,1200,140,450
2024-07-22,Andaman,11.7401,92.6586,0,7,0,37.3,0,320.05,0.917,88.48,51,2,Kiosk,8,900,120,300
2025-07-30,Kerala,10.8505,76.2711,0,7,2,36.6,1,126.88,-0.369,82.77,805,2,Agent,12,1700,220,700
2025-06-30,Varanasi,25.3176,82.9739,0,6,0,35.5,1,695.37,-0.717,43.58,666,2,Agent,1,1400,160,500
2024-08-25,Goa,15.2993,74.124,1,8,6,35.2,0,85.78,-0.548,70.36,859,2,Agent,3,2000,250,800
2025-07-26,Varanasi,25.3176,82.9739,1,7,5,34.2,0,184.6,0.208,55.49,633,3,Kiosk,1,1400,160,500
2024-08-14,Goa,15.2993,74.124,0,8,2,35.5,1,117.5,0.029,80.86,658,1,Kiosk,9,2000,250,800
2025-08-05,Goa,15.2993,74.124,0,8,1,34.5,0,569.54,0.38,81.51,829,3,Agent,12,2000,250,800
2024-04-28,Goa,15.2993,74.124,1,4,6,33.8,0,136.83,0.136,81.36,888,1,Agent,21,2000,250,800
2025-03-10,Leh,34.1526,77.5771,0,3,0,9.1,1,955.34,0.293,93.0,511,2,App,10,600,90,220
2024-03-01,Leh,34.1526,77.5771,0,3,4,8.9,0,238.37,1.0,98.31,367,3,App,4,600,90,220
2024-01-05,Andaman,11.7401,92.6586,0,1,4,19.3,0,268.31,-0.392,83.43,333,3,Web,33,900,120,300
2024-03-21,Manali,32.2432,77.1892,0,3,3,16.9,0,519.21,-0.177,62.73,411,3,Web,17,1200,140,450
2024-08-28,Leh,34.1526,77.5771,0,8,2,14.8,0,289.1,0.373,92.37,145,3,Web,20,600,90,220
2024-10-03,Varanasi,25.3176,82.9739,0,10,3,24.4,0,363.04,0.548,43.32,530,1,Agent,19,1400,160,500
2025-01-26,Jaipur,26.9124,75.7873,1,1,6,19.6,0,545.92,-0.274,63.91,621,3,Kiosk,1,1500,180,600
2024-05-31,Goa,15.2993,74.124,0,5,4,37.5,0,468.47,-0.085,78.74,805,3,App,3,2000,250,800
2025-04-12,Agra,27.1767,78.0081,1,4,5,32.8,0,464.94,-0.141,62.74,828,1,Kiosk,2,1300,150,550
2025-05-12,Andaman,11.7401,92.6586,0,5,0,38.5,0,808.93,-0.299,88.71,718,2,Kiosk,13,900,120,300
2025-09-16,Leh,34.1526,77.5771,0,9,1,10.8,0,500.22,-0.414,75.97,211,2,Agent,10,600,90,220
2024-04-30,Varanasi,25.3176,82.9739,0,4,1,30.9,0,418.51,-1.0,51.48,760,1,Agent,20,1400,160,500
2025-04-30,Agra,27.1767,78.0081,0,4,2,31.2,1,496.46,0.337,48.47,763,4,App,11,1300,150,550
2025-05-09,Kerala,10.8505,76.2711,0,5,4,37.3,0,429.63,0.07,84.77,683,2,Agent,6,1700,220,700
2025-09-16,Varanasi,25.3176,82.9739,0,9,1,26.8,0,209.74,-0.901,54.39,547,1,App,10,1400,160,500
2025-05-18,Andaman,11.7401,92.6586,1,5,6,35.8,0,458.39,1.0,98.53,607,2,Web,26,900,120,300
2024-03-30,Andaman,11.7401,92.6586,1,3,5,30.4,0,725.59,0.193,88.06,804,3,App,23,900,120,300
2025-03-11,Manali,32.2432,77.1892,0,3,1,15.6,0,323.39,0.379,61.84,414,1,Kiosk,9,1200,140,450
2025-08-15,Varanasi,25.3176,82.9739,0,8,4,32.8,0,673.2,0.008,48.58,423,3,Agent,5,1400,160,500
2024-01-06,Kerala,10.8505,76.2711,1,1,5,20.0,0,124.73,0.136,65.36,887,1,App,14,1700,220,700
2025-03-28,Kerala,10.8505,76.2711,0,3,4,30.7,0,418.39,-0.215,67.52,559,2,Kiosk,3,1700,220,700
2024-01-01,Leh,34.1526,77.5771,0,1,0,1.2,0,245.57,-0.434,102.82,307,3,App,6,600,90,220
2024-12-23,Leh,34.1526,77.5771,0,12,0,-0.6,0,106.14,-0.36,93.08,329,2,App,7,600,90,220
2024-10-01,Goa,15.2993,74.124,0,10,1,26.3,0,83.22,-0.721,82.25,544,2,App,6,2000,250,800
2025-04-16,Varanasi,25.3176,82.9739,0,4,2,33.3,0,447.4,-0.312,55.58,949,2,App,4,1400,160,500
2025-06-24,Agra,27.1767,78.0081,0,6,1,36.7,0,572.24,-0.397,49.44,474,2,Kiosk,4,1300,150,550
2025-06-15,Agra,27.1767,78.0081,1,6,6,37.0,0,277.41,0.852,61.74,187,3,Agent,23,1300,150,550
2024-01-28,Jaipur,26.9124,75.7873,1,1,6,19.5,0,181.57,0.351,69.36,696,2,App,7,1500,180,600
2024-03-26,Goa,15.2993,74.124,0,3,1,29.7,0,304.08,-0.135,75.79,645,3,Agent,12,2000,250,800
2024-05-31,Manali,32.2432,77.1892,0,5,4,20.9,0,455.22,0.76,69.68,327,3,Agent,3,1200,140,450
2024-12-12,Andaman,11.7401,92.6586,0,12,3,18.2,0,204.46,-0.24,90.7,289,2,Agent,13,900,120,300
2024-10-15,Jaipur,26.9124,75.7873,0,10,1,23.0,0,601.85,0.462,57.25,580,2,Kiosk,4,1500,180,600
2024-09-28,Jaipur,26.9124,75.7873,1,9,5,29.2,1,237.76,-0.595,59.76,423,3,App,8,1500,180,600
2025-09-15,Andaman,11.7401,92.6586,0,9,0,29.7,0,245.99,0.337,89.73,70,2,Kiosk,8,900,120,300
2024-01-24,Leh,34.1526,77.5771,0,1,2,2.7,0,467.36,0.69,90.75,530,2,Agent,4,600,90,220
2025-04-18,Agra,27.1767,78.0081,0,4,4,33.2,0,476.02,-0.555,54.47,534,3,Web,6,1300,150,550
2024-01-30,Jaipur,26.9124,75.7873,0,1,1,18.5,1,982.46,0.611,55.78,794,2,Kiosk,9,1500,180,600
2024-04-18,Varanasi,25.3176,82.9739,0,4,3,32.2,0,175.66,-0.745,48.46,819,1,App,10,1400,160,500
2024-05-18,Andaman,11.7401,92.6586,1,5,5,35.9,0,283.66,-0.488,99.43,682,3,Agent,9,900,120,300
2025-05-19,Andaman,11.7401,92.6586,0,5,0,37.1,0,194.08,0.473,94.6,68,2,Kiosk,22,900,120,300
2024-12-20,Leh,34.1526,77.5771,0,12,4,0.7,0,125.08,0.872,92.25,387,2,Web,32,600,90,220
2024-11-16,Kerala,10.8505,76.2711,1,11,5,20.6,0,212.15,0.053,65.26,555,2,Agent,7,1700,220,700
2024-09-28,Agra,27.1767,78.0081,1,9,5,25.9,0,577.95,-0.092,60.38,584,1,Agent,20,1300,150,550
2024-04-15,Goa,15.2993,74.124,0,4,0,38.5,0,1233.84,-0.058,70.48,830,2,Agent,12,2000,250,800
2025-05-17,Manali,32.2432,77.1892,1,5,5,22.2,0,291.99,0.79,82.32,308,2,Agent,3,1200,140,450
2025-09-11,Leh,34.1526,77.5771,0,9,3,10.1,0,377.08,0.35,93.08,248,2,Agent,12,600,90,220
2024-01-03,Kerala,10.8505,76.2711,0,1,2,19.9,0,636.64,-0.389,61.18,436,3,Kiosk,16,1700,220,700
2024-05-14,Kerala,10.8505,76.2711,0,5,1,36.7,0,600.06,0.265,75.14,969,1,App,5,1700,220,700
2025-03-13,Andaman,11.7401,92.6586,0,3,3,25.6,0,407.59,-0.196,94.71,424,2,Kiosk,2,900,120,300
2024-06-20,Jaipur,26.9124,75.7873,0,6,3,36.4,0,248.62,1.0,60.72,459,3,Web,18,1500,180,600
2024-02-03,Manali,32.2432,77.1892,1,2,5,8.8,0,410.32,0.625,78.48,869,2,Web,16,1200,140,450
2024-08-13,Leh,34.1526,77.5771,0,8,1,16.3,0,580.74,0.848,94.36,243,2,App,4,600,90,220
2024-09-12,Varanasi,25.3176,82.9739,0,9,3,29.1,0,595.52,-0.177,42.98,851,1,Web,12,1400,160,500
2025-02-22,Andaman,11.7401,92.6586,1,2,5,23.3,0,174.38,-0.128,95.35,375,2,Web,12,900,120,300
2025-08-23,Goa,15.2993,74.124,1,8,5,34.9,0,101.95,0.841,86.73,758,2,Web,6,2000,250,800
2025-08-27,Varanasi,25.3176,82.9739,0,8,2,32.1,0,500.13,0.353,63.59,637,2,Agent,19,1400,160,500
2024-01-18,Leh,34.1526,77.5771,0,1,3,1.9,0,309.93,0.486,110.42,515,2,Web,36,600,90,220
2024-02-07,Manali,32.2432,77.1892,0,2,2,10.6,0,796.48,0.245,81.87,540,2,Agent,7,1200,140,450
2025-07-11,Manali,32.2432,77.1892,0,7,4,24.2,0,388.59,0.128,75.83,589,4,Agent,7,1200,140,450
2024-06-05,Varanasi,25.3176,82.9739,0,6,2,36.4,0,478.95,0.554,54.48,596,3,Kiosk,3,1400,160,500
2025-01-28,Andaman,11.7401,92.6586,0,1,1,17.7,0,429.41,0.829,89.44,800,1,App,13,900,120,300
2025-09-18,Leh,34.1526,77.5771,0,9,3,8.3,0,1011.64,0.318,88.1,189,2,Web,2,600,90,220
2024-08-18,Agra,27.1767,78.0081,1,8,6,30.9,0,97.35,-0.261,64.62,752,3,Web,14,1300,150,550
2024-06-19,Manali,32.2432,77.1892,0,6,2,23.8,0,733.32,-1.0,74.92,715,2,Agent,18,1200,140,450
2025-07-26,Goa,15.2993,74.124,1,7,5,38.4,0,827.26,0.317,70.33,958,2,Agent,7,2000,250,800
2024-02-23,Jaipur,26.9124,75.7873,0,2,4,22.7,0,355.48,0.392,56.14,519,2,Kiosk,2,1500,180,600
2025-02-11,Manali,32.2432,77.1892,0,2,1,11.2,0,444.74,0.553,75.01,520,2,Agent,9,1200,140,450
2024-11-29,Leh,34.1526,77.5771,0,11,4,0.9,0,483.41,0.463,107.71,743,2,Web,2,600,90,220
2024-06-26,Andaman,11.7401,92.6586,0,6,2,37.1,0,1659.21,0.215,97.09,475,2,Agent,11,900,120,300
2024-01-02,Jaipur,26.9124,75.7873,0,1,1,19.9,0,360.62,-0.288,59.61,375,4,Web,6,1500,180,600
2025-03-12,Goa,15.2993,74.124,0,3,2,31.3,0,499.5,-1.0,77.85,606,1,Agent,4,2000,250,800
2025-04-27,Agra,27.1767,78.0081,1,4,6,31.1,0,332.35,0.049,66.69,679,2,Agent,12,1300,150,550
2025-07-27,Leh,34.1526,77.5771,1,7,6,17.2,0,336.36,-0.249,101.31,265,2,Agent,1,600,90,220
2024-08-16,Agra,27.1767,78.0081,0,8,4,31.8,0,199.71,-0.753,53.71,533,3,App,14,1300,150,550
2025-03-28,Andaman,11.7401,92.6586,0,3,4,27.6,0,669.6,-0.146,88.62,248,2,Agent,6,900,120,300
2025-01-30,Jaipur,26.9124,75.7873,0,1,3,20.6,0,618.47,-0.23,58.4,619,2,Web,9,1500,180,600
2025-08-28,Jaipur,26.9124,75.7873,0,8,3,34.9,0,188.53,-0.058,56.19,557,3,Agent,5,1500,180,600
2024-06-03,Kerala,10.8505,76.2711,0,6,0,41.1,0,374.88,0.624,76.96,352,2,Kiosk,14,1700,220,700
2024-03-31,Varanasi,25.3176,82.9739,1,3,6,30.1,0,1082.51,0.949,50.91,534,2,App,12,1400,160,500
2024-02-12,Agra,27.1767,78.0081,0,2,0,20.9,0,49.92,1.0,43.98,478,2,Kiosk,15,1300,150,550
2024-06-20,Manali,32.2432,77.1892,0,6,3,23.8,0,766.57,1.0,67.23,190,3,Agent,13,1200,140,450
2025-04-25,Andaman,11.7401,92.6586,0,4,4,32.5,0,547.86,0.709,105.83,401,2,Kiosk,9,900,120,300
2024-09-07,Agra,27.1767,78.0081,1,9,5,27.9,0,144.03,0.697,47.97,577,3,App,8,1300,150,550
2025-06-18,Andaman,11.7401,92.6586,0,6,2,37.3,0,521.58,0.859,99.39,373,2,App,1,900,120,300
2024-09-24,Jaipur,26.9124,75.7873,0,9,1,27.1,1,435.83,-0.23,60.87,521,1,Kiosk,13,1500,180,600
2025-02-02,Andaman,11.7401,92.6586,1,2,6,23.1,0,364.81,-1.0,86.68,257,1,Kiosk,7,900,120,300
2025-02-04,Andaman,11.7401,92.6586,0,2,1,24.4,0,143.9,1.0,86.52,501,2,Agent,8,900,120,300
2025-05-02,Andaman,11.7401,92.6586,0,5,4,38.5,0,289.12,-0.029,85.35,632,1,App,6,900,120,300
2025-03-26,Kerala,10.8505,76.2711,0,3,2,26.8,0,489.27,-0.35,69.46,593,2,Kiosk,3,1700,220,700
2024-07-22,Jaipur,26.9124,75.7873,0,7,0,34.8,0,162.4,0.439,71.38,400,2,App,3,1500,180,600
2024-04-14,Leh,34.1526,77.5771,1,4,6,15.1,0,192.35,-0.798,106.92,481,2,Kiosk,24,600,90,220
2024-03-20,Leh,34.1526,77.5771,0,3,2,11.0,1,105.98,-0.416,99.4,110,1,Web,4,600,90,220
2024-03-18,Jaipur,26.9124,75.7873,0,3,0,28.7,0,54.4,0.028,69.4,362,1,Kiosk,3,1500,180,600
2024-09-15,Manali,32.2432,77.1892,1,9,6,15.0,0,247.43,-0.13,71.38,85,1,Agent,19,1200,140,450
2024-04-18,Goa,15.2993,74.124,0,4,3,33.7,0,125.14,0.149,76.1,920,4,Kiosk,4,2000,250,800
2024-07-19,Agra,27.1767,78.0081,0,7,4,35.9,0,1218.83,-0.386,56.63,599,2,Agent,8,1300,150,550
2024-06-29,Manali,32.2432,77.1892,1,6,5,25.5,0,664.38,0.239,77.08,538,2,Agent,15,1200,140,450
2025-04-22,Varanasi,25.3176,82.9739,0,4,1,34.4,0,289.64,-0.229,52.77,455,2,Agent,1,1400,160,500
2024-11-24,Kerala,10.8505,76.2711,1,11,6,20.1,0,527.98,0.318,56.84,628,3,Web,21,1700,220,700
2025-01-06,Varanasi,25.3176,82.9739,0,1,0,21.2,0,357.65,0.273,47.8,209,2,Kiosk,34,1400,160,500
2025-04-09,Leh,34.1526,77.5771,0,4,2,15.7,0,938.33,-0.419,105.73,479,3,Kiosk,4,600,90,220
2025-08-06,Manali,32.2432,77.1892,0,8,2,21.8,0,328.18,0.637,68.61,99,1,Kiosk,16,1200,140,450
2025-02-17,Varanasi,25.3176,82.9739,0,2,0,22.2,0,347.2,0.972,47.79,561,2,App,3,1400,160,500
2025-03-05,Leh,34.1526,77.5771,0,3,2,10.3,0,267.18,-0.207,102.35,309,2,Web,12,600,90,220
2024-06-22,Andaman,11.7401,92.6586,1,6,5,38.2,0,24.03,-0.0,79.66,427,2,App,13,900,120,300
2025-04-12,Jaipur,26.9124,75.7873,1,4,5,30.2,0,500.34,0.072,71.3,1077,3,App,2,1500,180,600
2025-05-26,Agra,27.1767,78.0081,0,5,0,34.6,0,723.88,-0.778,58.46,641,2,Kiosk,23,1300,150,550
2025-08-24,Varanasi,25.3176,82.9739,1,8,6,30.9,0,206.38,0.237,55.87,690,3,Kiosk,2,1400,160,500
2024-09-11,Kerala,10.8505,76.2711,0,9,2,28.2,0,563.73,-0.423,68.91,562,2,Kiosk,3,1700,220,700
2024-07-14,Kerala,10.8505,76.2711,1,7,6,39.8,0,843.52,-0.077,72.38,1182,2,App,14,1700,220,700
2024-12-13,Andaman,11.7401,92.6586,0,12,4,16.5,0,787.3,-0.655,76.13,137,2,App,4,900,120,300
2024-08-23,Goa,15.2993,74.124,0,8,4,33.6,0,303.07,-0.795,78.64,770,3,Web,6,2000,250,800
2025-06-04,Kerala,10.8505,76.2711,0,6,2,38.5,0,174.19,-0.103,65.24,587,4,Agent,6,1700,220,700
2025-08-26,Goa,15.2993,74.124,0,8,1,32.1,0,448.86,0.202,74.56,782,2,App,14,2000,250,800
2025-04-21,Jaipur,26.9124,75.7873,0,4,0,32.4,0,1289.4,-0.409,65.57,718,3,Kiosk,23,1500,180,600
2025-06-02,Kerala,10.8505,76.2711,0,6,0,39.1,0,112.93,-1.0,60.14,764,1,App,28,1700,220,700
2024-02-09,Varanasi,25.3176,82.9739,0,2,4,21.6,0,742.49,0.132,48.29,253,1,Agent,5,1400,160,500
2024-12-29,Manali,32.2432,77.1892,1,12,6,5.2,0,702.26,-0.19,64.17,109,3,Agent,9,1200,140,450
2024-02-12,Varanasi,25.3176,82.9739,0,2,0,23.1,0,722.21,-0.138,50.63,193,1,Kiosk,3,1400,160,500
2025-04-18,Kerala,10.8505,76.2711,0,4,4,34.9,0,852.51,0.112,67.65,818,2,Agent,19,1700,220,700
2025-06-13,Manali,32.2432,77.1892,0,6,4,24.5,0,58.43,-0.083,64.71,581,3,Agent,11,1200,140,450
2024-04-21,Andaman,11.7401,92.6586,1,4,6,32.5,0,326.39,0.897,88.86,372,2,App,5,900,120,300
2024-08-01,Agra,27.1767,78.0081,0,8,3,30.8,0,327.64,-0.615,54.36,605,3,Web,2,1300,150,550
2025-03-01,Goa,15.2993,74.124,1,3,5,28.5,0,508.62,0.812,77.63,1010,2,Agent,8,2000,250,800
2024-10-21,Leh,34.1526,77.5771,0,10,0,6.9,0,413.38,-0.987,94.61,323,3,Web,5,600,90,220
2024-12-20,Jaipur,26.9124,75.7873,0,12,4,18.8,0,170.71,-0.088,56.63,409,2,Web,27,1500,180,600
2024-10-12,Jaipur,26.9124,75.7873,1,10,5,26.4,0,1269.02,0.37,66.84,791,2,Kiosk,14,1500,180,600
2025-02-27,Varanasi,25.3176,82.9739,0,2,3,22.4,0,89.16,0.982,43.32,775,2,Web,37,1400,160,500
2024-10-02,Kerala,10.8505,76.2711,0,10,2,21.9,0,631.12,0.452,77.96,1063,3,Agent,43,1700,220,700
2024-06-23,Varanasi,25.3176,82.9739,1,6,6,36.5,0,79.37,0.347,54.84,757,2,App,1,1400,160,500
2025-02-09,Manali,32.2432,77.1892,1,2,6,9.5,0,682.27,-0.342,70.97,380,2,Kiosk,6,1200,140,450
2024-11-23,Jaipur,26.9124,75.7873,1,11,5,20.2,0,279.37,1.0,53.65,915,2,App,11,1500,180,600
2024-04-13,Kerala,10.8505,76.2711,1,4,5,31.8,0,113.4,0.046,68.59,851,2,Kiosk,13,1700,220,700
2024-10-29,Manali,32.2432,77.1892,0,10,1,13.5,1,657.01,0.505,78.02,520,3,Agent,11,1200,140,450
2025-03-08,Andaman,11.7401,92.6586,1,3,5,25.9,0,256.73,-0.682,94.92,393,2,App,20,900,120,300
2024-11-10,Andaman,11.7401,92.6586,1,11,6,21.0,0,431.04,-0.655,92.42,594,2,Web,3,900,120,300
2025-05-20,Varanasi,25.3176,82.9739,0,5,1,35.9,0,798.39,-1.0,52.84,841,1,Kiosk,4,1400,160,500
2024-01-16,Manali,32.2432,77.1892,0,1,1,7.2,0,29.62,0.447,69.87,429,3,Agent,1,1200,140,450
2024-05-27,Agra,27.1767,78.0081,0,5,0,36.6,0,1445.2,-0.111,50.38,538,1,App,44,1300,150,550
2025-08-17,Manali,32.2432,77.1892,1,8,6,19.5,0,196.45,-0.91,67.54,591,2,Kiosk,16,1200,140,450
2025-05-03,Goa,15.2993,74.124,1,5,5,37.4,0,504.56,0.232,87.95,652,2,Kiosk,11,2000,250,800
2024-07-08,Varanasi,25.3176,82.9739,0,7,0,34.3,0,237.59,0.087,47.7,404,1,Kiosk,5,1400,160,500
2024-03-05,Andaman,11.7401,92.6586,0,3,1,28.1,1,706.56,-0.803,96.68,266,3,Agent,4,900,120,300
2025-08-27,Andaman,11.7401,92.6586,0,8,2,34.0,0,174.66,0.089,78.95,543,4,Kiosk,19,900,120,300
2024-11-30,Agra,27.1767,78.0081,1,11,5,17.8,0,356.34,-0.073,55.19,403,3,Kiosk,15,1300,150,550
2025-07-09,Kerala,10.8505,76.2711,0,7,2,37.6,1,981.3,-0.327,74.43,806,3,Kiosk,3,1700,220,700
2025-09-07,Agra,27.1767,78.0081,1,9,6,26.7,0,110.81,0.667,60.1,699,3,Kiosk,18,1300,150,550
2024-12-27,Kerala,10.8505,76.2711,0,12,4,19.6,0,225.44,0.053,85.93,494,2,App,8,1700,220,700
2024-11-08,Varanasi,25.3176,82.9739,0,11,4,19.0,0,525.16,-1.0,41.41,425,2,Agent,3,1400,160,500
2024-12-11,Andaman,11.7401,92.6586,0,12,2,17.4,0,660.84,-0.975,79.52,159,3,Web,9,900,120,300
2025-03-28,Varanasi,25.3176,82.9739,0,3,4,25.2,0,757.5,0.75,58.93,794,1,Web,9,1400,160,500
2025-02-06,Andaman,11.7401,92.6586,0,2,3,23.4,0,543.3,-0.796,97.53,197,3,Kiosk,3,900,120,300
2024-05-23,Leh,34.1526,77.5771,0,5,3,17.7,0,52.47,0.033,97.0,243,2,Kiosk,17,600,90,220
2025-06-04,Varanasi,25.3176,82.9739,0,6,2,38.2,1,256.55,-0.019,49.79,600,1,Web,28,1400,160,500
2024-06-10,Jaipur,26.9124,75.7873,0,6,0,39.7,0,124.45,-0.697,73.28,552,2,Agent,17,1500,180,600
2024-02-09,Agra,27.1767,78.0081,0,2,4,23.4,0,295.11,0.632,61.75,470,3,Agent,26,1300,150,550
2024-06-02,Goa,15.2993,74.124,1,6,6,40.2,0,342.64,-0.342,81.66,767,3,App,7,2000,250,800
2024-04-08,Jaipur,26.9124,75.7873,0,4,0,32.3,0,464.9,0.001,59.89,600,3,Kiosk,14,1500,180,600
2024-11-02,Kerala,10.8505,76.2711,1,11,5,19.3,0,196.66,-0.189,70.79,393,2,Kiosk,4,1700,220,700
2025-05-18,Manali,32.2432,77.1892,1,5,6,25.0,1,269.68,-0.627,81.53,373,1,Agent,7,1200,140,450
2024-07-26,Agra,27.1767,78.0081,0,7,4,35.2,0,783.03,0.349,57.51,843,3,Agent,11,1300,150,550
2024-07-18,Jaipur,26.9124,75.7873,0,7,3,36.7,0,558.27,0.301,68.12,1099,3,Web,18,1500,180,600
2024-10-29,Agra,27.1767,78.0081,0,10,1,21.8,0,251.57,0.227,49.08,216,1,App,11,1300,150,550
2025-02-26,Agra,27.1767,78.0081,0,2,2,21.2,0,966.11,0.475,63.29,738,3,Web,16,1300,150,550
2025-07-21,Goa,15.2993,74.124,0,7,0,40.0,0,180.95,0.8,82.85,500,2,Web,9,2000,250,800
2025-04-07,Jaipur,26.9124,75.7873,0,4,0,32.5,0,465.03,0.321,65.81,712,1,Agent,17,1500,180,600
2024-03-05,Leh,34.1526,77.5771,0,3,1,9.9,0,313.46,-0.849,104.43,0,2,Agent,14,600,90,220
2024-06-02,Andaman,11.7401,92.6586,1,6,6,36.0,1,170.47,-0.169,92.97,633,3,App,5,900,120,300
2024-01-31,Varanasi,25.3176,82.9739,0,1,2,19.2,0,491.85,0.712,58.1,664,3,Kiosk,7,1400,160,500
2025-05-12,Goa,15.2993,74.124,0,5,0,41.3,0,333.05,0.448,74.15,728,1,App,33,2000,250,800
2025-02-12,Manali,32.2432,77.1892,0,2,2,10.4,0,220.67,0.266,72.23,198,3,Web,5,1200,140,450
2025-09-16,Andaman,11.7401,92.6586,0,9,1,29.1,1,136.42,-0.127,99.54,398,1,App,7,900,120,300
2025-04-07,Andaman,11.7401,92.6586,0,4,0,33.5,0,614.59,-0.008,95.64,597,1,Web,17,900,120,300
2024-04-08,Varanasi,25.3176,82.9739,0,4,0,33.0,0,757.46,0.466,50.97,229,2,Agent,2,1400,160,500
2025-04-25,Manali,32.2432,77.1892,0,4,4,22.1,0,198.02,-0.406,75.51,721,2,App,7,1200,140,450
2024-12-07,Agra,27.1767,78.0081,1,12,5,17.9,0,417.54,0.602,49.76,800,2,Web,4,1300,150,550
2024-03-21,Varanasi,25.3176,82.9739,0,3,3,28.5,0,536.93,-0.972,63.58,721,3,Web,6,1400,160,500
2024-09-09,Jaipur,26.9124,75.7873,0,9,0,26.5,0,285.54,-0.042,62.76,377,2,App,8,1500,180,600
2024-06-03,Andaman,11.7401,92.6586,0,6,0,37.6,0,377.81,0.077,92.67,466,3,Web,8,900,120,300
2025-04-12,Varanasi,25.3176,82.9739,1,4,5,31.7,0,288.75,-0.148,46.42,720,1,Kiosk,7,1400,160,500
2025-03-06,Jaipur,26.9124,75.7873,0,3,3,27.5,0,302.4,0.064,57.12,318,2,Kiosk,36,1500,180,600
2024-09-15,Goa,15.2993,74.124,1,9,6,29.7,0,277.15,-0.875,82.78,463,2,Agent,7,2000,250,800
2024-03-12,Goa,15.2993,74.124,0,3,1,31.0,0,748.69,0.963,79.67,1033,2,Kiosk,21,2000,250,800
2024-07-25,Agra,27.1767,78.0081,0,7,3,33.5,1,335.23,-0.554,52.88,486,2,Kiosk,28,1300,150,550
2024-04-28,Agra,27.1767,78.0081,1,4,6,32.9,0,326.32,0.904,65.49,544,2,Web,18,1300,150,550
2024-12-14,Jaipur,26.9124,75.7873,1,12,5,21.4,0,207.88,-0.356,74.06,459,2,Agent,12,1500,180,600
2024-08-08,Jaipur,26.9124,75.7873,0,8,3,30.8,0,283.03,-0.306,67.22,663,3,Web,1,1500,180,600
2024-02-02,Manali,32.2432,77.1892,0,2,4,12.6,0,529.56,0.389,70.93,361,2,Kiosk,18,1200,140,450
2024-03-10,Andaman,11.7401,92.6586,1,3,6,26.5,0,365.52,0.165,92.0,392,1,App,12,900,120,300
2025-04-01,Jaipur,26.9124,75.7873,0,4,1,32.2,0,651.72,-0.671,56.52,655,2,App,3,1500,180,600
2025-04-07,Manali,32.2432,77.1892,0,4,0,18.1,0,338.85,-0.036,77.11,526,3,Web,11,1200,140,450
2025-05-27,Goa,15.2993,74.124,0,5,1,38.9,1,245.23,-0.081,78.35,877,2,Kiosk,10,2000,250,800
2025-07-31,Andaman,11.7401,92.6586,0,7,3,38.9,1,118.36,0.389,95.95,157,3,Web,2,900,120,300
2025-09-08,Andaman,11.7401,92.6586,0,9,0,26.8,0,514.57,-0.446,82.0,345,2,Web,8,900,120,300
2025-05-07,Varanasi,25.3176,82.9739,0,5,2,34.3,0,805.52,0.205,54.87,756,2,Web,15,1400,160,500
2024-06-28,Manali,32.2432,77.1892,0,6,4,24.8,0,546.07,-1.0,82.7,715,3,Web,10,1200,140,450
2025-04-18,Goa,15.2993,74.124,0,4,4,33.8,0,363.3,-0.173,81.55,695,3,Agent,6,2000,250,800
2025-07-07,Varanasi,25.3176,82.9739,0,7,0,35.8,0,70.12,0.659,60.53,415,2,Kiosk,14,1400,160,500
2024-05-13,Goa,15.2993,74.124,0,5,0,38.5,0,776.67,0.043,75.33,659,2,Agent,4,2000,250,800
2025-09-05,Andaman,11.7401,92.6586,0,9,4,26.6,0,99.26,0.313,91.52,59,2,Kiosk,13,900,120,300
2024-01-31,Manali,32.2432,77.1892,0,1,2,7.5,1,641.29,-0.512,68.93,227,2,App,18,1200,140,450
2025-07-03,Jaipur,26.9124,75.7873,0,7,3,38.0,1,368.0,-0.243,63.24,616,2,Kiosk,13,1500,180,600
2025-03-08,Agra,27.1767,78.0081,1,3,5,26.2,0,360.87,0.523,56.68,644,2,Agent,10,1300,150,550
2025-07-06,Goa,15.2993,74.124,1,7,6,39.3,0,362.92,0.64,81.38,720,2,Web,10,2000,250,800
2025-04-06,Manali,32.2432,77.1892,1,4,6,20.1,0,191.73,-0.266,70.38,390,2,Agent,6,1200,140,450
2025-02-22,Jaipur,26.9124,75.7873,1,2,5,24.2,0,904.31,-0.241,65.9,820,3,Web,6,1500,180,600
2025-01-14,Varanasi,25.3176,82.9739,0,1,1,17.9,0,118.0,-0.215,47.58,328,3,App,8,1400,160,500
2024-10-01,Goa,15.2993,74.124,0,10,1,24.8,0,565.28,-0.491,80.02,604,3,Agent,16,2000,250,800
2025-02-08,Goa,15.2993,74.124,1,2,5,24.5,0,88.61,0.624,78.69,927,1,Agent,2,2000,250,800
2024-06-14,Manali,32.2432,77.1892,0,6,4,27.6,0,733.63,0.177,66.29,788,2,App,7,1200,140,450
2024-11-10,Varanasi,25.3176,82.9739,1,11,6,17.9,0,1366.93,0.761,52.69,842,2,Agent,8,1400,160,500
2024-03-24,Varanasi,25.3176,82.9739,1,3,6,27.1,0,990.14,0.611,56.78,802,3,Kiosk,43,1400,160,500
2025-04-20,Kerala,10.8505,76.2711,1,4,6,34.0,0,614.5,0.098,74.39,1148,3,Web,8,1700,220,700
2024-04-01,Andaman,11.7401,92.6586,0,4,0,34.2,0,165.05,0.024,90.85,547,2,Agent,6,900,120,300
2024-04-01,Jaipur,26.9124,75.7873,0,4,0,32.1,1,613.88,0.097,64.73,932,3,Kiosk,16,1500,180,600
2024-04-22,Kerala,10.8505,76.2711,0,4,0,32.0,0,237.41,0.545,69.93,598,2,Agent,20,1700,220,700
2025-02-21,Jaipur,26.9124,75.7873,0,2,4,23.0,0,115.74,-0.213,65.48,647,1,Web,9,1500,180,600
2025-08-04,Agra,27.1767,78.0081,0,8,0,33.2,0,252.23,-0.181,55.95,479,3,Kiosk,15,1300,150,550
2024-03-26,Andaman,11.7401,92.6586,0,3,1,28.0,0,204.76,-0.684,96.16,353,1,Kiosk,5,900,120,300
2024-09-20,Andaman,11.7401,92.6586,0,9,4,29.1,0,1473.74,0.474,81.42,319,2,Kiosk,23,900,120,300
2025-08-22,Kerala,10.8505,76.2711,0,8,4,35.9,0,892.45,-0.094,50.04,976,1,Web,6,1700,220,700
2024-07-06,Varanasi,25.3176,82.9739,1,7,5,36.4,0,110.44,-0.76,50.56,628,2,App,10,1400,160,500
2024-05-26,Andaman,11.7401,92.6586,1,5,6,33.0,0,938.5,-0.006,93.23,591,3,Agent,11,900,120,300
2025-08-25,Kerala,10.8505,76.2711,0,8,0,33.6,0,175.23,0.286,75.92,640,3,Agent,8,1700,220,700
2025-07-18,Andaman,11.7401,92.6586,0,7,4,37.6,0,561.08,0.494,102.34,320,2,Web,11,900,120,300
2025-04-30,Kerala,10.8505,76.2711,0,4,2,34.0,0,158.91,-0.259,81.54,872,2,Kiosk,5,1700,220,700
2024-01-10,Agra,27.1767,78.0081,0,1,2,20.8,0,504.73,0.933,43.12,544,2,Web,4,1300,150,550
2025-07-28,Varanasi,25.3176,82.9739,0,7,0,35.7,0,620.49,0.544,53.22,399,2,Kiosk,14,1400,160,500
2025-05-13,Varanasi,25.3176,82.9739,0,5,1,35.0,0,513.23,0.143,46.3,414,2,Kiosk,10,1400,160,500
2025-04-20,Andaman,11.7401,92.6586,1,4,6,33.3,0,380.83,-0.124,93.55,714,2,Kiosk,14,900,120,300
2024-01-19,Jaipur,26.9124,75.7873,0,1,4,16.8,0,80.29,0.772,57.85,715,3,Kiosk,19,1500,180,600
2025-01-21,Agra,27.1767,78.0081,0,1,1,18.2,0,788.09,0.205,59.08,558,2,Kiosk,8,1300,150,550
2025-02-26,Manali,32.2432,77.1892,0,2,2,10.2,0,357.37,-0.19,75.07,280,2,App,8,1200,140,450
2025-06-26,Manali,32.2432,77.1892,0,6,3,24.4,0,404.48,0.668,78.61,687,2,App,2,1200,140,450
2024-06-22,Leh,34.1526,77.5771,1,6,5,19.8,0,388.67,0.831,95.08,275,2,App,20,600,90,220
2025-07-18,Kerala,10.8505,76.2711,0,7,4,38.5,0,292.71,0.226,59.12,593,2,Kiosk,4,1700,220,700
2024-09-14,Andaman,11.7401,92.6586,1,9,5,28.3,0,39.37,-0.345,86.15,348,2,Web,7,900,120,300
2024-04-24,Goa,15.2993,74.124,0,4,2,34.1,0,352.2,0.052,80.98,931,2,Agent,14,2000,250,800
2025-09-03,Jaipur,26.9124,75.7873,0,9,2,26.7,0,685.16,-0.374,62.31,469,2,Kiosk,8,1500,180,600
2024-05-13,Kerala,10.8505,76.2711,0,5,0,37.9,0,443.72,0.453,71.33,497,2,Agent,4,1700,220,700
2024-09-13,Goa,15.2993,74.124,0,9,4,28.9,1,120.21,-0.668,79.87,382,2,Kiosk,46,2000,250,800
2024-01-31,Agra,27.1767,78.0081,0,1,2,20.4,0,110.73,-0.491,57.66,258,2,Agent,6,1300,150,550
2024-02-29,Agra,27.1767,78.0081,0,2,3,23.5,0,419.61,-0.677,60.36,340,3,Agent,30,1300,150,550
2024-07-11,Leh,34.1526,77.5771,0,7,3,18.0,0,566.12,0.338,101.34,461,3,Agent,1,600,90,220
2024-12-18,Jaipur,26.9124,75.7873,0,12,2,19.9,0,144.01,-0.598,64.1,590,2,App,7,1500,180,600
2024-08-10,Jaipur,26.9124,75.7873,1,8,5,32.6,1,52.19,0.289,61.37,664,2,App,38,1500,180,600
2024-02-12,Manali,32.2432,77.1892,0,2,0,9.3,0,680.65,0.238,77.52,323,2,Agent,16,1200,140,450
2025-06-11,Kerala,10.8505,76.2711,0,6,2,38.8,1,670.36,0.517,64.33,440,2,App,13,1700,220,700
2024-09-10,Kerala,10.8505,76.2711,0,9,1,27.9,0,964.77,-0.058,61.77,476,2,App,5,1700,220,700
2025-05-11,Manali,32.2432,77.1892,1,5,6,23.2,0,602.7,-0.258,68.6,604,4,Kiosk,28,1200,140,450
2025-04-08,Jaipur,26.9124,75.7873,0,4,1,31.9,0,717.43,0.148,64.06,1107,2,App,17,1500,180,600
2025-03-03,Leh,34.1526,77.5771,0,3,0,7.9,0,381.88,0.322,93.04,422,3,Kiosk,19,600,90,220
2024-04-03,Goa,15.2993,74.124,0,4,2,36.1,0,373.58,-0.035,72.26,602,2,Kiosk,33,2000,250,800
2024-05-01,Varanasi,25.3176,82.9739,0,5,2,38.1,0,287.46,0.382,47.49,216,2,Agent,18,1400,160,500
2024-05-27,Leh,34.1526,77.5771,0,5,0,17.6,0,655.28,0.476,101.26,179,3,Kiosk,9,600,90,220
2024-04-25,Leh,34.1526,77.5771,0,4,3,17.3,0,243.36,0.216,109.22,356,2,Agent,19,600,90,220
2024-05-10,Manali,32.2432,77.1892,0,5,4,23.5,0,240.94,-0.886,71.74,639,1,Kiosk,6,1200,140,450
2024-05-16,Manali,32.2432,77.1892,0,5,3,22.3,0,968.3,0.572,74.89,596,2,App,19,1200,140,450
2024-06-12,Jaipur,26.9124,75.7873,0,6,2,36.2,0,576.67,0.34,62.04,1113,2,App,23,1500,180,600
2024-04-18,Leh,34.1526,77.5771,0,4,3,14.8,1,226.25,0.183,91.67,481,1,Kiosk,2,600,90,220
2024-10-12,Goa,15.2993,74.124,1,10,5,26.5,0,153.27,0.025,79.01,816,2,Agent,13,2000,250,800
2025-02-11,Agra,27.1767,78.0081,0,2,1,23.5,0,673.56,0.679,62.1,723,2,Web,12,1300,150,550
2025-02-23,Goa,15.2993,74.124,1,2,6,26.3,0,282.42,0.056,80.9,636,2,Agent,11,2000,250,800
2024-10-28,Agra,27.1767,78.0081,0,10,0,24.3,0,532.94,0.073,60.97,753,3,App,9,1300,150,550
2025-04-14,Varanasi,25.3176,82.9739,0,4,0,31.8,1,120.24,-0.199,53.57,509,2,Kiosk,16,1400,160,500
2024-04-14,Agra,27.1767,78.0081,1,4,6,33.7,0,1318.81,0.939,60.13,797,2,App,10,1300,150,550
2024-09-27,Andaman,11.7401,92.6586,0,9,4,28.3,1,255.77,0.291,92.61,217,2,Web,6,900,120,300
2024-01-28,Manali,32.2432,77.1892,1,1,6,6.1,0,787.65,0.576,71.77,659,1,Web,3,1200,140,450
2024-04-09,Goa,15.2993,74.124,0,4,1,36.4,0,435.84,0.652,83.31,666,2,Kiosk,6,2000,250,800
2025-05-09,Leh,34.1526,77.5771,0,5,4,19.7,0,842.3,-0.256,92.68,291,3,Agent,15,600,90,220
2025-05-21,Kerala,10.8505,76.2711,0,5,2,38.0,0,354.52,-0.47,65.12,634,1,Agent,20,1700,220,700
2025-07-22,Leh,34.1526,77.5771,0,7,1,18.0,0,399.53,1.0,87.54,40,3,Kiosk,5,600,90,220
2025-01-25,Leh,34.1526,77.5771,1,1,5,0.1,0,901.56,0.8,100.1,635,2,Web,10,600,90,220
2024-05-15,Andaman,11.7401,92.6586,0,5,2,36.7,0,92.58,0.052,90.56,270,1,Agent,9,900,120,300
2025-09-16,Andaman,11.7401,92.6586,0,9,1,27.3,0,770.89,-0.772,87.76,440,4,Kiosk,13,900,120,300
2024-12-14,Goa,15.2993,74.124,1,12,5,21.1,0,560.19,0.451,80.94,1215,2,App,29,2000,250,800
2025-04-14,Varanasi,25.3176,82.9739,0,4,0,32.8,0,303.24,-0.466,38.46,556,2,Agent,6,1400,160,500
2024-02-18,Agra,27.1767,78.0081,1,2,6,23.6,0,496.32,0.503,44.87,783,3,Web,11,1300,150,550
2025-06-19,Leh,34.1526,77.5771,0,6,3,18.2,0,185.16,0.618,97.83,87,2,Web,9,600,90,220
2024-02-14,Kerala,10.8505,76.2711,0,2,2,24.0,0,254.93,0.473,80.89,891,1,Kiosk,19,1700,220,700
2024-07-08,Jaipur,26.9124,75.7873,0,7,0,35.8,0,390.99,0.576,57.12,271,2,Kiosk,20,1500,180,600
2025-09-28,Andaman,11.7401,92.6586,1,9,6,28.9,0,335.43,0.969,75.45,679,2,App,1,900,120,300
2024-07-07,Leh,34.1526,77.5771,1,7,6,19.6,0,340.19,0.807,92.07,364,2,Web,13,600,90,220
2024-12-15,Manali,32.2432,77.1892,1,12,6,4.3,0,526.68,0.701,71.76,878,3,App,1,1200,140,450
2025-09-17,Manali,32.2432,77.1892,0,9,2,16.5,0,220.84,0.185,73.93,208,3,Kiosk,16,1200,140,450
2025-05-17,Jaipur,26.9124,75.7873,1,5,5,35.9,0,632.35,0.679,67.27,431,2,App,4,1500,180,600
2024-09-17,Kerala,10.8505,76.2711,0,9,1,26.8,0,127.55,0.197,77.3,508,2,Web,7,1700,220,700
2024-07-03,Andaman,11.7401,92.6586,0,7,2,37.0,0,332.84,0.342,83.94,311,1,Kiosk,8,900,120,300
2024-02-10,Leh,34.1526,77.5771,1,2,5,5.5,0,40.86,-0.001,98.72,0,2,Kiosk,19,600,90,220
2025-08-30,Manali,32.2432,77.1892,1,8,5,20.4,1,247.11,-0.629,59.89,704,1,App,13,1200,140,450
2025-06-12,Goa,15.2993,74.124,0,6,3,40.7,0,1002.44,0.793,79.17,616,2,Agent,14,2000,250,800
2024-03-16,Varanasi,25.3176,82.9739,1,3,5,27.0,1,888.96,0.343,40.15,198,2,Kiosk,3,1400,160,500
2025-03-24,Agra,27.1767,78.0081,0,3,0,27.8,0,545.54,0.285,48.21,202,2,Agent,11,1300,150,550
2025-08-07,Andaman,11.7401,92.6586,0,8,3,31.6,0,242.91,0.319,79.25,327,1,Kiosk,2,900,120,300
2024-12-23,Kerala,10.8505,76.2711,0,12,0,19.3,0,1592.74,0.182,65.2,636,2,Agent,14,1700,220,700
2024-12-08,Leh,34.1526,77.5771,1,12,6,0.0,0,196.08,-1.0,87.45,257,3,Web,18,600,90,220
2024-05-08,Manali,32.2432,77.1892,0,5,2,22.6,0,410.71,0.515,74.25,437,2,App,10,1200,140,450
2024-08-03,Varanasi,25.3176,82.9739,1,8,5,31.3,0,588.35,0.951,48.57,580,2,Web,8,1400,160,500
2024-10-17,Manali,32.2432,77.1892,0,10,3,9.1,0,307.93,0.43,66.62,562,1,Web,5,1200,140,450
2024-01-08,Agra,27.1767,78.0081,0,1,0,19.8,0,749.67,1.0,54.52,415,2,Agent,4,1300,150,550
2024-08-24,Andaman,11.7401,92.6586,1,8,5,33.9,0,1081.28,0.338,88.59,864,2,App,6,900,120,300
2024-09-16,Goa,15.2993,74.124,0,9,0,29.8,0,404.89,0.473,66.19,724,2,Kiosk,1,2000,250,800
2025-02-25,Agra,27.1767,78.0081,0,2,1,23.1,0,248.7,0.106,56.65,270,3,App,9,1300,150,550
2025-07-04,Varanasi,25.3176,82.9739,0,7,4,37.2,0,534.32,-0.814,38.96,495,2,Kiosk,41,1400,160,500
2025-07-26,Kerala,10.8505,76.2711,1,7,5,36.3,0,394.82,-0.774,72.15,1174,2,App,25,1700,220,700
2025-01-18,Jaipur,26.9124,75.7873,1,1,5,20.2,0,71.9,1.0,59.65,784,1,Agent,2,1500,180,600
2024-06-28,Goa,15.2993,74.124,0,6,4,39.4,0,106.02,0.726,76.17,515,3,Web,13,2000,250,800
2025-09-21,Jaipur,26.9124,75.7873,1,9,6,29.5,1,260.6,-0.918,64.05,348,2,Kiosk,4,1500,180,600
2024-02-27,Andaman,11.7401,92.6586,0,2,1,22.1,0,326.43,0.351,76.85,554,1,Kiosk,7,900,120,300
2025-05-18,Manali,32.2432,77.1892,1,5,6,24.0,0,227.1,-0.567,73.52,603,1,Agent,5,1200,140,450
2025-09-23,Kerala,10.8505,76.2711,0,9,1,29.8,1,691.68,-0.063,66.63,878,2,Web,2,1700,220,700
2024-05-23,Leh,34.1526,77.5771,0,5,3,20.0,0,50.2,-1.0,95.76,284,2,Agent,7,600,90,220
2024-09-09,Jaipur,26.9124,75.7873,0,9,0,28.4,0,878.69,0.252,59.89,356,1,Agent,4,1500,180,600
2025-07-04,Varanasi,25.3176,82.9739,0,7,4,36.8,0,657.07,-0.226,43.99,509,3,Kiosk,1,1400,160,500
2025-09-16,Andaman,11.7401,92.6586,0,9,1,30.8,0,319.62,1.0,86.61,237,2,Kiosk,1,900,120,300
2025-06-07,Jaipur,26.9124,75.7873,1,6,5,36.7,0,1153.89,0.177,72.29,1069,3,App,10,1500,180,600
2025-01-01,Manali,32.2432,77.1892,0,1,2,5.1,0,518.25,0.486,72.46,888,3,Web,31,1200,140,450
2024-06-28,Leh,34.1526,77.5771,0,6,4,20.4,0,728.45,0.321,84.85,266,1,Agent,6,600,90,220
2024-07-26,Agra,27.1767,78.0081,0,7,4,35.9,1,214.61,-0.186,57.16,622,3,Agent,23,1300,150,550
2024-10-12,Goa,15.2993,74.124,1,10,5,24.6,0,245.18,-0.389,70.18,800,2,Agent,14,2000,250,800
2025-04-02,Andaman,11.7401,92.6586,0,4,2,31.2,0,497.59,0.075,95.82,690,2,Agent,4,900,120,300
2025-05-17,Andaman,11.7401,92.6586,1,5,5,36.3,0,189.24,-0.013,86.75,590,3,App,17,900,120,300
2025-07-13,Leh,34.1526,77.5771,1,7,6,19.2,0,140.22,-0.41,98.69,307,2,Agent,13,600,90,220
2024-03-05,Goa,15.2993,74.124,0,3,1,28.7,0,143.38,0.929,78.47,632,1,Agent,24,2000,250,800
2024-02-03,Andaman,11.7401,92.6586,1,2,5,23.9,0,673.66,-0.463,92.14,419,2,Agent,3,900,120,300
2024-08-26,Goa,15.2993,74.124,0,8,0,35.5,0,1791.94,0.134,80.82,1033,2,Kiosk,12,2000,250,800
2024-02-14,Leh,34.1526,77.5771,0,2,2,4.8,0,726.01,-0.085,80.31,369,1,App,4,600,90,220
2025-02-15,Leh,34.1526,77.5771,1,2,5,3.7,0,81.41,-0.294,86.86,213,2,Agent,18,600,90,220
2025-07-31,Leh,34.1526,77.5771,0,7,3,15.9,0,645.73,0.872,104.33,202,2,Agent,13,600,90,220
2024-10-02,Manali,32.2432,77.1892,0,10,2,9.5,0,324.26,-0.016,76.4,366,3,Kiosk,6,1200,140,450
2024-12-31,Andaman,11.7401,92.6586,0,12,1,17.4,0,379.6,0.036,92.8,141,2,Web,14,900,120,300
2025-04-11,Kerala,10.8505,76.2711,0,4,4,35.2,0,248.19,0.179,71.96,635,3,Kiosk,28,1700,220,700
2024-02-02,Manali,32.2432,77.1892,0,2,4,11.0,0,1407.15,0.872,74.08,706,2,App,14,1200,140,450
2024-10-29,Agra,27.1767,78.0081,0,10,1,22.5,0,339.47,-0.7,56.99,135,2,Agent,6,1300,150,550
2024-03-05,Goa,15.2993,74.124,0,3,1,29.9,0,622.64,-0.502,79.37,538,2,Kiosk,17,2000,250,800
2024-05-17,Manali,32.2432,77.1892,0,5,4,21.8,1,240.17,0.388,70.27,413,2,Web,17,1200,140,450
2025-04-17,Goa,15.2993,74.124,0,4,3,34.1,0,470.15,-0.128,80.67,945,3,App,6,2000,250,800
2024-12-03,Kerala,10.8505,76.2711,0,12,1,17.0,0,141.62,0.249,66.37,291,2,Agent,23,1700,220,700
2025-06-22,Kerala,10.8505,76.2711,1,6,6,38.7,0,809.37,0.451,74.16,843,2,Web,1,1700,220,700
2024-12-28,Goa,15.2993,74.124,1,12,5,20.6,1,113.86,0.941,83.48,729,2,Web,2,2000,250,800
2024-05-25,Jaipur,26.9124,75.7873,1,5,5,36.2,0,421.86,0.617,63.85,597,3,App,13,1500,180,600
2025-03-25,Kerala,10.8505,76.2711,0,3,1,30.3,0,713.3,-0.098,65.08,355,2,Agent,5,1700,220,700
2024-03-08,Kerala,10.8505,76.2711,0,3,4,30.5,0,128.07,0.77,76.13,652,1,Agent,3,1700,220,700
2024-10-03,Goa,15.2993,74.124,0,10,3,26.3,0,244.84,0.193,74.67,453,1,App,8,2000,250,800
2025-01-22,Goa,15.2993,74.124,0,1,2,23.6,1,269.53,0.769,83.92,692,1,Agent,5,2000,250,800
2024-01-15,Manali,32.2432,77.1892,0,1,0,3.1,0,264.67,0.272,61.43,216,2,App,15,1200,140,450
2024-04-04,Jaipur,26.9124,75.7873,0,4,3,33.4,0,500.09,0.155,62.23,889,1,Web,17,1500,180,600
2024-03-06,Kerala,10.8505,76.2711,0,3,2,27.0,0,821.35,-0.414,71.45,557,2,Agent,8,1700,220,700
2025-03-05,Goa,15.2993,74.124,0,3,2,29.2,1,693.93,-0.095,73.92,656,2,Agent,1,2000,250,800
2024-04-21,Varanasi,25.3176,82.9739,1,4,6,32.6,0,130.45,0.1,45.25,702,1,Kiosk,14,1400,160,500
2024-11-04,Andaman,11.7401,92.6586,0,11,0,19.5,0,405.71,-0.469,89.64,289,3,Web,10,900,120,300
2025-06-25,Andaman,11.7401,92.6586,0,6,2,37.6,0,334.13,-0.164,86.12,420,2,Web,24,900,120,300
2025-02-23,Leh,34.1526,77.5771,1,2,6,4.6,0,486.87,0.569,96.32,766,2,Web,13,600,90,220
2025-09-03,Agra,27.1767,78.0081,0,9,2,26.5,0,270.81,-1.0,55.81,266,3,App,8,1300,150,550
2025-04-28,Varanasi,25.3176,82.9739,0,4,0,31.9,0,433.87,-1.0,61.11,706,3,Agent,6,1400,160,500
2024-12-31,Varanasi,25.3176,82.9739,0,12,1,16.8,0,247.27,-0.345,43.88,193,4,Agent,5,1400,160,500
2024-06-26,Andaman,11.7401,92.6586,0,6,2,36.7,0,234.87,0.009,88.19,374,2,Agent,14,900,120,300
2025-03-05,Leh,34.1526,77.5771,0,3,2,9.2,0,523.43,0.608,88.98,524,3,Kiosk,7,600,90,220
2024-11-08,Goa,15.2993,74.124,0,11,4,22.0,0,272.38,-0.337,80.28,574,3,Kiosk,16,2000,250,800
2025-02-01,Kerala,10.8505,76.2711,1,2,5,24.7,0,1068.38,0.366,64.26,935,2,Web,8,1700,220,700
2025-07-28,Varanasi,25.3176,82.9739,0,7,0,37.3,1,353.05,-0.094,49.68,512,3,Kiosk,29,1400,160,500
2025-08-19,Manali,32.2432,77.1892,0,8,1,20.0,0,589.09,0.262,68.59,383,1,Agent,49,1200,140,450
2025-09-01,Jaipur,26.9124,75.7873,0,9,0,27.8,0,186.25,0.368,67.5,569,1,Kiosk,9,1500,180,600
2025-05-05,Leh,34.1526,77.5771,0,5,0,16.8,0,265.49,-0.8,91.71,294,1,Kiosk,28,600,90,220
2025-05-07,Agra,27.1767,78.0081,0,5,2,35.3,0,25.74,-0.114,61.88,591,1,Web,22,1300,150,550
2025-02-06,Andaman,11.7401,92.6586,0,2,3,24.1,1,512.01,0.186,90.54,373,3,Web,1,900,120,300
2024-11-30,Goa,15.2993,74.124,1,11,5,22.9,0,189.21,0.133,75.27,590,3,Kiosk,16,2000,250,800
2025-08-05,Manali,32.2432,77.1892,0,8,1,17.7,0,368.82,0.151,66.25,630,3,Kiosk,16,1200,140,450
2024-10-01,Jaipur,26.9124,75.7873,0,10,1,22.8,0,246.99,1.0,64.04,573,1,Kiosk,4,1500,180,600
2025-08-26,Goa,15.2993,74.124,0,8,1,36.6,0,579.15,-0.056,90.18,875,2,Agent,2,2000,250,800
2024-06-19,Manali,32.2432,77.1892,0,6,2,25.2,1,393.65,-0.593,92.62,952,3,App,17,1200,140,450
2025-02-14,Manali,32.2432,77.1892,0,2,4,9.2,0,160.92,0.861,77.07,623,2,Kiosk,15,1200,140,450
2025-03-16,Varanasi,25.3176,82.9739,1,3,6,25.9,0,690.55,0.156,47.07,216,2,Agent,5,1400,160,500
2024-10-30,Jaipur,26.9124,75.7873,0,10,2,23.7,0,277.55,-0.127,45.23,359,1,Kiosk,4,1500,180,600
2025-04-23,Andaman,11.7401,92.6586,0,4,2,34.3,0,1858.02,-0.548,89.61,822,2,Web,8,900,120,300
2025-08-29,Andaman,11.7401,92.6586,0,8,4,33.0,0,575.32,-0.205,89.93,592,2,App,8,900,120,300
2024-01-22,Agra,27.1767,78.0081,0,1,0,18.6,0,49.37,0.853,57.84,449,3,Agent,11,1300,150,550
2024-10-03,Andaman,11.7401,92.6586,0,10,3,23.9,0,429.16,0.16,85.62,55,3,Kiosk,14,900,120,300
2025-02-28,Andaman,11.7401,92.6586,0,2,4,23.1,0,655.57,0.816,79.5,283,3,Kiosk,9,900,120,300
2025-03-14,Goa,15.2993,74.124,0,3,4,28.5,0,207.28,0.022,77.73,529,3,Web,5,2000,250,800
2024-08-16,Goa,15.2993,74.124,0,8,4,34.7,0,531.46,-0.403,81.23,798,1,Kiosk,11,2000,250,800
2024-03-02,Kerala,10.8505,76.2711,1,3,5,29.0,0,106.12,-0.325,70.68,331,2,Agent,3,1700,220,700
2025-03-31,Jaipur,26.9124,75.7873,0,3,0,28.7,0,173.67,0.732,61.96,650,2,Agent,12,1500,180,600
2025-03-17,Leh,34.1526,77.5771,0,3,0,9.2,0,284.79,-0.147,100.92,66,1,Kiosk,2,600,90,220
2024-04-04,Varanasi,25.3176,82.9739,0,4,3,32.2,0,519.68,0.425,46.87,326,3,App,1,1400,160,500
2025-09-19,Varanasi,25.3176,82.9739,0,9,4,28.3,0,343.18,0.512,45.7,792,2,App,3,1400,160,500
2024-06-26,Andaman,11.7401,92.6586,0,6,2,39.9,1,328.59,-0.964,95.66,380,1,App,19,900,120,300
2024-04-12,Andaman,11.7401,92.6586,0,4,4,35.2,0,1028.6,0.42,92.34,520,2,Web,4,900,120,300
2025-03-29,Manali,32.2432,77.1892,1,3,5,16.6,0,335.68,1.0,74.01,688,3,App,19,1200,140,450
2024-08-26,Leh,34.1526,77.5771,0,8,0,14.9,0,559.27,-0.833,86.63,554,2,App,13,600,90,220
2024-07-02,Kerala,10.8505,76.2711,0,7,1,37.8,0,311.22,-0.986,63.76,576,2,Agent,23,1700,220,700
2025-09-18,Kerala,10.8505,76.2711,0,9,3,29.4,1,238.9,-0.107,66.99,519,1,Web,27,1700,220,700
2024-02-21,Goa,15.2993,74.124,0,2,2,24.3,0,180.97,-0.938,86.41,574,3,Agent,22,2000,250,800
2024-06-23,Kerala,10.8505,76.2711,1,6,6,34.7,0,983.13,1.0,68.97,843,2,Web,33,1700,220,700
2024-06-26,Jaipur,26.9124,75.7873,0,6,2,37.8,0,334.03,-0.049,60.85,711,1,App,4,1500,180,600
2025-08-04,Varanasi,25.3176,82.9739,0,8,0,31.1,0,184.22,0.42,53.65,328,3,Web,11,1400,160,500
2025-09-09,Agra,27.1767,78.0081,0,9,1,27.3,0,45.1,-0.75,52.57,297,2,App,19,1300,150,550
2025-03-29,Agra,27.1767,78.0081,1,3,5,27.3,0,262.95,0.034,62.49,419,1,Agent,9,1300,150,550
2024-02-06,Manali,32.2432,77.1892,0,2,1,7.9,0,97.54,0.252,76.1,138,4,Kiosk,12,1200,140,450
2025-03-17,Andaman,11.7401,92.6586,0,3,0,25.3,0,70.18,-0.339,82.47,123,2,Agent,4,900,120,300
2024-12-01,Kerala,10.8505,76.2711,1,12,6,17.5,0,94.81,0.272,64.55,358,3,Kiosk,5,1700,220,700
2024-08-28,Kerala,10.8505,76.2711,0,8,2,32.8,0,1118.48,-0.462,68.77,764,2,Agent,19,1700,220,700
2025-06-14,Jaipur,26.9124,75.7873,1,6,5,37.2,0,326.95,0.142,63.83,814,2,Kiosk,7,1500,180,600
2024-05-20,Kerala,10.8505,76.2711,0,5,0,38.7,0,420.27,1.0,72.09,562,3,Kiosk,25,1700,220,700
2025-03-28,Leh,34.1526,77.5771,0,3,4,8.7,0,594.38,0.533,107.23,603,2,Web,12,600,90,220
2024-05-24,Andaman,11.7401,92.6586,0,5,4,38.2,0,350.23,0.711,98.62,270,3,Agent,7,900,120,300
2024-07-13,Jaipur,26.9124,75.7873,1,7,5,34.3,0,280.21,-0.511,62.42,789,2,Kiosk,16,1500,180,600
2024-06-13,Andaman,11.7401,92.6586,0,6,3,37.2,0,327.28,-0.538,89.68,433,2,Web,3,900,120,300
2024-02-21,Jaipur,26.9124,75.7873,0,2,2,21.4,0,399.54,0.861,71.81,1061,1,App,12,1500,180,600
2024-05-08,Jaipur,26.9124,75.7873,0,5,2,37.0,0,301.16,0.361,60.14,299,3,Kiosk,18,1500,180,600
2025-02-27,Manali,32.2432,77.1892,0,2,3,10.4,0,817.7,-0.069,78.93,500,2,Agent,1,1200,140,450
2024-11-17,Goa,15.2993,74.124,1,11,6,19.9,0,764.77,0.378,73.31,1005,2,Web,19,2000,250,800
2024-01-01,Leh,34.1526,77.5771,0,1,0,2.2,0,319.52,0.043,86.42,187,2,Kiosk,5,600,90,220
2025-03-19,Varanasi,25.3176,82.9739,0,3,2,26.1,0,93.26,-0.014,50.71,276,2,App,28,1400,160,500
2024-10-03,Kerala,10.8505,76.2711,0,10,3,24.3,0,349.65,-0.485,66.88,387,2,Kiosk,5,1700,220,700
2025-03-22,Jaipur,26.9124,75.7873,1,3,5,29.1,0,63.91,0.483,60.71,513,2,Kiosk,16,1500,180,600
2024-01-21,Kerala,10.8505,76.2711,1,1,6,21.2,0,730.68,-0.164,60.5,407,3,Agent,4,1700,220,700
2024-06-17,Manali,32.2432,77.1892,0,6,0,26.4,0,412.41,1.0,67.16,191,1,Web,15,1200,140,450
2024-07-25,Varanasi,25.3176,82.9739,0,7,3,35.5,0,259.33,0.184,56.23,497,2,Kiosk,4,1400,160,500
2025-08-11,Andaman,11.7401,92.6586,0,8,0,32.5,0,292.59,-1.0,82.54,400,2,Web,12,900,120,300
2024-08-13,Manali,32.2432,77.1892,0,8,1,20.5,0,538.24,0.216,75.53,600,2,Agent,8,1200,140,450
2024-08-16,Manali,32.2432,77.1892,0,8,4,19.2,0,216.33,0.208,72.91,472,2,Web,3,1200,140,450
2024-11-05,Varanasi,25.3176,82.9739,0,11,1,17.3,0,343.29,-0.332,51.63,498,2,App,10,1400,160,500
2025-01-02,Kerala,10.8505,76.2711,0,1,3,18.8,0,860.21,0.621,67.17,780,1,Kiosk,4,1700,220,700
2024-07-29,Varanasi,25.3176,82.9739,0,7,0,35.3,0,131.56,0.301,51.45,701,2,Kiosk,8,1400,160,500
2025-08-05,Varanasi,25.3176,82.9739,0,8,1,30.5,1,209.86,0.163,43.6,723,3,Agent,45,1400,160,500
2025-01-18,Goa,15.2993,74.124,1,1,5,20.7,0,48.84,-0.532,80.03,631,1,Kiosk,16,2000,250,800
2024-05-26,Kerala,10.8505,76.2711,1,5,6,39.1,0,253.54,-0.075,74.58,616,3,Agent,6,1700,220,700
2025-09-25,Kerala,10.8505,76.2711,0,9,3,28.8,0,365.0,0.649,69.0,787,2,Agent,6,1700,220,700
2025-08-12,Goa,15.2993,74.124,0,8,1,35.1,0,118.85,-0.021,73.7,782,2,Web,6,2000,250,800
2024-09-06,Varanasi,25.3176,82.9739,0,9,4,28.6,0,346.18,0.885,44.3,465,1,Kiosk,9,1400,160,500
2024-04-26,Andaman,11.7401,92.6586,0,4,4,33.6,0,134.61,0.498,92.3,175,3,App,1,900,120,300
2024-07-23,Kerala,10.8505,76.2711,0,7,1,34.0,0,222.8,-1.0,70.54,758,3,Agent,19,1700,220,700
2024-09-25,Manali,32.2432,77.1892,0,9,2,12.7,0,377.22,-0.049,77.37,115,2,Agent,9,1200,140,450
2025-07-31,Leh,34.1526,77.5771,0,7,3,19.4,0,298.38,-0.709,86.14,227,1,Agent,29,600,90,220
2025-09-02,Agra,27.1767,78.0081,0,9,1,25.9,0,131.13,-0.786,54.52,520,1,Web,32,1300,150,550
2025-01-17,Varanasi,25.3176,82.9739,0,1,4,20.4,0,273.34,1.0,44.93,701,2,Kiosk,15,1400,160,500
2024-02-15,Varanasi,25.3176,82.9739,0,2,3,25.0,0,327.5,-0.285,45.78,306,3,Web,28,1400,160,500
2025-08-18,Leh,34.1526,77.5771,0,8,0,15.3,0,132.3,0.486,89.86,176,1,App,2,600,90,220
2025-07-23,Andaman,11.7401,92.6586,0,7,2,36.2,0,854.74,-0.043,95.56,504,1,Kiosk,19,900,120,300
2024-06-10,Leh,34.1526,77.5771,0,6,0,21.7,0,213.33,1.0,90.21,0,2,Kiosk,2,600,90,220
2025-09-29,Andaman,11.7401,92.6586,0,9,0,28.8,0,453.87,0.065,104.8,313,2,Web,18,900,120,300
2025-02-24,Goa,15.2993,74.124,0,2,0,25.4,0,1853.69,-0.089,92.48,953,2,Web,3,2000,250,800
2024-02-21,Goa,15.2993,74.124,0,2,2,22.9,0,488.15,0.326,69.97,654,3,Kiosk,34,2000,250,800
2024-01-11,Agra,27.1767,78.0081,0,1,3,17.9,0,438.09,0.881,48.54,685,2,Kiosk,3,1300,150,550
2025-08-04,Goa,15.2993,74.124,0,8,0,35.4,1,528.23,0.849,73.37,451,4,Kiosk,3,2000,250,800
2025-01-14,Agra,27.1767,78.0081,0,1,1,18.6,0,843.25,0.634,47.4,507,3,Kiosk,1,1300,150,550
2024-01-06,Jaipur,26.9124,75.7873,1,1,5,18.5,0,99.95,0.442,50.29,1066,2,App,12,1500,180,600
2024-12-20,Jaipur,26.9124,75.7873,0,12,4,16.3,0,78.6,0.417,64.17,691,3,Web,15,1500,180,600
2024-10-15,Kerala,10.8505,76.2711,0,10,1,23.5,0,198.09,0.3,80.09,472,2,App,1,1700,220,700
2024-06-24,Kerala,10.8505,76.2711,0,6,0,39.3,0,103.7,-0.008,80.41,712,2,Web,24,1700,220,700
2024-05-15,Varanasi,25.3176,82.9739,0,5,2,35.4,0,805.22,-0.996,56.04,827,2,App,5,1400,160,500
2024-01-29,Leh,34.1526,77.5771,0,1,0,0.6,0,271.33,0.073,91.4,137,2,App,4,600,90,220
2024-03-20,Leh,34.1526,77.5771,0,3,2,9.7,0,265.73,-0.616,98.18,0,1,Agent,21,600,90,220
2025-01-20,Manali,32.2432,77.1892,0,1,0,6.5,1,91.31,-0.596,80.38,246,2,App,29,1200,140,450
2024-03-01,Goa,15.2993,74.124,0,3,4,30.0,0,132.81,0.823,91.77,653,2,Agent,18,2000,250,800
2025-02-01,Andaman,11.7401,92.6586,1,2,5,24.0,0,494.43,0.267,85.11,402,2,Web,18,900,120,300
2025-08-30,Goa,15.2993,74.124,1,8,5,36.2,0,321.23,-0.092,74.94,730,3,App,1,2000,250,800
2025-07-03,Jaipur,26.9124,75.7873,0,7,3,37.1,0,665.21,-0.078,56.89,509,2,Agent,14,1500,180,600
2024-04-06,Jaipur,26.9124,75.7873,1,4,5,33.2,0,234.31,-0.523,58.88,775,1,Kiosk,4,1500,180,600
2025-05-25,Manali,32.2432,77.1892,1,5,6,23.5,0,227.16,0.76,79.53,412,2,Web,7,1200,140,450
2025-09-07,Kerala,10.8505,76.2711,1,9,6,28.5,0,438.78,0.33,68.48,805,3,Agent,10,1700,220,700
2024-12-09,Goa,15.2993,74.124,0,12,0,20.7,0,150.51,0.649,67.27,983,2,Web,6,2000,250,800
2024-06-07,Manali,32.2432,77.1892,0,6,4,25.9,0,504.15,0.978,77.72,315,4,Agent,21,1200,140,450
2025-01-09,Jaipur,26.9124,75.7873,0,1,3,19.0,0,446.11,0.772,69.6,891,2,Web,14,1500,180,600
2025-03-28,Varanasi,25.3176,82.9739,0,3,4,25.3,0,737.76,0.874,50.51,466,1,Kiosk,1,1400,160,500
2025-02-24,Goa,15.2993,74.124,0,2,0,25.5,0,414.65,0.04,85.2,907,2,App,5,2000,250,800
2024-01-16,Agra,27.1767,78.0081,0,1,1,18.3,0,1025.9,-0.484,49.52,363,1,App,30,1300,150,550
2024-08-23,Varanasi,25.3176,82.9739,0,8,4,31.7,0,586.63,-0.235,53.29,640,3,Agent,5,1400,160,500
2024-11-01,Manali,32.2432,77.1892,0,11,4,6.0,0,459.32,0.647,72.36,575,2,Kiosk,2,1200,140,450
2025-05-17,Manali,32.2432,77.1892,1,5,5,24.4,0,499.4,0.269,75.11,506,2,App,6,1200,140,450
2025-04-17,Andaman,11.7401,92.6586,0,4,3,34.4,0,477.81,0.613,80.98,91,2,Kiosk,11,900,120,300
2025-09-04,Goa,15.2993,74.124,0,9,3,31.2,1,456.96,-0.688,75.87,472,2,Kiosk,13,2000,250,800
2025-06-11,Kerala,10.8505,76.2711,0,6,2,37.6,1,264.39,-0.559,76.27,576,2,Kiosk,17,1700,220,700
2024-07-07,Leh,34.1526,77.5771,1,7,6,19.5,1,336.96,-1.0,84.54,399,1,Web,17,600,90,220
2024-10-02,Varanasi,25.3176,82.9739,0,10,2,25.9,0,26.41,0.568,51.96,673,1,Kiosk,6,1400,160,500
2024-01-13,Varanasi,25.3176,82.9739,1,1,5,18.3,0,137.54,-0.31,43.36,472,2,Web,28,1400,160,500
2025-04-14,Manali,32.2432,77.1892,0,4,0,18.9,1,487.97,-0.232,74.4,718,2,App,1,1200,140,450
2025-08-18,Jaipur,26.9124,75.7873,0,8,0,34.7,0,487.62,0.509,50.18,374,2,App,8,1500,180,600
2024-02-04,Goa,15.2993,74.124,1,2,6,24.4,0,765.34,-0.74,76.19,711,2,App,13,2000,250,800
2025-04-29,Agra,27.1767,78.0081,0,4,1,30.9,0,327.73,-0.012,65.94,561,1,App,2,1300,150,550
2025-06-29,Kerala,10.8505,76.2711,1,6,6,36.6,0,482.68,-0.732,68.73,1006,2,Kiosk,10,1700,220,700
2024-03-24,Andaman,11.7401,92.6586,1,3,6,28.4,0,363.83,0.3,89.85,399,3,App,16,900,120,300
2024-05-17,Leh,34.1526,77.5771,0,5,4,18.9,0,271.42,-0.201,90.99,586,2,Web,13,600,90,220
2025-07-30,Andaman,11.7401,92.6586,0,7,2,37.5,0,241.27,0.686,93.62,402,3,App,3,900,120,300
2025-07-25,Leh,34.1526,77.5771,0,7,4,17.2,1,142.3,0.574,88.13,166,2,App,6,600,90,220
2025-05-29,Varanasi,25.3176,82.9739,0,5,3,35.9,0,281.9,0.557,55.42,531,3,App,3,1400,160,500
2025-06-10,Jaipur,26.9124,75.7873,0,6,1,36.9,0,356.09,0.697,63.77,434,2,App,12,1500,180,600
2024-06-18,Goa,15.2993,74.124,0,6,1,39.1,0,391.26,-0.355,77.18,806,3,Agent,11,2000,250,800
2025-02-11,Andaman,11.7401,92.6586,0,2,1,24.9,0,226.24,-0.337,91.49,141,3,App,3,900,120,300
2024-05-06,Andaman,11.7401,92.6586,0,5,0,36.8,0,55.55,-0.4,95.89,375,2,Web,23,900,120,300
2025-07-12,Goa,15.2993,74.124,1,7,5,36.8,0,492.72,-0.425,78.86,1206,1,App,1,2000,250,800
2025-05-08,Jaipur,26.9124,75.7873,0,5,3,36.1,0,307.43,1.0,54.65,437,2,Web,16,1500,180,600
2024-01-14,Varanasi,25.3176,82.9739,1,1,6,18.6,0,173.43,0.108,55.76,457,1,Agent,4,1400,160,500
2025-07-25,Manali,32.2432,77.1892,0,7,4,22.2,0,802.96,-0.532,71.32,619,2,Agent,5,1200,140,450
2024-02-26,Agra,27.1767,78.0081,0,2,0,23.1,0,1003.36,0.456,64.89,649,2,Agent,9,1300,150,550
2025-08-25,Agra,27.1767,78.0081,0,8,0,32.1,1,234.8,-0.523,63.11,616,2,Web,10,1300,150,550
2024-05-29,Manali,32.2432,77.1892,0,5,2,23.3,0,346.33,-0.481,68.18,398,1,Kiosk,6,1200,140,450
2024-08-16,Goa,15.2993,74.124,0,8,4,35.0,0,279.17,0.142,79.82,796,2,App,16,2000,250,800
2024-01-19,Goa,15.2993,74.124,0,1,4,20.8,0,330.3,0.764,84.76,963,2,Web,15,2000,250,800
2025-09-21,Kerala,10.8505,76.2711,1,9,6,29.6,0,359.74,-0.655,69.96,642,3,App,12,1700,220,700
2025-07-15,Varanasi,25.3176,82.9739,0,7,1,36.4,0,332.39,-0.306,48.39,517,1,Kiosk,6,1400,160,500
2025-04-09,Agra,27.1767,78.0081,0,4,2,30.9,0,267.12,0.923,63.41,188,1,Kiosk,16,1300,150,550
2024-03-12,Agra,27.1767,78.0081,0,3,1,28.3,0,460.49,-0.161,49.0,505,3,App,12,1300,150,550
2025-01-09,Leh,34.1526,77.5771,0,1,3,3.1,0,347.43,0.26,94.13,30,3,Kiosk,6,600,90,220
2025-01-04,Agra,27.1767,78.0081,1,1,5,19.3,0,429.56,1.0,50.12,630,2,Kiosk,17,1300,150,550
2024-12-30,Andaman,11.7401,92.6586,0,12,0,16.7,0,178.64,0.728,93.57,473,3,Web,10,900,120,300
2024-11-18,Andaman,11.7401,92.6586,0,11,0,18.2,0,310.33,-1.0,89.16,129,4,Web,6,900,120,300
2024-06-26,Goa,15.2993,74.124,0,6,2,39.1,0,403.87,0.067,80.21,830,3,Agent,8,2000,250,800
2024-03-27,Kerala,10.8505,76.2711,0,3,2,29.9,0,304.27,0.904,59.96,624,4,Kiosk,23,1700,220,700
2024-10-09,Jaipur,26.9124,75.7873,0,10,2,24.0,0,199.83,1.0,55.3,886,3,Web,14,1500,180,600
2025-03-27,Agra,27.1767,78.0081,0,3,3,27.5,0,376.45,0.776,62.72,803,2,App,5,1300,150,550
2025-03-22,Andaman,11.7401,92.6586,1,3,5,27.1,0,1046.69,-0.409,95.08,325,3,App,31,900,120,300
2025-06-20,Varanasi,25.3176,82.9739,0,6,4,38.4,0,836.28,-0.115,50.41,831,3,Web,10,1400,160,500
2024-12-26,Manali,32.2432,77.1892,0,12,3,6.4,0,80.74,1.0,63.24,544,2,Kiosk,20,1200,140,450
2024-07-09,Leh,34.1526,77.5771,0,7,1,16.2,0,189.63,-0.574,102.5,618,2,App,28,600,90,220
2025-08-03,Andaman,11.7401,92.6586,1,8,6,33.0,0,135.57,0.258,91.85,354,3,Web,28,900,120,300
2024-11-03,Manali,32.2432,77.1892,1,11,6,6.7,0,327.88,0.025,78.56,434,1,Web,5,1200,140,450
2024-12-05,Agra,27.1767,78.0081,0,12,3,17.8,0,483.98,1.0,51.73,465,2,Agent,12,1300,150,550
2024-03-22,Manali,32.2432,77.1892,0,3,4,16.5,0,200.42,0.621,77.75,357,3,Agent,7,1200,140,450
2025-06-03,Andaman,11.7401,92.6586,0,6,1,38.6,0,401.77,0.521,89.2,561,4,App,7,900,120,300
2024-12-29,Goa,15.2993,74.124,1,12,6,19.6,0,80.71,-0.626,77.3,423,2,Web,10,2000,250,800
2025-07-04,Goa,15.2993,74.124,0,7,4,38.1,0,312.35,0.811,79.52,520,1,Web,5,2000,250,800
2024-01-12,Varanasi,25.3176,82.9739,0,1,4,17.2,0,409.86,-0.156,49.61,505,3,Web,2,1400,160,500
2024-04-07,Jaipur,26.9124,75.7873,1,4,6,32.5,1,1049.82,-0.001,54.7,873,2,App,7,1500,180,600
2025-02-18,Leh,34.1526,77.5771,0,2,1,4.7,0,60.63,0.361,107.38,245,3,Agent,8,600,90,220
2025-06-07,Agra,27.1767,78.0081,1,6,5,35.9,0,271.88,0.722,51.25,421,2,Kiosk,10,1300,150,550
2024-02-10,Varanasi,25.3176,82.9739,1,2,5,21.8,0,282.69,-0.248,51.59,231,2,Kiosk,12,1400,160,500
2024-02-20,Andaman,11.7401,92.6586,0,2,1,21.6,0,400.58,0.258,80.07,85,2,Agent,25,900,120,300
2024-12-14,Jaipur,26.9124,75.7873,1,12,5,17.2,1,567.1,-0.836,51.52,419,3,Web,12,1500,180,600
2025-01-30,Jaipur,26.9124,75.7873,0,1,3,19.4,0,307.89,0.736,58.67,869,1,App,8,1500,180,600
2024-08-22,Goa,15.2993,74.124,0,8,3,36.3,0,102.21,-0.253,72.22,638,1,Agent,8,2000,250,800
2024-02-21,Agra,27.1767,78.0081,0,2,2,20.6,0,379.53,-1.0,65.59,428,2,Agent,10,1300,150,550
2024-01-25,Kerala,10.8505,76.2711,0,1,3,20.6,0,874.74,0.136,68.3,573,1,Kiosk,8,1700,220,700
2024-02-14,Agra,27.1767,78.0081,0,2,2,22.5,0,123.62,-0.492,60.5,546,2,App,23,1300,150,550
2024-02-22,Andaman,11.7401,92.6586,0,2,3,21.0,0,184.16,-0.79,92.92,21,3,Agent,5,900,120,300
2024-01-17,Goa,15.2993,74.124,0,1,2,21.5,0,579.31,0.774,76.95,854,2,Agent,8,2000,250,800
2024-01-18,Jaipur,26.9124,75.7873,0,1,3,19.3,0,1121.82,-0.296,61.32,799,1,Web,3,1500,180,600
2024-06-16,Agra,27.1767,78.0081,1,6,6,36.3,0,180.46,0.962,54.25,480,2,App,27,1300,150,550
2024-05-08,Agra,27.1767,78.0081,0,5,2,36.8,0,154.13,-0.397,52.12,428,2,Agent,8,1300,150,550
2024-08-15,Varanasi,25.3176,82.9739,0,8,3,32.5,0,146.01,0.681,58.61,434,2,Kiosk,3,1400,160,500
2025-06-18,Kerala,10.8505,76.2711,0,6,2,38.8,0,94.52,0.161,64.57,640,1,Kiosk,7,1700,220,700
2024-09-20,Goa,15.2993,74.124,0,9,4,30.3,0,564.52,-0.434,78.56,717,2,Web,22,2000,250,800
2024-08-07,Leh,34.1526,77.5771,0,8,2,15.7,1,321.53,-0.337,97.7,358,2,App,5,600,90,220
2025-01-13,Kerala,10.8505,76.2711,0,1,0,22.1,0,432.47,-1.0,60.55,653,2,App,3,1700,220,700
2024-08-13,Kerala,10.8505,76.2711,0,8,1,33.9,0,223.71,-0.211,63.83,770,2,App,25,1700,220,700
2025-04-22,Goa,15.2993,74.124,0,4,1,34.5,0,976.0,0.968,81.35,711,2,App,4,2000,250,800
2024-06-27,Jaipur,26.9124,75.7873,0,6,3,40.8,0,514.53,0.556,61.6,489,1,Agent,2,1500,180,600
2024-10-06,Manali,32.2432,77.1892,1,10,6,7.8,0,402.94,0.329,67.11,352,2,Agent,23,1200,140,450
2025-06-17,Jaipur,26.9124,75.7873,0,6,1,38.7,0,611.68,-0.231,61.76,820,3,Agent,9,1500,180,600
2025-01-09,Manali,32.2432,77.1892,0,1,3,5.7,0,784.28,-0.724,70.86,291,2,App,20,1200,140,450
2025-08-31,Agra,27.1767,78.0081,1,8,6,32.0,0,804.82,-0.393,58.49,982,1,Web,3,1300,150,550
2024-04-11,Varanasi,25.3176,82.9739,0,4,3,31.6,0,118.46,0.628,48.52,263,1,Agent,29,1400,160,500
2024-02-27,Agra,27.1767,78.0081,0,2,1,22.8,0,427.92,-0.244,55.89,524,2,Web,12,1300,150,550
2024-12-13,Leh,34.1526,77.5771,0,12,4,0.3,0,109.81,0.147,94.77,77,2,App,1,600,90,220
2025-02-03,Goa,15.2993,74.124,0,2,0,27.0,0,232.09,-0.104,72.88,515,1,Web,22,2000,250,800
2025-06-22,Leh,34.1526,77.5771,1,6,6,19.2,0,289.93,-0.004,88.7,591,1,App,2,600,90,220
2025-01-05,Agra,27.1767,78.0081,1,1,6,17.4,0,296.39,-0.034,61.71,513,2,App,10,1300,150,550
2025-06-30,Manali,32.2432,77.1892,0,6,0,25.2,0,29.72,-0.622,57.32,611,2,Agent,5,1200,140,450
2025-05-02,Kerala,10.8505,76.2711,0,5,4,38.9,0,530.13,0.62,62.32,496,3,Agent,7,1700,220,700
2025-04-17,Leh,34.1526,77.5771,0,4,3,14.6,0,359.23,0.389,93.65,24,3,Kiosk,9,600,90,220
2025-08-22,Varanasi,25.3176,82.9739,0,8,4,32.5,0,20.71,0.009,45.69,764,2,Web,25,1400,160,500
2024-02-17,Goa,15.2993,74.124,1,2,5,24.0,0,256.14,0.178,83.49,594,2,Kiosk,2,2000,250,800
2024-12-14,Andaman,11.7401,92.6586,1,12,5,18.3,0,679.49,-0.645,89.57,601,1,App,8,900,120,300
2025-08-19,Leh,34.1526,77.5771,0,8,1,17.4,0,519.79,-0.318,98.24,453,2,Agent,3,600,90,220
2025-07-17,Manali,32.2432,77.1892,0,7,3,22.9,0,539.15,-0.003,70.98,631,1,Kiosk,9,1200,140,450
2024-07-18,Leh,34.1526,77.5771,0,7,3,18.6,0,258.16,0.639,93.86,347,2,Web,10,600,90,220
2025-09-30,Leh,34.1526,77.5771,0,9,1,12.5,1,135.99,-0.017,92.2,623,2,App,24,600,90,220
2025-03-10,Varanasi,25.3176,82.9739,0,3,0,28.1,0,549.22,1.0,58.02,861,3,Agent,2,1400,160,500
2024-03-22,Leh,34.1526,77.5771,0,3,4,12.0,0,134.57,0.143,98.44,332,3,App,7,600,90,220
2024-05-26,Goa,15.2993,74.124,1,5,6,38.0,0,300.03,-0.245,87.18,755,2,Web,10,2000,250,800
2024-03-06,Andaman,11.7401,92.6586,0,3,2,28.2,0,532.37,0.287,93.56,277,2,App,5,900,120,300
2024-12-13,Kerala,10.8505,76.2711,0,12,4,20.9,0,452.45,-0.41,77.58,518,2,Kiosk,1,1700,220,700
2024-01-26,Agra,27.1767,78.0081,0,1,4,20.2,0,758.82,-0.101,51.51,465,2,Web,4,1300,150,550
2025-02-28,Manali,32.2432,77.1892,0,2,4,11.9,0,430.26,0.293,79.01,375,1,App,26,1200,140,450
2024-06-13,Manali,32.2432,77.1892,0,6,3,26.2,0,104.72,-0.091,87.98,394,3,Agent,9,1200,140,450
2024-11-23,Kerala,10.8505,76.2711,1,11,5,20.5,0,211.08,-0.161,64.08,624,3,Agent,20,1700,220,700
2024-05-10,Leh,34.1526,77.5771,0,5,4,19.9,0,333.9,0.248,87.62,592,3,Web,7,600,90,220
2025-08-16,Leh,34.1526,77.5771,1,8,5,14.8,0,375.73,0.34,99.97,278,2,Agent,7,600,90,220
2025-01-23,Agra,27.1767,78.0081,0,1,3,17.2,0,118.95,0.651,45.99,435,1,Agent,15,1300,150,550
2024-10-21,Agra,27.1767,78.0081,0,10,0,21.7,0,340.84,0.439,51.45,540,3,Web,7,1300,150,550
2025-05-13,Varanasi,25.3176,82.9739,0,5,1,36.4,0,826.92,0.666,45.57,164,3,Kiosk,19,1400,160,500
2024-09-22,Leh,34.1526,77.5771,1,9,6,9.8,0,234.62,-0.471,86.69,99,2,App,25,600,90,220
2025-09-09,Leh,34.1526,77.5771,0,9,1,10.1,0,309.65,0.56,100.73,211,4,Kiosk,6,600,90,220
2024-06-11,Leh,34.1526,77.5771,0,6,1,20.8,0,288.8,-0.2,90.7,387,2,App,7,600,90,220
2024-02-12,Kerala,10.8505,76.2711,0,2,0,25.6,0,321.31,0.569,65.61,711,3,Web,17,1700,220,700
2024-03-09,Kerala,10.8505,76.2711,1,3,5,27.2,0,393.13,-0.269,64.22,401,3,Kiosk,1,1700,220,700
2024-11-14,Manali,32.2432,77.1892,0,11,3,7.0,0,462.36,-0.645,69.71,332,1,Agent,19,1200,140,450
2024-01-12,Leh,34.1526,77.5771,0,1,4,1.3,0,176.22,-0.304,100.41,396,1,Web,4,600,90,220
2024-12-05,Kerala,10.8505,76.2711,0,12,3,16.7,0,247.24,0.228,73.77,478,3,Web,5,1700,220,700
2024-01-03,Manali,32.2432,77.1892,0,1,2,4.9,0,20.3,-0.739,81.48,129,3,Agent,8,1200,140,450
2024-08-03,Jaipur,26.9124,75.7873,1,8,5,33.3,1,113.43,0.196,71.15,656,2,App,2,1500,180,600
2024-12-01,Kerala,10.8505,76.2711,1,12,6,19.2,0,220.75,0.278,68.22,463,2,Web,18,1700,220,700
2024-08-24,Jaipur,26.9124,75.7873,1,8,5,33.8,0,626.15,-1.0,67.72,948,2,Kiosk,6,1500,180,600
2025-06-04,Manali,32.2432,77.1892,0,6,2,26.1,1,656.75,0.915,68.28,236,2,App,10,1200,140,450
2024-07-30,Agra,27.1767,78.0081,0,7,1,34.3,0,118.19,-0.275,60.66,579,1,App,18,1300,150,550
2025-06-29,Andaman,11.7401,92.6586,1,6,6,38.3,1,516.33,0.311,97.15,552,2,Kiosk,7,900,120,300
2024-04-26,Leh,34.1526,77.5771,0,4,4,16.1,0,455.25,0.133,92.9,451,2,Agent,4,600,90,220
2024-09-25,Agra,27.1767,78.0081,0,9,2,27.6,0,278.15,0.152,52.5,337,2,App,5,1300,150,550
2024-08-05,Agra,27.1767,78.0081,0,8,0,31.3,0,1223.95,0.97,54.42,351,4,App,8,1300,150,550
2025-06-10,Andaman,11.7401,92.6586,0,6,1,37.8,0,311.25,-0.057,92.29,431,2,Web,7,900,120,300
2024-10-23,Agra,27.1767,78.0081,0,10,2,22.9,0,266.57,-0.417,54.56,149,2,Agent,21,1300,150,550
2024-08-22,Agra,27.1767,78.0081,0,8,3,32.1,1,501.1,-0.871,49.74,454,2,Agent,9,1300,150,550
2025-08-12,Varanasi,25.3176,82.9739,0,8,1,31.5,0,511.8,-0.597,46.66,583,3,App,5,1400,160,500
2025-01-11,Goa,15.2993,74.124,1,1,5,21.6,0,129.38,-0.012,96.96,627,1,Agent,19,2000,250,800
2024-03-05,Agra,27.1767,78.0081,0,3,1,25.8,0,422.57,0.137,52.12,297,2,Web,3,1300,150,550
2024-12-31,Andaman,11.7401,92.6586,0,12,1,17.1,0,431.18,-0.394,77.71,116,1,App,13,900,120,300
2024-06-26,Agra,27.1767,78.0081,0,6,2,36.8,1,657.85,0.002,44.83,469,2,Kiosk,12,1300,150,550
2025-08-29,Leh,34.1526,77.5771,0,8,4,13.6,0,710.05,0.184,91.83,475,2,Kiosk,7,600,90,220
2025-03-28,Andaman,11.7401,92.6586,0,3,4,29.0,0,260.35,0.379,97.69,454,3,Web,5,900,120,300
2024-04-27,Jaipur,26.9124,75.7873,1,4,5,33.9,0,742.4,-0.5,64.21,978,1,Kiosk,22,1500,180,600
2025-06-24,Leh,34.1526,77.5771,0,6,1,18.5,0,167.67,0.037,98.9,379,1,App,2,600,90,220
2024-08-27,Varanasi,25.3176,82.9739,0,8,1,33.1,0,233.25,-0.005,40.88,431,1,Agent,10,1400,160,500
2025-03-17,Andaman,11.7401,92.6586,0,3,0,29.5,1,210.71,0.085,88.55,117,3,Web,14,900,120,300
2024-03-27,Manali,32.2432,77.1892,0,3,2,14.8,0,913.52,-0.808,79.85,417,2,Web,2,1200,140,450
2025-04-15,Varanasi,25.3176,82.9739,0,4,1,31.5,0,571.4,1.0,57.52,426,4,Agent,19,1400,160,500
2025-04-07,Andaman,11.7401,92.6586,0,4,0,33.7,0,611.11,0.049,86.62,526,2,Kiosk,3,900,120,300
2024-08-23,Varanasi,25.3176,82.9739,0,8,4,30.6,0,447.73,0.449,46.97,278,1,Agent,15,1400,160,500
2024-05-03,Goa,15.2993,74.124,0,5,4,38.2,0,1119.83,-1.0,79.41,768,2,Web,16,2000,250,800
2024-02-29,Manali,32.2432,77.1892,0,2,3,11.9,0,767.95,-0.061,75.63,261,2,Agent,22,1200,140,450
2025-01-22,Varanasi,25.3176,82.9739,0,1,2,16.4,0,440.39,0.246,52.45,416,1,Agent,6,1400,160,500
2024-10-25,Andaman,11.7401,92.6586,0,10,4,23.0,0,143.08,-0.593,93.92,383,2,Web,11,900,120,300
2024-07-12,Manali,32.2432,77.1892,0,7,4,22.9,1,197.87,-0.663,71.4,723,2,Web,4,1200,140,450
2024-10-29,Manali,32.2432,77.1892,0,10,1,9.3,0,376.69,0.07,66.59,243,2,Web,1,1200,140,450
2025-02-01,Leh,34.1526,77.5771,1,2,5,5.2,0,522.55,0.132,95.33,444,1,Kiosk,10,600,90,220
2024-06-04,Varanasi,25.3176,82.9739,0,6,1,36.7,0,652.03,0.395,53.6,449,2,Agent,13,1400,160,500
2025-06-06,Varanasi,25.3176,82.9739,0,6,4,37.5,0,80.54,-1.0,46.79,765,2,Web,13,1400,160,500
2025-04-23,Varanasi,25.3176,82.9739,0,4,2,32.2,0,406.45,0.703,51.62,745,3,Web,8,1400,160,500
2024-06-25,Agra,27.1767,78.0081,0,6,1,36.8,0,107.53,-0.581,55.68,841,3,App,1,1300,150,550
2024-10-31,Jaipur,26.9124,75.7873,0,10,3,24.7,0,139.45,-0.571,55.26,256,3,Agent,12,1500,180,600
2025-01-25,Andaman,11.7401,92.6586,1,1,5,18.6,0,306.04,-0.396,79.58,575,2,App,4,900,120,300
2024-04-07,Leh,34.1526,77.5771,1,4,6,13.7,0,119.06,0.471,100.48,90,3,Web,20,600,90,220
2024-06-29,Leh,34.1526,77.5771,1,6,5,19.2,0,1388.74,-1.0,101.72,568,2,App,20,600,90,220
2025-02-01,Jaipur,26.9124,75.7873,1,2,5,22.5,0,597.06,0.364,62.64,1084,2,Web,7,1500,180,600
2025-02-13,Kerala,10.8505,76.2711,0,2,3,23.1,0,662.34,0.068,69.68,616,2,App,14,1700,220,700
2024-08-26,Andaman,11.7401,92.6586,0,8,0,33.2,0,841.01,0.571,84.14,260,2,Agent,6,900,120,300
2024-07-30,Kerala,10.8505,76.2711,0,7,1,38.6,0,244.65,-0.968,63.13,725,1,Web,10,1700,220,700
2024-02-27,Varanasi,25.3176,82.9739,0,2,1,21.1,0,704.22,0.348,50.28,380,2,Kiosk,5,1400,160,500
2025-01-21,Leh,34.1526,77.5771,0,1,1,-1.3,0,161.58,-0.094,90.15,263,1,App,1,600,90,220
2025-03-21,Andaman,11.7401,92.6586,0,3,4,27.0,0,515.27,-0.037,90.29,225,2,Agent,34,900,120,300
2024-09-20,Agra,27.1767,78.0081,0,9,4,26.9,0,579.12,0.055,55.68,326,2,Web,6,1300,150,550
2024-08-27,Kerala,10.8505,76.2711,0,8,1,33.6,0,116.38,-0.187,64.04,701,2,Web,15,1700,220,700
2024-11-23,Kerala,10.8505,76.2711,1,11,5,19.1,0,790.86,-0.127,59.39,691,1,Web,4,1700,220,700
2025-01-02,Leh,34.1526,77.5771,0,1,3,1.4,0,1202.89,-0.846,103.31,169,1,Kiosk,37,600,90,220
2024-02-03,Varanasi,25.3176,82.9739,1,2,5,22.5,0,218.87,-0.491,48.89,426,2,Kiosk,5,1400,160,500
2025-01-23,Jaipur,26.9124,75.7873,0,1,3,22.1,0,268.86,0.671,59.35,563,1,Agent,20,1500,180,600
2025-08-29,Goa,15.2993,74.124,0,8,4,34.6,0,189.65,0.566,75.2,485,2,Agent,9,2000,250,800
2025-04-05,Varanasi,25.3176,82.9739,1,4,5,32.6,0,773.55,-0.513,62.73,876,2,Kiosk,27,1400,160,500
2024-07-01,Andaman,11.7401,92.6586,0,7,0,35.7,1,284.94,-0.336,101.76,628,2,Kiosk,3,900,120,300
2025-01-28,Manali,32.2432,77.1892,0,1,1,7.3,0,349.51,0.067,80.91,278,2,Kiosk,4,1200,140,450
2024-03-23,Andaman,11.7401,92.6586,1,3,5,29.1,1,382.67,0.093,95.9,240,1,Agent,6,900,120,300
2024-06-08,Leh,34.1526,77.5771,1,6,5,19.9,0,573.42,0.368,96.59,315,2,App,18,600,90,220
2025-08-02,Jaipur,26.9124,75.7873,1,8,5,33.0,0,631.3,0.372,52.04,565,2,Agent,13,1500,180,600
2024-01-29,Manali,32.2432,77.1892,0,1,0,6.1,0,351.71,-1.0,66.43,267,2,Web,15,1200,140,450
2024-06-03,Agra,27.1767,78.0081,0,6,0,34.9,0,315.58,0.467,48.32,333,1,App,7,1300,150,550
2025-09-18,Andaman,11.7401,92.6586,0,9,3,27.8,0,179.51,0.699,84.67,478,2,Web,2,900,120,300
2025-07-23,Varanasi,25.3176,82.9739,0,7,2,36.1,1,622.34,-0.357,53.33,697,1,Agent,4,1400,160,500
2025-01-05,Leh,34.1526,77.5771,1,1,6,0.9,0,817.71,0.372,88.84,563,3,App,5,600,90,220
2024-08-13,Andaman,11.7401,92.6586,0,8,1,32.0,0,646.37,0.231,87.29,459,1,Agent,12,900,120,300
2024-03-14,Jaipur,26.9124,75.7873,0,3,3,25.4,0,764.69,0.944,62.43,788,2,Kiosk,12,1500,180,600
2024-12-15,Goa,15.2993,74.124,1,12,6,22.0,0,371.78,-0.003,70.13,721,3,App,14,2000,250,800
2024-02-16,Agra,27.1767,78.0081,0,2,4,19.8,0,98.42,-0.435,53.36,472,1,App,4,1300,150,550
2024-07-08,Kerala,10.8505,76.2711,0,7,0,39.3,1,115.52,0.444,68.16,425,3,Kiosk,18,1700,220,700
2024-02-21,Andaman,11.7401,92.6586,0,2,2,21.9,0,512.42,0.535,90.72,790,2,Web,1,900,120,300
2024-11-28,Leh,34.1526,77.5771,0,11,3,2.5,0,605.1,0.352,95.66,593,2,App,13,600,90,220
2024-02-16,Kerala,10.8505,76.2711,0,2,4,22.8,0,568.47,-0.012,70.48,858,2,Web,41,1700,220,700
2024-06-21,Agra,27.1767,78.0081,0,6,4,36.8,0,986.68,-0.048,76.31,761,2,Web,9,1300,150,550
2024-06-15,Jaipur,26.9124,75.7873,1,6,5,39.5,0,109.0,0.56,57.03,542,2,Kiosk,13,1500,180,600
2024-07-06,Jaipur,26.9124,75.7873,1,7,5,38.0,0,337.99,-0.731,59.12,575,2,Agent,10,1500,180,600
2024-05-10,Manali,32.2432,77.1892,0,5,4,24.2,0,243.53,0.246,72.18,652,4,Kiosk,15,1200,140,450
2025-07-27,Varanasi,25.3176,82.9739,1,7,6,34.7,0,843.4,-0.118,52.38,736,2,Web,5,1400,160,500
2025-02-16,Varanasi,25.3176,82.9739,1,2,6,19.6,0,727.01,-0.009,65.99,503,3,Web,15,1400,160,500
2024-08-30,Leh,34.1526,77.5771,0,8,4,13.8,0,1240.69,1.0,89.66,0,2,Agent,3,600,90,220
2025-01-19,Varanasi,25.3176,82.9739,1,1,6,17.9,0,311.57,0.133,41.48,405,2,Kiosk,8,1400,160,500
2024-01-25,Varanasi,25.3176,82.9739,0,1,3,17.2,0,717.9,0.982,51.62,645,2,Kiosk,21,1400,160,500
2024-07-21,Goa,15.2993,74.124,1,7,6,41.1,0,159.0,-0.124,72.98,952,2,App,9,2000,250,800
2024-05-27,Manali,32.2432,77.1892,0,5,0,23.4,0,680.11,0.161,70.25,344,3,Kiosk,17,1200,140,450
2024-07-18,Goa,15.2993,74.124,0,7,3,38.2,0,354.77,0.569,77.58,649,2,Kiosk,7,2000,250,800
2024-08-22,Goa,15.2993,74.124,0,8,3,35.1,0,370.63,1.0,72.41,510,3,Web,28,2000,250,800
2025-01-20,Goa,15.2993,74.124,0,1,0,21.6,0,271.85,-0.94,83.25,407,3,Agent,14,2000,250,800
2024-05-21,Manali,32.2432,77.1892,0,5,1,22.7,0,643.45,-0.794,78.17,488,2,Agent,34,1200,140,450
2025-08-02,Manali,32.2432,77.1892,1,8,5,19.3,0,153.63,0.19,78.59,590,3,Agent,9,1200,140,450
2024-08-12,Varanasi,25.3176,82.9739,0,8,0,33.5,0,173.8,-0.886,41.51,823,1,Web,17,1400,160,500
2025-09-01,Agra,27.1767,78.0081,0,9,0,26.8,0,193.01,0.311,61.71,218,2,Agent,50,1300,150,550
2025-07-22,Kerala,10.8505,76.2711,0,7,1,36.9,0,995.49,-0.419,61.21,616,2,Agent,4,1700,220,700
2024-04-27,Kerala,10.8505,76.2711,1,4,5,35.9,0,471.26,-0.228,67.31,1027,3,Agent,4,1700,220,700
2025-08-10,Kerala,10.8505,76.2711,1,8,6,35.2,0,724.31,-0.971,63.39,584,2,Agent,13,1700,220,700
2024-08-18,Agra,27.1767,78.0081,1,8,6,32.0,0,217.23,0.45,59.2,505,2,App,22,1300,150,550
2024-03-30,Kerala,10.8505,76.2711,1,3,5,29.4,0,355.42,0.498,71.92,976,1,App,13,1700,220,700
2024-10-30,Jaipur,26.9124,75.7873,0,10,2,24.2,0,137.31,1.0,56.81,559,3,Agent,6,1500,180,600
2025-06-05,Leh,34.1526,77.5771,0,6,3,17.5,0,379.72,-0.591,108.34,406,2,Web,17,600,90,220
2025-06-12,Kerala,10.8505,76.2711,0,6,3,39.9,0,200.66,0.042,63.65,648,4,Kiosk,2,1700,220,700
2024-01-07,Jaipur,26.9124,75.7873,1,1,6,19.0,0,623.33,0.789,62.93,846,2,Web,5,1500,180,600
2024-10-11,Goa,15.2993,74.124,0,10,4,25.2,0,365.91,-0.167,74.7,967,2,App,9,2000,250,800
2024-06-01,Kerala,10.8505,76.2711,1,6,5,41.7,0,470.41,-0.903,69.52,1086,2,App,8,1700,220,700
2024-09-23,Agra,27.1767,78.0081,0,9,0,25.5,0,155.64,-0.674,65.22,349,3,Web,10,1300,150,550
2025-05-29,Leh,34.1526,77.5771,0,5,3,19.7,0,282.18,-0.53,94.69,673,1,App,3,600,90,220
2025-05-11,Agra,27.1767,78.0081,1,5,6,34.2,0,201.71,-0.046,50.72,711,2,Kiosk,6,1300,150,550
2025-06-22,Kerala,10.8505,76.2711,1,6,6,39.7,0,976.56,0.658,66.91,847,2,Web,10,1700,220,700
2025-08-23,Goa,15.2993,74.124,1,8,5,34.1,0,749.72,0.417,65.88,648,2,Web,2,2000,250,800
2024-02-09,Goa,15.2993,74.124,0,2,4,24.5,0,252.67,-0.292,74.2,455,1,Agent,20,2000,250,800
2025-05-08,Jaipur,26.9124,75.7873,0,5,3,38.1,0,971.2,0.209,58.26,626,1,App,5,1500,180,600
2024-04-18,Leh,34.1526,77.5771,0,4,3,14.6,0,676.81,0.872,95.06,520,3,Web,15,600,90,220
2024-02-03,Manali,32.2432,77.1892,1,2,5,10.4,0,243.78,0.139,82.24,512,2,App,1,1200,140,450
2024-04-28,Manali,32.2432,77.1892,1,4,6,19.3,0,462.11,-0.004,75.86,899,3,App,6,1200,140,450
2024-10-04,Manali,32.2432,77.1892,0,10,4,11.3,0,414.41,-0.62,63.7,458,3,App,12,1200,140,450
2024-04-03,Jaipur,26.9124,75.7873,0,4,2,35.1,0,275.45,-0.458,59.6,695,2,Web,11,1500,180,600
2024-09-05,Andaman,11.7401,92.6586,0,9,3,27.9,0,919.89,-0.659,81.97,426,3,Web,6,900,120,300
2025-08-09,Agra,27.1767,78.0081,1,8,5,33.4,1,1038.18,0.183,62.71,749,3,Web,2,1300,150,550
2025-02-28,Andaman,11.7401,92.6586,0,2,4,24.1,0,62.12,-0.092,89.53,52,2,Agent,8,900,120,300
2024-10-30,Leh,34.1526,77.5771,0,10,2,5.5,0,952.02,-0.085,96.18,296,2,App,9,600,90,220
2024-03-21,Andaman,11.7401,92.6586,0,3,3,28.5,0,315.23,1.0,89.52,659,2,App,5,900,120,300
2024-07-14,Andaman,11.7401,92.6586,1,7,6,34.6,1,838.05,-0.574,86.6,590,2,App,11,900,120,300
2025-08-10,Goa,15.2993,74.124,1,8,6,35.1,0,1087.47,-0.064,74.35,719,2,App,25,2000,250,800
2025-06-03,Agra,27.1767,78.0081,0,6,1,36.6,0,111.04,-0.221,48.47,754,1,Web,31,1300,150,550
2024-02-19,Manali,32.2432,77.1892,0,2,0,9.9,0,737.44,0.625,70.69,500,4,Web,3,1200,140,450
2025-07-10,Jaipur,26.9124,75.7873,0,7,3,38.5,0,424.88,0.545,77.23,801,2,Web,6,1500,180,600
2025-09-09,Kerala,10.8505,76.2711,0,9,1,29.7,0,453.29,0.239,68.47,554,2,Agent,28,1700,220,700
2025-09-02,Jaipur,26.9124,75.7873,0,9,1,28.2,1,137.69,0.641,68.73,892,1,Web,5,1500,180,600
2024-07-16,Jaipur,26.9124,75.7873,0,7,1,36.7,0,162.88,0.126,69.26,734,1,Kiosk,4,1500,180,600
2024-05-25,Leh,34.1526,77.5771,1,5,5,17.4,0,352.15,-0.548,96.69,654,3,Agent,5,600,90,220
2024-08-13,Agra,27.1767,78.0081,0,8,1,32.9,1,264.45,-0.403,51.14,402,2,Kiosk,27,1300,150,550
2024-02-27,Goa,15.2993,74.124,0,2,1,25.1,0,135.07,-0.36,76.33,698,1,App,7,2000,250,800
2024-10-08,Andaman,11.7401,92.6586,0,10,1,20.8,0,369.05,-0.06,98.45,160,2,Web,33,900,120,300
2024-03-19,Leh,34.1526,77.5771,0,3,1,9.1,0,271.26,-0.497,92.74,215,2,Kiosk,3,600,90,220
2025-01-23,Agra,27.1767,78.0081,0,1,3,18.9,0,351.64,-0.03,51.82,222,1,Kiosk,9,1300,150,550
2024-06-13,Varanasi,25.3176,82.9739,0,6,3,37.7,0,109.47,0.09,40.94,591,3,Web,12,1400,160,500
2025-06-28,Goa,15.2993,74.124,1,6,5,41.2,0,189.79,1.0,80.76,601,2,Agent,3,2000,250,800
2025-06-27,Andaman,11.7401,92.6586,0,6,4,36.5,0,598.06,0.349,93.0,644,1,App,1,900,120,300
2024-07-27,Manali,32.2432,77.1892,1,7,5,22.7,0,126.27,-0.83,64.01,671,2,Web,15,1200,140,450
2025-08-18,Jaipur,26.9124,75.7873,0,8,0,31.0,1,614.48,-0.114,64.61,877,2,App,12,1500,180,600
2024-02-02,Jaipur,26.9124,75.7873,0,2,4,23.7,0,29.98,0.308,58.13,324,2,Kiosk,2,1500,180,600
2025-03-17,Kerala,10.8505,76.2711,0,3,0,30.0,0,239.44,0.862,73.87,763,1,Web,16,1700,220,700
2025-05-10,Jaipur,26.9124,75.7873,1,5,5,34.2,0,74.44,0.232,55.61,767,2,Kiosk,1,1500,180,600
2025-04-17,Leh,34.1526,77.5771,0,4,3,15.5,0,270.73,0.444,89.86,40,2,Agent,14,600,90,220
2025-07-24,Leh,34.1526,77.5771,0,7,3,16.7,1,92.23,-1.0,96.54,547,2,App,5,600,90,220
2024-04-02,Andaman,11.7401,92.6586,0,4,1,34.0,0,250.66,-0.622,95.74,474,2,App,2,900,120,300
2024-02-14,Leh,34.1526,77.5771,0,2,2,5.7,0,286.74,0.154,99.1,229,1,Agent,9,600,90,220
2024-08-03,Kerala,10.8505,76.2711,1,8,5,36.3,0,352.98,-0.724,69.67,970,2,Web,18,1700,220,700
2025-08-17,Jaipur,26.9124,75.7873,1,8,6,35.9,0,337.3,-0.177,66.85,758,3,Kiosk,3,1500,180,600
2024-02-12,Jaipur,26.9124,75.7873,0,2,0,23.2,0,204.1,0.234,60.73,447,3,Web,11,1500,180,600
2024-04-20,Jaipur,26.9124,75.7873,1,4,5,32.5,0,814.78,-0.081,50.19,957,2,App,13,1500,180,600
2024-06-13,Manali,32.2432,77.1892,0,6,3,23.6,0,756.61,-0.464,77.08,621,2,Kiosk,7,1200,140,450
2024-05-29,Goa,15.2993,74.124,0,5,2,40.3,0,1278.95,0.41,87.27,724,1,Web,3,2000,250,800
2024-11-08,Kerala,10.8505,76.2711,0,11,4,19.6,0,446.35,0.787,63.47,838,2,Kiosk,5,1700,220,700
2024-10-14,Manali,32.2432,77.1892,0,10,0,8.8,0,168.45,0.828,71.16,469,3,App,18,1200,140,450
2024-01-16,Agra,27.1767,78.0081,0,1,1,19.0,0,392.87,0.62,58.51,637,2,Kiosk,26,1300,150,550
2024-01-19,Kerala,10.8505,76.2711,0,1,4,21.1,0,488.79,-0.846,58.97,536,1,Agent,10,1700,220,700
2024-02-22,Manali,32.2432,77.1892,0,2,3,10.3,0,187.16,-0.077,68.52,231,2,App,8,1200,140,450
2025-06-30,Andaman,11.7401,92.6586,0,6,0,39.6,1,617.99,0.506,90.52,519,2,Agent,26,900,120,300
2024-02-10,Goa,15.2993,74.124,1,2,5,24.8,0,122.4,0.684,82.65,816,3,Web,27,2000,250,800
2024-08-25,Goa,15.2993,74.124,1,8,6,35.4,0,879.19,-0.113,79.62,1109,3,Kiosk,11,2000,250,800
2025-08-28,Goa,15.2993,74.124,0,8,3,32.7,0,296.46,-0.62,66.05,664,2,Agent,7,2000,250,800
2025-06-02,Varanasi,25.3176,82.9739,0,6,0,35.8,0,605.62,0.349,45.84,549,2,Web,12,1400,160,500
2024-05-28,Leh,34.1526,77.5771,0,5,1,17.7,0,406.66,-0.289,105.27,748,2,App,11,600,90,220
2024-01-06,Andaman,11.7401,92.6586,1,1,5,19.8,0,127.57,-0.83,90.52,582,2,Web,9,900,120,300
2024-12-05,Goa,15.2993,74.124,0,12,3,20.0,0,188.93,-0.781,83.54,458,1,Agent,2,2000,250,800
2025-08-09,Manali,32.2432,77.1892,1,8,5,19.6,0,290.27,0.91,72.13,322,1,Kiosk,19,1200,140,450
2024-04-16,Andaman,11.7401,92.6586,0,4,1,35.1,0,371.99,0.479,92.17,94,2,Web,19,900,120,300
2025-08-15,Varanasi,25.3176,82.9739,0,8,4,30.7,0,163.16,0.796,49.16,181,1,Agent,13,1400,160,500
2025-03-20,Jaipur,26.9124,75.7873,0,3,3,27.6,0,763.7,0.137,64.89,687,2,Kiosk,14,1500,180,600
2024-07-01,Leh,34.1526,77.5771,0,7,0,20.1,0,463.61,0.605,84.05,319,2,App,3,600,90,220
2024-05-04,Kerala,10.8505,76.2711,1,5,5,38.3,0,1163.49,0.241,69.58,916,1,Web,6,1700,220,700
2024-03-15,Varanasi,25.3176,82.9739,0,3,4,26.2,0,220.54,0.111,53.26,582,2,App,5,1400,160,500
2024-03-26,Kerala,10.8505,76.2711,0,3,1,28.6,0,348.28,0.432,70.69,951,2,App,24,1700,220,700
2024-04-09,Agra,27.1767,78.0081,0,4,1,29.5,0,511.45,0.675,55.17,333,2,Web,39,1300,150,550
2024-11-09,Andaman,11.7401,92.6586,1,11,5,19.2,0,315.26,-0.052,91.35,324,3,Web,8,900,120,300
2025-06-21,Andaman,11.7401,92.6586,1,6,5,40.0,0,835.72,0.714,89.36,608,3,App,5,900,120,300
2025-02-15,Agra,27.1767,78.0081,1,2,5,21.3,0,418.87,0.298,55.59,416,3,Agent,18,1300,150,550
2025-06-20,Agra,27.1767,78.0081,0,6,4,36.9,1,507.45,0.089,59.96,851,3,Agent,7,1300,150,550
2024-08-26,Andaman,11.7401,92.6586,0,8,0,34.2,0,467.62,-0.155,79.18,642,1,Web,4,900,120,300
2025-03-23,Kerala,10.8505,76.2711,1,3,6,29.8,0,485.66,-0.38,67.61,878,2,App,22,1700,220,700
2025-03-22,Andaman,11.7401,92.6586,1,3,5,26.8,0,307.18,-0.13,94.36,52,2,Agent,8,900,120,300
2024-03-25,Andaman,11.7401,92.6586,0,3,0,28.9,0,685.69,-0.275,99.52,263,3,Agent,11,900,120,300
2025-08-13,Kerala,10.8505,76.2711,0,8,2,34.4,0,515.11,-0.184,68.24,1134,2,App,15,1700,220,700
2024-04-20,Agra,27.1767,78.0081,1,4,5,32.5,0,404.32,0.56,48.46,530,2,App,5,1300,150,550
2024-03-25,Goa,15.2993,74.124,0,3,0,30.5,0,376.86,-0.424,83.95,455,2,Kiosk,17,2000,250,800
2024-09-01,Leh,34.1526,77.5771,1,9,6,11.2,0,451.29,-1.0,88.79,92,2,App,23,600,90,220
2024-04-08,Agra,27.1767,78.0081,0,4,0,30.7,0,320.16,0.466,51.07,227,3,Kiosk,3,1300,150,550
2025-01-04,Andaman,11.7401,92.6586,1,1,5,20.8,0,293.86,0.807,92.0,596,2,Web,5,900,120,300
2025-07-07,Varanasi,25.3176,82.9739,0,7,0,34.8,0,327.18,0.008,48.76,807,1,Web,6,1400,160,500
2024-08-12,Agra,27.1767,78.0081,0,8,0,32.9,0,171.94,0.167,65.92,788,2,Web,9,1300,150,550
2024-12-21,Goa,15.2993,74.124,1,12,5,18.5,0,269.22,-1.0,83.16,627,2,Kiosk,14,2000,250,800
2025-08-24,Varanasi,25.3176,82.9739,1,8,6,32.4,0,248.44,0.481,50.69,552,2,Web,1,1400,160,500
2024-02-13,Manali,32.2432,77.1892,0,2,1,9.1,0,206.9,0.449,61.52,496,2,Web,14,1200,140,450
2025-04-18,Goa,15.2993,74.124,0,4,4,36.5,0,941.25,0.621,92.59,581,2,Agent,3,2000,250,800
2024-04-28,Agra,27.1767,78.0081,1,4,6,33.3,0,650.71,-0.037,48.64,662,2,Agent,14,1300,150,550
2024-10-23,Andaman,11.7401,92.6586,0,10,2,23.5,0,747.48,-0.768,75.1,65,1,Kiosk,2,900,120,300
2025-03-29,Andaman,11.7401,92.6586,1,3,5,28.4,0,375.15,-0.738,99.91,426,2,Web,13,900,120,300
2025-07-21,Andaman,11.7401,92.6586,0,7,0,37.2,0,291.36,0.397,82.99,24,2,Kiosk,7,900,120,300
2025-08-12,Manali,32.2432,77.1892,0,8,1,18.6,0,302.05,0.388,77.89,166,2,Agent,10,1200,140,450
2025-03-19,Kerala,10.8505,76.2711,0,3,2,28.4,0,240.88,0.357,68.29,711,3,Web,8,1700,220,700
2024-01-17,Andaman,11.7401,92.6586,0,1,2,20.0,0,202.03,-0.072,85.72,34,3,Kiosk,3,900,120,300
2024-08-17,Jaipur,26.9124,75.7873,1,8,5,33.0,1,611.26,-0.16,56.19,570,3,Agent,23,1500,180,600
2024-05-08,Kerala,10.8505,76.2711,0,5,2,36.6,0,172.03,-0.293,73.81,675,1,Web,7,1700,220,700
2024-05-14,Jaipur,26.9124,75.7873,0,5,1,35.9,0,640.18,-0.219,61.08,739,2,Agent,6,1500,180,600
2025-01-06,Agra,27.1767,78.0081,0,1,0,18.3,0,248.92,-0.047,46.24,318,1,Web,30,1300,150,550
2024-07-07,Kerala,10.8505,76.2711,1,7,6,35.8,0,466.3,0.571,65.91,541,2,Kiosk,21,1700,220,700
2025-07-14,Jaipur,26.9124,75.7873,0,7,0,35.6,0,147.33,-0.071,66.97,689,2,Web,15,1500,180,600
2024-07-30,Agra,27.1767,78.0081,0,7,1,37.9,0,264.9,-1.0,55.7,516,2,Web,27,1300,150,550
2025-06-03,Manali,32.2432,77.1892,0,6,1,23.7,0,456.74,0.127,70.53,559,2,Agent,12,1200,140,450
2024-07-11,Agra,27.1767,78.0081,0,7,3,36.0,0,139.89,0.545,51.91,137,3,Agent,8,1300,150,550
2024-09-08,Kerala,10.8505,76.2711,1,9,6,28.1,0,202.85,-0.125,55.95,694,1,App,3,1700,220,700
2025-08-01,Agra,27.1767,78.0081,0,8,4,34.4,1,22.57,0.171,55.18,459,3,Agent,8,1300,150,550
2024-05-18,Manali,32.2432,77.1892,1,5,5,23.2,0,250.84,0.048,69.03,782,2,Agent,4,1200,140,450
2024-02-22,Varanasi,25.3176,82.9739,0,2,3,22.0,0,102.36,-0.461,51.05,327,2,Web,3,1400,160,500
2024-07-23,Manali,32.2432,77.1892,0,7,1,25.7,0,177.65,-0.034,66.77,685,2,App,7,1200,140,450
2024-06-07,Goa,15.2993,74.124,0,6,4,38.4,0,323.88,-0.316,77.77,645,2,Kiosk,5,2000,250,800
2024-01-26,Agra,27.1767,78.0081,0,1,4,22.4,0,162.06,0.496,62.08,795,2,App,6,1300,150,550
2025-09-10,Manali,32.2432,77.1892,0,9,2,14.3,0,922.92,-0.716,77.37,332,2,Agent,7,1200,140,450
2024-03-12,Kerala,10.8505,76.2711,0,3,1,30.3,1,193.9,0.383,73.23,937,2,App,4,1700,220,700
2024-06-20,Leh,34.1526,77.5771,0,6,3,20.9,1,235.32,0.745,94.2,123,1,Web,31,600,90,220
2025-08-28,Manali,32.2432,77.1892,0,8,3,20.9,0,50.81,-0.35,61.07,406,2,Kiosk,10,1200,140,450
2025-02-22,Goa,15.2993,74.124,1,2,5,25.3,0,81.0,0.066,86.91,639,2,Kiosk,2,2000,250,800
2025-08-28,Varanasi,25.3176,82.9739,0,8,3,31.9,0,165.45,0.648,40.38,306,1,Web,1,1400,160,500
2025-08-03,Varanasi,25.3176,82.9739,1,8,6,31.1,1,133.8,-0.373,51.76,739,2,App,36,1400,160,500
2025-06-27,Goa,15.2993,74.124,0,6,4,38.3,0,675.94,-0.331,71.83,700,1,Kiosk,6,2000,250,800
2025-02-09,Jaipur,26.9124,75.7873,1,2,6,23.7,0,456.52,0.559,61.43,1096,1,Web,4,1500,180,600
2024-10-10,Varanasi,25.3176,82.9739,0,10,3,21.9,0,621.27,-0.108,41.47,341,2,App,7,1400,160,500
2024-09-12,Kerala,10.8505,76.2711,0,9,3,28.4,0,677.05,-0.929,70.29,846,3,App,4,1700,220,700
2024-01-13,Agra,27.1767,78.0081,1,1,5,18.4,0,768.83,-0.205,59.37,200,2,Agent,25,1300,150,550
2025-07-28,Varanasi,25.3176,82.9739,0,7,0,37.3,0,49.75,-0.67,43.65,690,3,Web,17,1400,160,500
2024-02-24,Leh,34.1526,77.5771,1,2,5,5.5,0,529.42,0.404,93.76,425,2,Kiosk,15,600,90,220
2024-08-11,Jaipur,26.9124,75.7873,1,8,6,33.1,0,598.03,0.359,62.76,799,1,App,6,1500,180,600
2024-03-08,Varanasi,25.3176,82.9739,0,3,4,26.7,0,292.14,0.382,47.96,552,1,App,16,1400,160,500
2025-07-22,Goa,15.2993,74.124,0,7,1,39.1,0,56.99,0.959,80.09,493,2,App,25,2000,250,800
2024-09-11,Varanasi,25.3176,82.9739,0,9,2,27.4,0,254.82,0.245,53.72,145,1,Agent,13,1400,160,500
2025-04-27,Leh,34.1526,77.5771,1,4,6,15.1,0,454.54,-0.142,98.98,772,2,Web,24,600,90,220
2024-07-15,Agra,27.1767,78.0081,0,7,0,34.7,1,403.13,-0.515,66.26,677,2,Agent,8,1300,150,550
2025-06-23,Andaman,11.7401,92.6586,0,6,0,38.1,1,351.36,0.206,92.26,555,2,Kiosk,5,900,120,300
2024-11-24,Leh,34.1526,77.5771,1,11,6,2.3,0,329.14,-0.324,85.21,238,3,Kiosk,2,600,90,220
2024-12-24,Goa,15.2993,74.124,0,12,1,21.6,0,398.6,-0.343,77.12,551,1,Kiosk,4,2000,250,800
2025-07-15,Varanasi,25.3176,82.9739,0,7,1,36.1,0,74.72,0.705,52.16,339,2,App,3,1400,160,500
2024-01-06,Agra,27.1767,78.0081,1,1,5,19.3,0,506.97,0.595,58.89,782,3,Web,10,1300,150,550
2025-08-08,Andaman,11.7401,92.6586,0,8,4,33.7,0,137.62,-0.293,88.83,481,3,App,10,900,120,300
2025-07-17,Andaman,11.7401,92.6586,0,7,3,36.1,0,339.27,-0.153,85.6,534,3,Agent,6,900,120,300
2025-02-23,Andaman,11.7401,92.6586,1,2,6,22.0,0,122.27,0.258,96.68,349,3,Web,3,900,120,300
2024-11-05,Leh,34.1526,77.5771,0,11,1,1.2,0,585.9,-0.634,85.4,336,2,App,1,600,90,220
2025-04-23,Goa,15.2993,74.124,0,4,2,33.2,0,279.34,-0.135,81.65,852,3,Agent,6,2000,250,800
2025-09-15,Goa,15.2993,74.124,0,9,0,29.0,0,163.95,-0.267,74.28,501,3,Web,30,2000,250,800
2024-01-27,Varanasi,25.3176,82.9739,1,1,5,19.1,0,367.2,0.058,44.43,592,2,Kiosk,18,1400,160,500
2024-08-01,Leh,34.1526,77.5771,0,8,3,12.0,0,220.18,0.584,95.54,245,2,Agent,16,600,90,220
2024-03-30,Manali,32.2432,77.1892,1,3,5,14.7,0,220.47,0.867,73.34,769,1,Web,17,1200,140,450
2024-01-12,Leh,34.1526,77.5771,0,1,4,-2.1,0,594.58,0.536,99.43,425,3,Web,9,600,90,220
2025-07-06,Goa,15.2993,74.124,1,7,6,38.8,1,550.45,-0.524,75.73,834,2,Web,18,2000,250,800
2025-05-03,Varanasi,25.3176,82.9739,1,5,5,35.3,0,831.89,-0.147,46.27,611,2,Kiosk,19,1400,160,500
2024-08-25,Agra,27.1767,78.0081,1,8,6,31.2,0,322.48,0.175,60.59,661,3,Agent,7,1300,150,550
2024-06-24,Manali,32.2432,77.1892,0,6,0,23.9,0,58.65,0.481,95.06,177,2,Web,6,1200,140,450
2025-01-30,Andaman,11.7401,92.6586,0,1,3,19.2,0,64.07,0.384,86.68,544,2,Kiosk,6,900,120,300
2025-07-30,Manali,32.2432,77.1892,0,7,2,23.1,0,153.16,0.342,69.03,705,2,App,18,1200,140,450
2025-07-11,Andaman,11.7401,92.6586,0,7,4,37.7,0,217.28,0.33,85.84,489,2,Web,2,900,120,300
2025-02-16,Goa,15.2993,74.124,1,2,6,25.7,0,369.43,-0.062,78.01,486,3,Web,10,2000,250,800
2025-06-27,Jaipur,26.9124,75.7873,0,6,4,38.1,0,939.29,-0.568,68.74,763,2,Kiosk,7,1500,180,600
2024-10-15,Manali,32.2432,77.1892,0,10,1,14.3,1,306.25,-0.059,77.15,186,3,Agent,12,1200,140,450
2024-06-23,Agra,27.1767,78.0081,1,6,6,37.4,0,530.41,-0.015,65.12,824,1,Agent,24,1300,150,550
2025-01-10,Agra,27.1767,78.0081,0,1,4,16.2,0,470.7,-0.747,53.94,384,4,Kiosk,20,1300,150,550
2024-02-22,Agra,27.1767,78.0081,0,2,3,23.8,0,346.98,-0.542,43.08,154,3,Agent,2,1300,150,550
2025-08-13,Agra,27.1767,78.0081,0,8,2,31.6,0,206.72,0.174,40.82,781,2,App,19,1300,150,550
2024-08-07,Manali,32.2432,77.1892,0,8,2,19.6,1,402.58,0.745,65.98,49,2,Kiosk,9,1200,140,450
2025-04-02,Agra,27.1767,78.0081,0,4,2,31.5,0,1004.08,-0.403,57.24,840,2,Kiosk,14,1300,150,550
2025-07-05,Leh,34.1526,77.5771,1,7,5,20.1,0,216.05,0.461,93.99,379,2,App,15,600,90,220
2025-03-30,Kerala,10.8505,76.2711,1,3,6,28.8,0,815.4,1.0,70.87,903,3,Web,15,1700,220,700
2024-11-19,Agra,27.1767,78.0081,0,11,1,18.7,0,473.55,0.577,57.26,964,3,App,4,1300,150,550
2025-05-17,Varanasi,25.3176,82.9739,1,5,5,36.0,0,477.54,-0.174,58.3,552,3,Kiosk,4,1400,160,500
2024-01-06,Varanasi,25.3176,82.9739,1,1,5,19.5,0,199.56,-0.108,56.81,663,3,Web,8,1400,160,500
2024-03-25,Kerala,10.8505,76.2711,0,3,0,28.8,0,344.72,-0.701,73.38,433,2,Web,17,1700,220,700
2025-05-05,Leh,34.1526,77.5771,0,5,0,19.0,0,1720.2,0.034,87.98,325,2,Kiosk,12,600,90,220
2024-07-25,Varanasi,25.3176,82.9739,0,7,3,33.7,0,343.36,0.668,44.57,203,2,Agent,5,1400,160,500
2025-06-13,Manali,32.2432,77.1892,0,6,4,23.4,0,761.4,-0.505,86.78,735,2,Kiosk,4,1200,140,450
2024-03-01,Andaman,11.7401,92.6586,0,3,4,27.7,0,70.36,-0.318,94.12,111,3,Kiosk,5,900,120,300
2024-12-25,Jaipur,26.9124,75.7873,0,12,2,17.2,0,688.06,0.004,62.92,555,2,Web,7,1500,180,600
2025-05-14,Leh,34.1526,77.5771,0,5,2,18.5,0,345.71,0.82,91.36,76,2,Web,12,600,90,220
2024-06-15,Kerala,10.8505,76.2711,1,6,5,40.1,0,228.79,0.335,57.93,795,1,Kiosk,7,1700,220,700
2024-09-21,Varanasi,25.3176,82.9739,1,9,5,26.2,0,168.56,0.11,54.02,605,3,App,13,1400,160,500
2025-08-04,Andaman,11.7401,92.6586,0,8,0,33.4,0,323.47,0.583,89.89,164,3,App,6,900,120,300
2025-04-29,Varanasi,25.3176,82.9739,0,4,1,33.4,0,473.82,-0.291,61.76,860,2,App,23,1400,160,500
2024-07-26,Goa,15.2993,74.124,0,7,4,39.5,0,291.79,-0.289,72.39,900,2,Kiosk,15,2000,250,800
2024-12-14,Manali,32.2432,77.1892,1,12,5,0.7,0,55.87,0.117,69.92,449,2,Web,16,1200,140,450
2025-05-25,Jaipur,26.9124,75.7873,1,5,6,33.1,0,82.89,1.0,66.46,565,2,Kiosk,12,1500,180,600
2024-04-23,Manali,32.2432,77.1892,0,4,1,19.8,1,357.32,0.349,77.22,557,1,App,11,1200,140,450
2025-09-27,Jaipur,26.9124,75.7873,1,9,5,28.5,1,956.69,0.376,68.09,775,2,Kiosk,34,1500,180,600
2025-02-18,Varanasi,25.3176,82.9739,0,2,1,23.4,0,574.04,0.119,52.8,517,1,App,6,1400,160,500
2025-05-08,Goa,15.2993,74.124,0,5,3,40.1,0,544.46,-0.721,83.88,978,3,Web,9,2000,250,800
2025-07-19,Kerala,10.8505,76.2711,1,7,5,38.0,0,838.29,1.0,79.01,482,1,Kiosk,3,1700,220,700
2024-07-07,Andaman,11.7401,92.6586,1,7,6,37.9,0,298.42,0.35,85.22,349,2,App,8,900,120,300
2025-06-01,Andaman,11.7401,92.6586,1,6,6,37.1,0,180.58,-0.264,84.16,604,3,App,9,900,120,300
2024-01-02,Varanasi,25.3176,82.9739,0,1,1,18.4,0,869.26,0.769,45.57,592,1,Web,20,1400,160,500
2024-09-03,Manali,32.2432,77.1892,0,9,1,16.5,0,85.33,0.03,65.3,67,2,Kiosk,7,1200,140,450
2024-06-16,Jaipur,26.9124,75.7873,1,6,6,38.7,0,235.06,-0.792,56.6,807,3,Kiosk,15,1500,180,600
2025-09-12,Varanasi,25.3176,82.9739,0,9,4,27.7,1,647.64,-0.677,54.4,470,2,App,32,1400,160,500
2024-06-06,Kerala,10.8505,76.2711,0,6,3,39.5,0,81.83,-0.083,71.59,758,1,Web,17,1700,220,700
2025-09-17,Agra,27.1767,78.0081,0,9,2,26.5,0,177.77,0.187,56.23,158,2,Agent,17,1300,150,550
2025-02-13,Varanasi,25.3176,82.9739,0,2,3,22.2,0,237.69,0.617,41.58,573,3,Web,1,1400,160,500
2025-03-19,Kerala,10.8505,76.2711,0,3,2,29.6,0,319.64,-0.171,75.16,392,1,Kiosk,3,1700,220,700
2025-07-08,Varanasi,25.3176,82.9739,0,7,1,34.5,0,546.11,0.651,39.29,372,2,Web,17,1400,160,500
2024-03-28,Leh,34.1526,77.5771,0,3,3,9.2,0,372.93,0.917,89.5,393,3,Web,11,600,90,220
2025-02-24,Kerala,10.8505,76.2711,0,2,0,22.8,0,442.07,0.319,67.37,810,2,Agent,6,1700,220,700
2024-03-28,Leh,34.1526,77.5771,0,3,3,10.4,1,104.91,0.572,88.53,284,2,Agent,22,600,90,220
2025-04-21,Andaman,11.7401,92.6586,0,4,0,28.7,0,156.88,-0.643,97.03,198,3,Web,21,900,120,300
2024-10-01,Goa,15.2993,74.124,0,10,1,24.8,0,606.84,0.111,78.21,784,2,App,32,2000,250,800
2024-05-02,Kerala,10.8505,76.2711,0,5,3,36.2,0,271.6,-0.41,63.42,808,2,Kiosk,18,1700,220,700
2024-09-13,Andaman,11.7401,92.6586,0,9,4,28.9,1,110.51,-1.0,87.34,144,2,App,7,900,120,300
2024-01-05,Agra,27.1767,78.0081,0,1,4,20.2,0,656.14,0.016,50.28,313,1,Kiosk,5,1300,150,550
2025-03-12,Manali,32.2432,77.1892,0,3,2,15.5,0,207.38,0.91,78.28,406,2,Kiosk,11,1200,140,450
2024-04-18,Kerala,10.8505,76.2711,0,4,3,36.7,0,104.26,0.883,61.53,688,2,App,1,1700,220,700
2024-09-05,Kerala,10.8505,76.2711,0,9,3,29.6,0,77.99,-0.346,62.5,754,2,Web,21,1700,220,700
2025-07-28,Jaipur,26.9124,75.7873,0,7,0,35.0,0,395.68,-0.018,70.62,825,2,App,17,1500,180,600
2025-02-26,Andaman,11.7401,92.6586,0,2,2,23.3,0,95.26,0.419,95.05,463,1,Web,19,900,120,300
2024-10-02,Andaman,11.7401,92.6586,0,10,2,23.4,0,133.59,-1.0,84.61,269,1,Kiosk,5,900,120,300
2025-09-08,Agra,27.1767,78.0081,0,9,0,27.7,0,312.55,-0.854,55.88,495,1,Web,8,1300,150,550
2024-10-08,Andaman,11.7401,92.6586,0,10,1,24.1,0,756.49,-0.365,87.55,381,1,Web,15,900,120,300
2025-02-02,Manali,32.2432,77.1892,1,2,6,8.6,0,584.13,-0.821,78.44,704,2,Web,8,1200,140,450
2024-02-16,Andaman,11.7401,92.6586,0,2,4,24.4,0,510.69,-0.186,93.36,440,3,Kiosk,7,900,120,300
2025-01-14,Manali,32.2432,77.1892,0,1,1,6.7,1,241.3,-0.956,64.22,231,3,App,10,1200,140,450
2025-02-14,Agra,27.1767,78.0081,0,2,4,22.0,0,356.18,0.482,55.5,729,2,App,27,1300,150,550
2024-12-11,Varanasi,25.3176,82.9739,0,12,2,15.2,0,239.57,0.436,49.74,511,3,Kiosk,1,1400,160,500
2024-10-13,Goa,15.2993,74.124,1,10,6,25.8,0,359.03,-0.759,80.62,722,1,Web,6,2000,250,800
2024-03-06,Goa,15.2993,74.124,0,3,2,27.6,0,113.33,-0.347,84.48,546,1,Web,6,2000,250,800
2024-12-30,Andaman,11.7401,92.6586,0,12,0,18.5,0,187.27,0.562,95.15,299,3,Agent,4,900,120,300
2024-10-30,Goa,15.2993,74.124,0,10,2,23.1,0,371.18,1.0,71.5,796,1,App,10,2000,250,800
2024-09-05,Leh,34.1526,77.5771,0,9,3,9.3,1,790.93,-0.41,88.26,187,1,Kiosk,1,600,90,220
2024-12-04,Andaman,11.7401,92.6586,0,12,2,16.5,0,124.48,-0.234,86.19,197,1,App,15,900,120,300
2024-11-04,Leh,34.1526,77.5771,0,11,0,1.3,0,1020.2,0.345,110.55,298,1,App,7,600,90,220
2024-10-29,Kerala,10.8505,76.2711,0,10,1,23.8,0,435.77,-0.569,79.15,601,2,App,28,1700,220,700
2024-11-12,Goa,15.2993,74.124,0,11,1,19.6,0,462.99,0.013,74.61,690,2,Web,19,2000,250,800
2024-09-30,Agra,27.1767,78.0081,0,9,0,28.6,0,426.45,0.655,64.47,730,4,Web,12,1300,150,550
2025-05-02,Manali,32.2432,77.1892,0,5,4,22.7,0,215.29,-0.318,78.46,602,4,Kiosk,3,1200,140,450
2024-11-29,Varanasi,25.3176,82.9739,0,11,4,18.4,0,289.78,0.403,41.34,767,1,App,7,1400,160,500
2024-11-01,Jaipur,26.9124,75.7873,0,11,4,18.9,0,280.82,0.485,55.05,623,2,Agent,16,1500,180,600
2025-03-19,Jaipur,26.9124,75.7873,0,3,2,29.0,0,655.64,0.671,64.92,778,2,Agent,13,1500,180,600
2024-03-10,Manali,32.2432,77.1892,1,3,6,15.2,0,424.32,0.685,76.8,802,3,Kiosk,5,1200,140,450
2025-07-24,Manali,32.2432,77.1892,0,7,3,23.0,0,197.45,-0.359,75.1,648,1,App,19,1200,140,450
2024-08-05,Goa,15.2993,74.124,0,8,0,34.1,0,498.99,-0.129,69.78,832,2,Web,28,2000,250,800
2024-11-21,Manali,32.2432,77.1892,0,11,3,6.7,0,869.29,1.0,77.02,689,2,Web,3,1200,140,450
2024-01-18,Kerala,10.8505,76.2711,0,1,3,21.6,0,518.72,-0.209,67.71,748,3,Agent,2,1700,220,700
2025-06-01,Kerala,10.8505,76.2711,1,6,6,40.8,0,466.22,-0.074,68.42,1085,1,App,14,1700,220,700
2025-04-30,Leh,34.1526,77.5771,0,4,2,15.3,0,1017.47,0.034,92.69,612,2,Agent,8,600,90,220
2024-11-02,Leh,34.1526,77.5771,1,11,5,1.7,0,1235.33,-1.0,96.78,150,2,Kiosk,11,600,90,220
2025-01-09,Agra,27.1767,78.0081,0,1,3,19.0,0,344.31,0.239,60.38,304,3,Web,8,1300,150,550
2024-12-15,Andaman,11.7401,92.6586,1,12,6,17.6,0,283.13,-0.318,90.88,244,3,Agent,17,900,120,300
2024-01-10,Goa,15.2993,74.124,0,1,2,22.2,0,190.12,0.021,72.15,434,1,Agent,15,2000,250,800
2025-07-13,Varanasi,25.3176,82.9739,1,7,6,34.3,0,363.29,0.421,53.74,241,2,Agent,3,1400,160,500
2024-03-08,Agra,27.1767,78.0081,0,3,4,27.3,0,27.99,-0.347,55.02,187,2,Agent,1,1300,150,550
2024-08-08,Jaipur,26.9124,75.7873,0,8,3,33.7,0,80.55,0.842,63.01,394,2,App,13,1500,180,600
2024-03-02,Andaman,11.7401,92.6586,1,3,5,28.1,0,959.76,0.21,92.76,326,1,App,8,900,120,300
2024-07-19,Varanasi,25.3176,82.9739,0,7,4,36.1,0,959.92,-0.518,48.78,460,3,Kiosk,36,1400,160,500
2024-07-06,Manali,32.2432,77.1892,1,7,5,21.7,0,508.98,-0.059,74.49,674,3,Web,5,1200,140,450
2024-02-10,Jaipur,26.9124,75.7873,1,2,5,23.2,0,574.61,0.484,58.28,613,3,Kiosk,3,1500,180,600
2024-09-20,Manali,32.2432,77.1892,0,9,4,15.0,0,394.02,-0.43,81.51,471,1,App,36,1200,140,450
2024-10-15,Varanasi,25.3176,82.9739,0,10,1,20.7,0,332.91,0.372,52.91,538,2,App,28,1400,160,500
2025-03-06,Jaipur,26.9124,75.7873,0,3,3,27.3,0,92.02,0.766,56.48,579,3,Agent,9,1500,180,600
2025-04-12,Andaman,11.7401,92.6586,1,4,5,30.2,0,129.82,0.336,86.06,561,3,Agent,17,900,120,300
2024-01-17,Agra,27.1767,78.0081,0,1,2,19.3,0,416.07,0.278,55.52,363,3,App,3,1300,150,550
2024-03-09,Andaman,11.7401,92.6586,1,3,5,26.7,0,357.39,0.119,84.33,0,2,Agent,7,900,120,300
2024-02-21,Jaipur,26.9124,75.7873,0,2,2,23.2,0,512.5,-0.793,54.11,524,3,Kiosk,4,1500,180,600
2024-11-24,Goa,15.2993,74.124,1,11,6,20.3,1,338.31,0.008,76.95,512,2,Web,3,2000,250,800
2025-06-26,Andaman,11.7401,92.6586,0,6,3,37.6,0,710.76,0.561,88.01,539,1,App,16,900,120,300
2024-05-10,Andaman,11.7401,92.6586,0,5,4,37.1,0,737.49,0.062,112.11,376,3,Web,21,900,120,300
2024-11-30,Goa,15.2993,74.124,1,11,5,21.0,0,298.1,-1.0,84.7,598,2,Agent,11,2000,250,800
2024-01-18,Leh,34.1526,77.5771,0,1,3,1.8,1,241.36,-0.769,93.47,323,2,App,11,600,90,220
2024-02-13,Manali,32.2432,77.1892,0,2,1,10.8,0,142.13,-0.255,80.51,256,2,App,13,1200,140,450
2025-03-09,Kerala,10.8505,76.2711,1,3,6,28.2,0,285.55,0.521,67.84,935,2,App,11,1700,220,700
2025-08-21,Agra,27.1767,78.0081,0,8,3,31.7,1,88.01,-0.518,53.84,608,1,Web,18,1300,150,550
2025-04-13,Goa,15.2993,74.124,1,4,6,33.4,0,633.76,-1.0,78.27,843,3,Kiosk,2,2000,250,800
2024-08-11,Leh,34.1526,77.5771,1,8,6,15.4,0,298.27,0.957,95.4,157,2,Kiosk,26,600,90,220
2025-03-26,Jaipur,26.9124,75.7873,0,3,2,26.4,0,928.96,0.776,58.84,499,2,Agent,11,1500,180,600
2024-02-19,Kerala,10.8505,76.2711,0,2,0,24.3,0,57.36,0.066,65.01,406,3,Agent,3,1700,220,700
2025-07-14,Kerala,10.8505,76.2711,0,7,0,38.9,1,95.82,-0.986,72.47,633,3,Agent,2,1700,220,700
2025-05-18,Agra,27.1767,78.0081,1,5,6,34.4,0,362.78,0.909,61.56,517,1,Web,52,1300,150,550
2025-05-19,Jaipur,26.9124,75.7873,0,5,0,36.6,1,283.34,-0.62,74.32,689,1,Web,16,1500,180,600
2025-04-27,Agra,27.1767,78.0081,1,4,6,32.5,0,1252.7,-0.333,60.88,958,3,App,9,1300,150,550
2024-12-11,Goa,15.2993,74.124,0,12,2,19.7,0,94.0,0.428,73.48,662,2,Kiosk,22,2000,250,800
2025-06-03,Andaman,11.7401,92.6586,0,6,1,38.7,0,445.2,-0.282,82.27,679,3,Web,6,900,120,300
2024-11-10,Goa,15.2993,74.124,1,11,6,20.0,0,354.5,0.06,75.3,601,2,Agent,2,2000,250,800
2024-03-14,Jaipur,26.9124,75.7873,0,3,3,27.6,0,355.57,0.64,60.59,574,2,Kiosk,12,1500,180,600
2025-09-22,Agra,27.1767,78.0081,0,9,0,27.2,0,81.79,0.239,49.64,307,2,Web,4,1300,150,550
2025-04-22,Kerala,10.8505,76.2711,0,4,1,33.2,1,337.43,-0.538,62.46,558,2,Kiosk,11,1700,220,700
2025-07-05,Varanasi,25.3176,82.9739,1,7,5,36.9,0,55.6,-0.631,65.61,676,2,Agent,21,1400,160,500
2024-09-26,Manali,32.2432,77.1892,0,9,3,12.5,0,395.33,0.055,63.75,116,1,Agent,24,1200,140,450
2025-04-18,Jaipur,26.9124,75.7873,0,4,4,33.0,0,889.64,0.051,61.36,718,2,Agent,3,1500,180,600
2024-05-07,Leh,34.1526,77.5771,0,5,1,15.9,0,1186.08,-0.529,100.71,534,2,Web,9,600,90,220
2025-03-17,Leh,34.1526,77.5771,0,3,0,9.7,0,83.69,0.055,95.87,50,2,Kiosk,4,600,90,220
2024-01-21,Agra,27.1767,78.0081,1,1,6,16.9,0,302.11,0.001,56.16,343,2,Web,3,1300,150,550
2024-06-17,Goa,15.2993,74.124,0,6,0,39.8,0,1171.29,-0.111,72.88,787,2,Web,5,2000,250,800
2024-04-20,Goa,15.2993,74.124,1,4,5,34.7,0,597.17,0.474,84.94,876,1,Web,11,2000,250,800
2025-01-23,Kerala,10.8505,76.2711,0,1,3,21.5,0,224.92,0.349,82.13,340,1,Agent,22,1700,220,700
2024-10-01,Andaman,11.7401,92.6586,0,10,1,22.5,0,120.64,1.0,95.24,296,1,Agent,11,900,120,300
2024-03-30,Jaipur,26.9124,75.7873,1,3,5,28.2,0,419.04,0.256,63.75,787,2,App,9,1500,180,600
2024-05-29,Andaman,11.7401,92.6586,0,5,2,36.0,0,210.36,-0.323,96.55,309,3,Kiosk,21,900,120,300
2025-05-06,Manali,32.2432,77.1892,0,5,1,24.2,0,197.33,-0.693,80.06,687,3,App,7,1200,140,450
2024-12-27,Jaipur,26.9124,75.7873,0,12,4,19.4,1,258.84,-0.14,61.53,279,2,Kiosk,16,1500,180,600
2025-03-11,Leh,34.1526,77.5771,0,3,1,9.1,1,117.73,-0.146,95.21,134,2,Web,8,600,90,220
2025-05-25,Manali,32.2432,77.1892,1,5,6,25.8,0,1036.88,-0.469,69.28,522,1,Kiosk,17,1200,140,450
2025-03-18,Manali,32.2432,77.1892,0,3,1,12.9,0,106.93,-0.343,72.33,218,1,App,18,1200,140,450
2024-02-04,Jaipur,26.9124,75.7873,1,2,6,21.4,0,455.65,-0.029,68.14,431,3,Kiosk,24,1500,180,600
2025-06-25,Agra,27.1767,78.0081,0,6,2,36.4,0,210.99,-0.542,43.15,483,1,Kiosk,4,1300,150,550
2024-10-07,Varanasi,25.3176,82.9739,0,10,0,22.2,0,253.9,-0.197,56.34,209,2,Kiosk,3,1400,160,500
2024-03-14,Varanasi,25.3176,82.9739,0,3,3,25.7,1,524.93,0.258,53.01,500,2,App,5,1400,160,500
2024-11-29,Jaipur,26.9124,75.7873,0,11,4,17.8,0,331.35,-1.0,60.77,633,2,Web,17,1500,180,600
2025-06-28,Agra,27.1767,78.0081,1,6,5,35.2,0,501.37,-0.658,54.41,726,2,Kiosk,4,1300,150,550
2024-07-24,Manali,32.2432,77.1892,0,7,2,22.4,0,42.85,-0.292,67.71,371,1,Agent,5,1200,140,450
2024-07-17,Andaman,11.7401,92.6586,0,7,2,37.0,0,30.92,0.459,88.74,96,1,Web,17,900,120,300
2024-08-14,Andaman,11.7401,92.6586,0,8,2,34.7,0,685.44,0.192,90.46,517,3,Kiosk,26,900,120,300
2025-01-03,Goa,15.2993,74.124,0,1,4,20.3,0,524.85,0.457,75.91,1032,2,Web,32,2000,250,800
2024-07-22,Manali,32.2432,77.1892,0,7,0,24.6,1,329.71,0.64,85.01,280,2,App,31,1200,140,450
2025-03-24,Jaipur,26.9124,75.7873,0,3,0,28.5,0,155.33,0.07,71.83,277,2,Agent,2,1500,180,600
2025-03-15,Agra,27.1767,78.0081,1,3,5,27.2,0,891.5,0.646,66.3,831,1,Agent,12,1300,150,550
2024-12-17,Varanasi,25.3176,82.9739,0,12,1,18.1,0,137.53,0.993,54.05,547,3,Web,27,1400,160,500
2025-09-27,Leh,34.1526,77.5771,1,9,5,8.9,0,565.0,0.629,95.82,717,2,Web,4,600,90,220
2024-06-18,Manali,32.2432,77.1892,0,6,1,25.2,0,201.95,0.35,78.81,499,2,Web,6,1200,140,450
2024-03-29,Varanasi,25.3176,82.9739,0,3,4,26.2,0,324.77,0.517,38.14,739,2,App,17,1400,160,500
2024-03-29,Kerala,10.8505,76.2711,0,3,4,28.8,0,657.94,-0.424,80.51,723,4,Kiosk,3,1700,220,700
2024-01-23,Jaipur,26.9124,75.7873,0,1,1,20.9,0,134.78,-0.92,55.71,437,2,Web,12,1500,180,600
2024-03-20,Goa,15.2993,74.124,0,3,2,29.8,0,1006.99,0.075,82.9,598,4,Agent,34,2000,250,800
2024-07-24,Kerala,10.8505,76.2711,0,7,2,38.4,0,448.19,-0.007,61.27,663,3,Kiosk,37,1700,220,700
2025-09-11,Andaman,11.7401,92.6586,0,9,3,30.6,0,894.25,-0.497,87.32,600,1,Web,1,900,120,300
2024-05-04,Leh,34.1526,77.5771,1,5,5,17.5,0,526.32,0.752,94.23,239,2,Agent,32,600,90,220
2025-06-20,Varanasi,25.3176,82.9739,0,6,4,35.5,0,691.56,0.3,50.05,661,3,Agent,12,1400,160,500
2024-03-22,Jaipur,26.9124,75.7873,0,3,4,29.0,0,227.12,-0.344,50.38,424,1,Web,9,1500,180,600
2025-05-03,Kerala,10.8505,76.2711,1,5,5,37.2,0,1566.88,0.009,64.24,936,3,Web,14,1700,220,700
2025-04-17,Kerala,10.8505,76.2711,0,4,3,33.2,0,384.82,0.492,63.29,482,2,Web,10,1700,220,700
2025-06-17,Agra,27.1767,78.0081,0,6,1,38.2,1,111.47,-0.003,44.24,415,3,Kiosk,22,1300,150,550
2025-01-27,Leh,34.1526,77.5771,0,1,0,2.9,0,336.25,-0.69,95.56,1,3,Agent,7,600,90,220
2024-03-13,Agra,27.1767,78.0081,0,3,2,26.1,0,515.75,0.68,49.9,486,1,Kiosk,10,1300,150,550
2024-03-08,Jaipur,26.9124,75.7873,0,3,4,29.7,0,768.07,-0.058,74.77,584,3,Web,6,1500,180,600
2025-07-12,Jaipur,26.9124,75.7873,1,7,5,36.9,0,813.75,-0.38,61.06,1016,2,Agent,9,1500,180,600
2025-08-23,Agra,27.1767,78.0081,1,8,5,31.7,0,35.28,0.005,60.13,699,3,Kiosk,11,1300,150,550
2024-06-05,Kerala,10.8505,76.2711,0,6,2,38.5,0,68.37,0.104,62.9,955,2,Web,9,1700,220,700
2024-02-04,Agra,27.1767,78.0081,1,2,6,22.6,0,241.96,0.451,51.5,473,2,Kiosk,7,1300,150,550
2024-05-19,Andaman,11.7401,92.6586,1,5,6,34.2,0,654.06,0.11,97.73,656,2,App,13,900,120,300
2025-06-20,Kerala,10.8505,76.2711,0,6,4,39.0,0,496.43,-0.09,65.57,854,2,Agent,1,1700,220,700
2025-05-17,Leh,34.1526,77.5771,1,5,5,19.5,0,323.2,0.245,99.26,481,2,Kiosk,14,600,90,220
2024-05-15,Andaman,11.7401,92.6586,0,5,2,33.2,0,81.16,-0.589,109.22,434,2,App,7,900,120,300
2025-06-13,Manali,32.2432,77.1892,0,6,4,24.4,0,567.76,0.446,63.51,457,2,Web,2,1200,140,450
2024-09-22,Manali,32.2432,77.1892,1,9,6,15.9,0,287.05,-1.0,69.16,266,1,Web,7,1200,140,450
2024-03-06,Goa,15.2993,74.124,0,3,2,31.4,0,146.78,0.912,89.45,684,2,Agent,15,2000,250,800
2025-01-16,Andaman,11.7401,92.6586,0,1,3,18.9,0,40.37,-0.322,91.61,124,3,Web,15,900,120,300
2025-01-07,Andaman,11.7401,92.6586,0,1,1,20.9,0,100.77,0.727,84.23,615,3,Web,6,900,120,300
2024-05-04,Leh,34.1526,77.5771,1,5,5,18.6,0,254.52,-0.219,101.27,807,2,Web,2,600,90,220
2024-12-07,Manali,32.2432,77.1892,1,12,5,5.5,0,417.6,-1.0,61.43,382,2,Agent,4,1200,140,450
2024-01-11,Goa,15.2993,74.124,0,1,3,21.0,0,147.28,-0.544,72.92,785,1,App,20,2000,250,800
2024-07-08,Kerala,10.8505,76.2711,0,7,0,39.3,1,338.39,0.145,61.99,665,2,Web,9,1700,220,700
2024-10-30,Goa,15.2993,74.124,0,10,2,23.7,0,1788.86,-1.0,78.13,710,3,App,8,2000,250,800
2024-03-08,Agra,27.1767,78.0081,0,3,4,27.2,0,432.29,0.187,64.26,416,3,Kiosk,10,1300,150,550
2025-04-17,Kerala,10.8505,76.2711,0,4,3,32.9,0,239.08,-0.486,68.59,723,2,Web,6,1700,220,700
2024-12-17,Varanasi,25.3176,82.9739,0,12,1,15.0,0,311.34,-0.232,55.3,282,2,App,11,1400,160,500
2024-07-21,Jaipur,26.9124,75.7873,1,7,6,34.7,1,38.65,0.229,59.03,720,3,Web,21,1500,180,600
2025-06-17,Agra,27.1767,78.0081,0,6,1,34.1,0,133.86,0.57,52.62,218,2,Kiosk,2,1300,150,550
2025-02-13,Agra,27.1767,78.0081,0,2,3,21.4,0,140.33,0.264,52.96,228,2,Agent,11,1300,150,550
2025-08-30,Leh,34.1526,77.5771,1,8,5,16.6,0,188.86,0.321,94.19,280,2,Agent,7,600,90,220
2025-06-13,Andaman,11.7401,92.6586,0,6,4,39.9,0,115.97,-0.653,92.65,517,2,Agent,1,900,120,300
2025-06-24,Agra,27.1767,78.0081,0,6,1,38.4,0,457.48,-0.446,51.92,529,3,App,18,1300,150,550
2025-01-29,Leh,34.1526,77.5771,0,1,2,2.9,0,620.71,-0.138,93.2,148,2,Agent,10,600,90,220
2024-06-21,Agra,27.1767,78.0081,0,6,4,37.4,0,267.86,0.432,56.75,361,3,App,8,1300,150,550
2025-09-13,Varanasi,25.3176,82.9739,1,9,5,29.7,0,865.84,-0.006,50.02,596,3,App,12,1400,160,500
2025-02-20,Kerala,10.8505,76.2711,0,2,3,26.0,0,814.8,-0.268,66.73,553,2,Kiosk,13,1700,220,700
2025-05-15,Kerala,10.8505,76.2711,0,5,3,39.4,0,217.43,0.136,69.86,760,2,App,3,1700,220,700
2025-02-05,Leh,34.1526,77.5771,0,2,2,5.6,0,330.87,0.365,103.04,375,1,Web,50,600,90,220
2025-01-30,Andaman,11.7401,92.6586,0,1,3,19.4,0,279.14,0.086,88.42,246,2,Agent,2,900,120,300
2024-07-22,Kerala,10.8505,76.2711,0,7,0,37.2,1,113.57,-0.752,48.91,573,2,Agent,4,1700,220,700
2025-01-10,Leh,34.1526,77.5771,0,1,4,2.4,1,189.82,-0.163,93.84,303,4,Web,20,600,90,220
2025-08-03,Kerala,10.8505,76.2711,1,8,6,35.3,0,439.83,0.513,61.81,344,2,Agent,3,1700,220,700
2024-07-01,Manali,32.2432,77.1892,0,7,0,24.4,0,191.65,-0.326,68.69,636,2,Agent,3,1200,140,450
2024-01-02,Agra,27.1767,78.0081,0,1,1,17.5,1,689.79,0.55,55.77,559,2,Web,20,1300,150,550
2024-09-20,Manali,32.2432,77.1892,0,9,4,13.5,0,958.22,0.448,63.95,407,2,Kiosk,21,1200,140,450
2024-02-24,Varanasi,25.3176,82.9739,1,2,5,20.9,0,923.25,0.207,59.49,457,3,App,4,1400,160,500
2025-03-09,Varanasi,25.3176,82.9739,1,3,6,27.3,0,457.0,0.141,52.74,717,2,App,20,1400,160,500
2025-09-13,Agra,27.1767,78.0081,1,9,5,26.5,0,631.89,0.549,53.92,566,2,App,6,1300,150,550
2024-12-06,Andaman,11.7401,92.6586,0,12,4,18.7,0,340.35,-0.319,88.69,382,2,Web,10,900,120,300
2024-01-13,Manali,32.2432,77.1892,1,1,5,6.7,0,515.07,0.374,70.44,553,3,Kiosk,8,1200,140,450
2024-03-06,Varanasi,25.3176,82.9739,0,3,2,29.3,1,90.32,0.159,54.05,562,2,Web,47,1400,160,500
2025-09-18,Jaipur,26.9124,75.7873,0,9,3,28.6,0,260.33,-0.748,60.07,442,1,App,5,1500,180,600
2025-09-26,Kerala,10.8505,76.2711,0,9,4,28.3,0,394.7,-0.345,63.91,361,2,Agent,1,1700,220,700
2024-06-09,Goa,15.2993,74.124,1,6,6,40.2,0,310.42,0.092,76.11,970,1,Web,10,2000,250,800
2024-01-04,Manali,32.2432,77.1892,0,1,3,6.3,0,630.11,0.104,72.72,658,2,Web,11,1200,140,450
2025-04-20,Jaipur,26.9124,75.7873,1,4,6,32.9,0,420.69,-0.492,69.77,936,3,Agent,16,1500,180,600
2024-01-23,Agra,27.1767,78.0081,0,1,1,19.1,0,437.9,-0.571,53.18,303,2,App,12,1300,150,550
2025-08-31,Varanasi,25.3176,82.9739,1,8,6,32.0,1,360.33,0.461,45.31,204,1,Kiosk,5,1400,160,500
2024-10-25,Andaman,11.7401,92.6586,0,10,4,23.0,0,103.92,0.502,86.96,564,2,App,5,900,120,300
2024-03-25,Jaipur,26.9124,75.7873,0,3,0,27.3,0,813.61,-0.564,62.6,587,2,Web,2,1500,180,600
2025-06-07,Manali,32.2432,77.1892,1,6,5,27.0,0,68.99,0.595,74.15,373,1,Agent,18,1200,140,450
2025-05-26,Agra,27.1767,78.0081,0,5,0,35.3,0,488.56,0.199,62.51,775,2,Web,2,1300,150,550
2025-07-31,Goa,15.2993,74.124,0,7,3,39.2,0,358.66,-0.58,79.25,758,2,Web,4,2000,250,800
2025-09-13,Kerala,10.8505,76.2711,1,9,5,30.0,0,310.45,-0.058,64.75,393,2,Web,4,1700,220,700
2024-07-01,Leh,34.1526,77.5771,0,7,0,19.8,0,184.25,-0.484,111.97,454,2,Kiosk,19,600,90,220
2024-01-03,Agra,27.1767,78.0081,0,1,2,15.6,0,681.65,-0.101,55.0,261,3,Web,7,1300,150,550
2024-01-31,Agra,27.1767,78.0081,0,1,2,21.2,0,437.57,0.214,60.22,449,2,Web,5,1300,150,550
2024-01-13,Agra,27.1767,78.0081,1,1,5,18.2,1,799.9,0.666,53.3,925,2,Web,11,1300,150,550
2024-10-26,Jaipur,26.9124,75.7873,1,10,5,23.2,0,604.3,0.443,55.97,772,2,Agent,14,1500,180,600
2024-02-03,Manali,32.2432,77.1892,1,2,5,9.5,0,481.18,0.858,81.87,861,3,Web,17,1200,140,450
2024-12-13,Varanasi,25.3176,82.9739,0,12,4,18.3,0,50.73,-0.539,51.89,246,2,Agent,9,1400,160,500
2025-09-17,Goa,15.2993,74.124,0,9,2,29.6,0,264.55,-0.954,60.19,395,2,Kiosk,4,2000,250,800
2025-09-03,Leh,34.1526,77.5771,0,9,2,10.1,0,509.45,-0.447,86.86,86,3,Web,4,600,90,220
2024-09-27,Varanasi,25.3176,82.9739,0,9,4,26.7,0,948.42,0.109,47.93,365,1,Web,6,1400,160,500
2024-07-04,Kerala,10.8505,76.2711,0,7,3,37.2,0,165.63,0.374,72.15,439,1,Kiosk,8,1700,220,700
2024-08-08,Varanasi,25.3176,82.9739,0,8,3,30.4,1,217.35,-0.865,49.22,489,2,Kiosk,8,1400,160,500
2024-11-26,Jaipur,26.9124,75.7873,0,11,1,18.6,0,1020.7,1.0,59.17,549,2,Agent,18,1500,180,600
2025-08-21,Agra,27.1767,78.0081,0,8,3,33.2,0,406.68,-0.24,64.14,733,1,Web,12,1300,150,550
2025-02-05,Goa,15.2993,74.124,0,2,2,22.6,0,43.82,-0.103,89.3,410,2,Kiosk,5,2000,250,800
2024-01-23,Goa,15.2993,74.124,0,1,1,21.7,0,126.99,0.282,78.88,388,3,Agent,3,2000,250,800
2025-09-10,Andaman,11.7401,92.6586,0,9,2,27.2,0,454.06,0.017,86.06,273,2,Kiosk,11,900,120,300
2024-08-23,Goa,15.2993,74.124,0,8,4,33.2,0,159.84,-0.483,71.63,802,2,Web,2,2000,250,800
2025-04-27,Varanasi,25.3176,82.9739,1,4,6,31.1,0,323.06,-0.241,45.86,684,2,Agent,9,1400,160,500
2024-10-13,Leh,34.1526,77.5771,1,10,6,3.4,0,52.48,-0.616,97.47,341,3,App,10,600,90,220
2024-03-10,Jaipur,26.9124,75.7873,1,3,6,30.6,0,91.5,0.45,65.31,522,3,Agent,12,1500,180,600
2025-08-30,Jaipur,26.9124,75.7873,1,8,5,33.3,0,241.82,0.035,60.81,636,2,Web,13,1500,180,600
2024-02-19,Andaman,11.7401,92.6586,0,2,0,22.2,0,302.55,-0.485,95.1,31,1,Agent,21,900,120,300
2024-07-14,Manali,32.2432,77.1892,1,7,6,24.2,0,451.63,0.737,79.96,687,1,App,11,1200,140,450
2024-08-20,Agra,27.1767,78.0081,0,8,1,32.2,0,394.18,-0.559,63.12,670,2,Agent,16,1300,150,550
2024-05-15,Varanasi,25.3176,82.9739,0,5,2,36.0,0,711.89,-0.025,58.61,745,3,Agent,8,1400,160,500
2025-08-27,Agra,27.1767,78.0081,0,8,2,30.5,0,603.57,0.079,57.33,784,1,Agent,8,1300,150,550
2024-04-11,Kerala,10.8505,76.2711,0,4,3,35.2,0,417.77,0.791,70.32,601,2,App,3,1700,220,700
2024-06-19,Kerala,10.8505,76.2711,0,6,2,41.7,1,348.32,-0.213,67.09,830,3,Kiosk,14,1700,220,700
2025-10-01,Manali,32.2432,77.1892,0,10,2,8.9,0,484.86,-0.278,68.84,201,2,App,24,1200,140,450
2024-04-09,Andaman,11.7401,92.6586,0,4,1,33.6,0,376.97,-0.472,103.45,274,2,Agent,49,900,120,300
2025-04-11,Agra,27.1767,78.0081,0,4,4,33.0,0,123.7,0.232,63.72,559,3,Web,3,1300,150,550
2025-09-09,Agra,27.1767,78.0081,0,9,1,26.7,0,359.09,0.283,50.79,299,1,Web,1,1300,150,550
2025-04-08,Kerala,10.8505,76.2711,0,4,1,34.7,0,355.24,-0.017,73.18,961,2,App,12,1700,220,700
2025-09-19,Varanasi,25.3176,82.9739,0,9,4,27.8,0,223.16,-0.604,45.58,427,2,Kiosk,9,1400,160,500
2024-11-17,Jaipur,26.9124,75.7873,1,11,6,19.6,0,357.91,0.754,65.66,919,1,Web,11,1500,180,600
2024-08-09,Leh,34.1526,77.5771,0,8,4,14.5,0,473.98,0.335,94.59,767,2,Web,10,600,90,220
2025-05-07,Leh,34.1526,77.5771,0,5,2,17.0,0,478.67,0.113,100.25,614,1,Web,1,600,90,220
2024-10-23,Varanasi,25.3176,82.9739,0,10,2,21.4,0,1406.19,0.826,40.15,496,1,Agent,17,1400,160,500
2024-03-16,Varanasi,25.3176,82.9739,1,3,5,27.5,0,153.77,0.182,42.04,403,2,Kiosk,3,1400,160,500
2024-05-29,Jaipur,26.9124,75.7873,0,5,2,37.0,0,309.12,0.792,53.1,462,2,Web,9,1500,180,600
2025-03-28,Goa,15.2993,74.124,0,3,4,30.6,0,586.27,1.0,86.37,896,3,Agent,20,2000,250,800
2025-05-26,Manali,32.2432,77.1892,0,5,0,24.5,0,406.94,0.642,76.5,413,2,App,14,1200,140,450
2024-10-17,Varanasi,25.3176,82.9739,0,10,3,22.9,0,1065.48,0.118,43.33,309,2,Web,50,1400,160,500
2024-12-26,Varanasi,25.3176,82.9739,0,12,3,15.7,0,393.7,-0.614,47.2,447,2,Agent,12,1400,160,500
2024-04-22,Kerala,10.8505,76.2711,0,4,0,32.6,0,226.03,0.236,66.94,893,2,App,17,1700,220,700
2024-10-08,Andaman,11.7401,92.6586,0,10,1,24.1,0,309.57,0.097,78.41,31,2,Agent,8,900,120,300
2024-05-08,Goa,15.2993,74.124,0,5,2,38.6,1,62.05,-0.768,74.35,737,4,App,5,2000,250,800
2024-06-09,Agra,27.1767,78.0081,1,6,6,36.6,0,361.35,0.006,60.98,810,2,App,8,1300,150,550
2025-04-01,Kerala,10.8505,76.2711,0,4,1,35.8,0,1294.29,0.351,64.74,387,1,Agent,10,1700,220,700
2024-08-20,Jaipur,26.9124,75.7873,0,8,1,30.4,0,205.15,-0.606,62.38,568,1,Kiosk,7,1500,180,600
2024-06-09,Jaipur,26.9124,75.7873,1,6,6,38.2,0,286.44,-0.073,56.27,763,4,Agent,7,1500,180,600
2024-06-15,Manali,32.2432,77.1892,1,6,5,25.2,0,153.34,0.361,69.5,354,2,Agent,1,1200,140,450
2025-04-18,Goa,15.2993,74.124,0,4,4,34.1,1,790.73,0.579,76.77,719,1,Web,3,2000,250,800
2024-07-13,Leh,34.1526,77.5771,1,7,5,18.9,1,551.93,-0.783,101.63,442,2,Agent,29,600,90,220
2025-09-24,Kerala,10.8505,76.2711,0,9,2,29.2,0,409.27,0.634,66.26,803,3,Agent,3,1700,220,700
2024-09-17,Agra,27.1767,78.0081,0,9,1,26.9,0,112.41,0.496,49.45,504,3,App,15,1300,150,550
2024-01-18,Andaman,11.7401,92.6586,0,1,3,19.7,0,163.7,-0.278,95.95,374,2,App,2,900,120,300
2024-11-08,Kerala,10.8505,76.2711,0,11,4,17.8,0,77.65,-0.023,64.56,657,2,Web,1,1700,220,700
2024-01-23,Agra,27.1767,78.0081,0,1,1,17.6,0,550.76,-0.529,56.12,374,2,Agent,4,1300,150,550
2025-02-21,Kerala,10.8505,76.2711,0,2,4,24.3,0,504.36,0.376,73.5,1164,1,Web,5,1700,220,700
2024-07-31,Leh,34.1526,77.5771,0,7,2,18.7,0,98.19,0.077,94.9,328,2,App,23,600,90,220
2025-03-19,Kerala,10.8505,76.2711,0,3,2,27.8,0,697.15,0.326,66.15,581,2,Kiosk,7,1700,220,700
2024-05-24,Goa,15.2993,74.124,0,5,4,39.5,0,473.33,0.117,81.9,760,2,Web,6,2000,250,800
2024-05-09,Goa,15.2993,74.124,0,5,3,37.1,0,994.51,0.612,87.09,825,3,Agent,9,2000,250,800
2025-03-11,Agra,27.1767,78.0081,0,3,1,27.1,0,396.42,0.191,61.95,377,1,Kiosk,2,1300,150,550
2024-06-17,Goa,15.2993,74.124,0,6,0,40.5,0,279.95,0.138,81.27,785,3,Web,3,2000,250,800
2025-01-31,Jaipur,26.9124,75.7873,0,1,4,18.4,0,272.25,0.077,75.26,578,2,Agent,22,1500,180,600
2025-03-28,Andaman,11.7401,92.6586,0,3,4,26.7,0,299.55,-0.529,87.28,140,2,Web,6,900,120,300
2025-08-31,Varanasi,25.3176,82.9739,1,8,6,31.6,0,134.06,-0.611,57.72,674,2,Kiosk,18,1400,160,500
2024-11-08,Andaman,11.7401,92.6586,0,11,4,17.5,0,1435.7,1.0,100.45,706,2,Agent,17,900,120,300
2024-03-20,Manali,32.2432,77.1892,0,3,2,15.0,0,449.94,0.272,78.22,426,3,Web,14,1200,140,450
2024-06-18,Jaipur,26.9124,75.7873,0,6,1,38.6,0,272.66,-0.213,60.55,629,2,Web,19,1500,180,600
2024-12-15,Kerala,10.8505,76.2711,1,12,6,18.5,0,377.18,0.827,72.02,881,3,Agent,38,1700,220,700
2024-08-15,Agra,27.1767,78.0081,0,8,3,33.0,0,203.61,0.315,57.46,788,1,Web,10,1300,150,550
2025-08-13,Manali,32.2432,77.1892,0,8,2,19.7,0,777.51,-0.65,72.84,787,2,Agent,7,1200,140,450
2024-05-14,Jaipur,26.9124,75.7873,0,5,1,37.0,0,130.73,-0.177,67.85,679,2,App,23,1500,180,600
2024-02-14,Agra,27.1767,78.0081,0,2,2,22.9,0,960.67,0.168,55.77,521,1,Web,1,1300,150,550
2025-02-03,Kerala,10.8505,76.2711,0,2,0,24.4,0,1131.82,0.182,70.25,692,3,Web,6,1700,220,700
2025-09-07,Leh,34.1526,77.5771,1,9,6,8.6,0,182.69,0.244,84.41,226,1,Kiosk,5,600,90,220
2025-04-04,Jaipur,26.9124,75.7873,0,4,4,31.7,0,295.41,0.121,71.47,568,2,Kiosk,6,1500,180,600
2024-05-17,Manali,32.2432,77.1892,0,5,4,23.2,0,642.41,0.787,63.0,371,2,Kiosk,22,1200,140,450
2024-08-28,Kerala,10.8505,76.2711,0,8,2,33.1,0,318.02,-0.075,83.43,739,2,Web,14,1700,220,700
2025-07-16,Andaman,11.7401,92.6586,0,7,2,36.0,0,686.07,-0.831,99.92,537,2,Agent,14,900,120,300
2024-08-03,Agra,27.1767,78.0081,1,8,5,35.7,0,836.98,0.94,52.6,486,3,App,16,1300,150,550
2025-05-20,Manali,32.2432,77.1892,0,5,1,25.2,0,1921.43,0.508,83.01,676,2,App,10,1200,140,450
2024-10-23,Manali,32.2432,77.1892,0,10,2,10.8,0,458.79,0.391,64.09,381,2,Agent,12,1200,140,450
2025-01-02,Agra,27.1767,78.0081,0,1,3,18.9,0,240.9,0.795,49.2,587,2,Web,4,1300,150,550
2024-05-21,Goa,15.2993,74.124,0,5,1,39.7,0,481.48,-1.0,87.55,934,3,Web,11,2000,250,800
2024-12-21,Goa,15.2993,74.124,1,12,5,21.8,0,888.87,0.466,67.41,907,2,Agent,6,2000,250,800
2024-08-19,Andaman,11.7401,92.6586,0,8,0,32.5,1,88.75,-0.088,80.08,573,3,Kiosk,5,900,120,300
2025-09-13,Agra,27.1767,78.0081,1,9,5,28.1,0,239.1,-0.085,58.82,180,2,Kiosk,6,1300,150,550
2024-09-24,Varanasi,25.3176,82.9739,0,9,1,27.9,0,142.25,-0.815,43.76,499,3,Web,3,1400,160,500
2024-06-27,Kerala,10.8505,76.2711,0,6,3,40.6,0,115.68,-1.0,60.72,631,3,Agent,5,1700,220,700
2025-05-06,Kerala,10.8505,76.2711,0,5,1,36.7,0,471.24,0.601,69.64,899,2,App,8,1700,220,700
2024-03-14,Agra,27.1767,78.0081,0,3,3,27.9,0,741.44,0.044,54.43,248,2,Web,6,1300,150,550
2024-05-29,Goa,15.2993,74.124,0,5,2,37.6,0,254.07,-0.119,86.78,756,3,App,5,2000,250,800
2025-02-01,Manali,32.2432,77.1892,1,2,5,9.2,0,207.67,0.626,79.72,649,2,App,7,1200,140,450
2024-07-03,Andaman,11.7401,92.6586,0,7,2,37.4,0,1207.81,-1.0,83.61,476,3,Web,9,900,120,300
2025-05-02,Kerala,10.8505,76.2711,0,5,4,36.4,0,964.49,-0.341,74.95,620,2,Kiosk,2,1700,220,700
2025-08-07,Jaipur,26.9124,75.7873,0,8,3,33.6,0,421.91,-0.673,66.47,762,2,Kiosk,7,1500,180,600
2025-01-26,Varanasi,25.3176,82.9739,1,1,6,20.1,0,540.87,0.106,47.54,579,1,App,11,1400,160,500
2024-10-29,Jaipur,26.9124,75.7873,0,10,1,24.2,0,220.31,0.317,60.1,408,2,Web,3,1500,180,600
2024-08-07,Kerala,10.8505,76.2711,0,8,2,34.9,0,284.61,-0.345,69.74,758,3,Web,10,1700,220,700
2024-12-12,Jaipur,26.9124,75.7873,0,12,3,16.3,0,159.48,0.804,63.21,786,1,Kiosk,11,1500,180,600
2025-01-02,Manali,32.2432,77.1892,0,1,3,7.0,0,156.82,0.314,78.92,100,2,Kiosk,5,1200,140,450
2024-02-20,Jaipur,26.9124,75.7873,0,2,1,23.1,1,124.92,-0.157,61.99,303,3,Kiosk,5,1500,180,600
2025-07-30,Jaipur,26.9124,75.7873,0,7,2,36.2,0,319.42,0.819,56.23,541,2,Kiosk,17,1500,180,600
2024-07-31,Manali,32.2432,77.1892,0,7,2,24.3,0,293.48,-0.067,85.34,482,3,Web,21,1200,140,450
2025-03-16,Varanasi,25.3176,82.9739,1,3,6,26.9,0,224.1,0.693,40.76,657,2,Web,4,1400,160,500
2025-08-13,Leh,34.1526,77.5771,0,8,2,15.8,0,594.77,0.311,94.95,657,1,Kiosk,13,600,90,220
2024-11-21,Goa,15.2993,74.124,0,11,3,22.4,0,554.24,-0.427,72.25,546,2,Web,9,2000,250,800
2024-08-04,Goa,15.2993,74.124,1,8,6,35.4,0,762.24,-0.412,73.85,655,2,Agent,12,2000,250,800
2024-10-25,Jaipur,26.9124,75.7873,0,10,4,21.3,0,550.5,0.039,68.6,315,1,Kiosk,1,1500,180,600
2025-05-21,Goa,15.2993,74.124,0,5,2,39.6,1,590.06,0.795,70.25,360,2,Agent,5,2000,250,800
2025-01-26,Agra,27.1767,78.0081,1,1,6,16.5,0,387.5,0.048,54.33,332,2,Agent,8,1300,150,550
2024-07-19,Agra,27.1767,78.0081,0,7,4,36.4,1,1535.31,0.099,48.92,610,2,App,5,1300,150,550
2024-08-19,Varanasi,25.3176,82.9739,0,8,0,32.3,0,285.23,-0.045,55.0,672,2,Agent,7,1400,160,500
2025-04-29,Leh,34.1526,77.5771,0,4,1,15.8,0,578.65,0.403,104.29,183,2,Agent,5,600,90,220
2025-06-17,Agra,27.1767,78.0081,0,6,1,37.3,1,204.66,-0.362,48.61,482,2,Kiosk,14,1300,150,550
2024-12-12,Leh,34.1526,77.5771,0,12,3,-0.6,0,399.36,-0.654,81.04,290,2,App,9,600,90,220
2024-02-19,Jaipur,26.9124,75.7873,0,2,0,22.5,0,225.26,-0.01,66.1,303,3,Kiosk,8,1500,180,600
2024-02-21,Kerala,10.8505,76.2711,0,2,2,23.6,0,121.92,0.832,65.82,753,3,Kiosk,5,1700,220,700
2024-01-17,Kerala,10.8505,76.2711,0,1,2,17.6,0,214.55,1.0,74.23,601,1,Kiosk,11,1700,220,700
2024-10-29,Andaman,11.7401,92.6586,0,10,1,22.6,0,944.55,-0.0,102.96,336,2,App,22,900,120,300
2025-08-24,Jaipur,26.9124,75.7873,1,8,6,33.3,0,1254.67,-0.079,62.34,910,4,Kiosk,7,1500,180,600
2024-03-14,Leh,34.1526,77.5771,0,3,3,10.1,0,326.35,0.169,93.47,50,2,Kiosk,14,600,90,220
2024-12-05,Leh,34.1526,77.5771,0,12,3,0.8,0,676.97,-0.088,92.85,169,3,Kiosk,11,600,90,220
2025-03-03,Kerala,10.8505,76.2711,0,3,0,28.9,0,252.31,0.49,68.77,822,1,Kiosk,18,1700,220,700
2025-03-03,Goa,15.2993,74.124,0,3,0,31.4,0,268.06,0.584,77.61,863,2,Kiosk,2,2000,250,800
2024-08-04,Agra,27.1767,78.0081,1,8,6,31.3,0,1329.62,-0.331,54.61,479,3,Agent,19,1300,150,550
2024-02-15,Jaipur,26.9124,75.7873,0,2,3,24.5,0,383.57,-0.318,65.23,603,2,Web,17,1500,180,600
2025-09-06,Jaipur,26.9124,75.7873,1,9,5,27.1,0,182.88,0.069,57.32,387,1,Kiosk,21,1500,180,600
2025-05-14,Jaipur,26.9124,75.7873,0,5,2,37.6,0,1164.96,0.153,68.97,750,1,Agent,21,1500,180,600
2025-08-20,Jaipur,26.9124,75.7873,0,8,2,32.3,1,1098.58,-0.05,55.7,770,3,Agent,1,1500,180,600
2024-05-06,Kerala,10.8505,76.2711,0,5,0,39.5,0,1071.34,-0.098,66.24,801,2,Kiosk,1,1700,220,700
2025-07-07,Manali,32.2432,77.1892,0,7,0,24.5,0,356.91,-0.165,77.81,717,2,App,19,1200,140,450
2024-07-22,Leh,34.1526,77.5771,0,7,0,21.6,0,1003.87,0.386,89.99,71,1,App,15,600,90,220
2025-02-25,Andaman,11.7401,92.6586,0,2,1,21.9,0,109.23,-0.179,95.25,75,2,Agent,9,900,120,300
2024-10-25,Andaman,11.7401,92.6586,0,10,4,23.2,0,120.75,0.566,85.93,627,1,Web,5,900,120,300
2024-05-08,Agra,27.1767,78.0081,0,5,2,35.4,0,633.63,-0.504,41.16,456,3,Agent,16,1300,150,550
2025-08-28,Varanasi,25.3176,82.9739,0,8,3,32.1,0,639.25,0.122,48.53,535,2,App,1,1400,160,500
2025-04-25,Manali,32.2432,77.1892,0,4,4,18.7,0,204.45,0.253,71.11,737,3,Web,5,1200,140,450
2024-02-25,Varanasi,25.3176,82.9739,1,2,6,21.2,0,453.27,0.837,51.72,960,2,App,9,1400,160,500
2025-08-12,Jaipur,26.9124,75.7873,0,8,1,31.2,0,918.93,-0.141,71.29,773,1,Kiosk,1,1500,180,600
2024-03-06,Andaman,11.7401,92.6586,0,3,2,29.1,0,509.23,0.07,92.97,317,3,Web,22,900,120,300
2025-05-06,Kerala,10.8505,76.2711,0,5,1,36.9,0,640.45,0.158,77.59,1156,2,App,2,1700,220,700
2024-01-03,Varanasi,25.3176,82.9739,0,1,2,18.7,0,276.85,-0.482,63.31,217,1,Agent,1,1400,160,500
2024-02-22,Manali,32.2432,77.1892,0,2,3,10.0,0,228.0,-0.858,72.44,229,1,App,21,1200,140,450
2024-10-07,Agra,27.1767,78.0081,0,10,0,23.3,0,289.76,0.049,59.92,294,2,Web,12,1300,150,550
2024-12-30,Jaipur,26.9124,75.7873,0,12,0,18.7,0,53.07,0.327,56.05,491,2,Web,22,1500,180,600
2024-05-02,Andaman,11.7401,92.6586,0,5,3,37.0,0,405.67,-0.111,85.71,556,2,Agent,40,900,120,300
2024-03-01,Andaman,11.7401,92.6586,0,3,4,27.6,0,699.4,0.11,96.03,316,3,App,10,900,120,300
2025-01-15,Kerala,10.8505,76.2711,0,1,2,20.3,1,164.03,-0.291,61.29,430,1,App,5,1700,220,700
2024-06-01,Agra,27.1767,78.0081,1,6,5,36.9,0,815.92,0.617,57.51,617,2,Kiosk,15,1300,150,550
2025-07-28,Varanasi,25.3176,82.9739,0,7,0,34.9,0,340.4,-0.138,47.92,549,2,App,7,1400,160,500
2024-07-22,Varanasi,25.3176,82.9739,0,7,0,33.2,0,272.87,-0.712,45.9,456,2,Agent,19,1400,160,500
2024-05-09,Varanasi,25.3176,82.9739,0,5,3,36.6,0,104.04,-0.355,57.76,819,1,App,7,1400,160,500
2024-03-24,Jaipur,26.9124,75.7873,1,3,6,28.0,0,417.12,-0.294,55.21,614,1,App,17,1500,180,600
2025-01-17,Agra,27.1767,78.0081,0,1,4,19.7,0,111.75,-0.38,37.38,394,2,Agent,10,1300,150,550
2024-03-09,Goa,15.2993,74.124,1,3,5,30.4,0,272.42,0.593,74.98,674,3,Agent,10,2000,250,800
2024-10-08,Varanasi,25.3176,82.9739,0,10,1,22.8,0,398.84,-1.0,48.68,347,2,Web,9,1400,160,500
2024-02-25,Manali,32.2432,77.1892,1,2,6,11.3,0,204.24,0.714,65.21,572,2,Kiosk,7,1200,140,450
2025-06-20,Varanasi,25.3176,82.9739,0,6,4,36.8,0,392.74,0.12,55.39,940,3,Web,13,1400,160,500
2024-06-02,Leh,34.1526,77.5771,1,6,6,20.5,0,153.73,0.026,96.7,217,4,Kiosk,11,600,90,220
2024-04-30,Agra,27.1767,78.0081,0,4,1,31.8,0,253.04,0.379,61.64,315,2,Web,12,1300,150,550
2025-06-14,Kerala,10.8505,76.2711,1,6,5,39.9,1,239.79,0.786,67.26,432,2,Agent,16,1700,220,700
2025-01-22,Varanasi,25.3176,82.9739,0,1,2,20.3,1,182.92,0.691,57.61,594,1,App,26,1400,160,500
2024-06-16,Leh,34.1526,77.5771,1,6,6,19.8,0,586.29,0.034,91.7,793,1,Web,5,600,90,220
2024-09-11,Kerala,10.8505,76.2711,0,9,2,28.1,0,607.95,-0.088,60.48,316,2,Kiosk,14,1700,220,700
2024-04-13,Varanasi,25.3176,82.9739,1,4,5,34.0,0,60.81,-0.238,58.99,729,3,App,9,1400,160,500
2024-02-05,Varanasi,25.3176,82.9739,0,2,0,22.4,0,492.23,0.238,62.06,427,2,Kiosk,13,1400,160,500
2025-01-09,Varanasi,25.3176,82.9739,0,1,3,18.3,0,559.27,-0.38,55.32,391,3,Agent,22,1400,160,500
2025-05-07,Leh,34.1526,77.5771,0,5,2,16.9,0,627.11,-0.527,87.23,354,3,App,16,600,90,220
2024-05-24,Goa,15.2993,74.124,0,5,4,40.1,1,775.26,-1.0,74.58,904,3,Agent,11,2000,250,800
2025-09-30,Manali,32.2432,77.1892,0,9,1,14.5,0,132.19,-0.674,73.63,392,2,Agent,17,1200,140,450
2024-07-03,Andaman,11.7401,92.6586,0,7,2,36.6,0,137.07,0.117,96.11,360,3,Agent,5,900,120,300
2025-02-16,Manali,32.2432,77.1892,1,2,6,12.4,0,432.27,0.733,73.53,722,2,App,28,1200,140,450
2025-06-20,Kerala,10.8505,76.2711,0,6,4,39.3,1,394.95,-0.328,66.31,979,2,Agent,6,1700,220,700
2025-02-07,Goa,15.2993,74.124,0,2,4,24.3,0,463.72,-0.258,79.88,799,1,Agent,23,2000,250,800
2024-11-26,Agra,27.1767,78.0081,0,11,1,18.3,0,269.04,0.287,54.07,158,3,Kiosk,9,1300,150,550
2025-08-20,Varanasi,25.3176,82.9739,0,8,2,32.6,0,119.39,0.448,50.63,444,1,Kiosk,21,1400,160,500
2025-08-10,Goa,15.2993,74.124,1,8,6,36.1,0,744.75,0.08,84.81,883,1,App,17,2000,250,800
2024-11-13,Manali,32.2432,77.1892,0,11,2,5.4,0,554.27,0.636,74.88,650,1,Web,14,1200,140,450
2025-04-20,Goa,15.2993,74.124,1,4,6,34.6,0,170.34,0.13,89.22,870,2,Agent,13,2000,250,800
2025-01-18,Leh,34.1526,77.5771,1,1,5,1.1,0,106.09,-0.139,94.05,315,2,App,13,600,90,220
2024-12-21,Goa,15.2993,74.124,1,12,5,20.8,0,371.36,0.665,81.51,1003,3,Web,8,2000,250,800
2025-03-11,Leh,34.1526,77.5771,0,3,1,10.7,0,555.28,0.243,91.78,326,2,App,9,600,90,220
2025-06-06,Andaman,11.7401,92.6586,0,6,4,35.8,1,147.21,0.896,99.39,424,1,Web,17,900,120,300
2025-07-26,Leh,34.1526,77.5771,1,7,5,20.0,0,409.82,-0.16,103.66,754,3,Web,11,600,90,220
2025-02-16,Manali,32.2432,77.1892,1,2,6,11.4,0,674.07,0.547,64.89,341,2,Agent,4,1200,140,450
2024-02-20,Goa,15.2993,74.124,0,2,1,25.3,0,60.77,-0.72,65.12,450,2,App,7,2000,250,800
2024-07-14,Jaipur,26.9124,75.7873,1,7,6,38.6,0,179.53,0.512,64.61,606,3,Agent,1,1500,180,600
2024-07-05,Leh,34.1526,77.5771,0,7,4,19.9,1,1033.3,0.568,89.65,128,2,App,3,600,90,220
2025-02-20,Jaipur,26.9124,75.7873,0,2,3,24.7,0,484.11,1.0,80.7,671,1,Agent,14,1500,180,600
2024-07-20,Manali,32.2432,77.1892,1,7,5,23.2,0,609.4,0.166,69.26,669,3,Agent,1,1200,140,450
2024-02-14,Jaipur,26.9124,75.7873,0,2,2,21.5,0,311.49,-0.231,62.03,484,2,Agent,32,1500,180,600
2024-05-04,Kerala,10.8505,76.2711,1,5,5,37.4,0,342.24,-0.27,65.92,992,3,Kiosk,4,1700,220,700
2024-08-10,Jaipur,26.9124,75.7873,1,8,5,33.0,0,414.29,0.756,65.68,797,2,Web,19,1500,180,600
2025-08-29,Jaipur,26.9124,75.7873,0,8,4,34.0,0,168.75,0.242,67.38,566,3,Agent,7,1500,180,600
2025-04-15,Leh,34.1526,77.5771,0,4,1,16.8,0,1362.29,-0.227,104.25,608,2,App,12,600,90,220
2024-08-11,Andaman,11.7401,92.6586,1,8,6,32.5,0,520.53,-0.159,82.48,583,2,Kiosk,19,900,120,300
2025-02-18,Varanasi,25.3176,82.9739,0,2,1,21.7,0,888.5,0.274,59.31,559,1,Web,2,1400,160,500
2024-08-19,Jaipur,26.9124,75.7873,0,8,0,32.3,0,64.7,0.299,57.45,907,2,Web,6,1500,180,600
2024-01-27,Leh,34.1526,77.5771,1,1,5,-0.1,0,134.64,0.806,90.66,763,2,Web,55,600,90,220
2025-02-08,Kerala,10.8505,76.2711,1,2,5,24.9,0,92.01,-0.03,74.25,671,1,Web,17,1700,220,700
2024-04-11,Jaipur,26.9124,75.7873,0,4,3,32.8,0,306.41,-0.665,54.99,676,2,App,7,1500,180,600
2025-01-13,Kerala,10.8505,76.2711,0,1,0,21.2,0,293.82,-0.357,66.79,552,3,Kiosk,13,1700,220,700
2025-02-15,Agra,27.1767,78.0081,1,2,5,22.9,0,178.66,-0.481,55.88,423,2,Kiosk,17,1300,150,550
2024-01-05,Agra,27.1767,78.0081,0,1,4,20.9,0,162.75,-0.424,57.51,474,3,Web,5,1300,150,550
2025-05-05,Kerala,10.8505,76.2711,0,5,0,39.5,0,38.99,0.036,71.67,597,1,Kiosk,19,1700,220,700
2024-01-30,Jaipur,26.9124,75.7873,0,1,1,20.6,0,547.78,-0.39,67.53,754,2,Agent,21,1500,180,600
2024-06-09,Manali,32.2432,77.1892,1,6,6,25.9,0,650.53,-0.345,75.21,826,1,Web,5,1200,140,450
2024-04-17,Manali,32.2432,77.1892,0,4,2,20.0,0,687.54,-0.332,70.36,424,1,Agent,8,1200,140,450
2025-04-15,Andaman,11.7401,92.6586,0,4,1,32.8,0,181.47,-0.324,88.11,428,1,App,35,900,120,300
2024-08-04,Goa,15.2993,74.124,1,8,6,33.6,0,629.88,0.135,88.65,878,2,App,24,2000,250,800
2025-06-19,Kerala,10.8505,76.2711,0,6,3,36.5,0,240.85,-0.561,67.94,551,2,Agent,22,1700,220,700
2025-03-03,Jaipur,26.9124,75.7873,0,3,0,26.9,0,313.31,0.769,64.41,725,2,Kiosk,5,1500,180,600
2025-07-05,Agra,27.1767,78.0081,1,7,5,35.8,0,382.58,-0.061,59.28,902,4,Web,42,1300,150,550
2024-02-05,Manali,32.2432,77.1892,0,2,0,8.9,0,536.22,-0.251,73.42,314,2,Kiosk,24,1200,140,450
2024-12-24,Agra,27.1767,78.0081,0,12,1,17.6,0,354.99,1.0,63.89,489,3,Kiosk,33,1300,150,550
2024-10-23,Varanasi,25.3176,82.9739,0,10,2,21.2,0,762.92,0.135,52.75,491,2,Web,10,1400,160,500
2025-01-05,Kerala,10.8505,76.2711,1,1,6,21.2,0,298.97,0.313,73.03,616,3,Kiosk,1,1700,220,700
2024-09-10,Goa,15.2993,74.124,0,9,1,31.0,1,395.32,-0.342,84.22,776,2,Web,12,2000,250,800
2025-01-09,Goa,15.2993,74.124,0,1,3,23.7,1,318.62,0.216,85.53,438,2,Kiosk,8,2000,250,800
2025-05-12,Goa,15.2993,74.124,0,5,0,38.0,0,1308.64,-0.543,95.57,1060,3,Kiosk,20,2000,250,800
2024-02-02,Kerala,10.8505,76.2711,0,2,4,25.1,0,48.6,0.077,57.86,447,1,Web,4,1700,220,700
2025-06-08,Goa,15.2993,74.124,1,6,6,41.5,0,304.63,-0.169,75.98,946,3,Kiosk,11,2000,250,800
2024-11-13,Agra,27.1767,78.0081,0,11,2,19.0,0,105.42,-0.772,45.54,239,1,Agent,10,1300,150,550
2024-10-23,Varanasi,25.3176,82.9739,0,10,2,21.9,0,244.51,0.94,58.96,627,3,App,6,1400,160,500
2024-07-08,Jaipur,26.9124,75.7873,0,7,0,37.4,1,640.83,-0.728,69.64,847,2,App,1,1500,180,600
2024-04-06,Agra,27.1767,78.0081,1,4,5,32.0,0,270.76,-0.356,56.31,728,2,Web,6,1300,150,550
2024-03-16,Leh,34.1526,77.5771,1,3,5,9.3,0,624.17,0.075,97.91,398,2,Kiosk,9,600,90,220
2024-04-09,Leh,34.1526,77.5771,0,4,1,15.0,0,439.21,-0.065,98.18,467,3,Agent,21,600,90,220
2024-12-14,Varanasi,25.3176,82.9739,1,12,5,17.8,0,374.34,0.056,39.9,510,3,Web,2,1400,160,500
2024-01-11,Manali,32.2432,77.1892,0,1,3,7.0,0,422.55,-0.196,67.15,450,2,App,2,1200,140,450
2024-08-24,Varanasi,25.3176,82.9739,1,8,5,32.5,0,826.64,-0.318,51.41,853,3,Kiosk,11,1400,160,500
2024-10-17,Jaipur,26.9124,75.7873,0,10,3,23.0,0,917.03,1.0,55.52,609,3,Kiosk,17,1500,180,600
2024-06-10,Jaipur,26.9124,75.7873,0,6,0,38.3,0,259.66,-0.364,67.24,659,2,App,6,1500,180,600
2024-07-23,Kerala,10.8505,76.2711,0,7,1,37.3,0,997.0,-0.878,65.99,965,1,Web,4,1700,220,700
2025-04-25,Jaipur,26.9124,75.7873,0,4,4,34.4,0,322.55,-0.2,63.36,726,3,Agent,11,1500,180,600
2024-03-19,Varanasi,25.3176,82.9739,0,3,1,26.0,0,121.95,0.377,54.74,782,2,Web,11,1400,160,500
2025-03-18,Kerala,10.8505,76.2711,0,3,1,30.0,0,19.0,0.249,67.23,368,2,Kiosk,20,1700,220,700
2025-07-06,Agra,27.1767,78.0081,1,7,6,34.9,0,190.09,0.166,57.64,746,3,App,12,1300,150,550
2025-04-18,Andaman,11.7401,92.6586,0,4,4,34.7,0,220.78,-0.549,95.39,432,2,App,7,900,120,300
2025-04-05,Kerala,10.8505,76.2711,1,4,5,33.0,0,100.16,0.613,69.7,580,2,Agent,12,1700,220,700
2024-03-11,Goa,15.2993,74.124,0,3,0,30.2,0,347.98,-0.295,82.46,521,2,App,3,2000,250,800
2024-12-22,Kerala,10.8505,76.2711,1,12,6,19.2,0,1103.31,0.259,61.0,542,3,Kiosk,26,1700,220,700
2024-06-03,Varanasi,25.3176,82.9739,0,6,0,36.4,0,327.65,0.05,51.21,471,2,Kiosk,4,1400,160,500
2024-06-05,Goa,15.2993,74.124,0,6,2,42.0,0,735.6,-0.359,79.57,1156,3,Web,14,2000,250,800
2025-02-27,Varanasi,25.3176,82.9739,0,2,3,21.6,0,315.83,-0.133,56.28,522,4,App,3,1400,160,500
2025-07-24,Manali,32.2432,77.1892,0,7,3,22.1,0,78.42,-0.089,69.35,626,1,Agent,1,1200,140,450
2024-01-26,Varanasi,25.3176,82.9739,0,1,4,17.4,0,812.93,0.496,54.97,579,2,Web,7,1400,160,500
2025-06-10,Jaipur,26.9124,75.7873,0,6,1,39.1,0,283.76,-0.273,75.6,597,2,Agent,8,1500,180,600
2024-06-14,Jaipur,26.9124,75.7873,0,6,4,38.9,0,182.68,0.706,61.21,615,1,Kiosk,14,1500,180,600
2024-12-07,Leh,34.1526,77.5771,1,12,5,1.0,0,102.18,0.354,94.24,524,2,Agent,16,600,90,220
2024-03-17,Varanasi,25.3176,82.9739,1,3,6,27.7,0,207.11,0.8,49.96,662,3,Kiosk,13,1400,160,500
2025-03-02,Andaman,11.7401,92.6586,1,3,6,28.4,0,783.45,-0.153,86.98,459,2,Agent,11,900,120,300
2024-06-25,Andaman,11.7401,92.6586,0,6,1,37.1,0,105.99,0.4,93.71,228,3,Agent,12,900,120,300
2024-03-19,Jaipur,26.9124,75.7873,0,3,1,28.5,0,273.3,0.441,62.16,853,2,Web,20,1500,180,600
2024-12-17,Manali,32.2432,77.1892,0,12,1,5.7,0,515.09,0.1,78.15,430,2,App,28,1200,140,450
2025-07-31,Agra,27.1767,78.0081,0,7,3,38.2,0,87.03,-0.169,64.26,570,2,App,25,1300,150,550
2024-08-12,Leh,34.1526,77.5771,0,8,0,14.9,0,303.85,0.368,99.29,238,3,Agent,2,600,90,220
2025-01-05,Kerala,10.8505,76.2711,1,1,6,18.9,0,248.73,-0.071,65.24,580,1,Agent,25,1700,220,700
2024-05-05,Manali,32.2432,77.1892,1,5,6,22.9,0,313.3,0.16,73.34,460,1,Agent,10,1200,140,450
2024-12-18,Jaipur,26.9124,75.7873,0,12,2,18.6,0,351.47,0.214,67.91,652,2,Web,4,1500,180,600
2024-03-24,Andaman,11.7401,92.6586,1,3,6,27.4,0,641.52,0.11,93.65,588,2,App,10,900,120,300
2024-08-25,Leh,34.1526,77.5771,1,8,6,15.6,0,105.37,-0.554,102.34,670,2,Web,3,600,90,220
2024-07-04,Leh,34.1526,77.5771,0,7,3,19.6,0,1167.73,0.669,97.31,210,1,Kiosk,12,600,90,220
2024-09-18,Leh,34.1526,77.5771,0,9,2,7.7,0,435.51,-0.148,87.98,209,3,Agent,10,600,90,220
2024-08-02,Jaipur,26.9124,75.7873,0,8,4,35.3,0,386.3,0.962,58.32,537,2,Agent,6,1500,180,600
2024-12-06,Manali,32.2432,77.1892,0,12,4,3.2,0,994.76,0.757,72.33,841,2,Web,4,1200,140,450
2024-04-29,Agra,27.1767,78.0081,0,4,0,30.7,1,290.9,0.671,49.05,375,2,Agent,7,1300,150,550
2024-11-13,Jaipur,26.9124,75.7873,0,11,2,20.0,0,442.35,1.0,55.79,629,2,App,4,1500,180,600
2025-05-12,Andaman,11.7401,92.6586,0,5,0,35.7,0,204.33,0.264,99.39,620,1,App,14,900,120,300
2024-11-30,Agra,27.1767,78.0081,1,11,5,18.9,0,311.79,0.11,57.17,505,2,Web,3,1300,150,550
2025-04-02,Leh,34.1526,77.5771,0,4,2,14.8,0,556.26,0.216,109.74,658,1,Agent,23,600,90,220
2025-02-11,Goa,15.2993,74.124,0,2,1,26.0,0,135.93,-0.147,90.01,428,1,Agent,7,2000,250,800
2025-07-30,Varanasi,25.3176,82.9739,0,7,2,34.1,0,255.64,0.685,44.5,438,3,Agent,4,1400,160,500
2025-09-12,Andaman,11.7401,92.6586,0,9,4,28.2,0,1126.78,0.108,82.57,161,2,Web,7,900,120,300
2024-07-09,Andaman,11.7401,92.6586,0,7,1,37.0,0,1025.66,-0.204,95.91,811,3,App,8,900,120,300
2025-01-09,Leh,34.1526,77.5771,0,1,3,1.9,1,247.16,0.13,90.52,5,2,Agent,13,600,90,220
2024-12-31,Jaipur,26.9124,75.7873,0,12,1,17.4,0,452.54,-0.1,61.94,535,3,Agent,16,1500,180,600
2024-07-05,Jaipur,26.9124,75.7873,0,7,4,37.0,0,270.22,0.482,58.24,310,1,Agent,5,1500,180,600
2025-05-16,Manali,32.2432,77.1892,0,5,4,25.4,0,841.0,-0.735,76.56,493,1,Web,29,1200,140,450
2024-12-31,Jaipur,26.9124,75.7873,0,12,1,19.8,0,85.71,0.424,55.15,662,2,Web,15,1500,180,600
2025-07-05,Agra,27.1767,78.0081,1,7,5,37.0,0,80.98,0.011,52.43,672,1,Kiosk,9,1300,150,550
2024-08-12,Andaman,11.7401,92.6586,0,8,0,30.5,0,215.82,-0.14,97.84,675,2,Web,16,900,120,300
2024-03-23,Kerala,10.8505,76.2711,1,3,5,29.5,0,276.92,-0.142,70.55,585,3,Kiosk,23,1700,220,700
2025-02-02,Kerala,10.8505,76.2711,1,2,6,23.7,1,337.81,0.788,71.82,660,3,Agent,22,1700,220,700
2025-03-08,Andaman,11.7401,92.6586,1,3,5,26.7,0,238.14,0.394,100.41,501,3,Agent,8,900,120,300
2024-06-15,Kerala,10.8505,76.2711,1,6,5,37.9,0,222.03,-1.0,65.7,957,3,App,2,1700,220,700
2025-09-28,Kerala,10.8505,76.2711,1,9,6,27.2,0,460.43,0.394,62.15,853,2,Agent,19,1700,220,700
2024-12-29,Manali,32.2432,77.1892,1,12,6,7.2,0,908.87,0.738,72.17,715,2,App,12,1200,140,450
2024-03-25,Agra,27.1767,78.0081,0,3,0,26.6,0,743.32,0.88,59.34,635,2,Agent,1,1300,150,550
2024-08-25,Manali,32.2432,77.1892,1,8,6,19.9,0,221.55,0.286,71.53,683,2,Web,30,1200,140,450
2024-11-27,Agra,27.1767,78.0081,0,11,2,19.0,0,388.65,0.388,67.53,738,2,Web,3,1300,150,550
2024-05-03,Manali,32.2432,77.1892,0,5,4,23.2,0,526.6,0.435,72.32,172,2,Kiosk,2,1200,140,450
2024-06-01,Manali,32.2432,77.1892,1,6,5,25.2,1,324.39,-0.428,68.13,413,2,Kiosk,12,1200,140,450
2025-07-27,Jaipur,26.9124,75.7873,1,7,6,38.5,0,587.35,1.0,69.3,610,2,Web,10,1500,180,600
2024-08-02,Andaman,11.7401,92.6586,0,8,4,33.1,0,179.76,0.366,92.76,246,2,Kiosk,23,900,120,300
2024-02-22,Andaman,11.7401,92.6586,0,2,3,22.9,0,415.15,0.686,88.43,622,1,Web,17,900,120,300
2024-09-29,Goa,15.2993,74.124,1,9,6,30.3,1,593.53,-0.372,81.45,832,3,Agent,1,2000,250,800
2024-05-20,Jaipur,26.9124,75.7873,0,5,0,37.6,0,100.08,-0.023,55.59,677,2,Web,5,1500,180,600
2025-05-19,Varanasi,25.3176,82.9739,0,5,0,36.9,0,242.95,-0.095,48.08,523,2,App,6,1400,160,500
2024-11-30,Kerala,10.8505,76.2711,1,11,5,19.7,0,114.11,-0.543,72.54,669,3,App,8,1700,220,700
2024-10-26,Leh,34.1526,77.5771,1,10,5,4.6,0,299.04,0.049,89.87,177,3,Kiosk,8,600,90,220
2025-06-05,Andaman,11.7401,92.6586,0,6,3,38.3,0,49.02,-0.288,87.07,331,2,Agent,3,900,120,300
2024-03-13,Leh,34.1526,77.5771,0,3,2,9.1,1,553.99,0.354,95.3,600,2,App,8,600,90,220
2025-05-16,Goa,15.2993,74.124,0,5,4,41.0,0,217.39,-0.176,82.17,862,2,Agent,7,2000,250,800
2025-04-19,Andaman,11.7401,92.6586,1,4,5,33.5,1,794.1,0.377,91.25,427,1,Kiosk,15,900,120,300
2025-02-02,Manali,32.2432,77.1892,1,2,6,9.8,0,535.77,-0.642,74.26,563,2,Kiosk,26,1200,140,450
2025-03-09,Leh,34.1526,77.5771,1,3,6,9.3,0,733.35,-0.57,94.54,468,2,App,22,600,90,220
2024-10-19,Manali,32.2432,77.1892,1,10,5,9.7,0,391.4,-0.157,73.52,86,2,Kiosk,8,1200,140,450
2024-05-25,Kerala,10.8505,76.2711,1,5,5,38.9,0,394.73,-0.153,66.04,954,2,App,11,1700,220,700
2025-04-08,Leh,34.1526,77.5771,0,4,1,14.4,0,905.01,-0.323,97.79,727,2,App,12,600,90,220
2025-05-10,Andaman,11.7401,92.6586,1,5,5,36.6,0,61.97,0.824,96.9,388,3,Web,4,900,120,300
2024-06-20,Andaman,11.7401,92.6586,0,6,3,37.2,0,766.97,-0.205,92.8,627,2,Web,17,900,120,300
2025-03-24,Kerala,10.8505,76.2711,0,3,0,27.4,0,640.34,0.708,68.49,944,3,Web,18,1700,220,700
2024-11-21,Varanasi,25.3176,82.9739,0,11,3,18.0,0,306.47,0.407,54.29,472,3,Agent,8,1400,160,500
2024-12-12,Varanasi,25.3176,82.9739,0,12,3,18.7,0,684.79,-0.19,39.23,544,3,Agent,1,1400,160,500
2024-03-09,Manali,32.2432,77.1892,1,3,5,15.1,1,202.41,-1.0,71.94,331,2,Kiosk,21,1200,140,450
2024-09-22,Kerala,10.8505,76.2711,1,9,6,28.0,0,603.12,-0.341,51.09,478,1,App,9,1700,220,700
2024-08-15,Kerala,10.8505,76.2711,0,8,3,33.6,0,203.79,0.337,68.35,872,3,Kiosk,3,1700,220,700
2024-03-07,Varanasi,25.3176,82.9739,0,3,3,28.1,0,805.79,1.0,52.4,752,2,App,13,1400,160,500
2024-12-22,Goa,15.2993,74.124,1,12,6,18.7,0,321.49,-0.359,72.63,635,3,Kiosk,13,2000,250,800
2024-06-03,Varanasi,25.3176,82.9739,0,6,0,35.3,0,406.44,0.029,48.71,621,1,Web,2,1400,160,500
2024-04-01,Manali,32.2432,77.1892,0,4,0,18.8,0,326.78,-0.185,82.61,584,2,Agent,19,1200,140,450
2024-06-13,Kerala,10.8505,76.2711,0,6,3,40.4,0,350.87,-0.35,68.77,734,2,App,9,1700,220,700
2024-01-12,Goa,15.2993,74.124,0,1,4,21.4,0,343.25,0.326,65.83,542,2,Kiosk,6,2000,250,800
2025-05-29,Leh,34.1526,77.5771,0,5,3,18.0,0,569.78,0.111,95.04,836,2,App,23,600,90,220
2025-01-24,Kerala,10.8505,76.2711,0,1,4,21.2,0,490.95,0.317,68.46,511,1,Agent,16,1700,220,700
2024-05-23,Jaipur,26.9124,75.7873,0,5,3,37.7,0,635.42,-0.203,69.03,752,2,Kiosk,10,1500,180,600
2024-12-14,Leh,34.1526,77.5771,1,12,5,0.5,0,34.72,-0.852,92.88,258,2,Kiosk,12,600,90,220
2025-05-05,Manali,32.2432,77.1892,0,5,0,25.1,1,813.37,-0.475,73.48,557,2,Kiosk,3,1200,140,450
2024-06-03,Jaipur,26.9124,75.7873,0,6,0,38.0,1,360.28,0.788,61.98,428,2,Web,23,1500,180,600
2025-06-21,Varanasi,25.3176,82.9739,1,6,5,37.5,0,212.62,-0.1,50.37,614,3,Agent,1,1400,160,500
2025-09-11,Agra,27.1767,78.0081,0,9,3,26.3,0,646.2,-0.553,56.4,451,2,Web,2,1300,150,550
2024-05-18,Jaipur,26.9124,75.7873,1,5,5,36.8,0,200.0,0.55,64.59,825,3,Web,10,1500,180,600
2024-01-16,Jaipur,26.9124,75.7873,0,1,1,19.5,0,366.56,-0.218,67.89,291,4,Kiosk,32,1500,180,600
2024-02-26,Andaman,11.7401,92.6586,0,2,0,24.5,0,100.63,-0.298,91.29,25,2,Kiosk,18,900,120,300
2025-02-28,Leh,34.1526,77.5771,0,2,4,4.6,0,726.32,-0.627,90.78,105,1,App,12,600,90,220
2024-05-14,Varanasi,25.3176,82.9739,0,5,1,34.9,0,852.23,0.089,57.49,656,2,Kiosk,19,1400,160,500
2025-09-10,Leh,34.1526,77.5771,0,9,2,11.2,0,205.73,-0.465,95.62,167,3,App,6,600,90,220
2025-09-23,Varanasi,25.3176,82.9739,0,9,1,26.6,0,591.98,0.605,52.75,947,3,Agent,11,1400,160,500
2025-09-08,Goa,15.2993,74.124,0,9,0,29.8,0,238.06,0.129,81.52,814,1,App,19,2000,250,800
2024-03-23,Leh,34.1526,77.5771,1,3,5,11.8,1,560.71,-0.264,105.52,173,2,Kiosk,12,600,90,220
2024-09-24,Goa,15.2993,74.124,0,9,1,30.1,1,264.03,0.764,71.08,879,1,Agent,7,2000,250,800
2024-05-13,Andaman,11.7401,92.6586,0,5,0,37.6,0,251.59,0.601,99.16,105,1,Agent,12,900,120,300
2025-09-07,Andaman,11.7401,92.6586,1,9,6,26.4,0,707.67,0.022,98.77,564,2,App,11,900,120,300
2024-09-08,Leh,34.1526,77.5771,1,9,6,11.6,0,326.68,0.893,94.62,588,1,Web,5,600,90,220
2024-09-06,Kerala,10.8505,76.2711,0,9,4,28.3,0,93.63,-0.606,69.15,336,2,Agent,6,1700,220,700
2024-10-26,Manali,32.2432,77.1892,1,10,5,10.0,0,211.26,0.182,66.97,332,2,Agent,3,1200,140,450
2024-10-19,Andaman,11.7401,92.6586,1,10,5,23.0,0,229.12,0.726,90.01,498,1,Agent,4,900,120,300
2024-07-06,Andaman,11.7401,92.6586,1,7,5,36.3,0,511.39,0.416,91.85,405,1,Web,10,900,120,300
2024-02-01,Jaipur,26.9124,75.7873,0,2,3,21.8,0,911.35,-0.359,68.07,647,1,App,2,1500,180,600
2024-09-27,Agra,27.1767,78.0081,0,9,4,25.9,0,63.7,0.215,47.12,167,2,Kiosk,9,1300,150,550
2024-09-03,Andaman,11.7401,92.6586,0,9,1,27.7,0,369.96,1.0,95.02,324,2,Kiosk,17,900,120,300
2024-10-05,Andaman,11.7401,92.6586,1,10,5,23.9,0,423.1,0.497,94.26,432,3,App,6,900,120,300
2024-07-22,Agra,27.1767,78.0081,0,7,0,35.0,0,926.35,0.016,40.34,495,2,Agent,6,1300,150,550
2024-07-08,Goa,15.2993,74.124,0,7,0,37.3,0,223.39,0.426,71.81,343,3,Agent,6,2000,250,800
2025-06-11,Manali,32.2432,77.1892,0,6,2,24.6,1,812.92,0.06,70.48,340,1,Kiosk,14,1200,140,450
2025-05-09,Agra,27.1767,78.0081,0,5,4,36.1,0,1382.42,-0.126,53.68,763,2,Web,5,1300,150,550
2024-02-06,Leh,34.1526,77.5771,0,2,1,4.4,1,35.89,0.633,87.46,354,2,Agent,5,600,90,220
2024-03-07,Jaipur,26.9124,75.7873,0,3,3,28.2,0,770.45,0.442,60.05,584,3,Agent,20,1500,180,600
2024-11-19,Andaman,11.7401,92.6586,0,11,1,19.4,0,1906.69,-0.237,76.21,249,3,Kiosk,1,900,120,300
2024-07-10,Manali,32.2432,77.1892,0,7,2,24.5,0,507.04,1.0,69.46,255,1,App,12,1200,140,450
2024-09-09,Leh,34.1526,77.5771,0,9,0,7.2,0,411.32,0.194,88.05,18,2,Kiosk,20,600,90,220
2025-03-24,Agra,27.1767,78.0081,0,3,0,28.6,0,387.24,-0.609,62.53,422,2,Kiosk,13,1300,150,550
2025-08-21,Leh,34.1526,77.5771,0,8,3,14.4,0,186.11,-0.74,98.83,348,1,Web,8,600,90,220
2025-04-06,Goa,15.2993,74.124,1,4,6,33.2,0,231.89,1.0,81.67,389,1,Agent,42,2000,250,800
2025-01-13,Leh,34.1526,77.5771,0,1,0,2.3,0,294.09,0.188,104.64,205,2,Agent,8,600,90,220
2025-05-24,Goa,15.2993,74.124,1,5,5,37.6,1,316.33,0.863,72.04,744,2,App,5,2000,250,800
2024-09-15,Leh,34.1526,77.5771,1,9,6,11.1,0,594.04,0.645,93.33,436,1,Agent,23,600,90,220
2025-05-06,Goa,15.2993,74.124,0,5,1,40.0,0,483.03,0.324,89.72,1205,2,Web,12,2000,250,800
2024-07-02,Jaipur,26.9124,75.7873,0,7,1,37.1,0,635.2,-0.133,67.61,756,1,Kiosk,7,1500,180,600
2025-07-08,Kerala,10.8505,76.2711,0,7,1,35.9,0,314.11,-0.044,66.04,716,1,App,13,1700,220,700
2024-07-23,Kerala,10.8505,76.2711,0,7,1,39.4,0,210.49,-0.098,61.93,817,2,Agent,6,1700,220,700
2025-07-01,Manali,32.2432,77.1892,0,7,1,22.1,0,544.68,0.256,76.93,698,2,Web,10,1200,140,450
2024-05-01,Varanasi,25.3176,82.9739,0,5,2,37.8,0,43.75,-0.132,49.35,534,2,Agent,15,1400,160,500
2024-06-26,Agra,27.1767,78.0081,0,6,2,37.7,0,1066.23,-0.072,48.13,389,3,Kiosk,31,1300,150,550
2025-01-26,Goa,15.2993,74.124,1,1,6,21.4,0,572.11,-0.155,76.84,895,2,App,70,2000,250,800
2025-06-29,Agra,27.1767,78.0081,1,6,6,36.7,1,115.0,0.818,54.69,182,1,Kiosk,7,1300,150,550
2024-12-02,Kerala,10.8505,76.2711,0,12,0,17.4,0,367.37,-0.067,67.77,417,2,Kiosk,23,1700,220,700
2024-12-16,Jaipur,26.9124,75.7873,0,12,0,17.1,0,1228.72,0.161,49.95,613,2,Web,14,1500,180,600
2024-09-17,Andaman,11.7401,92.6586,0,9,1,27.6,0,747.82,-0.874,81.16,111,3,Agent,20,900,120,300
2025-01-06,Varanasi,25.3176,82.9739,0,1,0,18.9,0,21.81,-0.098,49.86,148,3,Agent,17,1400,160,500
2024-11-22,Jaipur,26.9124,75.7873,0,11,4,19.7,0,119.44,-0.736,65.7,605,2,App,9,1500,180,600
2025-06-12,Goa,15.2993,74.124,0,6,3,39.7,0,262.8,0.135,85.13,769,2,Web,9,2000,250,800
2025-06-16,Jaipur,26.9124,75.7873,0,6,0,37.8,0,179.89,0.046,48.81,721,2,App,17,1500,180,600
2025-08-06,Leh,34.1526,77.5771,0,8,2,13.9,0,188.3,0.644,84.59,93,3,Web,8,600,90,220
2024-03-21,Kerala,10.8505,76.2711,0,3,3,27.6,0,484.08,-0.114,75.29,859,1,Web,20,1700,220,700
2025-07-09,Andaman,11.7401,92.6586,0,7,2,36.1,0,655.16,-0.563,83.64,488,1,App,33,900,120,300
2024-05-10,Agra,27.1767,78.0081,0,5,4,34.6,0,207.53,0.564,62.11,380,3,Kiosk,5,1300,150,550
2025-08-05,Andaman,11.7401,92.6586,0,8,1,34.1,0,232.85,-0.375,82.98,535,2,Agent,20,900,120,300
2025-03-04,Manali,32.2432,77.1892,0,3,1,14.9,0,279.28,-0.118,74.59,236,3,Web,3,1200,140,450
2024-06-08,Goa,15.2993,74.124,1,6,5,40.0,0,131.93,0.01,84.79,722,2,Agent,2,2000,250,800
2025-07-15,Jaipur,26.9124,75.7873,0,7,1,37.8,0,530.11,0.157,59.6,723,2,App,5,1500,180,600
2025-01-05,Agra,27.1767,78.0081,1,1,6,18.7,0,988.87,0.139,59.28,669,2,Web,10,1300,150,550
2025-04-03,Varanasi,25.3176,82.9739,0,4,3,31.2,1,320.62,-1.0,62.12,485,2,Agent,15,1400,160,500
2024-11-25,Jaipur,26.9124,75.7873,0,11,0,20.6,0,114.13,-0.17,60.19,540,2,Kiosk,27,1500,180,600
2024-07-17,Jaipur,26.9124,75.7873,0,7,2,35.4,0,93.63,0.283,59.8,638,2,Web,23,1500,180,600
2025-02-08,Kerala,10.8505,76.2711,1,2,5,23.2,0,96.33,-0.339,72.2,532,2,Agent,8,1700,220,700
2025-03-27,Agra,27.1767,78.0081,0,3,3,28.2,0,191.11,-0.147,61.41,530,1,Web,3,1300,150,550
2024-02-14,Leh,34.1526,77.5771,0,2,2,4.3,0,301.06,0.613,105.51,571,1,Web,14,600,90,220
2025-01-11,Andaman,11.7401,92.6586,1,1,5,18.0,0,207.17,0.522,91.66,652,2,Web,7,900,120,300
2024-08-23,Goa,15.2993,74.124,0,8,4,34.9,0,347.3,1.0,76.88,500,3,App,4,2000,250,800
2024-06-02,Varanasi,25.3176,82.9739,1,6,6,36.7,0,255.38,-0.165,46.89,525,3,Agent,15,1400,160,500
2025-06-11,Agra,27.1767,78.0081,0,6,2,37.5,0,86.29,0.343,54.43,542,4,Web,9,1300,150,550
2024-01-25,Jaipur,26.9124,75.7873,0,1,3,17.7,0,338.64,0.004,58.83,290,3,Agent,15,1500,180,600
2024-12-09,Goa,15.2993,74.124,0,12,0,17.3,0,57.85,-1.0,71.6,682,1,Agent,12,2000,250,800
2024-10-10,Jaipur,26.9124,75.7873,0,10,3,23.7,0,249.58,-0.3,68.58,372,4,Kiosk,6,1500,180,600
2025-03-22,Leh,34.1526,77.5771,1,3,5,8.7,0,610.9,-0.006,100.69,315,2,Web,5,600,90,220
2024-04-27,Varanasi,25.3176,82.9739,1,4,5,32.6,0,348.36,-0.233,54.98,727,2,Agent,4,1400,160,500
2024-10-26,Goa,15.2993,74.124,1,10,5,25.1,0,141.24,0.411,80.43,880,3,Kiosk,6,2000,250,800
2024-08-06,Leh,34.1526,77.5771,0,8,1,14.6,0,264.31,-0.48,90.94,373,3,App,14,600,90,220
2024-04-19,Manali,32.2432,77.1892,0,4,4,21.5,0,617.64,0.3,79.39,688,3,App,5,1200,140,450
2025-03-18,Andaman,11.7401,92.6586,0,3,1,27.7,0,597.45,0.486,93.52,513,2,Kiosk,12,900,120,300
2024-09-08,Leh,34.1526,77.5771,1,9,6,9.3,0,205.11,0.15,101.45,247,3,Agent,13,600,90,220
2025-05-29,Manali,32.2432,77.1892,0,5,3,24.4,0,574.59,-0.229,62.87,633,2,Kiosk,3,1200,140,450
2024-08-27,Manali,32.2432,77.1892,0,8,1,20.3,0,111.63,0.543,70.82,117,3,Kiosk,21,1200,140,450
2024-04-26,Leh,34.1526,77.5771,0,4,4,14.5,0,384.09,-1.0,87.21,334,2,Web,10,600,90,220
2025-06-27,Goa,15.2993,74.124,0,6,4,38.8,0,797.88,-0.512,81.51,954,2,App,5,2000,250,800
2025-04-27,Manali,32.2432,77.1892,1,4,6,18.4,0,479.71,0.121,72.71,942,2,Web,5,1200,140,450
2024-06-12,Varanasi,25.3176,82.9739,0,6,2,35.2,0,461.2,0.306,41.23,724,2,Agent,16,1400,160,500
2025-04-05,Varanasi,25.3176,82.9739,1,4,5,31.9,0,454.29,0.284,50.45,680,3,Kiosk,9,1400,160,500
2024-05-04,Leh,34.1526,77.5771,1,5,5,18.6,0,565.17,0.543,97.59,209,2,Agent,15,600,90,220
2024-06-12,Jaipur,26.9124,75.7873,0,6,2,38.6,1,482.78,-0.256,67.2,903,1,Agent,6,1500,180,600
2025-08-23,Jaipur,26.9124,75.7873,1,8,5,33.5,0,567.46,0.545,55.42,594,1,Agent,7,1500,180,600
2024-10-15,Agra,27.1767,78.0081,0,10,1,20.8,0,598.26,-0.222,52.62,352,1,App,13,1300,150,550
2025-03-04,Jaipur,26.9124,75.7873,0,3,1,27.8,0,164.93,-0.627,61.7,381,2,Web,19,1500,180,600
2025-02-03,Manali,32.2432,77.1892,0,2,0,10.1,0,139.31,-0.155,70.56,86,2,Agent,4,1200,140,450
2024-02-10,Manali,32.2432,77.1892,1,2,5,11.2,0,180.68,-0.315,86.51,150,4,Agent,1,1200,140,450
2025-01-26,Jaipur,26.9124,75.7873,1,1,6,19.3,1,544.31,-1.0,58.01,295,1,Agent,13,1500,180,600
2024-06-16,Kerala,10.8505,76.2711,1,6,6,39.4,0,469.32,0.674,70.27,916,3,Web,16,1700,220,700
2024-11-07,Kerala,10.8505,76.2711,0,11,3,20.8,0,595.42,-0.45,57.94,410,3,Kiosk,25,1700,220,700
2024-09-17,Kerala,10.8505,76.2711,0,9,1,28.0,0,562.09,-0.161,68.39,692,2,Web,8,1700,220,700
2024-05-26,Andaman,11.7401,92.6586,1,5,6,36.5,0,391.72,0.772,91.42,188,3,Kiosk,9,900,120,300
2025-07-19,Varanasi,25.3176,82.9739,1,7,5,37.1,0,374.15,0.319,49.98,461,1,Agent,2,1400,160,500
2024-08-31,Goa,15.2993,74.124,1,8,5,35.0,0,45.35,-0.313,76.31,857,3,Kiosk,13,2000,250,800
2025-06-21,Kerala,10.8505,76.2711,1,6,5,39.6,1,234.16,-0.467,67.99,699,3,Web,3,1700,220,700
2025-07-25,Jaipur,26.9124,75.7873,0,7,4,36.6,0,495.34,0.45,73.01,611,2,Web,20,1500,180,600
2025-02-25,Manali,32.2432,77.1892,0,2,1,13.5,0,317.94,-0.057,64.66,117,1,Agent,2,1200,140,450
2024-11-19,Manali,32.2432,77.1892,0,11,1,7.8,0,194.16,0.593,80.43,620,3,Kiosk,16,1200,140,450
2025-01-03,Manali,32.2432,77.1892,0,1,4,6.4,0,537.33,-0.61,75.1,116,2,Agent,4,1200,140,450
2024-12-25,Goa,15.2993,74.124,0,12,2,19.2,0,248.93,-0.016,72.18,496,2,Web,12,2000,250,800
2024-05-28,Agra,27.1767,78.0081,0,5,1,35.5,0,510.41,0.449,66.58,592,2,Agent,6,1300,150,550
2025-03-13,Goa,15.2993,74.124,0,3,3,28.0,0,469.24,-0.476,75.92,790,1,App,13,2000,250,800
2024-03-17,Leh,34.1526,77.5771,1,3,6,9.3,0,179.44,-0.271,102.27,255,3,Agent,5,600,90,220
2025-07-20,Jaipur,26.9124,75.7873,1,7,6,34.8,0,280.69,-0.39,61.94,735,3,Kiosk,7,1500,180,600
2024-08-17,Varanasi,25.3176,82.9739,1,8,5,30.2,0,344.45,-0.269,52.75,739,2,Web,13,1400,160,500
2024-02-17,Goa,15.2993,74.124,1,2,5,22.2,0,199.41,-0.157,80.29,719,2,Web,1,2000,250,800
2024-06-30,Goa,15.2993,74.124,1,6,6,39.0,0,561.06,0.148,76.88,1120,2,Kiosk,14,2000,250,800
2024-07-03,Leh,34.1526,77.5771,0,7,2,17.5,0,272.07,0.469,92.68,112,3,Web,39,600,90,220
2024-06-24,Agra,27.1767,78.0081,0,6,0,39.0,0,544.09,0.044,58.61,708,2,Web,8,1300,150,550
2024-03-05,Agra,27.1767,78.0081,0,3,1,30.1,0,311.95,-0.125,61.05,476,3,Agent,2,1300,150,550
2024-11-29,Kerala,10.8505,76.2711,0,11,4,20.5,0,235.44,-0.425,58.95,582,2,Agent,8,1700,220,700
2024-06-18,Leh,34.1526,77.5771,0,6,1,18.6,0,792.12,0.565,96.13,188,3,Agent,6,600,90,220
2025-02-15,Kerala,10.8505,76.2711,1,2,5,21.5,0,95.14,-0.378,71.37,581,2,Kiosk,6,1700,220,700
2024-05-25,Jaipur,26.9124,75.7873,1,5,5,37.6,0,616.37,-0.253,70.03,804,3,Agent,5,1500,180,600
2025-07-18,Varanasi,25.3176,82.9739,0,7,4,35.7,0,698.43,-0.036,46.38,435,3,Kiosk,4,1400,160,500
2025-05-08,Manali,32.2432,77.1892,0,5,3,21.4,0,395.47,0.275,75.03,696,3,App,19,1200,140,450
2025-04-24,Andaman,11.7401,92.6586,0,4,3,32.3,0,198.68,-0.399,85.8,261,2,Agent,5,900,120,300
2024-01-03,Leh,34.1526,77.5771,0,1,2,-0.8,0,30.65,0.158,100.62,23,4,Agent,1,600,90,220
2024-04-19,Andaman,11.7401,92.6586,0,4,4,34.6,0,293.22,-0.097,94.18,297,3,Agent,15,900,120,300
2024-03-19,Varanasi,25.3176,82.9739,0,3,1,26.3,0,111.6,-0.096,70.03,453,3,Agent,8,1400,160,500
2025-07-09,Jaipur,26.9124,75.7873,0,7,2,37.0,0,449.22,-0.006,53.3,703,3,Web,16,1500,180,600
2025-01-30,Agra,27.1767,78.0081,0,1,3,19.8,0,408.26,0.57,62.74,859,2,Kiosk,26,1300,150,550
2024-10-30,Leh,34.1526,77.5771,0,10,2,5.0,0,1146.6,-0.609,104.73,172,3,Agent,6,600,90,220
2024-05-13,Jaipur,26.9124,75.7873,0,5,0,38.1,0,426.2,0.91,64.96,477,4,Agent,21,1500,180,600
2025-05-28,Manali,32.2432,77.1892,0,5,2,24.5,0,694.34,-0.687,66.1,362,2,Kiosk,11,1200,140,450
2025-09-07,Kerala,10.8505,76.2711,1,9,6,30.9,0,543.96,0.105,72.67,855,2,App,12,1700,220,700
2025-05-01,Leh,34.1526,77.5771,0,5,3,18.5,0,525.28,0.298,99.82,627,2,Web,6,600,90,220
2024-07-13,Manali,32.2432,77.1892,1,7,5,21.7,0,646.74,0.5,71.23,673,2,Web,11,1200,140,450
2025-07-01,Goa,15.2993,74.124,0,7,1,39.5,0,266.25,-0.381,76.52,819,2,App,24,2000,250,800
2025-01-29,Goa,15.2993,74.124,0,1,2,21.6,0,366.58,-0.109,71.52,439,2,Agent,20,2000,250,800
2024-03-22,Leh,34.1526,77.5771,0,3,4,9.4,0,142.17,0.744,93.37,294,2,Agent,9,600,90,220
2025-04-29,Kerala,10.8505,76.2711,0,4,1,35.4,0,395.06,-0.719,70.54,952,2,App,4,1700,220,700
2024-08-31,Goa,15.2993,74.124,1,8,5,36.1,0,294.59,-1.0,79.65,1036,2,App,10,2000,250,800
2024-05-26,Varanasi,25.3176,82.9739,1,5,6,37.1,0,536.96,-0.065,52.71,682,3,Agent,13,1400,160,500
2025-06-27,Goa,15.2993,74.124,0,6,4,40.1,0,371.7,-0.426,75.16,802,2,App,20,2000,250,800
2025-04-25,Andaman,11.7401,92.6586,0,4,4,32.3,1,907.55,-0.565,87.95,710,2,Kiosk,7,900,120,300
2024-05-22,Goa,15.2993,74.124,0,5,2,39.4,0,461.22,0.717,91.63,858,2,Kiosk,8,2000,250,800
2025-03-09,Jaipur,26.9124,75.7873,1,3,6,26.9,0,320.77,-0.358,61.21,549,1,Agent,11,1500,180,600
2025-02-22,Kerala,10.8505,76.2711,1,2,5,22.0,0,103.37,-0.144,74.92,579,3,Kiosk,9,1700,220,700
2024-05-31,Leh,34.1526,77.5771,0,5,4,17.4,0,57.03,-0.171,95.74,559,1,Web,25,600,90,220
2024-02-06,Kerala,10.8505,76.2711,0,2,1,25.2,0,174.64,-0.219,59.29,310,2,Agent,26,1700,220,700
2024-04-09,Leh,34.1526,77.5771,0,4,1,14.6,0,631.39,0.071,103.71,498,2,Kiosk,9,600,90,220
2025-02-14,Manali,32.2432,77.1892,0,2,4,8.6,0,238.41,-0.698,78.38,425,3,Web,12,1200,140,450
2024-09-15,Jaipur,26.9124,75.7873,1,9,6,28.5,0,656.89,0.274,53.06,422,1,App,8,1500,180,600
2024-03-03,Leh,34.1526,77.5771,1,3,6,9.1,1,27.14,-0.753,101.71,67,2,Web,5,600,90,220
2025-02-22,Kerala,10.8505,76.2711,1,2,5,25.1,0,193.17,0.223,70.39,713,3,Web,8,1700,220,700
2024-02-09,Jaipur,26.9124,75.7873,0,2,4,21.5,0,264.33,0.735,57.32,552,2,Agent,18,1500,180,600
2025-04-17,Varanasi,25.3176,82.9739,0,4,3,34.2,0,379.21,-0.633,53.1,436,1,Kiosk,1,1400,160,500
2025-07-19,Agra,27.1767,78.0081,1,7,5,36.4,0,596.97,0.394,57.76,428,3,Agent,6,1300,150,550
2025-05-28,Kerala,10.8505,76.2711,0,5,2,36.5,0,1018.02,0.522,61.01,404,3,Web,4,1700,220,700
2024-06-21,Varanasi,25.3176,82.9739,0,6,4,35.6,1,196.32,0.639,40.07,321,2,App,3,1400,160,500
2025-05-19,Jaipur,26.9124,75.7873,0,5,0,36.0,0,1023.65,-0.239,73.97,776,3,Agent,7,1500,180,600
2025-06-25,Goa,15.2993,74.124,0,6,2,38.9,0,109.26,-0.027,88.91,693,1,Kiosk,12,2000,250,800
2025-09-09,Leh,34.1526,77.5771,0,9,1,10.4,0,226.61,-1.0,88.8,81,2,Web,22,600,90,220
2025-08-31,Leh,34.1526,77.5771,1,8,6,15.4,0,98.92,-0.482,93.41,633,2,Web,1,600,90,220
2024-05-25,Goa,15.2993,74.124,1,5,5,38.8,0,796.64,-0.177,81.33,986,1,App,6,2000,250,800
2024-01-09,Andaman,11.7401,92.6586,0,1,1,17.8,0,112.26,0.187,82.83,74,3,Kiosk,10,900,120,300
2025-09-03,Jaipur,26.9124,75.7873,0,9,2,25.8,0,407.01,0.366,62.49,820,2,Web,36,1500,180,600
2024-07-11,Goa,15.2993,74.124,0,7,3,37.0,1,431.26,-0.723,69.48,695,3,Agent,8,2000,250,800
2025-02-13,Manali,32.2432,77.1892,0,2,3,10.7,0,401.25,-0.135,67.87,236,2,Web,9,1200,140,450
2024-05-25,Andaman,11.7401,92.6586,1,5,5,35.1,0,361.55,0.015,97.75,755,2,Kiosk,15,900,120,300
2025-05-14,Goa,15.2993,74.124,0,5,2,38.9,0,390.76,0.186,78.5,935,2,App,11,2000,250,800
2025-04-25,Manali,32.2432,77.1892,0,4,4,20.2,0,195.93,-0.223,70.58,696,1,Web,3,1200,140,450
2024-05-13,Manali,32.2432,77.1892,0,5,0,22.4,0,55.11,0.302,72.81,460,2,Kiosk,2,1200,140,450
2024-03-09,Leh,34.1526,77.5771,1,3,5,8.3,0,480.92,0.169,98.56,227,3,Kiosk,8,600,90,220
2024-03-12,Varanasi,25.3176,82.9739,0,3,1,27.7,0,78.64,-0.33,61.71,424,2,Agent,3,1400,160,500
2024-03-12,Jaipur,26.9124,75.7873,0,3,1,27.1,0,359.85,-1.0,64.2,526,2,Kiosk,11,1500,180,600
2024-11-27,Leh,34.1526,77.5771,0,11,2,1.7,0,499.35,0.745,99.1,598,3,Web,5,600,90,220
2025-08-22,Agra,27.1767,78.0081,0,8,4,30.0,0,20.22,-0.244,55.3,755,1,App,5,1300,150,550
2024-07-07,Goa,15.2993,74.124,1,7,6,39.2,0,114.06,-1.0,78.93,1031,3,Web,9,2000,250,800
2024-07-10,Manali,32.2432,77.1892,0,7,2,24.4,0,196.42,1.0,68.6,264,3,Web,7,1200,140,450
2024-07-11,Agra,27.1767,78.0081,0,7,3,34.2,0,810.22,-0.884,59.79,781,3,App,5,1300,150,550
2025-08-24,Goa,15.2993,74.124,1,8,6,34.2,0,102.67,0.619,76.65,599,2,Kiosk,21,2000,250,800
2024-06-22,Manali,32.2432,77.1892,1,6,5,26.4,0,598.18,-0.11,77.56,631,2,Web,15,1200,140,450
2025-02-17,Goa,15.2993,74.124,0,2,0,26.0,0,654.22,-0.271,69.4,573,3,App,8,2000,250,800
2024-01-31,Agra,27.1767,78.0081,0,1,2,18.6,0,243.46,0.125,42.76,297,2,Web,8,1300,150,550
2025-08-24,Leh,34.1526,77.5771,1,8,6,16.5,1,225.9,-0.446,88.44,247,2,Kiosk,6,600,90,220
2024-07-04,Goa,15.2993,74.124,0,7,3,40.1,0,849.46,0.026,80.03,835,2,Agent,11,2000,250,800
2025-09-24,Agra,27.1767,78.0081,0,9,2,27.2,0,1698.12,-0.169,50.72,238,2,Web,36,1300,150,550
2024-12-03,Jaipur,26.9124,75.7873,0,12,1,15.2,0,56.07,0.587,56.63,585,2,Kiosk,8,1500,180,600
2025-09-02,Goa,15.2993,74.124,0,9,1,30.9,0,177.31,0.31,66.79,604,1,Kiosk,4,2000,250,800
2025-09-24,Leh,34.1526,77.5771,0,9,2,10.7,0,149.35,-0.227,96.13,14,2,Kiosk,11,600,90,220
2024-01-25,Leh,34.1526,77.5771,0,1,3,1.2,0,68.95,0.239,99.94,38,1,Kiosk,10,600,90,220
2025-02-01,Kerala,10.8505,76.2711,1,2,5,23.1,0,346.59,0.27,62.63,559,3,Agent,7,1700,220,700
2024-02-05,Manali,32.2432,77.1892,0,2,0,10.1,0,376.64,-0.068,76.9,180,2,Agent,11,1200,140,450
2025-04-20,Leh,34.1526,77.5771,1,4,6,16.0,0,185.39,0.504,106.05,342,2,Web,1,600,90,220
2025-01-07,Manali,32.2432,77.1892,0,1,1,6.7,0,702.03,-0.219,86.59,629,3,App,2,1200,140,450
2025-08-27,Kerala,10.8505,76.2711,0,8,2,34.3,0,123.84,0.228,66.78,958,2,Web,3,1700,220,700
2025-06-11,Goa,15.2993,74.124,0,6,2,39.2,0,511.56,-0.74,89.27,947,2,App,2,2000,250,800
2025-09-20,Andaman,11.7401,92.6586,1,9,5,28.7,0,423.09,-0.016,89.16,537,1,App,17,900,120,300
2024-02-06,Goa,15.2993,74.124,0,2,1,24.5,1,164.13,-0.551,80.03,421,1,Kiosk,10,2000,250,800
2025-03-09,Agra,27.1767,78.0081,1,3,6,27.9,1,420.51,0.033,58.73,397,2,Web,32,1300,150,550
2024-06-27,Varanasi,25.3176,82.9739,0,6,3,36.9,0,983.83,-0.587,56.27,780,3,App,20,1400,160,500
2025-06-25,Goa,15.2993,74.124,0,6,2,40.9,0,455.12,-0.27,75.71,590,2,Agent,5,2000,250,800
2024-05-03,Kerala,10.8505,76.2711,0,5,4,35.3,0,843.85,-0.365,57.9,853,3,Kiosk,25,1700,220,700
2024-06-19,Manali,32.2432,77.1892,0,6,2,25.7,0,275.65,1.0,77.44,420,3,Kiosk,4,1200,140,450
2024-09-07,Leh,34.1526,77.5771,1,9,5,12.3,0,395.16,1.0,96.45,179,1,Agent,9,600,90,220
2025-05-22,Kerala,10.8505,76.2711,0,5,3,37.3,0,150.01,0.274,66.0,651,3,Agent,14,1700,220,700
2024-11-26,Kerala,10.8505,76.2711,0,11,1,19.6,0,370.7,0.348,63.93,429,2,App,17,1700,220,700
2025-05-08,Jaipur,26.9124,75.7873,0,5,3,38.0,1,568.24,0.43,56.06,250,3,Kiosk,9,1500,180,600
2025-07-23,Jaipur,26.9124,75.7873,0,7,2,37.1,0,320.32,1.0,68.82,478,2,Web,16,1500,180,600
2025-04-18,Goa,15.2993,74.124,0,4,4,34.9,0,1056.14,-0.254,68.29,692,3,Agent,20,2000,250,800
2025-09-07,Kerala,10.8505,76.2711,1,9,6,28.4,0,298.05,0.395,62.71,799,3,Agent,17,1700,220,700
2024-03-15,Goa,15.2993,74.124,0,3,4,30.7,0,145.12,0.39,70.17,966,1,Web,7,2000,250,800
2024-10-05,Varanasi,25.3176,82.9739,1,10,5,21.7,0,642.17,-0.351,42.22,512,2,App,21,1400,160,500
2025-07-05,Jaipur,26.9124,75.7873,1,7,5,34.4,0,384.42,0.891,61.13,700,3,Kiosk,5,1500,180,600
2024-07-22,Jaipur,26.9124,75.7873,0,7,0,37.1,0,277.74,0.169,71.17,679,1,App,8,1500,180,600
2025-07-10,Agra,27.1767,78.0081,0,7,3,35.2,0,365.81,0.035,61.83,714,1,Agent,5,1300,150,550
2024-10-29,Kerala,10.8505,76.2711,0,10,1,22.6,0,2144.81,-0.415,63.86,317,2,Agent,2,1700,220,700
2025-03-05,Goa,15.2993,74.124,0,3,2,31.8,0,176.14,0.158,71.47,791,1,App,7,2000,250,800
2024-09-20,Varanasi,25.3176,82.9739,0,9,4,28.7,1,337.44,-1.0,49.63,393,2,App,21,1400,160,500
2025-07-02,Goa,15.2993,74.124,0,7,2,38.1,0,1382.04,0.6,66.0,719,2,App,1,2000,250,800
2024-03-27,Goa,15.2993,74.124,0,3,2,29.0,0,427.4,1.0,74.92,736,2,Web,15,2000,250,800
2025-05-05,Agra,27.1767,78.0081,0,5,0,35.9,0,942.61,-0.857,61.98,620,3,Kiosk,29,1300,150,550
2024-11-14,Varanasi,25.3176,82.9739,0,11,3,17.8,0,371.98,0.531,48.81,633,3,Agent,25,1400,160,500
2025-04-19,Leh,34.1526,77.5771,1,4,5,15.5,0,359.54,-0.547,101.54,373,2,Web,9,600,90,220
2025-08-08,Goa,15.2993,74.124,0,8,4,34.1,0,190.72,0.475,79.55,508,2,App,6,2000,250,800
2025-02-18,Goa,15.2993,74.124,0,2,1,25.7,0,437.61,1.0,84.62,951,2,Web,14,2000,250,800
2024-08-11,Varanasi,25.3176,82.9739,1,8,6,32.9,0,308.33,-0.116,51.23,764,2,Web,6,1400,160,500
2025-04-22,Jaipur,26.9124,75.7873,0,4,1,32.2,0,636.82,-0.345,62.59,897,2,Web,2,1500,180,600
2024-02-27,Jaipur,26.9124,75.7873,0,2,1,20.3,0,240.89,0.394,61.99,887,2,App,9,1500,180,600
2024-03-31,Goa,15.2993,74.124,1,3,6,28.6,0,162.43,0.127,74.84,631,2,Agent,20,2000,250,800
2024-03-19,Varanasi,25.3176,82.9739,0,3,1,27.4,0,43.6,-0.097,40.13,588,2,App,23,1400,160,500
2024-08-19,Manali,32.2432,77.1892,0,8,0,20.4,1,161.78,-0.632,66.44,707,1,App,4,1200,140,450
2025-07-25,Manali,32.2432,77.1892,0,7,4,23.9,0,345.2,-0.008,71.04,418,3,Agent,13,1200,140,450
2024-02-18,Andaman,11.7401,92.6586,1,2,6,23.4,0,795.25,0.598,93.89,814,2,Web,16,900,120,300
2024-11-13,Leh,34.1526,77.5771,0,11,2,0.8,0,226.53,1.0,104.26,343,3,Web,7,600,90,220
2025-01-12,Agra,27.1767,78.0081,1,1,6,20.3,0,216.2,0.124,56.0,522,3,Web,5,1300,150,550
2024-10-25,Andaman,11.7401,92.6586,0,10,4,23.6,0,1449.87,-0.397,87.45,130,3,Kiosk,3,900,120,300
2025-04-12,Kerala,10.8505,76.2711,1,4,5,36.5,0,263.28,-0.002,75.28,889,3,Web,6,1700,220,700
2024-10-15,Varanasi,25.3176,82.9739,0,10,1,24.4,0,424.46,0.145,44.77,236,2,Agent,10,1400,160,500
2024-01-05,Leh,34.1526,77.5771,0,1,4,3.1,0,698.19,-0.465,84.49,198,2,Agent,8,600,90,220
2025-07-01,Manali,32.2432,77.1892,0,7,1,23.5,0,497.15,0.645,73.98,402,2,Web,12,1200,140,450
2024-12-14,Jaipur,26.9124,75.7873,1,12,5,15.1,0,1552.74,-0.642,62.34,806,1,Web,22,1500,180,600
2024-05-30,Goa,15.2993,74.124,0,5,3,37.6,0,73.76,0.119,89.03,775,3,Web,13,2000,250,800
2025-06-25,Jaipur,26.9124,75.7873,0,6,2,34.5,0,133.74,0.698,70.04,266,2,Agent,16,1500,180,600
2025-02-09,Andaman,11.7401,92.6586,1,2,6,22.1,0,269.59,1.0,87.9,572,4,Kiosk,9,900,120,300
2025-09-15,Varanasi,25.3176,82.9739,0,9,0,26.8,0,847.96,0.104,30.84,316,3,Web,5,1400,160,500
2025-04-27,Manali,32.2432,77.1892,1,4,6,20.9,0,783.5,0.225,81.74,744,2,Agent,4,1200,140,450
2025-01-01,Manali,32.2432,77.1892,0,1,2,6.3,0,140.2,0.181,78.39,508,2,Web,32,1200,140,450
2025-05-29,Leh,34.1526,77.5771,0,5,3,16.0,0,142.96,0.209,89.43,564,2,Web,13,600,90,220
2025-08-17,Leh,34.1526,77.5771,1,8,6,14.3,0,94.39,0.152,93.22,643,2,Web,2,600,90,220
2024-01-31,Goa,15.2993,74.124,0,1,2,22.7,0,327.06,0.028,73.91,507,3,Web,13,2000,250,800
2025-08-16,Andaman,11.7401,92.6586,1,8,5,32.8,0,287.73,0.341,100.75,452,3,App,3,900,120,300
2025-06-05,Andaman,11.7401,92.6586,0,6,3,38.8,0,187.96,0.399,91.26,151,2,App,3,900,120,300
2024-04-05,Kerala,10.8505,76.2711,0,4,4,34.1,0,803.73,-0.599,61.75,933,3,App,6,1700,220,700
2025-03-31,Kerala,10.8505,76.2711,0,3,0,29.8,0,719.81,-1.0,66.38,673,2,App,11,1700,220,700
2024-12-11,Varanasi,25.3176,82.9739,0,12,2,17.3,0,308.83,-0.391,49.5,298,2,Web,15,1400,160,500
2025-08-20,Goa,15.2993,74.124,0,8,2,33.1,0,788.08,-0.259,80.06,1213,1,Web,15,2000,250,800
2025-03-04,Varanasi,25.3176,82.9739,0,3,1,27.4,0,1096.54,-0.019,38.79,258,2,Agent,4,1400,160,500
2024-02-29,Kerala,10.8505,76.2711,0,2,3,24.2,0,348.02,-0.185,66.81,378,3,Kiosk,22,1700,220,700
2024-03-30,Jaipur,26.9124,75.7873,1,3,5,26.8,0,1231.52,0.33,68.03,692,2,Kiosk,5,1500,180,600
2024-09-01,Kerala,10.8505,76.2711,1,9,6,27.4,0,314.31,-0.105,71.75,450,2,App,16,1700,220,700
2024-09-20,Kerala,10.8505,76.2711,0,9,4,30.6,0,515.54,0.086,59.86,485,2,App,43,1700,220,700
2024-11-24,Varanasi,25.3176,82.9739,1,11,6,19.5,0,407.72,-0.079,47.07,559,4,Web,19,1400,160,500
2024-01-06,Kerala,10.8505,76.2711,1,1,5,21.3,0,222.02,-0.512,58.45,730,1,Kiosk,38,1700,220,700
2024-10-09,Varanasi,25.3176,82.9739,0,10,2,22.0,0,371.68,-0.598,49.37,598,2,Web,35,1400,160,500
2025-01-10,Varanasi,25.3176,82.9739,0,1,4,19.6,0,607.54,-0.123,39.68,400,3,Kiosk,4,1400,160,500
2025-01-25,Kerala,10.8505,76.2711,1,1,5,20.5,0,197.7,-0.332,68.53,882,1,App,13,1700,220,700
2024-02-23,Goa,15.2993,74.124,0,2,4,25.7,0,588.19,-0.296,84.5,625,3,Agent,3,2000,250,800
2024-02-10,Andaman,11.7401,92.6586,1,2,5,22.4,0,200.28,0.483,92.37,439,2,App,13,900,120,300
2025-06-17,Manali,32.2432,77.1892,0,6,1,25.4,1,735.34,0.497,73.26,418,2,Web,14,1200,140,450
2024-03-06,Jaipur,26.9124,75.7873,0,3,2,29.9,1,348.9,-0.001,53.43,450,4,App,15,1500,180,600
2024-01-17,Jaipur,26.9124,75.7873,0,1,2,19.2,0,87.44,-0.089,65.33,396,1,App,20,1500,180,600
2024-03-12,Agra,27.1767,78.0081,0,3,1,26.4,0,550.84,-0.109,58.91,636,2,Agent,8,1300,150,550
2024-07-03,Goa,15.2993,74.124,0,7,2,36.6,1,111.35,-0.253,83.99,680,1,Agent,28,2000,250,800
2025-08-15,Goa,15.2993,74.124,0,8,4,35.4,1,735.79,0.133,82.1,861,4,Agent,16,2000,250,800
2024-07-29,Andaman,11.7401,92.6586,0,7,0,37.1,0,193.92,-0.546,92.17,629,2,App,1,900,120,300
2025-08-30,Andaman,11.7401,92.6586,1,8,5,33.3,0,280.79,0.246,79.19,474,2,App,5,900,120,300
2025-07-05,Jaipur,26.9124,75.7873,1,7,5,39.0,0,372.18,-0.333,72.38,729,2,Kiosk,8,1500,180,600
2024-03-17,Varanasi,25.3176,82.9739,1,3,6,27.1,0,840.75,0.345,59.9,690,2,Web,9,1400,160,500
2025-03-16,Agra,27.1767,78.0081,1,3,6,27.2,0,529.64,-0.158,60.07,492,1,Web,15,1300,150,550
2025-03-29,Kerala,10.8505,76.2711,1,3,5,26.6,0,599.03,0.778,70.1,1091,2,Web,12,1700,220,700
2024-12-22,Varanasi,25.3176,82.9739,1,12,6,18.6,0,726.6,0.799,54.49,940,2,Kiosk,12,1400,160,500
2024-11-28,Goa,15.2993,74.124,0,11,3,21.1,0,75.88,0.523,81.34,697,1,Agent,5,2000,250,800
2025-03-08,Varanasi,25.3176,82.9739,1,3,5,24.8,0,424.89,-0.041,39.92,495,2,App,32,1400,160,500
2024-12-15,Varanasi,25.3176,82.9739,1,12,6,18.7,0,322.2,-0.438,54.76,496,2,App,14,1400,160,500
2024-02-13,Leh,34.1526,77.5771,0,2,1,5.7,0,13.11,0.289,89.41,167,2,App,27,600,90,220
2025-03-11,Jaipur,26.9124,75.7873,0,3,1,27.6,0,252.54,-0.118,60.88,368,1,Kiosk,3,1500,180,600
2024-09-24,Kerala,10.8505,76.2711,0,9,1,27.8,0,287.99,-0.013,57.84,713,1,Web,21,1700,220,700
2024-11-28,Leh,34.1526,77.5771,0,11,3,2.2,0,360.95,0.607,92.19,269,3,Kiosk,9,600,90,220
2025-02-17,Varanasi,25.3176,82.9739,0,2,0,21.5,0,119.93,0.138,55.93,291,2,Web,5,1400,160,500
2025-04-05,Agra,27.1767,78.0081,1,4,5,31.1,0,110.48,-0.25,49.88,694,3,Agent,9,1300,150,550
2025-09-25,Agra,27.1767,78.0081,0,9,3,27.2,0,191.54,-0.539,50.09,433,3,Kiosk,9,1300,150,550
2025-06-16,Manali,32.2432,77.1892,0,6,0,24.2,1,212.96,0.169,72.04,517,1,App,1,1200,140,450
2024-05-21,Varanasi,25.3176,82.9739,0,5,1,36.4,0,96.2,0.489,54.83,218,3,Kiosk,10,1400,160,500
2025-04-12,Kerala,10.8505,76.2711,1,4,5,34.4,0,950.38,-0.236,68.35,1112,3,Web,10,1700,220,700
2024-11-12,Agra,27.1767,78.0081,0,11,1,17.9,0,713.58,0.318,42.35,381,2,Kiosk,17,1300,150,550
2024-11-06,Goa,15.2993,74.124,0,11,2,21.5,0,399.47,-0.771,67.0,405,2,Kiosk,2,2000,250,800
2024-02-24,Kerala,10.8505,76.2711,1,2,5,26.5,0,276.52,-0.156,69.18,407,2,Kiosk,26,1700,220,700
2025-08-10,Agra,27.1767,78.0081,1,8,6,34.3,0,177.74,-0.5,53.8,436,2,Kiosk,21,1300,150,550
2024-02-07,Jaipur,26.9124,75.7873,0,2,2,22.6,1,410.26,-0.823,65.91,840,3,App,19,1500,180,600
2025-07-17,Goa,15.2993,74.124,0,7,3,38.9,0,223.38,-0.632,89.76,1017,1,App,23,2000,250,800
2024-05-02,Agra,27.1767,78.0081,0,5,3,33.5,0,494.59,0.121,57.15,911,1,Kiosk,4,1300,150,550
2024-05-01,Varanasi,25.3176,82.9739,0,5,2,38.3,0,343.69,-0.127,49.94,510,2,Agent,5,1400,160,500
2025-01-16,Agra,27.1767,78.0081,0,1,3,17.4,0,209.16,0.726,64.66,609,1,App,6,1300,150,550
2024-08-23,Agra,27.1767,78.0081,0,8,4,32.6,0,174.39,0.874,71.14,281,2,Web,15,1300,150,550
2025-01-12,Agra,27.1767,78.0081,1,1,6,19.4,0,565.7,-0.182,56.48,663,3,Agent,9,1300,150,550
2024-08-14,Manali,32.2432,77.1892,0,8,2,17.9,0,475.55,0.306,61.78,476,3,App,5,1200,140,450
2024-10-08,Jaipur,26.9124,75.7873,0,10,1,22.3,0,177.34,0.479,49.93,640,1,Agent,21,1500,180,600
2025-06-18,Andaman,11.7401,92.6586,0,6,2,36.6,0,613.53,-0.396,86.01,592,3,Kiosk,7,900,120,300
2024-12-11,Manali,32.2432,77.1892,0,12,2,6.0,0,390.92,-0.52,60.24,270,2,Web,8,1200,140,450
2024-09-12,Agra,27.1767,78.0081,0,9,3,25.7,0,112.56,0.575,59.57,774,3,Web,1,1300,150,550
2025-08-24,Varanasi,25.3176,82.9739,1,8,6,34.2,1,571.07,-0.203,57.49,751,2,App,14,1400,160,500
2024-03-30,Manali,32.2432,77.1892,1,3,5,17.0,0,739.92,-0.457,74.18,456,1,Agent,5,1200,140,450
2024-03-13,Goa,15.2993,74.124,0,3,2,30.3,0,456.04,-0.877,82.2,604,2,Kiosk,32,2000,250,800
2024-09-03,Leh,34.1526,77.5771,0,9,1,8.0,1,195.35,0.072,100.83,126,2,Web,16,600,90,220
2025-08-11,Leh,34.1526,77.5771,0,8,0,14.7,1,447.52,-0.819,95.64,469,2,Kiosk,7,600,90,220
2024-04-14,Goa,15.2993,74.124,1,4,6,33.6,0,189.29,-0.681,78.89,873,2,Agent,24,2000,250,800
2024-12-31,Jaipur,26.9124,75.7873,0,12,1,17.2,0,251.86,-0.658,63.35,434,2,Web,12,1500,180,600
2024-04-21,Jaipur,26.9124,75.7873,1,4,6,32.3,0,282.91,0.327,65.97,930,2,App,12,1500,180,600
2024-08-25,Varanasi,25.3176,82.9739,1,8,6,33.1,0,166.4,1.0,48.12,413,1,Agent,12,1400,160,500
2025-01-10,Agra,27.1767,78.0081,0,1,4,18.4,1,230.03,0.435,58.86,689,2,Kiosk,15,1300,150,550
2024-08-07,Manali,32.2432,77.1892,0,8,2,20.9,0,345.03,-0.404,70.3,398,1,Agent,3,1200,140,450
2025-02-03,Manali,32.2432,77.1892,0,2,0,10.5,0,668.1,1.0,75.93,624,3,Agent,5,1200,140,450
2025-03-13,Jaipur,26.9124,75.7873,0,3,3,29.4,0,410.9,0.728,63.69,1182,3,Web,13,1500,180,600
2024-08-02,Varanasi,25.3176,82.9739,0,8,4,31.5,0,665.8,0.563,45.37,518,3,App,24,1400,160,500
2024-10-24,Agra,27.1767,78.0081,0,10,3,22.3,1,113.2,0.307,48.42,357,3,Web,2,1300,150,550
2025-05-07,Andaman,11.7401,92.6586,0,5,2,35.4,0,353.9,0.324,98.4,359,2,Kiosk,31,900,120,300
2024-09-05,Jaipur,26.9124,75.7873,0,9,3,28.9,0,102.7,-1.0,62.42,577,2,Agent,16,1500,180,600
2025-03-26,Manali,32.2432,77.1892,0,3,2,15.6,0,400.56,-0.015,78.02,362,1,Kiosk,11,1200,140,450
2024-05-30,Andaman,11.7401,92.6586,0,5,3,35.6,0,23.58,-0.151,92.02,293,3,Kiosk,10,900,120,300
2025-06-09,Goa,15.2993,74.124,0,6,0,40.5,0,386.66,0.062,88.11,1140,2,Web,7,2000,250,800
2025-08-26,Varanasi,25.3176,82.9739,0,8,1,32.3,1,421.92,-0.064,53.34,683,2,Agent,32,1400,160,500
2024-06-01,Leh,34.1526,77.5771,1,6,5,20.9,1,667.4,-0.025,95.89,497,1,Web,15,600,90,220
2025-06-02,Leh,34.1526,77.5771,0,6,0,21.5,0,413.53,0.222,98.88,614,1,App,11,600,90,220
2024-03-24,Manali,32.2432,77.1892,1,3,6,15.4,0,168.46,0.509,66.39,698,2,Web,12,1200,140,450
2025-07-28,Jaipur,26.9124,75.7873,0,7,0,37.5,0,169.86,-0.413,65.1,687,2,Web,7,1500,180,600
2025-01-27,Manali,32.2432,77.1892,0,1,0,8.4,0,1367.5,-0.507,74.99,323,2,Agent,14,1200,140,450
2024-11-05,Varanasi,25.3176,82.9739,0,11,1,18.0,0,413.58,0.057,46.29,504,2,Web,7,1400,160,500
2025-04-10,Andaman,11.7401,92.6586,0,4,3,32.8,0,250.74,-0.372,86.77,375,2,App,7,900,120,300
2024-07-05,Agra,27.1767,78.0081,0,7,4,34.7,1,237.07,-0.026,49.89,430,2,Agent,29,1300,150,550
2025-08-26,Kerala,10.8505,76.2711,0,8,1,34.0,0,291.61,-0.772,64.37,653,1,Agent,5,1700,220,700
2024-12-19,Varanasi,25.3176,82.9739,0,12,3,15.8,0,81.57,-0.694,46.43,239,3,Agent,12,1400,160,500
2025-05-11,Manali,32.2432,77.1892,1,5,6,23.5,0,153.44,-0.447,72.03,614,3,Kiosk,1,1200,140,450
2024-05-09,Varanasi,25.3176,82.9739,0,5,3,36.5,0,60.22,-0.225,58.43,812,3,Web,4,1400,160,500
2025-06-08,Leh,34.1526,77.5771,1,6,6,21.6,0,529.6,0.963,90.56,354,3,Web,35,600,90,220
2025-02-10,Jaipur,26.9124,75.7873,0,2,0,22.5,0,935.76,-0.658,67.1,795,3,App,11,1500,180,600
2024-12-02,Jaipur,26.9124,75.7873,0,12,0,19.9,0,568.93,0.291,61.84,474,2,Agent,4,1500,180,600
2025-08-08,Varanasi,25.3176,82.9739,0,8,4,30.6,1,196.73,-0.685,50.38,509,2,Kiosk,8,1400,160,500
2024-09-29,Leh,34.1526,77.5771,1,9,6,8.9,0,112.69,0.444,95.35,250,1,Agent,2,600,90,220
2025-04-17,Andaman,11.7401,92.6586,0,4,3,32.0,0,440.26,-0.602,88.02,693,1,Web,1,900,120,300
2025-09-08,Agra,27.1767,78.0081,0,9,0,26.6,1,248.63,0.001,59.82,457,3,App,6,1300,150,550
2025-06-26,Manali,32.2432,77.1892,0,6,3,24.5,1,475.18,-0.513,82.22,825,4,Kiosk,5,1200,140,450
2024-12-20,Varanasi,25.3176,82.9739,0,12,4,15.4,1,389.47,1.0,48.5,592,2,App,16,1400,160,500
2024-08-30,Agra,27.1767,78.0081,0,8,4,32.8,0,365.74,0.432,56.88,219,2,Kiosk,7,1300,150,550
2025-03-15,Agra,27.1767,78.0081,1,3,5,28.0,0,68.0,-0.397,60.71,476,1,Web,9,1300,150,550
2025-07-03,Manali,32.2432,77.1892,0,7,3,23.6,0,319.97,-0.219,64.81,423,2,Agent,11,1200,140,450
2024-09-09,Kerala,10.8505,76.2711,0,9,0,27.9,0,212.62,0.001,62.25,345,2,Agent,12,1700,220,700
2024-01-14,Manali,32.2432,77.1892,1,1,6,5.8,0,499.39,0.24,62.65,430,2,Web,12,1200,140,450
2024-06-21,Goa,15.2993,74.124,0,6,4,42.9,1,114.83,0.28,81.14,768,3,App,7,2000,250,800
2025-05-12,Agra,27.1767,78.0081,0,5,0,37.7,0,622.64,-0.522,60.0,965,1,App,15,1300,150,550
2025-01-02,Kerala,10.8505,76.2711,0,1,3,19.6,0,355.0,0.479,59.52,590,2,Kiosk,2,1700,220,700
2025-05-29,Kerala,10.8505,76.2711,0,5,3,38.6,0,74.94,0.693,74.2,575,3,Agent,11,1700,220,700
2024-06-17,Agra,27.1767,78.0081,0,6,0,35.8,0,276.71,-0.235,55.39,498,3,App,6,1300,150,550
2024-11-17,Goa,15.2993,74.124,1,11,6,21.8,0,338.07,-0.215,73.73,686,2,Web,20,2000,250,800
2024-01-10,Leh,34.1526,77.5771,0,1,2,-0.5,0,536.94,1.0,91.19,533,2,Web,3,600,90,220
2025-04-16,Varanasi,25.3176,82.9739,0,4,2,32.0,0,409.44,-0.26,61.64,951,3,App,1,1400,160,500
2025-02-26,Goa,15.2993,74.124,0,2,2,26.4,0,343.68,0.821,73.18,686,2,Agent,13,2000,250,800
2024-11-18,Andaman,11.7401,92.6586,0,11,0,20.2,0,1541.33,-0.096,84.23,43,1,Kiosk,14,900,120,300
2024-07-09,Agra,27.1767,78.0081,0,7,1,35.0,0,966.7,0.365,53.36,451,2,Kiosk,15,1300,150,550
2025-01-29,Jaipur,26.9124,75.7873,0,1,2,17.2,0,248.05,-0.113,52.7,384,2,Kiosk,5,1500,180,600
2025-05-16,Manali,32.2432,77.1892,0,5,4,24.5,1,706.01,0.126,67.96,580,3,Kiosk,6,1200,140,450
2024-01-19,Varanasi,25.3176,82.9739,0,1,4,17.0,0,451.28,0.737,57.11,593,1,Web,28,1400,160,500
2024-09-15,Jaipur,26.9124,75.7873,1,9,6,27.4,0,497.29,-0.727,54.7,439,1,Web,14,1500,180,600
2024-09-04,Manali,32.2432,77.1892,0,9,2,15.4,0,251.12,1.0,72.42,368,3,Agent,5,1200,140,450
2024-01-30,Manali,32.2432,77.1892,0,1,1,5.0,0,170.34,-0.712,79.02,386,2,Kiosk,1,1200,140,450
2024-07-09,Kerala,10.8505,76.2711,0,7,1,38.7,0,243.16,-0.498,67.56,881,1,Agent,31,1700,220,700
2024-08-13,Agra,27.1767,78.0081,0,8,1,33.4,0,365.33,0.179,53.38,605,2,App,12,1300,150,550
2024-08-02,Manali,32.2432,77.1892,0,8,4,18.8,0,290.31,0.983,74.05,341,1,Agent,10,1200,140,450
2024-01-30,Leh,34.1526,77.5771,0,1,1,2.7,0,485.64,-0.477,79.44,165,3,Agent,14,600,90,220
2025-06-17,Varanasi,25.3176,82.9739,0,6,1,36.5,0,223.83,-0.109,54.92,530,1,App,34,1400,160,500
2025-02-07,Jaipur,26.9124,75.7873,0,2,4,24.6,0,139.65,0.09,77.74,495,1,Agent,11,1500,180,600
2024-01-17,Andaman,11.7401,92.6586,0,1,2,20.5,0,55.09,-0.056,93.87,79,2,Kiosk,10,900,120,300
2025-06-07,Jaipur,26.9124,75.7873,1,6,5,37.9,0,240.51,0.254,63.79,938,2,App,1,1500,180,600
2024-06-12,Goa,15.2993,74.124,0,6,2,41.3,1,261.62,-1.0,76.12,888,3,Agent,5,2000,250,800
2025-01-17,Agra,27.1767,78.0081,0,1,4,20.2,0,434.94,-0.509,57.02,204,3,Agent,4,1300,150,550
2025-09-17,Andaman,11.7401,92.6586,0,9,2,28.8,0,267.25,0.007,92.44,60,2,App,11,900,120,300
2024-08-15,Agra,27.1767,78.0081,0,8,3,32.8,0,323.05,0.537,51.47,481,3,Web,31,1300,150,550
2025-03-17,Kerala,10.8505,76.2711,0,3,0,28.6,0,429.47,0.762,72.19,892,3,Web,5,1700,220,700
2025-09-09,Kerala,10.8505,76.2711,0,9,1,29.8,0,69.9,-0.449,64.19,459,2,Web,15,1700,220,700
2024-09-29,Leh,34.1526,77.5771,1,9,6,9.3,0,602.23,0.804,91.16,483,3,Kiosk,16,600,90,220
2024-11-30,Leh,34.1526,77.5771,1,11,5,2.3,0,497.2,0.16,95.45,551,2,Web,4,600,90,220
2024-12-23,Agra,27.1767,78.0081,0,12,0,17.3,0,136.81,0.349,54.2,571,4,App,1,1300,150,550
2025-08-20,Jaipur,26.9124,75.7873,0,8,2,34.1,0,465.1,0.61,69.24,851,2,App,10,1500,180,600
2025-04-20,Leh,34.1526,77.5771,1,4,6,15.8,0,285.29,0.722,114.11,295,4,Agent,6,600,90,220
2025-09-04,Goa,15.2993,74.124,0,9,3,31.2,1,273.07,-0.163,79.6,508,2,Web,6,2000,250,800
2025-02-06,Leh,34.1526,77.5771,0,2,3,5.3,0,679.01,0.004,91.38,310,2,Web,15,600,90,220
2025-04-06,Manali,32.2432,77.1892,1,4,6,17.7,0,612.68,1.0,69.65,253,1,App,14,1200,140,450
2024-03-25,Kerala,10.8505,76.2711,0,3,0,30.8,0,79.5,0.657,79.89,651,3,Kiosk,15,1700,220,700
2024-03-16,Varanasi,25.3176,82.9739,1,3,5,27.4,0,49.16,-0.138,39.46,432,2,Kiosk,18,1400,160,500
2024-07-03,Manali,32.2432,77.1892,0,7,2,22.2,0,122.47,-0.254,79.53,486,1,Web,5,1200,140,450
2024-08-12,Varanasi,25.3176,82.9739,0,8,0,32.9,0,129.19,-0.94,34.7,720,3,Kiosk,32,1400,160,500
2024-03-26,Leh,34.1526,77.5771,0,3,1,9.4,0,927.84,0.146,99.71,365,2,Kiosk,3,600,90,220
2024-07-13,Jaipur,26.9124,75.7873,1,7,5,36.2,0,277.71,0.773,57.42,619,3,App,7,1500,180,600
2025-08-09,Agra,27.1767,78.0081,1,8,5,31.5,0,612.77,0.519,55.38,392,2,Agent,21,1300,150,550
2024-02-25,Andaman,11.7401,92.6586,1,2,6,23.0,0,35.85,-0.631,97.73,372,4,Web,23,900,120,300
2024-08-02,Varanasi,25.3176,82.9739,0,8,4,30.1,0,400.78,-0.604,50.07,733,1,App,8,1400,160,500
2024-01-23,Varanasi,25.3176,82.9739,0,1,1,16.9,0,235.06,0.432,53.27,538,1,Web,13,1400,160,500
2025-02-26,Leh,34.1526,77.5771,0,2,2,5.0,0,132.68,-0.827,103.02,0,1,Agent,9,600,90,220
2025-07-16,Kerala,10.8505,76.2711,0,7,2,37.7,0,152.0,0.04,65.15,718,2,Web,6,1700,220,700
2025-05-17,Agra,27.1767,78.0081,1,5,5,36.3,0,27.42,0.597,51.29,506,3,Web,2,1300,150,550
2024-09-07,Varanasi,25.3176,82.9739,1,9,5,27.9,1,600.16,-0.756,47.12,504,2,App,28,1400,160,500
2024-02-15,Goa,15.2993,74.124,0,2,3,25.4,0,727.65,-0.289,81.94,680,1,Web,21,2000,250,800
2025-09-02,Goa,15.2993,74.124,0,9,1,31.0,0,192.81,-0.608,77.66,690,2,Web,10,2000,250,800
2024-11-04,Jaipur,26.9124,75.7873,0,11,0,18.7,0,743.73,0.162,57.28,465,2,App,26,1500,180,600
2024-02-08,Kerala,10.8505,76.2711,0,2,3,25.4,0,214.02,1.0,65.02,594,1,Kiosk,13,1700,220,700
2024-11-19,Jaipur,26.9124,75.7873,0,11,1,20.5,0,879.41,1.0,63.44,941,3,Kiosk,7,1500,180,600
2025-08-11,Jaipur,26.9124,75.7873,0,8,0,32.6,0,398.14,-1.0,59.42,692,1,App,4,1500,180,600
2025-06-05,Leh,34.1526,77.5771,0,6,3,19.1,0,57.65,-0.366,84.67,418,2,App,2,600,90,220
2024-11-09,Kerala,10.8505,76.2711,1,11,5,19.9,0,495.14,0.165,71.9,832,2,Web,13,1700,220,700
2024-02-27,Agra,27.1767,78.0081,0,2,1,23.1,0,429.53,-0.281,47.11,570,2,App,15,1300,150,550
2024-03-19,Agra,27.1767,78.0081,0,3,1,26.9,1,523.98,-0.313,56.31,633,2,Kiosk,7,1300,150,550
2025-01-16,Leh,34.1526,77.5771,0,1,3,1.4,0,183.8,-0.216,89.94,161,3,Web,23,600,90,220
2025-05-17,Goa,15.2993,74.124,1,5,5,39.1,0,202.49,0.235,73.34,826,3,Agent,17,2000,250,800
2024-09-03,Kerala,10.8505,76.2711,0,9,1,25.9,0,286.65,-0.823,76.03,513,2,App,6,1700,220,700
2024-07-18,Agra,27.1767,78.0081,0,7,3,34.9,0,706.76,0.065,55.44,680,1,Agent,10,1300,150,550
2024-07-21,Agra,27.1767,78.0081,1,7,6,37.5,0,825.11,-0.034,59.07,988,2,Web,18,1300,150,550
2024-02-13,Goa,15.2993,74.124,0,2,1,25.7,0,61.49,-0.309,87.9,499,1,App,5,2000,250,800
2024-03-30,Kerala,10.8505,76.2711,1,3,5,30.4,0,74.64,-0.477,62.25,721,2,App,11,1700,220,700
2024-06-17,Goa,15.2993,74.124,0,6,0,37.9,0,1059.02,0.54,74.01,426,2,Kiosk,16,2000,250,800
2025-04-01,Varanasi,25.3176,82.9739,0,4,1,32.1,0,367.01,-0.091,46.27,593,2,App,8,1400,160,500
2024-08-23,Jaipur,26.9124,75.7873,0,8,4,33.7,0,394.39,-0.016,71.73,751,2,Kiosk,18,1500,180,600
2024-05-28,Jaipur,26.9124,75.7873,0,5,1,36.3,0,301.45,-0.141,49.31,841,2,Web,19,1500,180,600
2024-01-12,Manali,32.2432,77.1892,0,1,4,6.0,0,1248.4,0.088,75.47,172,3,Kiosk,7,1200,140,450
2024-11-02,Agra,27.1767,78.0081,1,11,5,20.1,0,174.86,0.676,58.83,451,2,Agent,10,1300,150,550
2024-12-23,Goa,15.2993,74.124,0,12,0,18.9,0,418.85,0.273,71.3,657,3,Agent,20,2000,250,800
2024-11-02,Kerala,10.8505,76.2711,1,11,5,21.7,0,694.14,-0.314,65.15,518,1,Web,16,1700,220,700
2024-03-10,Jaipur,26.9124,75.7873,1,3,6,29.8,0,527.92,0.009,64.33,760,3,App,4,1500,180,600
2024-12-01,Leh,34.1526,77.5771,1,12,6,-0.5,0,235.39,-0.262,95.51,90,2,Web,2,600,90,220
2024-04-21,Leh,34.1526,77.5771,1,4,6,15.1,0,635.21,-0.189,100.02,792,2,App,9,600,90,220
2025-03-31,Jaipur,26.9124,75.7873,0,3,0,27.7,0,726.32,0.348,71.21,610,3,App,6,1500,180,600
2024-04-09,Andaman,11.7401,92.6586,0,4,1,33.6,0,266.81,0.316,93.04,328,2,Kiosk,39,900,120,300
2025-01-30,Leh,34.1526,77.5771,0,1,3,2.9,0,404.51,-0.403,86.95,195,1,Agent,4,600,90,220
2024-12-25,Manali,32.2432,77.1892,0,12,2,6.1,1,537.11,-1.0,80.4,416,2,Web,7,1200,140,450
2024-05-08,Goa,15.2993,74.124,0,5,2,37.4,0,348.15,-0.473,80.01,740,2,Agent,14,2000,250,800
2025-01-12,Goa,15.2993,74.124,1,1,6,21.8,0,265.66,0.05,78.16,640,2,Kiosk,5,2000,250,800
2024-02-06,Leh,34.1526,77.5771,0,2,1,4.7,0,113.52,0.265,100.26,134,3,Web,1,600,90,220
2024-05-30,Goa,15.2993,74.124,0,5,3,40.3,0,315.78,0.169,87.82,794,1,App,8,2000,250,800
2024-03-28,Andaman,11.7401,92.6586,0,3,3,29.3,0,146.02,0.152,96.27,179,3,Web,9,900,120,300
2024-04-08,Andaman,11.7401,92.6586,0,4,0,32.9,0,150.25,-0.619,84.81,485,1,Web,23,900,120,300
2025-05-29,Manali,32.2432,77.1892,0,5,3,23.1,0,818.91,0.162,77.13,916,2,App,36,1200,140,450
2025-06-15,Jaipur,26.9124,75.7873,1,6,6,38.0,0,602.38,0.02,49.24,699,2,App,16,1500,180,600
2025-05-23,Leh,34.1526,77.5771,0,5,4,16.9,0,1082.44,0.089,90.21,780,2,App,2,600,90,220
2024-09-11,Kerala,10.8505,76.2711,0,9,2,31.1,0,706.49,0.007,66.2,802,3,Kiosk,17,1700,220,700
2024-04-11,Agra,27.1767,78.0081,0,4,3,32.2,0,298.75,0.094,56.75,427,1,Kiosk,3,1300,150,550
2025-06-10,Leh,34.1526,77.5771,0,6,1,18.5,0,277.24,0.362,98.95,62,2,Agent,13,600,90,220
2025-07-10,Leh,34.1526,77.5771,0,7,3,18.1,0,645.99,-0.373,112.68,772,1,Web,6,600,90,220
2024-03-09,Agra,27.1767,78.0081,1,3,5,25.4,0,380.04,-0.784,63.95,487,3,Web,4,1300,150,550
2025-07-25,Kerala,10.8505,76.2711,0,7,4,37.7,0,760.22,0.996,65.46,366,2,Kiosk,9,1700,220,700
2024-04-02,Varanasi,25.3176,82.9739,0,4,1,32.4,0,408.32,1.0,42.17,165,1,Kiosk,10,1400,160,500
2025-09-23,Kerala,10.8505,76.2711,0,9,1,29.7,0,611.9,-0.436,64.66,720,3,App,5,1700,220,700
2024-01-27,Varanasi,25.3176,82.9739,1,1,5,18.8,0,327.96,0.654,51.47,942,2,App,5,1400,160,500
2024-05-23,Agra,27.1767,78.0081,0,5,3,33.8,0,103.75,0.658,67.8,308,2,Web,5,1300,150,550
2024-09-14,Varanasi,25.3176,82.9739,1,9,5,28.3,0,164.64,-0.186,53.8,530,1,App,7,1400,160,500
2024-05-24,Agra,27.1767,78.0081,0,5,4,35.0,0,27.69,-0.178,59.12,769,2,App,4,1300,150,550
2024-09-20,Manali,32.2432,77.1892,0,9,4,13.8,0,495.15,0.876,73.46,726,1,Web,13,1200,140,450
2024-12-20,Kerala,10.8505,76.2711,0,12,4,20.4,0,1091.1,-0.544,73.43,711,2,Web,4,1700,220,700
2024-12-27,Agra,27.1767,78.0081,0,12,4,18.3,0,385.77,0.712,52.26,472,2,Agent,15,1300,150,550
2025-09-29,Leh,34.1526,77.5771,0,9,0,9.1,0,315.15,0.706,87.6,267,2,Kiosk,12,600,90,220
2024-06-14,Andaman,11.7401,92.6586,0,6,4,36.6,0,393.39,0.249,84.43,587,1,Kiosk,15,900,120,300
2024-03-19,Kerala,10.8505,76.2711,0,3,1,26.2,0,1126.33,1.0,69.05,1032,3,Kiosk,7,1700,220,700
2024-01-29,Kerala,10.8505,76.2711,0,1,0,22.2,0,422.06,0.049,63.7,322,3,Agent,4,1700,220,700
2024-01-05,Varanasi,25.3176,82.9739,0,1,4,17.9,0,637.37,-0.315,56.18,377,2,App,7,1400,160,500
2025-06-05,Manali,32.2432,77.1892,0,6,3,25.0,0,188.59,0.282,74.81,367,3,Kiosk,18,1200,140,450
2025-09-13,Manali,32.2432,77.1892,1,9,5,13.5,0,304.78,0.297,69.57,77,2,Agent,3,1200,140,450
2025-09-16,Manali,32.2432,77.1892,0,9,1,14.8,0,262.34,-0.258,64.61,365,3,Agent,14,1200,140,450
2024-11-30,Varanasi,25.3176,82.9739,1,11,5,17.4,1,573.35,-0.049,42.98,198,2,Kiosk,21,1400,160,500
2024-08-01,Agra,27.1767,78.0081,0,8,3,32.7,0,827.13,1.0,41.77,165,2,Kiosk,10,1300,150,550
2024-02-13,Leh,34.1526,77.5771,0,2,1,5.6,1,231.65,-0.686,94.08,35,3,Kiosk,15,600,90,220
2025-04-16,Leh,34.1526,77.5771,0,4,2,16.4,0,535.04,0.707,101.14,370,3,Kiosk,1,600,90,220
2025-07-13,Manali,32.2432,77.1892,1,7,6,24.1,0,108.4,0.697,61.56,159,1,Kiosk,7,1200,140,450
2025-02-28,Leh,34.1526,77.5771,0,2,4,6.9,0,301.16,0.742,97.51,245,2,Kiosk,12,600,90,220
2024-08-18,Manali,32.2432,77.1892,1,8,6,16.3,0,502.25,0.529,80.44,796,2,Agent,21,1200,140,450
2024-07-29,Varanasi,25.3176,82.9739,0,7,0,35.5,0,44.31,-0.662,58.44,609,1,Agent,2,1400,160,500
2025-07-28,Varanasi,25.3176,82.9739,0,7,0,35.7,0,109.27,0.888,45.5,192,2,Agent,8,1400,160,500
2024-05-13,Kerala,10.8505,76.2711,0,5,0,36.5,0,419.67,-0.602,63.21,652,3,Agent,1,1700,220,700
2024-02-28,Varanasi,25.3176,82.9739,0,2,2,21.8,0,310.89,0.377,54.39,421,2,Agent,14,1400,160,500
2024-02-21,Agra,27.1767,78.0081,0,2,2,21.5,0,155.48,0.017,68.0,406,2,App,4,1300,150,550
2025-08-15,Jaipur,26.9124,75.7873,0,8,4,31.0,0,900.75,-0.776,66.42,847,1,App,13,1500,180,600
2024-08-15,Kerala,10.8505,76.2711,0,8,3,34.1,0,763.22,1.0,63.75,690,2,Web,2,1700,220,700
2025-01-27,Manali,32.2432,77.1892,0,1,0,5.5,0,253.25,-0.844,80.4,275,3,Web,3,1200,140,450
2024-03-30,Kerala,10.8505,76.2711,1,3,5,27.9,0,493.28,0.538,70.8,1125,3,App,34,1700,220,700
2024-10-15,Manali,32.2432,77.1892,0,10,1,10.3,0,194.5,0.85,79.85,460,1,Kiosk,20,1200,140,450
2025-07-01,Goa,15.2993,74.124,0,7,1,39.5,1,441.48,0.126,77.17,812,2,Agent,13,2000,250,800
2024-03-16,Goa,15.2993,74.124,1,3,5,29.2,0,300.12,-0.699,81.22,617,2,Kiosk,2,2000,250,800
2025-09-21,Andaman,11.7401,92.6586,1,9,6,27.3,1,116.38,0.786,84.16,418,2,Web,4,900,120,300
2024-08-20,Manali,32.2432,77.1892,0,8,1,19.5,0,302.91,0.067,69.6,393,4,Kiosk,18,1200,140,450
2025-08-10,Manali,32.2432,77.1892,1,8,6,19.8,0,541.39,0.014,60.78,467,2,App,20,1200,140,450
2024-11-27,Manali,32.2432,77.1892,0,11,2,6.1,0,547.77,0.456,69.09,497,3,App,3,1200,140,450
2024-05-03,Manali,32.2432,77.1892,0,5,4,23.2,0,274.62,-0.116,85.32,745,3,App,16,1200,140,450
2024-01-16,Agra,27.1767,78.0081,0,1,1,18.4,0,809.45,-0.312,56.56,448,1,Agent,16,1300,150,550
2025-02-14,Andaman,11.7401,92.6586,0,2,4,23.5,0,38.33,0.604,103.21,554,2,Kiosk,7,900,120,300
2024-10-12,Goa,15.2993,74.124,1,10,5,22.2,0,197.94,-0.486,74.88,858,3,App,19,2000,250,800
2024-09-29,Agra,27.1767,78.0081,1,9,6,26.4,0,514.16,0.552,55.51,586,1,App,2,1300,150,550
2025-06-21,Varanasi,25.3176,82.9739,1,6,5,37.5,0,757.71,0.656,53.01,589,2,Kiosk,4,1400,160,500
2025-06-04,Kerala,10.8505,76.2711,0,6,2,40.4,0,175.73,0.203,64.71,681,3,Agent,16,1700,220,700
2024-06-13,Leh,34.1526,77.5771,0,6,3,18.7,0,913.55,1.0,107.14,221,2,Kiosk,15,600,90,220
2024-10-17,Leh,34.1526,77.5771,0,10,3,5.7,0,656.07,-0.617,94.57,134,3,Agent,14,600,90,220
2025-01-03,Goa,15.2993,74.124,0,1,4,20.7,0,358.19,0.342,76.48,619,1,Agent,5,2000,250,800
2025-06-10,Leh,34.1526,77.5771,0,6,1,20.8,0,605.37,-0.206,82.94,407,2,Web,14,600,90,220
2025-03-05,Agra,27.1767,78.0081,0,3,2,28.2,0,57.61,0.037,66.68,502,2,Web,9,1300,150,550
2024-12-20,Andaman,11.7401,92.6586,0,12,4,17.3,0,287.3,0.163,91.2,203,4,Web,7,900,120,300
2025-03-11,Varanasi,25.3176,82.9739,0,3,1,27.8,1,713.68,0.122,58.14,444,2,Kiosk,4,1400,160,500
2024-12-25,Jaipur,26.9124,75.7873,0,12,2,20.0,0,233.27,1.0,59.71,684,3,Agent,14,1500,180,600
2025-06-25,Leh,34.1526,77.5771,0,6,2,20.1,0,442.55,-0.163,108.54,568,1,Web,6,600,90,220
2024-08-03,Kerala,10.8505,76.2711,1,8,5,33.5,0,634.4,1.0,52.38,558,2,Agent,13,1700,220,700
2024-01-28,Agra,27.1767,78.0081,1,1,6,17.6,0,741.62,0.011,51.72,204,1,Kiosk,12,1300,150,550
2025-05-10,Leh,34.1526,77.5771,1,5,5,16.8,0,102.08,-0.057,87.55,564,3,App,3,600,90,220
2024-05-16,Andaman,11.7401,92.6586,0,5,3,36.0,0,695.63,-0.161,83.2,635,2,Web,19,900,120,300
2025-03-14,Kerala,10.8505,76.2711,0,3,4,28.4,0,222.16,0.038,69.0,398,1,App,12,1700,220,700
2024-05-02,Leh,34.1526,77.5771,0,5,3,19.8,0,260.59,-0.377,97.36,529,1,Kiosk,9,600,90,220
2025-01-22,Manali,32.2432,77.1892,0,1,2,6.9,0,481.44,-0.264,66.75,223,3,App,47,1200,140,450
2025-05-18,Varanasi,25.3176,82.9739,1,5,6,34.6,0,116.04,0.313,65.01,682,2,Agent,11,1400,160,500
2024-07-29,Manali,32.2432,77.1892,0,7,0,24.6,0,233.37,0.654,64.79,427,3,Web,17,1200,140,450
2024-04-03,Goa,15.2993,74.124,0,4,2,32.8,0,1461.96,-0.245,75.62,712,3,App,19,2000,250,800
2025-07-30,Manali,32.2432,77.1892,0,7,2,24.0,0,235.99,-0.276,76.93,692,1,App,4,1200,140,450
2024-12-10,Manali,32.2432,77.1892,0,12,1,4.8,0,359.84,-0.713,76.49,115,2,Agent,11,1200,140,450
2024-12-29,Leh,34.1526,77.5771,1,12,6,-0.8,0,113.58,-0.449,97.96,110,2,Web,1,600,90,220
2024-04-29,Goa,15.2993,74.124,0,4,0,34.9,0,1192.05,-0.425,81.45,1074,2,Agent,3,2000,250,800
2024-03-04,Goa,15.2993,74.124,0,3,0,28.7,0,720.36,-0.053,77.3,847,4,Kiosk,2,2000,250,800
2024-12-28,Agra,27.1767,78.0081,1,12,5,14.9,0,163.4,-0.457,51.48,508,1,Web,8,1300,150,550
2024-09-27,Leh,34.1526,77.5771,0,9,4,11.4,0,73.49,0.334,105.41,7,1,Kiosk,5,600,90,220
2024-11-06,Agra,27.1767,78.0081,0,11,2,20.3,0,400.27,0.141,54.36,204,2,Kiosk,2,1300,150,550
2024-02-29,Leh,34.1526,77.5771,0,2,3,5.4,1,177.94,0.759,95.42,418,2,App,3,600,90,220
2024-02-21,Kerala,10.8505,76.2711,0,2,2,24.1,0,510.74,-0.015,50.3,659,1,App,5,1700,220,700
2025-07-15,Manali,32.2432,77.1892,0,7,1,25.3,0,248.16,0.827,67.06,247,3,Web,11,1200,140,450
2024-08-30,Goa,15.2993,74.124,0,8,4,32.8,0,373.84,0.979,80.03,397,3,Agent,1,2000,250,800
2024-07-01,Goa,15.2993,74.124,0,7,0,38.6,0,693.8,-0.38,73.56,882,2,Agent,13,2000,250,800
2024-12-03,Jaipur,26.9124,75.7873,0,12,1,17.1,0,352.72,0.498,48.06,613,2,Agent,1,1500,180,600
2025-04-06,Goa,15.2993,74.124,1,4,6,34.2,0,776.39,0.378,84.73,614,2,Agent,19,2000,250,800
2024-12-03,Leh,34.1526,77.5771,0,12,1,1.2,0,959.93,-0.533,88.15,147,2,App,23,600,90,220
2024-08-07,Agra,27.1767,78.0081,0,8,2,32.7,0,221.75,0.091,47.92,425,3,Kiosk,17,1300,150,550
2024-08-31,Leh,34.1526,77.5771,1,8,5,16.5,0,350.69,-0.844,87.34,677,2,App,2,600,90,220
2024-09-02,Andaman,11.7401,92.6586,0,9,0,26.6,1,51.3,-0.593,96.99,52,2,Kiosk,22,900,120,300
2024-04-18,Manali,32.2432,77.1892,0,4,3,20.1,0,820.2,0.296,75.49,756,2,Agent,5,1200,140,450
2025-06-15,Goa,15.2993,74.124,1,6,6,41.1,0,57.19,-0.456,77.17,732,2,Agent,18,2000,250,800
2024-04-12,Manali,32.2432,77.1892,0,4,4,18.0,0,405.43,0.548,73.93,602,3,App,11,1200,140,450
2024-12-18,Leh,34.1526,77.5771,0,12,2,-0.8,0,187.76,-0.544,97.04,149,2,Agent,11,600,90,220
2024-09-08,Leh,34.1526,77.5771,1,9,6,9.8,0,849.03,-0.214,98.37,380,2,Agent,2,600,90,220
2024-01-24,Goa,15.2993,74.124,0,1,2,20.4,0,218.96,-0.32,80.81,721,2,App,11,2000,250,800
2024-12-17,Agra,27.1767,78.0081,0,12,1,18.2,0,535.66,-0.253,61.15,391,2,Kiosk,7,1300,150,550
2025-04-05,Jaipur,26.9124,75.7873,1,4,5,33.2,0,106.19,-0.195,65.7,800,2,Agent,9,1500,180,600
2024-09-19,Andaman,11.7401,92.6586,0,9,3,26.5,0,440.55,0.78,85.61,372,1,Agent,8,900,120,300
2025-05-24,Manali,32.2432,77.1892,1,5,5,23.1,0,146.52,0.333,62.6,756,2,Agent,6,1200,140,450
2025-06-12,Kerala,10.8505,76.2711,0,6,3,40.9,0,153.42,0.221,59.8,619,1,Kiosk,4,1700,220,700
2025-03-22,Leh,34.1526,77.5771,1,3,5,10.1,0,365.35,0.647,94.9,307,3,Agent,7,600,90,220
2024-06-04,Agra,27.1767,78.0081,0,6,1,36.3,0,325.72,0.849,51.53,264,2,Web,10,1300,150,550
2024-06-21,Agra,27.1767,78.0081,0,6,4,37.6,0,179.93,1.0,49.59,256,2,Agent,4,1300,150,550
2025-01-22,Leh,34.1526,77.5771,0,1,2,1.6,0,198.34,0.81,98.82,390,2,Web,13,600,90,220
2025-07-18,Leh,34.1526,77.5771,0,7,4,20.8,0,693.33,0.944,96.57,208,3,Agent,10,600,90,220
2024-04-16,Andaman,11.7401,92.6586,0,4,1,33.1,0,359.34,0.474,93.16,196,3,Web,28,900,120,300
2024-03-05,Agra,27.1767,78.0081,0,3,1,27.3,0,169.36,-0.2,63.22,366,1,App,7,1300,150,550
2024-03-25,Varanasi,25.3176,82.9739,0,3,0,26.5,0,203.29,1.0,50.82,431,1,Kiosk,13,1400,160,500
2025-03-09,Goa,15.2993,74.124,1,3,6,31.6,0,108.28,-0.562,84.92,706,1,Web,1,2000,250,800
2025-04-21,Jaipur,26.9124,75.7873,0,4,0,33.4,0,1387.69,0.114,63.33,829,2,App,51,1500,180,600
2024-02-03,Jaipur,26.9124,75.7873,1,2,5,24.0,0,51.14,-0.22,53.3,636,2,Web,3,1500,180,600
2025-03-14,Leh,34.1526,77.5771,0,3,4,9.4,0,648.06,0.426,101.72,509,3,Web,7,600,90,220
2025-04-18,Jaipur,26.9124,75.7873,0,4,4,33.5,0,169.27,0.828,64.67,305,1,Agent,18,1500,180,600
2024-10-18,Varanasi,25.3176,82.9739,0,10,4,20.9,0,103.17,-0.009,46.35,477,3,Agent,17,1400,160,500
2024-08-24,Jaipur,26.9124,75.7873,1,8,5,32.3,0,458.43,0.355,59.48,617,2,App,19,1500,180,600
2024-09-06,Agra,27.1767,78.0081,0,9,4,26.7,0,563.94,0.637,59.16,643,2,Kiosk,6,1300,150,550
2025-08-27,Kerala,10.8505,76.2711,0,8,2,34.7,0,245.27,1.0,64.02,586,2,Agent,9,1700,220,700
2024-12-04,Goa,15.2993,74.124,0,12,2,18.9,0,1391.36,-0.291,75.99,544,1,App,5,2000,250,800
2024-05-04,Kerala,10.8505,76.2711,1,5,5,38.7,0,730.02,-0.732,68.76,910,3,App,2,1700,220,700
2024-04-02,Kerala,10.8505,76.2711,0,4,1,34.4,0,285.06,0.313,70.13,569,3,Agent,14,1700,220,700
2025-05-14,Manali,32.2432,77.1892,0,5,2,22.3,0,834.17,-0.882,72.12,673,3,Web,31,1200,140,450
2025-03-05,Goa,15.2993,74.124,0,3,2,30.8,0,464.78,-0.565,81.81,825,2,Agent,6,2000,250,800
2024-11-08,Goa,15.2993,74.124,0,11,4,20.6,0,497.4,-1.0,82.88,788,3,Agent,22,2000,250,800
2024-10-21,Jaipur,26.9124,75.7873,0,10,0,23.0,0,418.65,0.008,60.58,419,2,App,4,1500,180,600
2024-07-20,Jaipur,26.9124,75.7873,1,7,5,35.8,0,125.2,0.884,53.15,529,2,Agent,2,1500,180,600
2024-05-11,Manali,32.2432,77.1892,1,5,5,26.1,0,621.68,-0.206,68.58,620,1,Agent,16,1200,140,450
2024-03-13,Jaipur,26.9124,75.7873,0,3,2,26.9,0,390.77,-0.133,67.01,573,2,App,4,1500,180,600
2024-11-21,Goa,15.2993,74.124,0,11,3,22.0,0,1577.29,-0.363,73.5,411,2,Agent,10,2000,250,800
2025-01-30,Kerala,10.8505,76.2711,0,1,3,20.4,0,275.43,0.113,65.8,638,2,Web,13,1700,220,700
2024-03-23,Kerala,10.8505,76.2711,1,3,5,31.3,0,826.86,0.186,66.37,1152,2,Web,13,1700,220,700
2025-08-28,Manali,32.2432,77.1892,0,8,3,19.7,0,741.21,-0.671,67.59,488,2,App,2,1200,140,450
2025-08-23,Manali,32.2432,77.1892,1,8,5,19.2,0,425.3,0.773,64.1,424,2,App,9,1200,140,450
2024-12-01,Kerala,10.8505,76.2711,1,12,6,19.2,0,363.02,-0.967,64.7,418,3,Agent,2,1700,220,700
2024-08-13,Varanasi,25.3176,82.9739,0,8,1,33.5,0,534.94,0.249,61.13,752,3,App,13,1400,160,500
2025-07-30,Goa,15.2993,74.124,0,7,2,38.2,0,172.07,-0.511,95.16,908,2,Kiosk,4,2000,250,800
2025-01-17,Jaipur,26.9124,75.7873,0,1,4,19.2,0,511.03,-0.499,67.26,276,2,Agent,4,1500,180,600
2024-01-18,Manali,32.2432,77.1892,0,1,3,6.4,0,248.52,-0.131,78.67,411,3,Kiosk,14,1200,140,450
2024-09-12,Leh,34.1526,77.5771,0,9,3,11.5,0,266.85,0.13,93.07,219,3,Kiosk,19,600,90,220
2024-04-25,Kerala,10.8505,76.2711,0,4,3,35.7,0,457.18,0.199,67.28,864,3,Web,3,1700,220,700
2024-02-26,Goa,15.2993,74.124,0,2,0,26.9,0,88.38,-0.828,75.86,578,1,Web,16,2000,250,800
2025-05-17,Goa,15.2993,74.124,1,5,5,36.4,0,151.94,-0.196,73.11,859,2,Agent,20,2000,250,800
2025-07-25,Kerala,10.8505,76.2711,0,7,4,38.8,0,649.43,0.521,72.98,615,3,Agent,6,1700,220,700
2024-11-06,Varanasi,25.3176,82.9739,0,11,2,17.1,0,674.66,0.994,49.36,581,2,Web,6,1400,160,500
2024-07-24,Leh,34.1526,77.5771,0,7,2,20.6,1,217.18,-0.463,89.16,374,3,App,14,600,90,220
2024-01-01,Agra,27.1767,78.0081,0,1,0,18.7,0,243.94,-0.141,69.35,465,2,App,4,1300,150,550
2024-08-26,Leh,34.1526,77.5771,0,8,0,15.3,0,648.19,-0.006,107.79,619,2,Agent,16,600,90,220
2024-01-16,Agra,27.1767,78.0081,0,1,1,19.8,0,580.4,-1.0,56.81,392,4,Kiosk,13,1300,150,550
2024-01-07,Manali,32.2432,77.1892,1,1,6,5.7,0,393.75,0.648,74.66,572,3,Agent,9,1200,140,450
2025-01-17,Andaman,11.7401,92.6586,0,1,4,18.3,1,92.38,-0.224,99.65,367,3,Web,5,900,120,300
2024-05-18,Varanasi,25.3176,82.9739,1,5,5,35.7,1,197.65,0.129,44.63,657,1,Kiosk,23,1400,160,500
2024-05-27,Goa,15.2993,74.124,0,5,0,37.6,0,578.82,0.516,91.13,583,1,Agent,4,2000,250,800
2025-02-17,Varanasi,25.3176,82.9739,0,2,0,23.0,0,403.44,1.0,47.42,447,2,Kiosk,1,1400,160,500
2024-06-15,Varanasi,25.3176,82.9739,1,6,5,37.8,0,448.85,0.387,44.62,510,3,App,5,1400,160,500
2024-03-03,Agra,27.1767,78.0081,1,3,6,27.5,0,646.92,0.062,51.39,421,2,Web,6,1300,150,550
2024-04-23,Leh,34.1526,77.5771,0,4,1,14.5,0,316.36,0.262,91.8,362,2,Web,29,600,90,220
2024-11-13,Kerala,10.8505,76.2711,0,11,2,20.5,0,432.97,0.178,63.53,468,3,Web,7,1700,220,700
2024-06-17,Andaman,11.7401,92.6586,0,6,0,36.1,0,202.17,0.42,92.74,110,2,Agent,10,900,120,300
2024-06-18,Leh,34.1526,77.5771,0,6,1,19.5,0,226.82,0.454,95.27,95,2,App,12,600,90,220
2025-09-01,Varanasi,25.3176,82.9739,0,9,0,25.9,0,1178.7,-0.12,47.92,328,3,Web,3,1400,160,500
2024-11-06,Leh,34.1526,77.5771,0,11,2,2.2,0,488.93,0.721,94.75,498,2,App,15,600,90,220
2024-12-14,Jaipur,26.9124,75.7873,1,12,5,18.9,0,828.65,0.594,54.08,782,3,Agent,6,1500,180,600
2025-06-02,Jaipur,26.9124,75.7873,0,6,0,37.7,0,759.27,0.565,61.04,582,2,App,24,1500,180,600
2025-04-07,Goa,15.2993,74.124,0,4,0,33.7,0,244.5,-0.279,78.66,682,2,Agent,17,2000,250,800
2024-01-03,Andaman,11.7401,92.6586,0,1,2,20.9,0,142.56,0.647,80.57,293,3,Agent,2,900,120,300
2025-06-01,Leh,34.1526,77.5771,1,6,6,18.6,0,96.72,0.134,89.66,495,1,Kiosk,8,600,90,220
2024-10-30,Jaipur,26.9124,75.7873,0,10,2,23.0,0,56.01,0.836,55.13,717,2,Web,13,1500,180,600
2025-06-08,Andaman,11.7401,92.6586,1,6,6,38.4,0,319.66,0.803,92.28,381,2,Web,3,900,120,300
2024-12-12,Varanasi,25.3176,82.9739,0,12,3,15.6,1,360.95,-0.644,51.23,476,2,Kiosk,16,1400,160,500
2025-03-17,Leh,34.1526,77.5771,0,3,0,11.4,0,119.66,-0.274,91.45,0,1,Agent,3,600,90,220
2025-03-12,Leh,34.1526,77.5771,0,3,2,10.6,0,260.58,0.188,93.86,76,4,Web,9,600,90,220
2025-08-12,Andaman,11.7401,92.6586,0,8,1,34.0,0,748.94,0.195,92.57,635,2,Web,6,900,120,300
2024-10-07,Kerala,10.8505,76.2711,0,10,0,24.5,0,406.76,-0.249,64.42,475,2,Web,9,1700,220,700
2024-09-07,Kerala,10.8505,76.2711,1,9,5,28.6,0,750.13,-0.54,58.19,387,2,Agent,9,1700,220,700
2025-01-05,Goa,15.2993,74.124,1,1,6,20.1,0,155.67,0.303,80.33,543,2,Agent,10,2000,250,800
2024-12-03,Goa,15.2993,74.124,0,12,1,20.1,0,682.65,0.014,83.35,680,1,App,12,2000,250,800
2024-02-21,Kerala,10.8505,76.2711,0,2,2,21.7,0,368.08,0.928,65.87,837,1,Kiosk,9,1700,220,700
2024-01-06,Kerala,10.8505,76.2711,1,1,5,19.6,0,466.51,0.148,69.91,562,2,Kiosk,9,1700,220,700
2025-03-14,Kerala,10.8505,76.2711,0,3,4,30.1,0,204.88,0.208,71.2,320,2,Agent,24,1700,220,700
2024-03-06,Leh,34.1526,77.5771,0,3,2,10.0,0,134.27,-0.129,93.61,157,2,Web,17,600,90,220
2024-11-02,Goa,15.2993,74.124,1,11,5,22.1,0,108.13,-0.669,64.24,385,2,Agent,12,2000,250,800
2024-01-26,Andaman,11.7401,92.6586,0,1,4,20.9,0,313.58,0.372,76.98,686,3,App,9,900,120,300
2025-07-22,Jaipur,26.9124,75.7873,0,7,1,38.7,0,352.5,1.0,62.21,298,1,Kiosk,13,1500,180,600
2025-02-23,Jaipur,26.9124,75.7873,1,2,6,23.0,0,621.54,-0.333,63.69,749,3,Agent,4,1500,180,600
2024-09-08,Kerala,10.8505,76.2711,1,9,6,28.4,0,90.06,-0.428,58.1,554,1,Agent,23,1700,220,700
2024-10-06,Jaipur,26.9124,75.7873,1,10,6,25.0,0,955.77,-0.571,67.47,789,2,Web,17,1500,180,600
2024-08-12,Jaipur,26.9124,75.7873,0,8,0,33.2,0,501.24,0.69,57.93,493,2,Agent,12,1500,180,600
2024-08-13,Varanasi,25.3176,82.9739,0,8,1,30.0,0,197.77,0.185,47.83,503,2,Kiosk,6,1400,160,500
2024-07-15,Jaipur,26.9124,75.7873,0,7,0,35.3,0,94.75,-0.413,48.53,716,3,App,6,1500,180,600
2025-08-21,Manali,32.2432,77.1892,0,8,3,20.4,0,73.51,-0.35,78.65,457,2,App,11,1200,140,450
2025-04-28,Varanasi,25.3176,82.9739,0,4,0,31.9,0,772.43,-0.017,45.04,521,2,Web,11,1400,160,500
2025-03-19,Jaipur,26.9124,75.7873,0,3,2,29.2,0,516.09,0.322,65.09,572,2,Web,14,1500,180,600
2024-12-25,Agra,27.1767,78.0081,0,12,2,16.5,0,710.77,0.762,65.97,749,1,App,7,1300,150,550
2024-06-30,Andaman,11.7401,92.6586,1,6,6,38.8,0,982.19,-0.279,83.21,606,3,Web,25,900,120,300
2024-12-17,Kerala,10.8505,76.2711,0,12,1,18.9,0,580.66,-0.008,66.16,578,3,Agent,18,1700,220,700
2024-12-17,Goa,15.2993,74.124,0,12,1,21.4,0,274.74,0.169,84.0,524,1,Web,2,2000,250,800
2024-07-31,Manali,32.2432,77.1892,0,7,2,22.0,1,196.67,-0.68,68.55,391,3,Kiosk,33,1200,140,450
2025-07-28,Andaman,11.7401,92.6586,0,7,0,33.9,0,401.42,0.43,89.78,267,1,Kiosk,19,900,120,300
2025-01-20,Varanasi,25.3176,82.9739,0,1,0,18.0,0,444.42,0.139,49.12,322,2,Web,7,1400,160,500
2024-04-18,Andaman,11.7401,92.6586,0,4,3,34.8,0,70.03,-0.547,98.92,644,3,App,2,900,120,300
2024-10-07,Manali,32.2432,77.1892,0,10,0,9.1,0,506.69,-0.681,65.18,169,1,Agent,14,1200,140,450
2024-08-23,Varanasi,25.3176,82.9739,0,8,4,33.2,0,273.66,0.849,45.61,236,1,Agent,3,1400,160,500
2025-04-13,Jaipur,26.9124,75.7873,1,4,6,32.6,0,827.88,0.419,64.34,635,1,App,5,1500,180,600
2024-09-28,Varanasi,25.3176,82.9739,1,9,5,26.1,0,22.73,0.044,49.29,513,1,App,6,1400,160,500
2025-03-19,Jaipur,26.9124,75.7873,0,3,2,26.7,0,427.05,0.151,64.66,568,2,Web,12,1500,180,600
2024-02-28,Varanasi,25.3176,82.9739,0,2,2,20.4,0,51.18,0.459,53.77,497,1,Kiosk,4,1400,160,500
2024-05-06,Andaman,11.7401,92.6586,0,5,0,35.4,0,180.42,-0.414,92.24,327,3,Kiosk,11,900,120,300
2024-12-23,Goa,15.2993,74.124,0,12,0,21.2,0,415.61,0.022,74.14,715,3,Web,15,2000,250,800
2025-04-16,Varanasi,25.3176,82.9739,0,4,2,34.9,0,353.95,0.224,58.25,678,3,Kiosk,9,1400,160,500
2025-06-21,Goa,15.2993,74.124,1,6,5,40.7,1,530.76,-0.278,84.91,972,1,App,16,2000,250,800
2024-01-27,Manali,32.2432,77.1892,1,1,5,6.7,0,152.49,0.101,65.86,646,3,App,5,1200,140,450
2024-04-14,Agra,27.1767,78.0081,1,4,6,31.8,0,561.04,0.129,46.29,690,2,Kiosk,13,1300,150,550
2024-11-25,Andaman,11.7401,92.6586,0,11,0,20.1,0,251.87,0.219,89.42,334,2,Web,6,900,120,300
2024-04-18,Jaipur,26.9124,75.7873,0,4,3,32.4,0,1134.84,0.588,67.74,700,3,Agent,13,1500,180,600
2025-06-26,Goa,15.2993,74.124,0,6,3,36.9,1,474.07,0.322,74.64,919,3,Agent,5,2000,250,800
2024-05-15,Agra,27.1767,78.0081,0,5,2,36.6,0,571.57,-0.642,66.64,774,1,App,14,1300,150,550
2024-12-07,Manali,32.2432,77.1892,1,12,5,5.6,0,170.43,0.467,64.69,586,3,Agent,9,1200,140,450
2024-10-20,Goa,15.2993,74.124,1,10,6,25.4,0,712.18,-0.364,69.25,754,3,App,36,2000,250,800
2024-12-27,Agra,27.1767,78.0081,0,12,4,16.4,0,176.59,-0.045,46.65,230,3,App,3,1300,150,550
2025-01-29,Varanasi,25.3176,82.9739,0,1,2,18.5,0,193.96,0.357,39.2,416,2,Agent,53,1400,160,500
2025-06-06,Kerala,10.8505,76.2711,0,6,4,38.4,0,868.11,-0.727,64.62,912,3,App,20,1700,220,700
2024-08-06,Leh,34.1526,77.5771,0,8,1,16.8,1,331.91,-0.848,86.83,308,2,Agent,7,600,90,220
2024-04-13,Leh,34.1526,77.5771,1,4,5,15.8,0,662.07,0.325,101.65,647,3,Kiosk,16,600,90,220
2025-01-17,Manali,32.2432,77.1892,0,1,4,5.6,0,420.18,0.43,67.2,667,2,Web,15,1200,140,450
2025-01-14,Manali,32.2432,77.1892,0,1,1,6.0,0,222.89,0.18,69.14,141,3,Kiosk,5,1200,140,450
2024-05-21,Kerala,10.8505,76.2711,0,5,1,37.4,0,827.64,-0.622,78.74,854,2,Agent,16,1700,220,700
2025-06-07,Leh,34.1526,77.5771,1,6,5,19.2,1,142.5,-0.08,95.32,349,3,Agent,8,600,90,220
2024-02-16,Andaman,11.7401,92.6586,0,2,4,21.0,0,661.66,-0.175,84.6,396,2,App,5,900,120,300
2024-02-11,Kerala,10.8505,76.2711,1,2,6,23.9,0,114.45,1.0,71.63,945,2,Web,2,1700,220,700
2024-02-07,Jaipur,26.9124,75.7873,0,2,2,22.4,0,637.23,-0.123,55.89,643,2,App,5,1500,180,600
2025-09-12,Leh,34.1526,77.5771,0,9,4,11.4,0,711.8,0.25,93.56,306,3,Web,15,600,90,220
2025-06-01,Varanasi,25.3176,82.9739,1,6,6,37.4,0,98.62,0.234,52.12,705,1,Kiosk,12,1400,160,500
2024-04-20,Agra,27.1767,78.0081,1,4,5,32.2,0,256.23,-0.153,48.51,770,3,App,3,1300,150,550
2024-06-27,Varanasi,25.3176,82.9739,0,6,3,36.5,0,302.98,1.0,54.88,315,2,App,1,1400,160,500
2025-03-26,Varanasi,25.3176,82.9739,0,3,2,26.0,0,179.73,-0.199,54.75,150,2,Agent,41,1400,160,500
2024-07-23,Andaman,11.7401,92.6586,0,7,1,35.9,1,83.3,-0.301,93.21,602,2,Web,16,900,120,300
2024-05-05,Jaipur,26.9124,75.7873,1,5,6,35.8,0,270.97,-0.148,60.32,621,3,App,1,1500,180,600
2025-01-03,Andaman,11.7401,92.6586,0,1,4,17.2,0,461.43,0.339,93.89,69,2,Kiosk,10,900,120,300
2024-11-17,Leh,34.1526,77.5771,1,11,6,1.4,0,1312.2,-0.348,81.41,167,2,Kiosk,2,600,90,220
2024-11-23,Leh,34.1526,77.5771,1,11,5,0.5,0,59.5,0.546,86.02,457,2,Agent,22,600,90,220
2025-02-03,Varanasi,25.3176,82.9739,0,2,0,21.7,0,364.98,0.077,50.96,361,2,App,32,1400,160,500
2025-09-11,Jaipur,26.9124,75.7873,0,9,3,30.2,1,98.48,0.166,62.04,653,3,Web,15,1500,180,600
2024-01-03,Jaipur,26.9124,75.7873,0,1,2,20.5,0,812.81,-0.231,58.56,453,2,App,9,1500,180,600
2024-06-17,Goa,15.2993,74.124,0,6,0,40.8,0,573.99,0.36,85.45,665,2,Kiosk,21,2000,250,800
2025-05-07,Varanasi,25.3176,82.9739,0,5,2,34.3,0,291.36,0.807,53.36,322,2,App,11,1400,160,500
2024-07-08,Kerala,10.8505,76.2711,0,7,0,37.6,0,221.89,-0.123,60.81,629,1,Kiosk,6,1700,220,700
2025-06-08,Manali,32.2432,77.1892,1,6,6,24.5,0,863.15,0.952,77.49,560,2,Agent,3,1200,140,450
2024-03-06,Varanasi,25.3176,82.9739,0,3,2,26.4,0,348.69,0.535,49.45,487,1,Kiosk,3,1400,160,500
2024-01-14,Kerala,10.8505,76.2711,1,1,6,20.6,0,135.25,0.41,72.93,871,2,Kiosk,4,1700,220,700
2025-07-05,Andaman,11.7401,92.6586,1,7,5,36.5,0,236.61,0.316,86.16,676,2,App,13,900,120,300
2025-09-28,Kerala,10.8505,76.2711,1,9,6,28.6,0,135.75,0.997,60.17,908,1,App,9,1700,220,700
2025-02-08,Varanasi,25.3176,82.9739,1,2,5,22.5,0,199.34,0.227,51.7,430,2,Agent,14,1400,160,500
2024-01-12,Agra,27.1767,78.0081,0,1,4,19.8,0,160.53,-0.066,62.76,419,3,Kiosk,8,1300,150,550
2024-10-14,Jaipur,26.9124,75.7873,0,10,0,21.6,0,538.05,0.356,65.75,890,2,Web,7,1500,180,600
2025-08-28,Agra,27.1767,78.0081,0,8,3,34.0,0,822.44,0.641,50.13,294,2,App,11,1300,150,550
2024-10-10,Varanasi,25.3176,82.9739,0,10,3,20.3,0,84.77,0.69,53.44,489,3,Agent,12,1400,160,500
2025-06-25,Andaman,11.7401,92.6586,0,6,2,38.2,1,887.28,-1.0,91.58,596,2,App,27,900,120,300
2024-10-15,Leh,34.1526,77.5771,0,10,1,6.6,1,653.92,0.199,97.48,199,2,Agent,12,600,90,220
2025-09-29,Leh,34.1526,77.5771,0,9,0,11.6,0,149.82,-0.624,94.18,137,3,App,10,600,90,220
2025-05-15,Manali,32.2432,77.1892,0,5,3,24.5,0,631.17,-0.473,77.09,695,2,Web,20,1200,140,450
2024-09-07,Varanasi,25.3176,82.9739,1,9,5,26.1,0,560.9,-0.526,49.19,274,1,Web,3,1400,160,500
2025-03-24,Varanasi,25.3176,82.9739,0,3,0,25.2,0,440.03,-0.55,54.01,533,3,Web,10,1400,160,500
2024-02-28,Varanasi,25.3176,82.9739,0,2,2,20.0,0,232.75,-0.723,39.77,175,3,Kiosk,9,1400,160,500
2024-10-26,Leh,34.1526,77.5771,1,10,5,4.2,0,427.91,0.75,93.15,272,3,Agent,4,600,90,220
2025-09-27,Andaman,11.7401,92.6586,1,9,5,26.6,0,409.0,-0.348,85.04,335,1,Web,3,900,120,300
2024-01-09,Andaman,11.7401,92.6586,0,1,1,18.3,0,476.76,0.516,92.5,521,2,Agent,8,900,120,300
2025-04-04,Goa,15.2993,74.124,0,4,4,36.1,0,328.59,0.081,74.86,681,3,Kiosk,25,2000,250,800
2025-05-13,Kerala,10.8505,76.2711,0,5,1,38.4,0,654.89,-0.065,66.68,880,2,Agent,8,1700,220,700
2024-12-06,Varanasi,25.3176,82.9739,0,12,4,17.4,0,456.95,-0.027,51.85,644,2,Kiosk,6,1400,160,500
2024-12-24,Agra,27.1767,78.0081,0,12,1,15.9,0,695.26,-0.448,53.45,185,2,Kiosk,13,1300,150,550
2025-09-15,Varanasi,25.3176,82.9739,0,9,0,27.2,0,1131.31,1.0,50.49,468,4,Agent,13,1400,160,500
2024-04-08,Goa,15.2993,74.124,0,4,0,35.1,0,498.36,-0.115,78.21,972,1,App,3,2000,250,800
2024-11-16,Jaipur,26.9124,75.7873,1,11,5,19.1,0,327.05,0.822,55.89,805,4,Agent,13,1500,180,600
2025-03-22,Jaipur,26.9124,75.7873,1,3,5,28.4,0,131.57,0.474,75.06,542,2,Agent,18,1500,180,600
2025-04-10,Kerala,10.8505,76.2711,0,4,3,33.7,0,292.92,-0.863,83.44,772,2,App,9,1700,220,700
2024-07-07,Manali,32.2432,77.1892,1,7,6,23.9,1,232.37,-0.063,84.33,444,3,Kiosk,17,1200,140,450
2025-01-02,Varanasi,25.3176,82.9739,0,1,3,17.9,0,243.1,0.28,43.29,356,3,Web,26,1400,160,500
2025-01-19,Varanasi,25.3176,82.9739,1,1,6,19.2,0,137.29,-0.106,57.81,588,2,App,3,1400,160,500
2024-12-15,Kerala,10.8505,76.2711,1,12,6,17.7,0,885.02,-0.439,73.88,802,1,App,1,1700,220,700
2025-05-04,Varanasi,25.3176,82.9739,1,5,6,35.7,0,217.15,-0.258,58.84,693,2,Kiosk,23,1400,160,500
2024-02-02,Goa,15.2993,74.124,0,2,4,24.6,0,382.85,0.743,74.39,748,2,Web,8,2000,250,800
2025-03-09,Jaipur,26.9124,75.7873,1,3,6,27.4,0,540.82,-0.03,64.3,769,2,Agent,1,1500,180,600
2024-02-23,Manali,32.2432,77.1892,0,2,4,7.8,0,176.35,-0.185,70.96,180,2,Kiosk,34,1200,140,450
2024-03-12,Kerala,10.8505,76.2711,0,3,1,28.9,0,271.06,0.304,69.83,573,1,Agent,3,1700,220,700
2024-11-12,Agra,27.1767,78.0081,0,11,1,17.9,0,477.42,0.649,45.81,711,3,Web,16,1300,150,550
2024-10-30,Leh,34.1526,77.5771,0,10,2,3.5,0,251.21,1.0,88.04,371,2,Web,5,600,90,220
2025-01-07,Varanasi,25.3176,82.9739,0,1,1,17.2,0,552.8,-1.0,55.41,607,3,Kiosk,6,1400,160,500
2025-01-06,Varanasi,25.3176,82.9739,0,1,0,18.6,0,533.75,-0.327,60.01,380,2,Kiosk,12,1400,160,500
2024-05-19,Andaman,11.7401,92.6586,1,5,6,37.5,0,650.66,0.075,91.87,513,1,Agent,1,900,120,300
2025-05-02,Andaman,11.7401,92.6586,0,5,4,36.1,0,126.23,-0.515,91.12,602,2,Web,4,900,120,300
2024-08-27,Goa,15.2993,74.124,0,8,1,35.3,0,611.53,1.0,84.98,614,1,Kiosk,10,2000,250,800
2024-02-13,Goa,15.2993,74.124,0,2,1,25.9,0,302.67,1.0,78.75,811,3,App,5,2000,250,800
2024-12-16,Goa,15.2993,74.124,0,12,0,22.5,0,343.23,0.212,75.57,733,2,Web,12,2000,250,800
2025-08-31,Andaman,11.7401,92.6586,1,8,6,33.9,0,170.99,-0.168,87.04,624,2,App,21,900,120,300
2024-04-14,Leh,34.1526,77.5771,1,4,6,15.7,0,618.13,0.294,93.39,720,3,Agent,4,600,90,220
2024-03-11,Manali,32.2432,77.1892,0,3,0,14.1,0,788.51,-0.242,79.54,441,1,Web,4,1200,140,450
2024-01-21,Kerala,10.8505,76.2711,1,1,6,21.4,0,311.47,-0.023,68.52,504,2,App,1,1700,220,700
2025-09-30,Kerala,10.8505,76.2711,0,9,1,28.6,0,213.62,0.144,59.04,674,3,Web,10,1700,220,700
2024-06-07,Kerala,10.8505,76.2711,0,6,4,38.1,0,430.6,-0.326,64.55,709,3,App,1,1700,220,700
2025-07-21,Goa,15.2993,74.124,0,7,0,38.9,0,438.45,0.777,91.38,623,2,Kiosk,5,2000,250,800
2025-05-20,Varanasi,25.3176,82.9739,0,5,1,33.9,0,568.21,0.493,47.97,401,2,Agent,4,1400,160,500
2025-02-01,Andaman,11.7401,92.6586,1,2,5,22.2,0,126.38,0.234,89.44,245,2,Agent,8,900,120,300
2024-12-21,Agra,27.1767,78.0081,1,12,5,18.1,0,367.86,0.238,63.54,412,2,Agent,7,1300,150,550
2025-07-26,Goa,15.2993,74.124,1,7,5,38.4,0,1277.32,0.637,80.15,822,1,Kiosk,3,2000,250,800
2024-04-02,Manali,32.2432,77.1892,0,4,1,20.8,0,1056.64,0.241,80.94,557,1,Agent,9,1200,140,450
2025-04-17,Jaipur,26.9124,75.7873,0,4,3,33.5,0,306.74,-0.528,63.16,655,4,App,9,1500,180,600
2025-02-06,Jaipur,26.9124,75.7873,0,2,3,25.2,0,324.55,-0.077,68.68,249,1,Kiosk,3,1500,180,600
2024-04-28,Kerala,10.8505,76.2711,1,4,6,35.0,0,645.46,-0.766,75.42,1014,3,Agent,5,1700,220,700
2024-01-17,Agra,27.1767,78.0081,0,1,2,17.7,0,258.82,-0.562,56.33,185,2,Agent,5,1300,150,550
2025-01-21,Andaman,11.7401,92.6586,0,1,1,20.3,0,89.28,0.01,86.77,384,2,App,8,900,120,300
2024-09-09,Manali,32.2432,77.1892,0,9,0,15.1,0,403.17,0.644,65.5,425,3,Kiosk,10,1200,140,450
2025-09-03,Goa,15.2993,74.124,0,9,2,30.1,0,254.04,0.518,66.53,640,1,Kiosk,1,2000,250,800
2024-03-09,Kerala,10.8505,76.2711,1,3,5,29.3,0,690.32,-0.052,65.69,348,2,Kiosk,14,1700,220,700
2025-05-13,Manali,32.2432,77.1892,0,5,1,23.6,0,408.9,0.404,73.22,338,1,Agent,3,1200,140,450
2024-03-16,Manali,32.2432,77.1892,1,3,5,14.9,0,292.46,-0.149,71.64,378,3,Agent,7,1200,140,450
2024-07-29,Goa,15.2993,74.124,0,7,0,36.7,0,595.72,0.015,86.99,1184,4,Web,8,2000,250,800
2025-04-25,Jaipur,26.9124,75.7873,0,4,4,34.0,1,332.18,-0.082,60.93,913,2,App,9,1500,180,600
2025-03-13,Leh,34.1526,77.5771,0,3,3,11.6,0,168.96,0.914,103.6,476,2,Kiosk,4,600,90,220
2024-06-07,Leh,34.1526,77.5771,0,6,4,20.9,0,46.27,0.884,104.15,45,2,Kiosk,13,600,90,220
2025-08-06,Kerala,10.8505,76.2711,0,8,2,34.3,0,371.51,0.29,81.91,634,2,Kiosk,14,1700,220,700
2024-09-16,Jaipur,26.9124,75.7873,0,9,0,27.5,0,240.84,0.817,64.12,668,2,App,7,1500,180,600
2025-07-10,Varanasi,25.3176,82.9739,0,7,3,36.1,0,661.31,0.38,43.1,439,1,Agent,15,1400,160,500
2024-03-28,Kerala,10.8505,76.2711,0,3,3,29.1,0,103.04,-0.208,71.54,439,3,Kiosk,8,1700,220,700
2024-05-13,Varanasi,25.3176,82.9739,0,5,0,35.6,0,260.99,0.117,58.52,553,3,App,1,1400,160,500
2025-01-25,Kerala,10.8505,76.2711,1,1,5,21.1,0,792.93,-0.213,68.14,544,2,Agent,1,1700,220,700
2025-09-10,Agra,27.1767,78.0081,0,9,2,27.4,0,462.96,0.853,48.82,470,3,Agent,13,1300,150,550
2025-02-25,Goa,15.2993,74.124,0,2,1,24.3,0,707.81,-0.214,82.68,595,2,Agent,16,2000,250,800
2024-08-27,Goa,15.2993,74.124,0,8,1,34.4,0,405.31,0.133,75.94,739,2,Agent,5,2000,250,800
2025-04-30,Andaman,11.7401,92.6586,0,4,2,32.5,0,152.04,0.358,92.49,231,4,Agent,10,900,120,300
2024-10-31,Agra,27.1767,78.0081,0,10,3,21.9,0,524.66,0.142,53.31,310,2,Web,56,1300,150,550
2025-05-12,Andaman,11.7401,92.6586,0,5,0,37.5,0,89.03,0.431,89.93,400,3,Web,10,900,120,300
2025-09-29,Leh,34.1526,77.5771,0,9,0,10.5,0,1883.39,0.444,99.25,535,2,App,4,600,90,220
2025-06-27,Manali,32.2432,77.1892,0,6,4,23.8,0,503.99,-0.146,73.7,590,1,Kiosk,17,1200,140,450
2024-01-23,Andaman,11.7401,92.6586,0,1,1,19.9,0,626.35,0.561,95.89,444,2,Kiosk,14,900,120,300
2024-04-27,Agra,27.1767,78.0081,1,4,5,33.8,0,155.64,0.626,53.94,518,3,App,13,1300,150,550
2024-10-07,Varanasi,25.3176,82.9739,0,10,0,24.2,0,271.15,0.442,39.32,568,2,App,5,1400,160,500
2025-04-27,Kerala,10.8505,76.2711,1,4,6,34.4,0,61.18,0.898,67.75,539,3,Agent,2,1700,220,700
2025-07-10,Leh,34.1526,77.5771,0,7,3,20.2,0,500.47,0.288,96.06,752,2,Web,2,600,90,220
2025-05-07,Leh,34.1526,77.5771,0,5,2,19.9,0,219.64,0.069,103.1,366,3,Web,11,600,90,220
2025-02-15,Varanasi,25.3176,82.9739,1,2,5,19.6,0,300.18,0.143,54.81,482,2,Agent,21,1400,160,500
2024-03-03,Kerala,10.8505,76.2711,1,3,6,29.6,0,968.57,0.938,71.48,962,2,Agent,7,1700,220,700
2024-08-07,Manali,32.2432,77.1892,0,8,2,19.4,0,45.94,-0.189,63.89,554,3,Web,6,1200,140,450
2024-11-18,Jaipur,26.9124,75.7873,0,11,0,21.1,0,630.13,0.553,58.6,567,2,Kiosk,2,1500,180,600
2025-03-03,Leh,34.1526,77.5771,0,3,0,11.5,0,625.68,0.791,99.59,628,2,Agent,3,600,90,220
2025-06-19,Manali,32.2432,77.1892,0,6,3,25.4,0,892.6,0.981,80.88,384,3,Kiosk,21,1200,140,450
2025-06-05,Manali,32.2432,77.1892,0,6,3,25.0,0,463.47,0.178,71.08,643,2,Web,1,1200,140,450
2024-06-29,Andaman,11.7401,92.6586,1,6,5,36.8,0,502.98,-0.015,92.39,564,2,App,4,900,120,300
2024-01-01,Goa,15.2993,74.124,0,1,0,19.4,0,525.38,0.323,71.67,605,2,Kiosk,15,2000,250,800
2025-09-02,Goa,15.2993,74.124,0,9,1,27.8,0,609.41,0.633,84.7,1170,2,App,4,2000,250,800
2025-02-11,Leh,34.1526,77.5771,0,2,1,5.7,0,462.95,1.0,105.77,477,2,Agent,7,600,90,220
2025-05-15,Goa,15.2993,74.124,0,5,3,40.3,0,977.88,-0.312,76.15,931,1,App,3,2000,250,800
2024-09-25,Kerala,10.8505,76.2711,0,9,2,29.5,0,181.21,0.053,64.03,502,2,Web,2,1700,220,700
2024-04-30,Varanasi,25.3176,82.9739,0,4,1,34.5,1,483.78,0.29,55.1,670,4,Kiosk,6,1400,160,500
2024-05-01,Jaipur,26.9124,75.7873,0,5,2,35.3,1,261.44,0.555,66.86,402,4,App,23,1500,180,600
2024-07-27,Kerala,10.8505,76.2711,1,7,5,38.8,1,505.94,1.0,61.34,460,2,Web,13,1700,220,700
2024-03-21,Kerala,10.8505,76.2711,0,3,3,28.9,0,325.98,-0.3,63.91,680,2,App,19,1700,220,700
2025-09-01,Kerala,10.8505,76.2711,0,9,0,30.1,0,170.52,-0.81,69.05,281,3,Agent,6,1700,220,700
2025-03-17,Manali,32.2432,77.1892,0,3,0,11.3,0,474.37,0.266,76.77,392,2,Kiosk,9,1200,140,450
2024-12-26,Andaman,11.7401,92.6586,0,12,3,21.3,0,295.91,-0.228,90.98,344,1,App,2,900,120,300
2024-03-13,Kerala,10.8505,76.2711,0,3,2,29.4,0,147.99,-0.922,70.49,330,2,Kiosk,6,1700,220,700
2025-09-02,Varanasi,25.3176,82.9739,0,9,1,29.5,0,86.24,-0.047,60.37,778,2,App,12,1400,160,500
2024-06-14,Kerala,10.8505,76.2711,0,6,4,40.8,0,133.11,-0.597,71.13,833,2,Kiosk,6,1700,220,700
2025-09-04,Leh,34.1526,77.5771,0,9,3,8.4,0,515.17,0.207,92.1,210,3,Kiosk,27,600,90,220
2024-08-03,Goa,15.2993,74.124,1,8,5,35.1,0,236.73,0.116,83.66,1023,2,App,17,2000,250,800
2024-06-24,Leh,34.1526,77.5771,0,6,0,22.2,0,295.1,0.239,100.49,283,2,Kiosk,3,600,90,220
2024-06-13,Kerala,10.8505,76.2711,0,6,3,38.9,0,374.49,1.0,75.76,484,2,Web,7,1700,220,700
2025-09-24,Goa,15.2993,74.124,0,9,2,32.2,1,605.82,0.334,83.1,937,2,Web,20,2000,250,800
2024-09-03,Jaipur,26.9124,75.7873,0,9,1,27.1,1,620.6,-0.157,54.34,441,1,App,9,1500,180,600
2025-08-08,Manali,32.2432,77.1892,0,8,4,21.7,0,594.24,0.077,62.1,408,2,Kiosk,6,1200,140,450
2025-09-01,Jaipur,26.9124,75.7873,0,9,0,29.9,1,318.79,-0.392,60.07,326,2,Kiosk,9,1500,180,600
2025-05-28,Andaman,11.7401,92.6586,0,5,2,35.1,0,1033.51,0.572,82.86,178,2,App,15,900,120,300
2025-03-02,Varanasi,25.3176,82.9739,1,3,6,27.0,0,35.6,0.33,41.99,547,3,App,22,1400,160,500
2025-05-15,Agra,27.1767,78.0081,0,5,3,34.3,0,901.53,0.98,63.4,438,1,Kiosk,5,1300,150,550
2024-11-27,Andaman,11.7401,92.6586,0,11,2,21.9,0,460.74,-0.486,90.37,279,2,Kiosk,33,900,120,300
2025-09-21,Goa,15.2993,74.124,1,9,6,28.0,0,50.45,-1.0,78.93,772,3,App,3,2000,250,800
2025-07-13,Kerala,10.8505,76.2711,1,7,6,38.5,0,562.19,-1.0,63.22,653,3,App,4,1700,220,700
2024-11-17,Andaman,11.7401,92.6586,1,11,6,21.4,0,703.89,-0.062,89.42,532,3,Web,6,900,120,300
2024-07-20,Goa,15.2993,74.124,1,7,5,38.0,0,490.63,0.097,79.93,1072,2,Kiosk,31,2000,250,800
2024-03-22,Goa,15.2993,74.124,0,3,4,29.1,0,548.47,0.331,78.3,661,3,App,22,2000,250,800
2024-05-06,Jaipur,26.9124,75.7873,0,5,0,34.8,1,1573.63,-0.789,67.9,736,2,Kiosk,18,1500,180,600
2024-01-18,Kerala,10.8505,76.2711,0,1,3,17.6,0,147.24,-0.372,72.04,689,3,App,5,1700,220,700
2024-05-18,Goa,15.2993,74.124,1,5,5,40.3,0,496.66,0.424,74.8,829,2,App,19,2000,250,800
2024-09-18,Andaman,11.7401,92.6586,0,9,2,26.7,1,183.82,-0.488,90.12,439,1,Web,6,900,120,300
2024-10-04,Goa,15.2993,74.124,0,10,4,23.1,0,477.75,0.434,74.28,912,1,Kiosk,1,2000,250,800
2024-02-06,Leh,34.1526,77.5771,0,2,1,5.4,0,113.46,-0.022,105.52,55,2,Agent,1,600,90,220
2024-05-21,Manali,32.2432,77.1892,0,5,1,21.8,0,219.84,-0.157,78.43,537,3,Web,8,1200,140,450
2024-08-29,Manali,32.2432,77.1892,0,8,3,17.6,0,84.53,0.032,69.74,632,2,Kiosk,5,1200,140,450
2025-09-15,Kerala,10.8505,76.2711,0,9,0,29.4,0,498.64,0.137,69.28,522,2,Kiosk,1,1700,220,700
2024-02-09,Andaman,11.7401,92.6586,0,2,4,23.1,0,193.4,0.432,85.45,324,2,Agent,38,900,120,300
2024-09-23,Kerala,10.8505,76.2711,0,9,0,27.6,0,114.0,0.197,68.67,477,2,App,7,1700,220,700
2024-03-28,Jaipur,26.9124,75.7873,0,3,3,27.6,0,425.38,0.511,64.66,828,2,App,13,1500,180,600
2025-03-10,Jaipur,26.9124,75.7873,0,3,0,27.7,0,373.5,0.874,63.74,772,3,Kiosk,10,1500,180,600
2025-02-06,Goa,15.2993,74.124,0,2,3,24.3,0,243.31,0.084,70.82,464,2,Web,6,2000,250,800
2025-09-04,Leh,34.1526,77.5771,0,9,3,10.7,0,217.6,0.167,96.56,142,1,App,18,600,90,220
2025-07-21,Leh,34.1526,77.5771,0,7,0,19.8,0,469.97,-0.31,103.94,534,3,Web,5,600,90,220
2024-01-25,Leh,34.1526,77.5771,0,1,3,-1.3,0,624.06,-0.193,82.87,106,2,Web,17,600,90,220
2025-05-18,Varanasi,25.3176,82.9739,1,5,6,37.3,0,1046.38,0.039,51.6,882,2,Agent,19,1400,160,500
2025-09-21,Leh,34.1526,77.5771,1,9,6,8.2,0,741.59,0.723,85.0,566,3,App,9,600,90,220
2025-01-27,Andaman,11.7401,92.6586,0,1,0,23.4,0,143.16,0.532,87.15,467,1,App,17,900,120,300
2025-09-28,Goa,15.2993,74.124,1,9,6,29.8,0,399.0,0.541,75.99,953,3,Kiosk,30,2000,250,800
2024-02-12,Andaman,11.7401,92.6586,0,2,0,22.9,0,27.39,0.231,95.73,188,2,App,20,900,120,300
2025-07-15,Leh,34.1526,77.5771,0,7,1,17.1,0,707.15,-0.169,99.52,597,2,Web,6,600,90,220
2024-08-03,Andaman,11.7401,92.6586,1,8,5,33.1,0,1521.61,-0.393,89.38,817,2,Web,28,900,120,300
2025-06-12,Leh,34.1526,77.5771,0,6,3,18.4,0,358.35,-0.056,100.55,358,2,App,21,600,90,220
2024-08-11,Varanasi,25.3176,82.9739,1,8,6,30.5,1,172.15,-0.614,40.98,428,1,Kiosk,7,1400,160,500
2025-03-24,Manali,32.2432,77.1892,0,3,0,15.1,0,457.4,0.564,77.04,721,2,Web,5,1200,140,450
2024-10-24,Andaman,11.7401,92.6586,0,10,3,23.5,0,1220.58,1.0,94.55,523,2,Kiosk,8,900,120,300
2025-07-23,Leh,34.1526,77.5771,0,7,2,17.9,0,462.91,-0.663,101.38,505,2,Kiosk,15,600,90,220
2024-06-09,Varanasi,25.3176,82.9739,1,6,6,36.2,0,104.32,0.712,50.3,431,3,Agent,7,1400,160,500
2025-08-16,Jaipur,26.9124,75.7873,1,8,5,33.9,0,898.64,-0.704,52.51,689,3,App,9,1500,180,600
2024-03-14,Manali,32.2432,77.1892,0,3,3,16.1,0,272.12,-0.662,74.49,170,2,Web,8,1200,140,450
2024-11-25,Kerala,10.8505,76.2711,0,11,0,19.1,0,97.9,1.0,48.46,805,3,Agent,19,1700,220,700
2025-08-18,Andaman,11.7401,92.6586,0,8,0,34.0,0,175.61,-0.584,96.1,359,4,Agent,10,900,120,300
2024-08-27,Kerala,10.8505,76.2711,0,8,1,34.5,0,636.34,0.022,69.58,845,2,Agent,11,1700,220,700
2024-10-11,Jaipur,26.9124,75.7873,0,10,4,21.6,0,75.6,-0.348,59.9,833,3,App,12,1500,180,600
2025-03-04,Andaman,11.7401,92.6586,0,3,1,27.5,0,336.09,0.051,96.04,29,1,Agent,2,900,120,300
2025-01-31,Varanasi,25.3176,82.9739,0,1,4,16.5,0,364.86,-0.135,58.42,500,1,Web,2,1400,160,500
2025-05-14,Leh,34.1526,77.5771,0,5,2,21.5,0,13.9,0.586,100.9,203,3,App,28,600,90,220
2024-12-08,Varanasi,25.3176,82.9739,1,12,6,18.5,0,459.87,0.069,45.77,515,2,Web,8,1400,160,500
2024-11-11,Kerala,10.8505,76.2711,0,11,0,19.7,0,178.35,-0.35,68.26,394,2,Agent,4,1700,220,700
2024-04-16,Manali,32.2432,77.1892,0,4,1,19.1,0,93.71,0.429,77.67,195,2,Agent,3,1200,140,450
2025-05-06,Leh,34.1526,77.5771,0,5,1,20.9,0,371.97,-0.635,102.15,615,2,App,3,600,90,220
2024-09-13,Agra,27.1767,78.0081,0,9,4,26.2,0,57.5,-0.151,60.14,285,3,Web,9,1300,150,550
2024-11-09,Jaipur,26.9124,75.7873,1,11,5,19.0,0,136.34,-0.181,62.01,580,1,Agent,2,1500,180,600
2024-08-07,Jaipur,26.9124,75.7873,0,8,2,32.4,0,133.62,-0.231,59.57,677,3,App,6,1500,180,600
2024-01-20,Varanasi,25.3176,82.9739,1,1,5,19.3,0,558.38,0.717,47.45,949,3,Web,3,1400,160,500
2024-02-11,Jaipur,26.9124,75.7873,1,2,6,23.4,0,960.27,-0.247,64.28,781,4,App,22,1500,180,600
2024-07-08,Manali,32.2432,77.1892,0,7,0,23.4,1,379.31,0.187,58.5,343,3,Agent,8,1200,140,450
2024-07-21,Varanasi,25.3176,82.9739,1,7,6,34.4,0,355.08,0.218,52.65,663,3,Agent,19,1400,160,500
2024-04-10,Goa,15.2993,74.124,0,4,2,36.3,0,436.23,0.316,69.25,728,3,App,12,2000,250,800
2024-02-15,Leh,34.1526,77.5771,0,2,3,5.7,0,67.92,0.403,99.18,265,2,Agent,6,600,90,220
2024-05-25,Goa,15.2993,74.124,1,5,5,38.2,0,589.21,0.198,87.06,1004,3,App,3,2000,250,800
2024-04-09,Goa,15.2993,74.124,0,4,1,34.1,0,517.43,-0.032,79.75,942,1,Web,17,2000,250,800
2025-02-16,Leh,34.1526,77.5771,1,2,6,5.1,0,385.24,0.089,104.96,190,1,Kiosk,6,600,90,220
2025-08-04,Leh,34.1526,77.5771,0,8,0,16.1,0,270.24,-0.145,90.91,432,2,Web,12,600,90,220
2024-11-02,Manali,32.2432,77.1892,1,11,5,7.0,0,555.93,-1.0,73.31,349,1,Kiosk,7,1200,140,450
2025-06-28,Kerala,10.8505,76.2711,1,6,5,40.1,1,85.32,-0.731,73.46,541,2,Agent,1,1700,220,700
2024-10-11,Jaipur,26.9124,75.7873,0,10,4,23.3,0,504.86,-1.0,56.37,823,2,Web,11,1500,180,600
2024-05-01,Goa,15.2993,74.124,0,5,2,39.2,0,752.91,0.191,81.13,882,1,Agent,4,2000,250,800
2025-06-15,Agra,27.1767,78.0081,1,6,6,37.5,0,268.6,-0.17,65.1,427,2,Agent,9,1300,150,550
2024-09-22,Agra,27.1767,78.0081,1,9,6,24.2,0,520.16,0.162,52.28,254,3,App,32,1300,150,550
2025-06-10,Goa,15.2993,74.124,0,6,1,37.3,0,636.81,0.387,80.34,731,2,App,9,2000,250,800
2025-02-18,Varanasi,25.3176,82.9739,0,2,1,23.8,0,721.55,0.861,54.31,752,4,Web,3,1400,160,500
2024-03-10,Jaipur,26.9124,75.7873,1,3,6,27.3,0,178.04,0.619,54.72,899,2,Web,2,1500,180,600
2024-08-23,Varanasi,25.3176,82.9739,0,8,4,31.6,0,325.2,0.481,47.57,299,3,Web,22,1400,160,500
2024-10-17,Kerala,10.8505,76.2711,0,10,3,23.2,0,380.51,0.376,55.23,743,2,App,7,1700,220,700
2024-01-27,Kerala,10.8505,76.2711,1,1,5,20.6,0,625.48,0.433,75.28,878,1,Agent,9,1700,220,700
2024-01-27,Leh,34.1526,77.5771,1,1,5,1.3,0,833.43,-0.608,101.09,269,2,Web,7,600,90,220
2024-12-17,Kerala,10.8505,76.2711,0,12,1,20.0,0,396.8,0.94,59.55,589,3,Kiosk,9,1700,220,700
2025-04-16,Kerala,10.8505,76.2711,0,4,2,31.2,0,75.9,-0.362,74.1,895,2,App,8,1700,220,700
2024-11-14,Varanasi,25.3176,82.9739,0,11,3,18.4,0,497.21,0.37,52.72,857,2,Kiosk,14,1400,160,500
2025-07-14,Andaman,11.7401,92.6586,0,7,0,36.0,0,415.31,0.187,97.61,586,2,App,7,900,120,300
2025-07-29,Agra,27.1767,78.0081,0,7,1,35.9,0,264.8,0.018,63.95,562,2,Web,8,1300,150,550
2025-03-27,Manali,32.2432,77.1892,0,3,3,14.6,0,344.01,-0.21,82.88,370,2,Agent,6,1200,140,450
2024-03-31,Manali,32.2432,77.1892,1,3,6,13.4,0,317.49,1.0,71.74,635,2,Kiosk,5,1200,140,450
2025-06-04,Agra,27.1767,78.0081,0,6,2,39.9,0,283.75,0.333,59.95,443,3,Kiosk,10,1300,150,550
2025-01-26,Leh,34.1526,77.5771,1,1,6,0.6,0,610.2,0.43,89.61,550,2,App,5,600,90,220
2025-07-13,Agra,27.1767,78.0081,1,7,6,35.8,0,176.51,0.581,56.39,146,2,Kiosk,17,1300,150,550
2024-06-15,Agra,27.1767,78.0081,1,6,5,35.5,0,237.0,0.146,49.17,728,2,App,7,1300,150,550
2024-07-17,Leh,34.1526,77.5771,0,7,2,20.4,1,959.11,0.107,97.44,621,2,App,7,600,90,220
2025-03-19,Agra,27.1767,78.0081,0,3,2,26.6,1,515.08,0.033,59.27,462,2,Web,2,1300,150,550
2025-01-31,Varanasi,25.3176,82.9739,0,1,4,18.5,0,175.84,0.2,48.81,389,2,Agent,32,1400,160,500
2024-07-16,Jaipur,26.9124,75.7873,0,7,1,37.4,1,595.46,0.534,58.32,484,2,Kiosk,3,1500,180,600
2025-04-22,Manali,32.2432,77.1892,0,4,1,19.5,0,425.93,0.168,79.6,551,2,Agent,5,1200,140,450
2024-03-30,Agra,27.1767,78.0081,1,3,5,27.1,0,555.61,-0.254,59.64,602,2,Kiosk,30,1300,150,550
2024-08-29,Jaipur,26.9124,75.7873,0,8,3,35.0,0,491.92,0.75,62.99,742,2,Agent,15,1500,180,600
2024-08-15,Leh,34.1526,77.5771,0,8,3,13.4,1,546.33,-0.384,95.47,784,4,App,7,600,90,220
2024-12-13,Agra,27.1767,78.0081,0,12,4,18.3,0,271.31,0.227,44.23,343,2,App,20,1300,150,550
2025-02-03,Manali,32.2432,77.1892,0,2,0,11.0,0,209.7,1.0,66.23,456,3,App,9,1200,140,450
2024-01-22,Jaipur,26.9124,75.7873,0,1,0,20.8,0,848.72,-0.228,62.92,595,3,Web,15,1500,180,600
2024-10-15,Leh,34.1526,77.5771,0,10,1,4.5,0,307.83,0.809,90.21,345,3,Web,9,600,90,220
2025-05-24,Leh,34.1526,77.5771,1,5,5,19.4,0,526.8,0.32,88.46,759,3,App,14,600,90,220
2024-04-03,Andaman,11.7401,92.6586,0,4,2,32.6,0,725.68,-0.773,89.24,444,1,Agent,9,900,120,300
2025-07-25,Andaman,11.7401,92.6586,0,7,4,36.0,0,834.4,0.23,85.53,301,2,Agent,10,900,120,300
2025-06-07,Jaipur,26.9124,75.7873,1,6,5,39.3,0,382.87,0.698,62.94,806,1,App,17,1500,180,600
2024-09-21,Andaman,11.7401,92.6586,1,9,5,29.0,0,181.9,0.099,93.68,353,3,App,12,900,120,300
2024-11-03,Kerala,10.8505,76.2711,1,11,6,20.5,0,494.24,-0.085,65.48,556,3,Agent,5,1700,220,700
2024-09-26,Leh,34.1526,77.5771,0,9,3,9.0,0,289.51,1.0,98.8,356,3,App,11,600,90,220
2025-03-30,Jaipur,26.9124,75.7873,1,3,6,27.8,0,201.46,-0.09,64.29,367,1,Kiosk,1,1500,180,600
2025-09-17,Agra,27.1767,78.0081,0,9,2,25.8,0,596.97,0.548,41.87,542,1,App,14,1300,150,550
2025-08-28,Jaipur,26.9124,75.7873,0,8,3,34.8,0,210.94,-0.309,52.89,586,3,Agent,3,1500,180,600
2024-07-22,Manali,32.2432,77.1892,0,7,0,21.0,0,526.78,1.0,74.05,349,3,Kiosk,3,1200,140,450
2024-02-25,Leh,34.1526,77.5771,1,2,6,7.3,0,237.15,0.367,88.92,464,2,Agent,17,600,90,220
2024-02-08,Jaipur,26.9124,75.7873,0,2,3,21.9,0,978.51,0.476,57.4,558,2,Kiosk,5,1500,180,600
2024-01-25,Manali,32.2432,77.1892,0,1,3,7.0,0,239.7,0.466,68.05,437,2,Agent,9,1200,140,450
2025-09-29,Manali,32.2432,77.1892,0,9,0,16.0,0,351.23,1.0,60.97,446,2,Web,2,1200,140,450
2025-04-12,Manali,32.2432,77.1892,1,4,5,17.3,0,382.4,0.188,78.64,797,1,Kiosk,1,1200,140,450
2024-07-07,Goa,15.2993,74.124,1,7,6,39.5,0,56.41,-0.307,75.11,982,2,Web,7,2000,250,800
2024-12-16,Jaipur,26.9124,75.7873,0,12,0,18.9,0,520.67,-0.391,59.94,585,2,App,2,1500,180,600
2024-12-14,Kerala,10.8505,76.2711,1,12,5,20.2,0,202.56,0.128,61.89,670,4,Web,23,1700,220,700
2025-09-11,Kerala,10.8505,76.2711,0,9,3,29.0,0,97.11,0.59,67.71,692,3,App,9,1700,220,700
2025-01-15,Jaipur,26.9124,75.7873,0,1,2,19.0,0,118.66,0.067,57.19,348,1,Agent,20,1500,180,600
2025-06-20,Leh,34.1526,77.5771,0,6,4,20.1,0,764.42,-0.366,95.63,689,3,Agent,29,600,90,220
2025-02-14,Kerala,10.8505,76.2711,0,2,4,22.8,1,421.95,0.111,80.31,796,2,Kiosk,12,1700,220,700
2024-01-03,Kerala,10.8505,76.2711,0,1,2,21.3,0,428.62,0.241,75.72,557,2,Agent,3,1700,220,700
2025-01-24,Andaman,11.7401,92.6586,0,1,4,19.3,0,163.81,0.446,92.89,754,2,Kiosk,12,900,120,300
2025-06-05,Jaipur,26.9124,75.7873,0,6,3,36.4,0,165.6,-0.702,55.8,695,3,Web,21,1500,180,600
2024-12-23,Agra,27.1767,78.0081,0,12,0,18.3,0,197.53,-0.763,65.36,475,1,Agent,14,1300,150,550
2024-10-20,Varanasi,25.3176,82.9739,1,10,6,21.6,0,744.69,-0.46,55.24,730,2,Web,14,1400,160,500
2024-05-23,Andaman,11.7401,92.6586,0,5,3,35.9,0,381.6,-0.665,86.42,596,3,Web,2,900,120,300
2025-07-16,Kerala,10.8505,76.2711,0,7,2,36.2,1,169.87,0.313,66.21,606,2,Agent,11,1700,220,700
2025-07-01,Agra,27.1767,78.0081,0,7,1,36.6,1,28.3,0.139,62.81,530,1,App,8,1300,150,550
2024-01-26,Jaipur,26.9124,75.7873,0,1,4,18.6,0,392.54,0.346,54.05,495,1,Kiosk,5,1500,180,600
2024-08-26,Manali,32.2432,77.1892,0,8,0,17.8,0,391.82,0.366,71.23,536,2,Kiosk,24,1200,140,450
2025-06-06,Leh,34.1526,77.5771,0,6,4,19.9,0,140.56,0.216,97.98,511,2,Agent,3,600,90,220
2025-04-04,Goa,15.2993,74.124,0,4,4,35.1,0,256.98,-0.144,76.22,623,1,Agent,2,2000,250,800
2025-06-30,Agra,27.1767,78.0081,0,6,0,36.0,0,265.46,-0.061,48.78,802,3,Web,1,1300,150,550
2025-05-18,Andaman,11.7401,92.6586,1,5,6,36.3,0,1010.72,0.674,100.39,400,2,Agent,4,900,120,300
2024-08-23,Jaipur,26.9124,75.7873,0,8,4,34.4,0,307.87,0.801,61.4,406,1,App,22,1500,180,600
2025-03-08,Manali,32.2432,77.1892,1,3,5,16.4,0,1528.31,0.58,75.86,908,3,App,5,1200,140,450
2024-03-17,Agra,27.1767,78.0081,1,3,6,27.4,0,600.91,0.082,61.69,683,2,Web,10,1300,150,550
2025-02-12,Agra,27.1767,78.0081,0,2,2,21.9,0,271.35,0.627,43.67,460,3,Kiosk,19,1300,150,550
2024-01-17,Jaipur,26.9124,75.7873,0,1,2,20.0,0,45.69,0.358,58.24,701,2,App,13,1500,180,600
2024-04-27,Goa,15.2993,74.124,1,4,5,33.5,0,308.12,-0.408,86.79,1003,3,App,4,2000,250,800
2025-03-07,Goa,15.2993,74.124,0,3,4,31.0,0,143.67,-0.716,89.05,437,1,Agent,2,2000,250,800
2025-06-18,Varanasi,25.3176,82.9739,0,6,2,36.5,0,174.65,1.0,50.99,321,1,App,3,1400,160,500
2024-04-26,Agra,27.1767,78.0081,0,4,4,32.2,0,490.36,-0.138,53.2,457,1,Kiosk,19,1300,150,550
2024-08-26,Varanasi,25.3176,82.9739,0,8,0,32.9,0,511.76,0.237,56.36,995,2,Web,13,1400,160,500
2025-04-16,Goa,15.2993,74.124,0,4,2,32.6,0,1052.61,0.611,81.55,819,2,Agent,3,2000,250,800
2024-01-28,Goa,15.2993,74.124,1,1,6,22.2,0,174.68,-0.21,77.11,372,3,Kiosk,14,2000,250,800
2024-01-10,Agra,27.1767,78.0081,0,1,2,19.4,0,300.18,-0.439,43.97,339,2,Web,4,1300,150,550
2024-12-16,Andaman,11.7401,92.6586,0,12,0,14.7,1,212.15,0.49,94.78,678,3,App,20,900,120,300
2025-01-28,Kerala,10.8505,76.2711,0,1,1,18.5,0,175.47,-0.457,65.45,636,3,Web,1,1700,220,700
2025-07-10,Varanasi,25.3176,82.9739,0,7,3,36.7,0,648.58,-0.535,49.38,699,2,Agent,16,1400,160,500
2025-03-20,Agra,27.1767,78.0081,0,3,3,27.1,0,155.23,0.946,50.34,703,3,Agent,7,1300,150,550
2025-09-29,Manali,32.2432,77.1892,0,9,0,15.3,0,369.76,1.0,64.39,458,3,App,18,1200,140,450
2025-09-23,Kerala,10.8505,76.2711,0,9,1,28.3,1,137.35,0.655,67.93,764,3,Kiosk,5,1700,220,700
2024-07-14,Manali,32.2432,77.1892,1,7,6,23.5,0,330.19,0.558,74.25,384,2,Agent,11,1200,140,450
2025-04-01,Goa,15.2993,74.124,0,4,1,33.4,0,719.57,0.558,82.91,559,3,Kiosk,2,2000,250,800
2024-04-09,Andaman,11.7401,92.6586,0,4,1,32.7,0,307.79,0.253,92.38,391,2,Web,23,900,120,300
2024-06-18,Manali,32.2432,77.1892,0,6,1,24.0,0,481.17,0.272,62.09,502,3,Web,7,1200,140,450
2025-08-26,Jaipur,26.9124,75.7873,0,8,1,32.8,0,219.67,0.218,62.95,569,2,Agent,7,1500,180,600
2024-12-20,Manali,32.2432,77.1892,0,12,4,5.5,0,323.04,0.251,64.91,163,3,Agent,18,1200,140,450
2024-12-07,Varanasi,25.3176,82.9739,1,12,5,17.3,0,302.3,0.733,47.97,719,2,Kiosk,6,1400,160,500
2024-02-20,Goa,15.2993,74.124,0,2,1,24.6,0,344.37,0.685,70.88,659,1,Kiosk,23,2000,250,800
2024-11-01,Varanasi,25.3176,82.9739,0,11,4,16.5,0,384.15,0.12,47.41,192,2,Agent,13,1400,160,500
2025-08-30,Andaman,11.7401,92.6586,1,8,5,32.8,0,590.43,0.306,84.85,354,2,Agent,7,900,120,300
2024-07-03,Jaipur,26.9124,75.7873,0,7,2,37.5,0,56.05,0.109,65.52,762,2,App,19,1500,180,600
2024-11-29,Varanasi,25.3176,82.9739,0,11,4,16.3,0,887.66,-0.561,43.32,541,2,App,34,1400,160,500
2025-04-19,Kerala,10.8505,76.2711,1,4,5,34.4,0,107.35,-0.315,64.04,734,2,App,4,1700,220,700
2024-03-21,Leh,34.1526,77.5771,0,3,3,9.6,0,162.62,-0.084,101.37,361,2,App,11,600,90,220
2024-11-19,Andaman,11.7401,92.6586,0,11,1,17.7,0,424.4,-0.869,80.17,301,2,Web,15,900,120,300
2024-08-19,Jaipur,26.9124,75.7873,0,8,0,32.0,0,377.41,0.463,56.84,572,1,Kiosk,1,1500,180,600
2024-12-21,Andaman,11.7401,92.6586,1,12,5,17.2,1,345.99,0.583,90.26,418,1,App,11,900,120,300
2025-09-30,Manali,32.2432,77.1892,0,9,1,14.7,0,75.12,0.25,66.24,355,2,Kiosk,4,1200,140,450
2025-06-22,Leh,34.1526,77.5771,1,6,6,22.1,0,296.34,-0.366,89.39,532,1,Agent,16,600,90,220
2024-01-28,Agra,27.1767,78.0081,1,1,6,19.8,0,43.68,-0.304,66.38,277,2,Web,2,1300,150,550
2025-08-22,Jaipur,26.9124,75.7873,0,8,4,33.2,0,161.14,0.107,63.39,872,3,App,25,1500,180,600
2024-11-10,Andaman,11.7401,92.6586,1,11,6,20.1,0,272.82,0.646,81.2,640,2,App,21,900,120,300
2024-10-08,Jaipur,26.9124,75.7873,0,10,1,21.3,0,96.1,0.23,67.79,329,2,Agent,7,1500,180,600
2024-10-16,Leh,34.1526,77.5771,0,10,2,6.5,0,782.36,-1.0,100.16,538,1,Web,1,600,90,220
2025-03-21,Andaman,11.7401,92.6586,0,3,4,29.0,0,151.51,-0.573,88.11,0,1,Kiosk,3,900,120,300
2024-02-10,Leh,34.1526,77.5771,1,2,5,5.5,0,14.4,-1.0,88.06,166,3,Web,11,600,90,220
2024-12-01,Andaman,11.7401,92.6586,1,12,6,18.5,0,851.17,0.49,79.86,325,4,Kiosk,5,900,120,300
2025-03-05,Agra,27.1767,78.0081,0,3,2,27.9,0,68.73,0.069,68.79,436,3,Kiosk,5,1300,150,550
2024-11-24,Varanasi,25.3176,82.9739,1,11,6,16.7,0,436.05,-1.0,59.85,703,2,App,4,1400,160,500
2025-03-13,Varanasi,25.3176,82.9739,0,3,3,28.8,0,149.21,0.008,54.97,517,2,Web,6,1400,160,500
2025-08-04,Varanasi,25.3176,82.9739,0,8,0,32.4,0,350.38,0.414,50.71,158,2,Agent,26,1400,160,500
2024-12-16,Andaman,11.7401,92.6586,0,12,0,16.4,0,406.72,-0.031,91.81,450,2,Agent,5,900,120,300
2025-05-17,Goa,15.2993,74.124,1,5,5,39.2,0,304.3,0.869,88.89,528,2,Agent,2,2000,250,800
2024-10-24,Goa,15.2993,74.124,0,10,3,24.3,0,827.51,-1.0,69.15,440,3,Kiosk,9,2000,250,800
2024-02-10,Manali,32.2432,77.1892,1,2,5,12.2,0,387.09,0.827,71.9,614,3,Agent,1,1200,140,450
2025-04-30,Kerala,10.8505,76.2711,0,4,2,35.7,0,318.75,-0.377,69.78,897,1,App,6,1700,220,700
2024-07-16,Goa,15.2993,74.124,0,7,1,37.9,0,310.56,0.414,84.75,553,2,Agent,20,2000,250,800
2024-08-31,Manali,32.2432,77.1892,1,8,5,19.4,0,167.92,-0.441,69.99,665,2,App,1,1200,140,450
2025-04-03,Manali,32.2432,77.1892,0,4,3,22.7,0,271.64,0.3,84.02,357,1,Agent,18,1200,140,450
2025-01-13,Jaipur,26.9124,75.7873,0,1,0,19.1,0,450.44,-0.178,69.9,866,1,Web,2,1500,180,600
2024-04-11,Kerala,10.8505,76.2711,0,4,3,36.0,0,840.98,0.183,66.95,882,2,App,7,1700,220,700
2025-07-15,Varanasi,25.3176,82.9739,0,7,1,34.5,1,295.68,0.41,37.23,249,3,Kiosk,7,1400,160,500
2024-07-26,Agra,27.1767,78.0081,0,7,4,34.2,0,340.96,0.5,55.57,377,3,Kiosk,8,1300,150,550
2025-01-19,Manali,32.2432,77.1892,1,1,6,6.3,0,239.69,-0.518,72.71,482,1,App,13,1200,140,450
2024-08-20,Goa,15.2993,74.124,0,8,1,35.4,1,1231.73,-0.06,77.38,863,1,Kiosk,18,2000,250,800
2024-01-13,Andaman,11.7401,92.6586,1,1,5,20.3,0,314.26,0.893,104.17,608,3,App,21,900,120,300
2024-09-04,Leh,34.1526,77.5771,0,9,2,9.7,0,229.12,0.739,88.95,418,3,Web,7,600,90,220
2025-03-22,Manali,32.2432,77.1892,1,3,5,16.4,0,233.5,0.43,79.9,529,2,Web,9,1200,140,450
2024-06-03,Leh,34.1526,77.5771,0,6,0,22.0,1,348.65,0.489,105.08,100,2,Web,2,600,90,220
2024-07-15,Andaman,11.7401,92.6586,0,7,0,35.5,1,433.19,-0.156,92.87,657,1,App,14,900,120,300
2024-08-17,Jaipur,26.9124,75.7873,1,8,5,32.6,0,634.01,-0.295,62.7,1108,2,App,30,1500,180,600
2024-08-22,Leh,34.1526,77.5771,0,8,3,16.4,0,308.13,1.0,98.84,136,2,Web,9,600,90,220
2024-05-18,Goa,15.2993,74.124,1,5,5,40.2,0,252.73,-0.146,79.13,1075,2,Kiosk,9,2000,250,800
2025-03-22,Leh,34.1526,77.5771,1,3,5,9.6,0,508.81,-0.64,88.9,207,2,App,15,600,90,220
2024-10-25,Manali,32.2432,77.1892,0,10,4,9.8,0,224.61,-0.603,60.36,331,2,Kiosk,11,1200,140,450
2024-02-01,Varanasi,25.3176,82.9739,0,2,3,24.4,0,615.38,-0.725,50.83,213,3,Agent,3,1400,160,500
2024-03-10,Kerala,10.8505,76.2711,1,3,6,29.7,0,295.12,-0.219,69.96,648,2,Web,4,1700,220,700
2024-03-14,Kerala,10.8505,76.2711,0,3,3,29.7,0,483.63,-0.193,71.42,670,3,App,11,1700,220,700
2024-06-25,Jaipur,26.9124,75.7873,0,6,1,37.3,0,240.72,0.476,67.86,563,1,Kiosk,14,1500,180,600
2024-10-26,Leh,34.1526,77.5771,1,10,5,5.5,0,214.05,0.874,92.06,506,1,Agent,11,600,90,220
2024-08-31,Varanasi,25.3176,82.9739,1,8,5,33.4,0,757.55,-0.653,44.86,765,3,App,3,1400,160,500
2025-09-24,Jaipur,26.9124,75.7873,0,9,2,27.7,0,1077.14,-0.006,50.03,449,3,Web,15,1500,180,600
2025-07-18,Jaipur,26.9124,75.7873,0,7,4,35.8,0,132.13,-0.127,68.84,704,2,Web,9,1500,180,600
2024-08-01,Leh,34.1526,77.5771,0,8,3,15.9,0,509.43,0.037,95.05,490,3,App,9,600,90,220
2024-08-30,Andaman,11.7401,92.6586,0,8,4,32.2,0,420.6,0.746,87.12,249,2,Kiosk,4,900,120,300
2025-09-06,Jaipur,26.9124,75.7873,1,9,5,29.9,0,355.54,-0.107,68.09,316,2,Kiosk,3,1500,180,600
2024-06-18,Manali,32.2432,77.1892,0,6,1,26.3,0,740.93,0.347,73.74,656,2,App,10,1200,140,450
2024-09-23,Leh,34.1526,77.5771,0,9,0,11.8,0,248.5,0.347,87.1,0,2,Kiosk,7,600,90,220
2024-06-22,Andaman,11.7401,92.6586,1,6,5,38.3,0,325.7,1.0,92.22,101,2,Agent,8,900,120,300
2025-06-27,Leh,34.1526,77.5771,0,6,4,20.7,0,395.25,-0.673,96.02,683,2,App,17,600,90,220
2024-06-09,Jaipur,26.9124,75.7873,1,6,6,38.9,0,301.56,0.585,63.25,512,1,Agent,3,1500,180,600
2024-11-17,Andaman,11.7401,92.6586,1,11,6,19.2,0,932.71,-0.503,94.33,588,2,App,3,900,120,300
2025-08-16,Agra,27.1767,78.0081,1,8,5,29.8,0,429.13,-0.663,55.72,594,1,Web,22,1300,150,550
2025-02-07,Agra,27.1767,78.0081,0,2,4,21.0,0,381.91,-0.358,48.2,495,1,Web,11,1300,150,550
2024-05-30,Varanasi,25.3176,82.9739,0,5,3,36.4,0,326.8,-0.377,51.69,547,2,App,13,1400,160,500
2025-01-17,Leh,34.1526,77.5771,0,1,4,2.4,1,217.15,-0.406,99.12,345,2,App,12,600,90,220
2024-04-24,Manali,32.2432,77.1892,0,4,2,19.9,0,368.07,-0.385,66.38,645,1,Agent,5,1200,140,450
2024-11-04,Andaman,11.7401,92.6586,0,11,0,22.1,0,405.11,-0.101,88.19,335,3,App,13,900,120,300
2024-02-28,Agra,27.1767,78.0081,0,2,2,21.4,0,160.86,0.753,60.28,494,3,Agent,12,1300,150,550
2024-04-19,Andaman,11.7401,92.6586,0,4,4,32.2,0,418.18,0.409,89.43,380,1,App,6,900,120,300
2025-07-23,Andaman,11.7401,92.6586,0,7,2,36.3,0,349.34,0.48,88.47,154,2,App,8,900,120,300
2025-07-17,Andaman,11.7401,92.6586,0,7,3,38.1,1,562.1,-0.598,87.94,709,3,Kiosk,12,900,120,300
2024-07-15,Manali,32.2432,77.1892,0,7,0,22.8,0,201.72,0.633,71.93,299,3,App,7,1200,140,450
2025-04-23,Jaipur,26.9124,75.7873,0,4,2,35.4,0,403.21,0.257,67.99,966,3,Kiosk,14,1500,180,600
2025-08-23,Kerala,10.8505,76.2711,1,8,5,35.3,0,375.69,0.644,71.07,588,2,Agent,2,1700,220,700
2025-09-02,Jaipur,26.9124,75.7873,0,9,1,27.8,0,665.73,0.202,57.51,523,3,Kiosk,34,1500,180,600
2025-06-28,Andaman,11.7401,92.6586,1,6,5,37.0,0,148.78,0.611,95.59,398,1,Web,1,900,120,300
2024-04-22,Manali,32.2432,77.1892,0,4,0,20.9,0,65.11,0.063,78.03,557,3,Agent,25,1200,140,450
2025-05-09,Jaipur,26.9124,75.7873,0,5,4,36.3,0,446.85,-0.228,53.56,842,2,App,10,1500,180,600
2024-11-22,Manali,32.2432,77.1892,0,11,4,5.3,0,1238.67,-0.465,83.43,618,2,Web,7,1200,140,450
2025-01-17,Agra,27.1767,78.0081,0,1,4,17.9,0,175.1,0.524,45.98,793,3,App,6,1300,150,550
2025-09-29,Manali,32.2432,77.1892,0,9,0,15.2,0,179.9,0.528,62.39,366,3,Agent,36,1200,140,450
2025-08-03,Jaipur,26.9124,75.7873,1,8,6,32.7,0,171.24,0.448,56.1,423,1,App,13,1500,180,600
2024-04-10,Andaman,11.7401,92.6586,0,4,2,31.4,0,973.21,-0.173,86.63,614,2,App,37,900,120,300
2025-02-18,Kerala,10.8505,76.2711,0,2,1,23.5,0,1127.11,0.101,73.9,670,1,App,15,1700,220,700
2024-06-17,Andaman,11.7401,92.6586,0,6,0,40.2,0,258.96,0.689,98.3,29,3,Agent,9,900,120,300
2025-01-18,Leh,34.1526,77.5771,1,1,5,0.5,0,821.82,0.244,94.3,117,2,App,1,600,90,220
2024-07-15,Kerala,10.8505,76.2711,0,7,0,36.9,0,298.83,-0.078,67.0,615,3,Kiosk,3,1700,220,700
2024-03-08,Kerala,10.8505,76.2711,0,3,4,28.7,1,314.38,-0.96,68.16,412,2,Kiosk,5,1700,220,700
2025-09-08,Varanasi,25.3176,82.9739,0,9,0,26.4,0,338.5,0.207,43.58,516,2,App,16,1400,160,500
2024-12-12,Varanasi,25.3176,82.9739,0,12,3,16.0,0,441.99,-0.188,50.58,371,3,Agent,29,1400,160,500
2025-03-25,Kerala,10.8505,76.2711,0,3,1,29.8,0,238.31,-1.0,69.12,474,2,Web,23,1700,220,700
2025-08-21,Jaipur,26.9124,75.7873,0,8,3,30.4,0,46.11,-0.32,66.1,670,3,App,3,1500,180,600
2025-03-26,Kerala,10.8505,76.2711,0,3,2,27.8,0,350.22,-0.318,79.32,464,2,Agent,6,1700,220,700
2025-07-10,Andaman,11.7401,92.6586,0,7,3,35.7,0,363.56,0.261,92.23,583,1,Agent,24,900,120,300
2024-06-07,Jaipur,26.9124,75.7873,0,6,4,37.3,0,486.16,-0.84,64.18,720,2,Agent,6,1500,180,600
2024-12-09,Varanasi,25.3176,82.9739,0,12,0,16.3,0,723.27,-1.0,51.56,752,2,Web,9,1400,160,500
2025-04-06,Goa,15.2993,74.124,1,4,6,34.2,0,306.31,0.291,77.77,703,2,Agent,13,2000,250,800
2025-08-17,Agra,27.1767,78.0081,1,8,6,30.6,0,363.39,0.974,61.41,489,1,Web,6,1300,150,550
2025-07-17,Agra,27.1767,78.0081,0,7,3,34.7,0,515.06,-0.179,61.82,933,2,Web,1,1300,150,550
2024-10-09,Kerala,10.8505,76.2711,0,10,2,25.6,0,994.69,-0.014,66.79,847,1,Web,36,1700,220,700
2024-04-10,Jaipur,26.9124,75.7873,0,4,2,31.9,0,353.46,0.96,52.55,453,2,App,1,1500,180,600
2024-05-02,Goa,15.2993,74.124,0,5,3,39.1,0,857.26,0.415,80.22,930,2,App,24,2000,250,800
2025-05-21,Andaman,11.7401,92.6586,0,5,2,37.7,0,774.36,0.798,92.59,238,2,Agent,20,900,120,300
2025-08-12,Agra,27.1767,78.0081,0,8,1,32.5,1,127.3,-0.479,59.6,419,2,Agent,6,1300,150,550
2025-09-03,Agra,27.1767,78.0081,0,9,2,25.6,0,364.69,1.0,53.97,551,2,App,15,1300,150,550
2025-06-21,Varanasi,25.3176,82.9739,1,6,5,39.9,0,167.74,-0.448,58.15,738,2,Agent,5,1400,160,500
2024-06-13,Leh,34.1526,77.5771,0,6,3,19.1,0,54.41,0.607,106.59,129,1,App,17,600,90,220
2025-06-09,Andaman,11.7401,92.6586,0,6,0,37.0,0,629.78,-0.072,92.75,691,3,Agent,7,900,120,300
2024-02-03,Agra,27.1767,78.0081,1,2,5,23.8,0,384.09,0.376,51.97,803,4,Web,17,1300,150,550
2025-07-23,Manali,32.2432,77.1892,0,7,2,23.8,0,703.76,-0.728,72.34,597,2,Kiosk,18,1200,140,450
2024-03-09,Agra,27.1767,78.0081,1,3,5,27.3,0,470.59,-0.63,53.1,355,2,App,13,1300,150,550
2025-02-16,Kerala,10.8505,76.2711,1,2,6,24.7,0,163.41,0.98,70.95,748,3,Web,3,1700,220,700
2025-01-03,Goa,15.2993,74.124,0,1,4,20.1,0,249.4,0.414,70.47,847,2,Kiosk,14,2000,250,800
2024-05-18,Jaipur,26.9124,75.7873,1,5,5,38.8,0,811.34,1.0,69.07,535,2,Agent,17,1500,180,600
2024-02-22,Manali,32.2432,77.1892,0,2,3,8.0,0,32.75,0.646,78.58,371,2,Agent,2,1200,140,450
2025-02-03,Manali,32.2432,77.1892,0,2,0,8.1,0,538.82,-0.859,77.83,415,2,Web,8,1200,140,450
2025-04-20,Kerala,10.8505,76.2711,1,4,6,33.1,0,1604.16,-1.0,71.9,1024,1,Kiosk,21,1700,220,700
2024-04-28,Manali,32.2432,77.1892,1,4,6,19.9,0,780.27,0.872,69.84,366,2,Agent,5,1200,140,450
2025-01-22,Andaman,11.7401,92.6586,0,1,2,19.1,0,226.65,0.214,89.23,173,2,App,5,900,120,300
2025-06-18,Jaipur,26.9124,75.7873,0,6,2,37.6,1,378.1,-0.348,65.06,623,2,App,4,1500,180,600
2024-05-08,Manali,32.2432,77.1892,0,5,2,23.9,0,514.49,-0.846,78.75,580,3,Kiosk,9,1200,140,450
2025-03-16,Kerala,10.8505,76.2711,1,3,6,29.8,0,460.45,0.125,78.47,564,1,Kiosk,3,1700,220,700
2025-05-21,Varanasi,25.3176,82.9739,0,5,2,35.3,0,400.31,1.0,60.97,443,2,Web,12,1400,160,500
2024-11-19,Jaipur,26.9124,75.7873,0,11,1,17.4,0,107.27,0.769,66.17,826,2,Kiosk,8,1500,180,600
2025-04-26,Manali,32.2432,77.1892,1,4,5,19.4,0,390.46,0.969,74.43,487,1,Agent,7,1200,140,450
2024-03-31,Agra,27.1767,78.0081,1,3,6,25.8,0,722.0,0.364,66.76,931,3,App,23,1300,150,550
2024-09-23,Kerala,10.8505,76.2711,0,9,0,26.1,0,151.2,0.701,71.95,585,1,Kiosk,4,1700,220,700
2024-08-30,Andaman,11.7401,92.6586,0,8,4,32.2,0,280.39,0.389,87.87,138,2,Kiosk,4,900,120,300
2024-05-11,Manali,32.2432,77.1892,1,5,5,23.6,0,346.82,0.734,67.84,222,3,Agent,13,1200,140,450
2024-05-12,Leh,34.1526,77.5771,1,5,6,18.2,0,210.88,0.471,98.22,341,1,App,6,600,90,220
2025-08-01,Leh,34.1526,77.5771,0,8,4,15.0,0,196.43,-1.0,98.37,401,3,Web,4,600,90,220
2025-06-28,Varanasi,25.3176,82.9739,1,6,5,36.7,1,398.51,-0.336,44.87,464,2,Kiosk,9,1400,160,500
2024-05-02,Jaipur,26.9124,75.7873,0,5,3,36.2,0,906.33,-0.137,65.63,945,2,Kiosk,18,1500,180,600
2025-03-25,Andaman,11.7401,92.6586,0,3,1,28.4,0,34.21,0.761,93.78,295,1,Agent,4,900,120,300
2025-04-11,Leh,34.1526,77.5771,0,4,4,13.3,1,337.29,0.065,92.87,300,3,Web,9,600,90,220
2025-01-10,Agra,27.1767,78.0081,0,1,4,19.1,0,339.65,-0.07,53.36,373,2,Agent,2,1300,150,550
2024-10-03,Jaipur,26.9124,75.7873,0,10,3,23.3,0,118.2,-0.876,68.4,427,2,App,9,1500,180,600
2024-01-15,Leh,34.1526,77.5771,0,1,0,0.3,0,287.97,-1.0,82.33,31,3,Agent,8,600,90,220
2024-08-07,Manali,32.2432,77.1892,0,8,2,21.6,0,317.26,0.059,82.65,410,3,Kiosk,10,1200,140,450
2024-10-30,Varanasi,25.3176,82.9739,0,10,2,22.1,0,266.26,0.41,41.55,458,2,Agent,15,1400,160,500
2025-02-10,Kerala,10.8505,76.2711,0,2,0,26.1,0,530.5,0.051,67.27,752,2,Kiosk,4,1700,220,700
2024-09-12,Varanasi,25.3176,82.9739,0,9,3,27.6,0,217.02,-0.111,51.65,397,2,Kiosk,6,1400,160,500
2024-01-21,Varanasi,25.3176,82.9739,1,1,6,19.3,0,134.81,0.155,51.52,350,2,App,19,1400,160,500
2025-07-24,Agra,27.1767,78.0081,0,7,3,36.3,0,307.26,0.056,68.59,810,3,App,12,1300,150,550
2025-01-25,Leh,34.1526,77.5771,1,1,5,0.9,0,381.27,0.979,77.34,689,2,Agent,7,600,90,220
2025-08-03,Goa,15.2993,74.124,1,8,6,33.9,0,230.9,-0.036,65.84,632,2,Kiosk,31,2000,250,800
2024-12-25,Jaipur,26.9124,75.7873,0,12,2,16.3,0,474.98,-0.072,58.0,439,4,App,13,1500,180,600
2025-02-20,Agra,27.1767,78.0081,0,2,3,21.4,0,118.05,-0.168,49.71,208,3,Agent,7,1300,150,550
2025-08-20,Agra,27.1767,78.0081,0,8,2,29.6,0,210.85,-1.0,44.04,648,3,Kiosk,1,1300,150,550
2025-03-19,Manali,32.2432,77.1892,0,3,2,12.5,0,477.67,-0.174,82.42,421,1,Web,5,1200,140,450
2025-07-15,Varanasi,25.3176,82.9739,0,7,1,33.4,0,309.16,-0.333,52.2,598,1,Web,19,1400,160,500
2024-03-17,Varanasi,25.3176,82.9739,1,3,6,25.0,0,157.4,0.453,44.04,615,2,Agent,17,1400,160,500
2024-06-30,Manali,32.2432,77.1892,1,6,6,25.4,0,923.19,0.582,72.56,653,3,App,12,1200,140,450
2024-06-11,Jaipur,26.9124,75.7873,0,6,1,38.2,1,765.38,-0.031,57.38,688,2,App,3,1500,180,600
2025-03-07,Manali,32.2432,77.1892,0,3,4,15.4,0,380.2,0.127,76.98,354,2,Kiosk,9,1200,140,450
2024-12-16,Leh,34.1526,77.5771,0,12,0,-0.3,0,513.76,-0.196,97.68,474,3,Web,1,600,90,220
2024-07-15,Andaman,11.7401,92.6586,0,7,0,38.4,0,625.51,0.152,91.51,461,2,Kiosk,29,900,120,300
2024-02-01,Jaipur,26.9124,75.7873,0,2,3,22.6,0,396.99,0.592,56.44,734,3,App,11,1500,180,600
2024-11-03,Varanasi,25.3176,82.9739,1,11,6,17.9,0,386.41,0.79,53.41,941,3,App,15,1400,160,500
2024-06-23,Varanasi,25.3176,82.9739,1,6,6,36.7,0,532.23,-0.314,52.27,979,3,Web,7,1400,160,500
2025-07-08,Jaipur,26.9124,75.7873,0,7,1,34.9,0,386.2,-1.0,58.82,638,1,Agent,9,1500,180,600
2024-02-28,Varanasi,25.3176,82.9739,0,2,2,22.9,0,339.4,-0.157,63.91,200,1,Kiosk,5,1400,160,500
2025-05-09,Goa,15.2993,74.124,0,5,4,39.3,0,384.74,-0.779,69.47,869,2,Kiosk,7,2000,250,800
2025-03-23,Varanasi,25.3176,82.9739,1,3,6,27.2,0,130.13,-0.572,59.06,365,2,Agent,19,1400,160,500
2024-02-02,Varanasi,25.3176,82.9739,0,2,4,21.2,0,214.24,0.63,50.55,549,2,Web,13,1400,160,500
2024-05-18,Jaipur,26.9124,75.7873,1,5,5,36.2,0,199.74,0.506,70.58,722,2,Agent,10,1500,180,600
2024-01-23,Manali,32.2432,77.1892,0,1,1,6.7,0,180.16,0.037,79.04,139,2,Kiosk,11,1200,140,450
2025-02-19,Manali,32.2432,77.1892,0,2,2,10.5,0,358.09,-0.438,77.83,112,2,Kiosk,1,1200,140,450
2024-04-25,Goa,15.2993,74.124,0,4,3,34.3,0,876.31,-0.086,82.03,951,2,App,13,2000,250,800
2024-09-03,Kerala,10.8505,76.2711,0,9,1,29.7,0,458.51,-1.0,56.9,312,2,Agent,19,1700,220,700
2024-07-28,Jaipur,26.9124,75.7873,1,7,6,37.4,0,844.83,0.902,61.73,656,1,Agent,2,1500,180,600
2025-02-14,Varanasi,25.3176,82.9739,0,2,4,22.7,0,653.13,-1.0,43.74,398,1,Agent,5,1400,160,500
2024-12-21,Kerala,10.8505,76.2711,1,12,5,21.1,0,206.71,0.835,76.59,827,2,Agent,25,1700,220,700
2025-04-17,Manali,32.2432,77.1892,0,4,3,20.1,0,116.84,0.394,82.96,267,3,Web,4,1200,140,450
2024-05-20,Jaipur,26.9124,75.7873,0,5,0,38.7,0,377.8,0.442,58.0,300,2,Kiosk,9,1500,180,600
2025-04-12,Manali,32.2432,77.1892,1,4,5,19.2,0,912.9,0.09,69.78,640,2,Kiosk,2,1200,140,450
2025-04-24,Andaman,11.7401,92.6586,0,4,3,32.3,0,1407.29,0.424,90.03,299,2,Web,8,900,120,300
2024-08-20,Andaman,11.7401,92.6586,0,8,1,33.7,0,296.29,0.486,84.15,91,2,Agent,25,900,120,300
2025-09-07,Kerala,10.8505,76.2711,1,9,6,30.3,0,737.36,0.104,72.2,812,3,Web,23,1700,220,700
2024-02-07,Kerala,10.8505,76.2711,0,2,2,24.5,0,124.14,0.364,68.8,972,3,Web,27,1700,220,700
2025-08-27,Goa,15.2993,74.124,0,8,2,35.3,1,201.39,-0.045,61.16,1013,2,Web,34,2000,250,800
2024-03-01,Manali,32.2432,77.1892,0,3,4,12.9,1,311.41,0.186,69.3,144,3,Kiosk,9,1200,140,450
2024-10-14,Goa,15.2993,74.124,0,10,0,23.3,0,476.02,-0.076,86.34,597,2,Agent,12,2000,250,800
2024-05-07,Varanasi,25.3176,82.9739,0,5,1,35.6,0,677.44,-0.503,54.62,711,2,App,14,1400,160,500
2024-07-27,Agra,27.1767,78.0081,1,7,5,37.4,0,1023.97,0.763,52.0,431,3,Kiosk,7,1300,150,550
2025-08-24,Manali,32.2432,77.1892,1,8,6,19.3,0,630.25,-0.159,68.69,706,2,App,28,1200,140,450
2024-07-22,Agra,27.1767,78.0081,0,7,0,35.9,0,788.37,0.412,55.51,171,2,Agent,5,1300,150,550
2025-09-26,Agra,27.1767,78.0081,0,9,4,24.6,1,764.8,0.406,49.43,568,2,App,7,1300,150,550
2025-03-19,Andaman,11.7401,92.6586,0,3,2,30.1,0,669.97,0.569,91.58,423,2,App,4,900,120,300
2024-07-30,Kerala,10.8505,76.2711,0,7,1,36.8,0,472.18,0.152,72.86,841,2,Kiosk,10,1700,220,700
2024-06-17,Agra,27.1767,78.0081,0,6,0,36.3,0,463.9,0.284,50.38,535,2,App,13,1300,150,550
2024-07-09,Manali,32.2432,77.1892,0,7,1,24.0,0,128.77,-0.235,71.46,762,2,Web,17,1200,140,450
2025-08-23,Kerala,10.8505,76.2711,1,8,5,34.5,0,76.97,0.226,57.43,820,2,Agent,7,1700,220,700
2025-02-25,Kerala,10.8505,76.2711,0,2,1,22.9,0,697.85,1.0,69.38,906,2,Web,33,1700,220,700
2024-03-01,Andaman,11.7401,92.6586,0,3,4,26.0,0,835.6,0.449,88.52,483,2,Agent,18,900,120,300
2024-10-02,Goa,15.2993,74.124,0,10,2,26.9,0,354.45,0.231,72.17,590,2,Kiosk,8,2000,250,800
2024-08-05,Jaipur,26.9124,75.7873,0,8,0,34.9,0,518.35,-0.913,72.88,789,2,Kiosk,13,1500,180,600
2024-06-04,Leh,34.1526,77.5771,0,6,1,20.0,0,439.09,0.452,99.44,310,2,Web,15,600,90,220
2025-05-04,Jaipur,26.9124,75.7873,1,5,6,35.3,0,415.63,0.907,56.97,675,2,Web,7,1500,180,600
2025-05-21,Kerala,10.8505,76.2711,0,5,2,38.9,0,1277.33,-0.256,54.21,622,2,Agent,10,1700,220,700
2024-07-20,Kerala,10.8505,76.2711,1,7,5,36.6,0,270.14,-0.237,69.92,922,3,App,17,1700,220,700
2025-07-22,Andaman,11.7401,92.6586,0,7,1,35.7,0,506.0,1.0,87.83,257,1,Agent,10,900,120,300
2024-04-16,Goa,15.2993,74.124,0,4,1,33.5,0,170.09,-0.579,71.78,675,3,Kiosk,12,2000,250,800
2024-03-21,Andaman,11.7401,92.6586,0,3,3,30.1,0,250.11,-0.548,101.52,507,2,Kiosk,6,900,120,300
2024-11-20,Andaman,11.7401,92.6586,0,11,2,20.0,0,264.63,0.697,86.58,351,3,Kiosk,26,900,120,300
2024-05-08,Andaman,11.7401,92.6586,0,5,2,35.7,0,350.98,-0.752,96.53,366,2,Agent,10,900,120,300
2024-10-18,Leh,34.1526,77.5771,0,10,4,4.9,0,117.22,-0.054,93.74,196,2,Kiosk,19,600,90,220
2024-08-29,Jaipur,26.9124,75.7873,0,8,3,32.1,0,438.32,-0.374,37.74,951,1,App,4,1500,180,600
2024-04-05,Leh,34.1526,77.5771,0,4,4,14.7,0,688.12,-0.075,96.43,660,3,Kiosk,13,600,90,220
2025-01-29,Agra,27.1767,78.0081,0,1,2,18.2,0,433.55,0.722,56.89,731,2,Web,19,1300,150,550
2025-02-26,Jaipur,26.9124,75.7873,0,2,2,24.6,0,1301.05,-0.333,54.12,470,3,App,17,1500,180,600
2024-04-06,Varanasi,25.3176,82.9739,1,4,5,32.6,0,153.0,-0.226,41.28,696,2,Kiosk,17,1400,160,500
2024-05-08,Agra,27.1767,78.0081,0,5,2,38.3,0,77.23,0.774,53.55,216,2,Kiosk,13,1300,150,550
2024-03-23,Andaman,11.7401,92.6586,1,3,5,29.1,0,130.93,-0.876,96.39,268,2,Agent,8,900,120,300
2025-09-22,Leh,34.1526,77.5771,0,9,0,11.0,0,258.99,-0.114,90.28,0,1,Agent,17,600,90,220
2024-09-07,Leh,34.1526,77.5771,1,9,5,10.1,0,189.89,-0.327,88.3,9,2,Agent,10,600,90,220
2025-04-11,Goa,15.2993,74.124,0,4,4,36.2,0,558.74,-0.119,83.98,864,2,Kiosk,13,2000,250,800
2025-01-16,Goa,15.2993,74.124,0,1,3,20.4,0,433.05,-0.358,77.28,627,2,Agent,15,2000,250,800
2024-08-04,Manali,32.2432,77.1892,1,8,6,19.2,0,452.11,-0.524,64.79,522,2,Web,10,1200,140,450
2024-05-10,Manali,32.2432,77.1892,0,5,4,24.4,0,29.26,-0.351,64.28,697,3,App,18,1200,140,450
2025-09-26,Jaipur,26.9124,75.7873,0,9,4,26.9,0,1036.53,0.133,50.99,358,3,App,3,1500,180,600
2024-04-28,Agra,27.1767,78.0081,1,4,6,33.1,0,292.1,-0.343,49.73,644,4,Kiosk,11,1300,150,550
2025-02-21,Agra,27.1767,78.0081,0,2,4,22.2,0,580.18,1.0,63.55,969,1,App,5,1300,150,550
2024-07-10,Jaipur,26.9124,75.7873,0,7,2,36.1,0,148.72,-0.395,60.68,541,3,Kiosk,10,1500,180,600
2025-01-17,Kerala,10.8505,76.2711,0,1,4,20.6,0,337.44,-0.072,72.39,503,3,Agent,3,1700,220,700
2024-08-20,Jaipur,26.9124,75.7873,0,8,1,34.6,0,1235.37,0.272,50.37,672,2,Web,8,1500,180,600
2025-02-10,Kerala,10.8505,76.2711,0,2,0,21.7,0,398.01,0.616,70.84,1046,2,Agent,7,1700,220,700
2025-05-08,Kerala,10.8505,76.2711,0,5,3,38.6,0,642.95,-0.865,64.26,663,2,App,7,1700,220,700
2025-02-10,Kerala,10.8505,76.2711,0,2,0,23.0,0,536.52,-0.606,79.83,807,3,Kiosk,26,1700,220,700
2025-08-14,Manali,32.2432,77.1892,0,8,3,20.5,0,682.16,-0.218,70.53,500,3,App,7,1200,140,450
2024-02-13,Agra,27.1767,78.0081,0,2,1,22.7,0,902.3,0.13,61.01,385,2,Kiosk,19,1300,150,550
2024-09-28,Varanasi,25.3176,82.9739,1,9,5,29.6,0,249.45,-0.159,50.47,765,2,App,13,1400,160,500
2025-08-27,Goa,15.2993,74.124,0,8,2,36.3,0,631.42,0.158,63.4,847,1,Agent,12,2000,250,800
2025-04-29,Manali,32.2432,77.1892,0,4,1,18.6,0,95.82,-0.796,75.21,459,2,Agent,15,1200,140,450
2025-08-29,Kerala,10.8505,76.2711,0,8,4,34.2,0,318.95,-0.7,76.94,693,2,Web,15,1700,220,700
2025-02-25,Goa,15.2993,74.124,0,2,1,25.4,0,376.2,0.296,79.34,482,1,Agent,7,2000,250,800
2024-10-18,Goa,15.2993,74.124,0,10,4,23.8,0,450.23,0.502,80.11,754,3,Web,3,2000,250,800
2024-05-08,Andaman,11.7401,92.6586,0,5,2,37.7,0,1206.65,0.195,85.0,321,2,Kiosk,10,900,120,300
2024-12-15,Jaipur,26.9124,75.7873,1,12,6,17.6,0,263.66,-0.771,52.82,496,2,Agent,20,1500,180,600
2025-08-24,Leh,34.1526,77.5771,1,8,6,14.3,0,624.04,0.47,96.9,424,2,Kiosk,31,600,90,220
2025-02-19,Manali,32.2432,77.1892,0,2,2,9.2,0,575.19,0.258,72.03,330,2,Kiosk,39,1200,140,450
2025-06-14,Leh,34.1526,77.5771,1,6,5,21.6,0,324.41,-0.208,95.44,457,2,Agent,5,600,90,220
2024-08-08,Jaipur,26.9124,75.7873,0,8,3,33.8,0,249.42,0.36,61.44,420,2,Web,29,1500,180,600
2025-03-01,Goa,15.2993,74.124,1,3,5,29.3,0,461.06,-0.903,83.26,801,2,Agent,24,2000,250,800
2025-03-02,Jaipur,26.9124,75.7873,1,3,6,28.1,0,419.38,0.258,62.49,806,2,Web,5,1500,180,600
2024-06-14,Jaipur,26.9124,75.7873,0,6,4,38.1,0,489.84,-0.18,70.24,1026,2,App,15,1500,180,600
2024-06-15,Kerala,10.8505,76.2711,1,6,5,40.2,0,87.39,-0.683,73.81,868,3,Agent,8,1700,220,700
2024-07-11,Kerala,10.8505,76.2711,0,7,3,38.9,0,481.19,-0.145,65.66,771,3,Web,20,1700,220,700
2024-02-02,Varanasi,25.3176,82.9739,0,2,4,20.1,0,292.92,-0.165,43.77,359,3,Web,14,1400,160,500
2025-01-12,Agra,27.1767,78.0081,1,1,6,17.2,0,297.32,0.75,65.23,760,2,App,7,1300,150,550
2024-01-14,Goa,15.2993,74.124,1,1,6,20.9,0,173.52,-0.351,82.74,642,1,Kiosk,9,2000,250,800
2024-12-25,Leh,34.1526,77.5771,0,12,2,-1.7,0,268.24,0.299,95.53,131,2,Web,14,600,90,220
2024-07-17,Leh,34.1526,77.5771,0,7,2,21.8,0,335.29,0.592,97.62,33,2,Kiosk,27,600,90,220
2024-01-02,Jaipur,26.9124,75.7873,0,1,1,20.7,0,263.13,-0.155,62.23,416,2,App,1,1500,180,600
2025-08-22,Kerala,10.8505,76.2711,0,8,4,33.4,0,445.74,1.0,74.94,774,2,Kiosk,10,1700,220,700
2024-07-18,Jaipur,26.9124,75.7873,0,7,3,34.3,0,616.78,0.301,59.92,791,2,Kiosk,14,1500,180,600
2024-05-26,Andaman,11.7401,92.6586,1,5,6,37.3,0,80.32,-0.116,89.63,460,1,App,19,900,120,300
2025-06-21,Agra,27.1767,78.0081,1,6,5,34.7,0,1284.67,0.913,60.06,612,2,Kiosk,28,1300,150,550
2025-03-19,Kerala,10.8505,76.2711,0,3,2,30.3,1,491.14,-0.482,63.75,470,1,Web,3,1700,220,700
2025-07-19,Andaman,11.7401,92.6586,1,7,5,39.4,0,288.66,0.955,94.76,93,2,Web,9,900,120,300
2025-02-28,Manali,32.2432,77.1892,0,2,4,10.1,0,158.4,-0.681,71.01,284,2,App,17,1200,140,450
2025-02-24,Andaman,11.7401,92.6586,0,2,0,22.2,0,1253.35,-0.049,101.0,489,1,Agent,1,900,120,300
2024-06-27,Jaipur,26.9124,75.7873,0,6,3,39.2,0,609.3,-0.292,71.41,897,3,App,6,1500,180,600
2024-01-02,Kerala,10.8505,76.2711,0,1,1,21.7,0,908.21,0.508,61.52,622,2,Agent,6,1700,220,700
2025-05-14,Manali,32.2432,77.1892,0,5,2,23.1,0,922.78,-0.234,77.28,572,3,Kiosk,4,1200,140,450
2024-07-26,Goa,15.2993,74.124,0,7,4,38.6,0,506.02,-0.448,76.94,1056,1,Kiosk,5,2000,250,800
2025-06-10,Goa,15.2993,74.124,0,6,1,41.3,0,545.02,0.395,85.33,620,3,Kiosk,2,2000,250,800
2024-08-17,Andaman,11.7401,92.6586,1,8,5,32.7,0,107.19,-0.421,92.51,529,1,Kiosk,9,900,120,300
2024-07-12,Manali,32.2432,77.1892,0,7,4,22.7,0,336.02,0.665,71.75,459,2,Web,7,1200,140,450
2025-06-13,Jaipur,26.9124,75.7873,0,6,4,37.1,1,377.43,-0.23,69.89,919,3,App,15,1500,180,600
2024-12-17,Varanasi,25.3176,82.9739,0,12,1,17.0,0,71.67,-0.405,39.03,322,2,App,36,1400,160,500
2025-06-17,Kerala,10.8505,76.2711,0,6,1,39.4,1,683.81,-0.807,72.97,909,2,Web,15,1700,220,700
2024-10-05,Kerala,10.8505,76.2711,1,10,5,25.6,0,440.8,-0.13,73.64,426,3,App,22,1700,220,700
2025-06-23,Jaipur,26.9124,75.7873,0,6,0,38.9,0,985.76,-0.491,61.97,1038,2,Web,9,1500,180,600
2024-06-13,Leh,34.1526,77.5771,0,6,3,21.3,0,464.02,-0.458,93.65,522,2,Web,15,600,90,220
2025-03-11,Manali,32.2432,77.1892,0,3,1,14.6,0,213.19,-0.418,74.4,227,2,Web,28,1200,140,450
2024-06-14,Agra,27.1767,78.0081,0,6,4,36.6,1,521.1,-0.097,57.82,956,3,App,12,1300,150,550
2025-06-02,Goa,15.2993,74.124,0,6,0,40.1,0,186.72,-0.151,85.34,689,2,Kiosk,13,2000,250,800
2025-04-09,Andaman,11.7401,92.6586,0,4,2,32.5,0,1159.0,-0.397,81.16,358,3,Agent,30,900,120,300
2025-03-04,Jaipur,26.9124,75.7873,0,3,1,26.1,0,139.42,-0.319,72.51,428,2,App,21,1500,180,600
2024-11-03,Andaman,11.7401,92.6586,1,11,6,19.8,0,315.75,-0.517,91.68,421,2,Web,7,900,120,300
2024-03-29,Varanasi,25.3176,82.9739,0,3,4,26.5,0,706.78,-0.339,55.4,600,2,Kiosk,3,1400,160,500
2025-09-10,Agra,27.1767,78.0081,0,9,2,25.8,0,244.01,0.173,55.42,160,2,Agent,12,1300,150,550
2024-08-12,Kerala,10.8505,76.2711,0,8,0,32.2,0,286.52,0.385,64.62,536,1,Agent,16,1700,220,700
2025-04-01,Leh,34.1526,77.5771,0,4,1,13.1,0,252.79,0.819,96.3,107,3,App,6,600,90,220
2024-12-14,Manali,32.2432,77.1892,1,12,5,4.7,0,293.24,-1.0,82.63,395,2,Agent,18,1200,140,450
2024-01-17,Leh,34.1526,77.5771,0,1,2,2.0,0,814.74,-0.352,89.59,155,2,Web,12,600,90,220
2025-05-04,Jaipur,26.9124,75.7873,1,5,6,36.5,0,151.21,-0.108,61.37,755,2,Kiosk,2,1500,180,600
2024-03-05,Jaipur,26.9124,75.7873,0,3,1,28.4,0,376.43,0.285,63.4,423,2,App,8,1500,180,600
2024-06-01,Jaipur,26.9124,75.7873,1,6,5,37.4,0,352.4,0.239,62.05,776,2,Agent,12,1500,180,600
2024-03-25,Goa,15.2993,74.124,0,3,0,29.6,0,364.59,0.748,89.42,656,2,Kiosk,13,2000,250,800
2024-12-24,Jaipur,26.9124,75.7873,0,12,1,17.1,0,393.33,-0.034,68.84,544,2,Agent,19,1500,180,600
2025-01-14,Andaman,11.7401,92.6586,0,1,1,18.6,0,308.09,1.0,87.5,330,3,Kiosk,9,900,120,300
2024-06-22,Andaman,11.7401,92.6586,1,6,5,38.6,1,369.54,-0.249,95.38,514,2,Agent,7,900,120,300
2024-01-31,Kerala,10.8505,76.2711,0,1,2,19.4,1,692.07,-0.554,70.74,610,2,Agent,6,1700,220,700
2024-05-03,Varanasi,25.3176,82.9739,0,5,4,36.8,0,531.47,0.454,50.76,509,2,Web,12,1400,160,500
2024-01-08,Andaman,11.7401,92.6586,0,1,0,19.3,0,377.37,0.56,91.93,230,2,Kiosk,12,900,120,300
2024-12-31,Goa,15.2993,74.124,0,12,1,20.1,1,225.74,0.045,78.8,405,2,Kiosk,10,2000,250,800
2024-12-03,Agra,27.1767,78.0081,0,12,1,17.0,0,220.09,-0.081,54.45,280,2,Web,8,1300,150,550
2024-08-22,Manali,32.2432,77.1892,0,8,3,21.2,0,658.05,-0.363,66.07,366,3,Agent,24,1200,140,450
2025-05-01,Kerala,10.8505,76.2711,0,5,3,38.1,0,161.77,-0.219,73.75,760,3,App,26,1700,220,700
2024-11-29,Andaman,11.7401,92.6586,0,11,4,19.6,0,669.88,0.852,85.72,567,3,Agent,2,900,120,300
2024-09-08,Leh,34.1526,77.5771,1,9,6,7.8,0,471.95,0.806,78.21,507,2,Kiosk,5,600,90,220
2025-06-12,Jaipur,26.9124,75.7873,0,6,3,39.1,0,586.92,0.247,59.13,652,2,App,9,1500,180,600
2024-07-17,Manali,32.2432,77.1892,0,7,2,20.2,1,507.06,0.204,71.97,658,2,Web,3,1200,140,450
2024-04-23,Varanasi,25.3176,82.9739,0,4,1,30.9,0,137.86,-0.488,55.7,451,1,Agent,11,1400,160,500
2024-02-28,Leh,34.1526,77.5771,0,2,2,5.7,0,370.1,0.814,99.98,376,2,Web,5,600,90,220
2024-02-06,Jaipur,26.9124,75.7873,0,2,1,22.0,0,497.95,0.483,61.61,790,2,Kiosk,10,1500,180,600
2024-05-06,Andaman,11.7401,92.6586,0,5,0,34.5,0,1405.61,0.368,89.33,261,1,Agent,1,900,120,300
2025-07-22,Leh,34.1526,77.5771,0,7,1,18.9,1,400.71,0.185,103.54,566,2,App,8,600,90,220
2025-05-04,Andaman,11.7401,92.6586,1,5,6,37.8,0,163.3,-0.408,88.55,569,3,Kiosk,7,900,120,300
2024-09-28,Goa,15.2993,74.124,1,9,5,28.6,0,662.65,0.366,81.98,1029,3,Kiosk,16,2000,250,800
2024-04-03,Leh,34.1526,77.5771,0,4,2,13.1,0,301.89,0.749,97.86,13,4,Kiosk,9,600,90,220
2024-11-11,Jaipur,26.9124,75.7873,0,11,0,19.2,0,657.17,0.602,66.45,932,2,App,6,1500,180,600
2024-06-08,Varanasi,25.3176,82.9739,1,6,5,37.1,0,419.63,-0.54,53.64,621,3,Agent,19,1400,160,500
2025-06-07,Kerala,10.8505,76.2711,1,6,5,39.3,0,43.7,1.0,82.21,565,4,Agent,6,1700,220,700
2024-05-08,Kerala,10.8505,76.2711,0,5,2,36.8,0,140.48,0.103,80.36,612,2,Kiosk,3,1700,220,700
2024-06-09,Leh,34.1526,77.5771,1,6,6,21.3,0,232.79,0.099,94.79,676,2,App,10,600,90,220
2024-09-28,Jaipur,26.9124,75.7873,1,9,5,27.5,0,210.1,-0.35,59.36,491,3,Kiosk,8,1500,180,600
2024-05-28,Agra,27.1767,78.0081,0,5,1,34.7,0,641.42,0.442,55.42,425,2,Kiosk,15,1300,150,550
2024-01-09,Varanasi,25.3176,82.9739,0,1,1,18.3,0,456.59,0.004,51.59,445,2,Kiosk,4,1400,160,500
2025-05-30,Agra,27.1767,78.0081,0,5,4,33.1,0,474.63,0.043,60.07,572,2,App,19,1300,150,550
2024-01-07,Agra,27.1767,78.0081,1,1,6,17.9,0,168.04,-0.23,59.26,201,1,Kiosk,26,1300,150,550
2024-10-14,Kerala,10.8505,76.2711,0,10,0,22.8,0,228.74,-0.098,80.07,472,2,Web,10,1700,220,700
2024-02-28,Agra,27.1767,78.0081,0,2,2,20.2,0,356.17,0.666,57.8,501,1,Agent,1,1300,150,550
2025-05-16,Kerala,10.8505,76.2711,0,5,4,39.3,0,168.52,-0.4,70.13,775,2,Kiosk,15,1700,220,700
2024-10-15,Leh,34.1526,77.5771,0,10,1,3.9,0,218.37,-0.42,94.77,151,2,Web,2,600,90,220
2025-09-11,Goa,15.2993,74.124,0,9,3,32.0,0,979.71,0.783,71.52,682,2,Agent,30,2000,250,800
2024-09-02,Manali,32.2432,77.1892,0,9,0,16.9,0,401.87,-0.013,68.28,100,3,Agent,2,1200,140,450
2025-08-20,Andaman,11.7401,92.6586,0,8,2,33.0,0,1022.96,-0.242,90.86,865,2,Web,5,900,120,300
2025-03-22,Agra,27.1767,78.0081,1,3,5,28.1,0,620.5,0.692,51.94,457,2,Agent,20,1300,150,550
2024-03-18,Agra,27.1767,78.0081,0,3,0,25.2,1,374.91,0.387,50.5,522,2,App,12,1300,150,550
2024-08-07,Jaipur,26.9124,75.7873,0,8,2,32.6,0,313.5,0.707,65.3,451,2,App,16,1500,180,600
2024-05-12,Agra,27.1767,78.0081,1,5,6,36.0,0,605.47,-0.264,63.08,816,2,Agent,2,1300,150,550
2024-05-02,Andaman,11.7401,92.6586,0,5,3,38.2,0,444.8,0.078,94.28,813,3,App,9,900,120,300
2025-06-12,Manali,32.2432,77.1892,0,6,3,25.9,1,87.36,0.253,77.4,433,2,Web,7,1200,140,450
2025-06-21,Agra,27.1767,78.0081,1,6,5,36.7,0,309.18,0.714,43.7,409,2,Agent,37,1300,150,550
2025-07-06,Manali,32.2432,77.1892,1,7,6,22.9,0,187.44,-0.442,68.9,591,3,Kiosk,13,1200,140,450
2025-05-04,Agra,27.1767,78.0081,1,5,6,35.3,0,582.85,0.147,53.52,661,2,Agent,6,1300,150,550
2024-03-23,Varanasi,25.3176,82.9739,1,3,5,27.0,0,659.38,0.14,50.29,442,2,Kiosk,1,1400,160,500
2024-03-06,Jaipur,26.9124,75.7873,0,3,2,28.4,0,184.04,-0.179,83.01,355,2,Kiosk,11,1500,180,600
2025-01-31,Kerala,10.8505,76.2711,0,1,4,19.7,1,180.71,-0.648,68.05,613,4,Web,17,1700,220,700
2024-06-09,Varanasi,25.3176,82.9739,1,6,6,39.5,1,240.79,0.124,61.61,579,1,App,11,1400,160,500
2025-01-25,Varanasi,25.3176,82.9739,1,1,5,18.4,1,392.1,0.445,56.69,584,2,App,32,1400,160,500
2024-03-27,Kerala,10.8505,76.2711,0,3,2,29.6,0,313.67,-0.252,60.87,369,2,Agent,7,1700,220,700
2025-04-22,Goa,15.2993,74.124,0,4,1,34.9,0,51.23,0.597,81.1,520,2,Web,19,2000,250,800
2024-06-06,Agra,27.1767,78.0081,0,6,3,37.1,1,329.41,1.0,58.62,305,3,Agent,13,1300,150,550
2024-05-25,Goa,15.2993,74.124,1,5,5,40.1,0,101.03,0.521,75.85,951,1,Web,2,2000,250,800
2025-05-27,Kerala,10.8505,76.2711,0,5,1,37.5,0,833.05,0.976,75.46,838,3,App,13,1700,220,700
2024-04-30,Jaipur,26.9124,75.7873,0,4,1,34.8,0,580.83,0.824,62.51,477,2,Kiosk,12,1500,180,600
2024-02-01,Goa,15.2993,74.124,0,2,3,27.3,0,64.02,0.158,74.0,466,1,Web,1,2000,250,800
2024-10-05,Kerala,10.8505,76.2711,1,10,5,23.5,0,923.1,0.375,70.08,693,1,Web,15,1700,220,700
2024-10-01,Manali,32.2432,77.1892,0,10,1,10.3,0,679.5,0.344,65.4,113,2,Kiosk,19,1200,140,450
2024-11-20,Manali,32.2432,77.1892,0,11,2,7.7,0,750.35,0.38,75.17,721,2,App,27,1200,140,450
2024-12-23,Agra,27.1767,78.0081,0,12,0,19.3,0,342.3,-0.648,53.23,374,3,Agent,7,1300,150,550
2025-05-12,Jaipur,26.9124,75.7873,0,5,0,36.6,0,95.74,1.0,61.04,631,2,App,2,1500,180,600
2024-09-29,Manali,32.2432,77.1892,1,9,6,13.3,0,137.59,1.0,73.83,410,2,Agent,10,1200,140,450
2024-08-01,Andaman,11.7401,92.6586,0,8,3,32.8,0,58.95,-0.237,87.6,364,2,Kiosk,7,900,120,300
2025-04-17,Goa,15.2993,74.124,0,4,3,34.9,0,923.01,-0.229,94.8,801,1,Agent,4,2000,250,800
2025-03-21,Agra,27.1767,78.0081,0,3,4,28.3,0,475.88,-0.699,60.82,324,3,Kiosk,22,1300,150,550
2025-01-13,Kerala,10.8505,76.2711,0,1,0,19.9,0,133.12,-0.564,71.66,554,1,Agent,5,1700,220,700
2024-12-02,Jaipur,26.9124,75.7873,0,12,0,19.3,0,901.25,-0.024,57.1,435,2,App,8,1500,180,600
2024-11-04,Varanasi,25.3176,82.9739,0,11,0,18.2,0,291.4,-0.18,49.27,323,2,App,7,1400,160,500
2024-06-05,Varanasi,25.3176,82.9739,0,6,2,37.9,0,182.84,-0.796,52.75,704,2,Agent,3,1400,160,500
2025-03-03,Manali,32.2432,77.1892,0,3,0,16.2,0,276.97,-0.104,74.49,500,1,Web,5,1200,140,450
2025-06-11,Manali,32.2432,77.1892,0,6,2,25.8,0,123.7,-0.75,65.12,584,2,App,8,1200,140,450
2024-11-08,Agra,27.1767,78.0081,0,11,4,18.0,0,551.08,-0.414,58.3,757,3,Web,20,1300,150,550
2024-08-15,Kerala,10.8505,76.2711,0,8,3,33.6,0,47.96,0.175,64.85,922,2,App,10,1700,220,700
2025-06-20,Agra,27.1767,78.0081,0,6,4,39.9,0,488.15,0.318,64.5,1001,2,App,2,1300,150,550
2024-04-24,Leh,34.1526,77.5771,0,4,2,14.2,0,657.81,0.726,101.76,494,2,Web,19,600,90,220
2024-04-20,Kerala,10.8505,76.2711,1,4,5,33.2,0,359.51,0.393,74.63,708,3,Web,6,1700,220,700
2024-02-09,Varanasi,25.3176,82.9739,0,2,4,20.8,0,135.55,0.019,53.01,275,3,Kiosk,21,1400,160,500
2025-06-14,Andaman,11.7401,92.6586,1,6,5,37.5,1,225.46,0.071,99.62,284,2,Kiosk,11,900,120,300
2024-12-24,Kerala,10.8505,76.2711,0,12,1,19.4,0,347.76,-0.019,60.33,381,3,Kiosk,22,1700,220,700
2025-05-10,Andaman,11.7401,92.6586,1,5,5,38.1,0,158.09,0.41,91.29,223,2,Kiosk,8,900,120,300
2025-09-30,Agra,27.1767,78.0081,0,9,1,27.0,1,442.29,0.91,53.1,616,2,Agent,14,1300,150,550
2025-08-09,Agra,27.1767,78.0081,1,8,5,32.5,0,106.05,0.317,60.94,790,2,Web,4,1300,150,550
2024-12-29,Leh,34.1526,77.5771,1,12,6,-0.1,0,131.29,0.181,90.85,148,2,Web,3,600,90,220
2024-10-28,Goa,15.2993,74.124,0,10,0,23.7,0,614.73,0.579,73.95,956,3,Kiosk,17,2000,250,800
2024-05-12,Leh,34.1526,77.5771,1,5,6,18.8,0,422.42,0.219,99.79,639,2,Agent,4,600,90,220
2024-11-12,Manali,32.2432,77.1892,0,11,1,6.5,0,441.33,-0.204,69.36,376,2,Kiosk,15,1200,140,450
2025-10-01,Kerala,10.8505,76.2711,0,10,2,24.9,0,594.86,-0.271,62.63,327,2,Agent,22,1700,220,700
2025-05-20,Kerala,10.8505,76.2711,0,5,1,38.7,0,138.41,-0.11,76.92,971,1,App,7,1700,220,700
2024-01-28,Varanasi,25.3176,82.9739,1,1,6,16.8,0,273.51,-0.377,47.42,298,3,Agent,21,1400,160,500
2025-01-09,Leh,34.1526,77.5771,0,1,3,-0.7,0,177.37,0.624,95.43,380,1,Web,17,600,90,220
2025-08-12,Andaman,11.7401,92.6586,0,8,1,34.3,0,400.97,-0.456,94.47,513,1,Kiosk,20,900,120,300
2025-03-27,Manali,32.2432,77.1892,0,3,3,15.4,0,348.54,-0.637,62.64,500,1,App,5,1200,140,450
2025-04-14,Varanasi,25.3176,82.9739,0,4,0,32.0,0,118.23,0.927,63.07,175,2,Agent,2,1400,160,500
2024-06-12,Kerala,10.8505,76.2711,0,6,2,41.5,1,165.92,0.104,52.69,941,1,Web,21,1700,220,700
2025-07-31,Goa,15.2993,74.124,0,7,3,38.8,0,334.01,1.0,81.3,514,2,Kiosk,6,2000,250,800
2025-08-27,Manali,32.2432,77.1892,0,8,2,19.6,0,553.55,0.271,74.49,910,1,Web,22,1200,140,450
2024-04-04,Agra,27.1767,78.0081,0,4,3,32.3,0,465.25,1.0,60.47,387,2,Agent,12,1300,150,550
2024-04-13,Goa,15.2993,74.124,1,4,5,36.1,0,1014.35,0.22,90.29,1133,1,App,20,2000,250,800
2025-02-23,Varanasi,25.3176,82.9739,1,2,6,20.6,0,669.33,-0.808,47.83,500,3,App,11,1400,160,500
2024-12-23,Varanasi,25.3176,82.9739,0,12,0,17.5,0,330.44,-0.276,54.08,534,3,Web,14,1400,160,500
2024-06-17,Manali,32.2432,77.1892,0,6,0,27.0,0,584.0,0.882,74.4,289,2,Agent,4,1200,140,450
2024-11-13,Kerala,10.8505,76.2711,0,11,2,22.7,0,1068.81,-0.911,63.21,354,3,Agent,5,1700,220,700
2024-07-26,Varanasi,25.3176,82.9739,0,7,4,33.1,1,476.55,-0.592,55.78,948,2,Web,19,1400,160,500
2025-09-06,Andaman,11.7401,92.6586,1,9,5,27.3,0,49.27,-0.234,78.59,162,2,App,1,900,120,300
2025-08-31,Agra,27.1767,78.0081,1,8,6,31.1,1,310.09,-0.703,48.45,537,1,Web,4,1300,150,550
2025-05-14,Agra,27.1767,78.0081,0,5,2,35.1,0,681.8,0.136,69.2,750,1,App,9,1300,150,550
2024-11-01,Manali,32.2432,77.1892,0,11,4,6.6,1,141.22,0.303,72.79,85,3,Kiosk,20,1200,140,450
2024-12-26,Andaman,11.7401,92.6586,0,12,3,15.9,0,381.19,-0.242,87.25,448,1,Agent,12,900,120,300
2024-01-07,Goa,15.2993,74.124,1,1,6,18.9,0,449.3,-0.04,82.28,671,3,Kiosk,11,2000,250,800
2024-09-03,Agra,27.1767,78.0081,0,9,1,28.0,0,266.55,0.549,58.34,526,2,Agent,20,1300,150,550
2025-08-04,Agra,27.1767,78.0081,0,8,0,30.1,0,323.14,-0.346,50.5,518,4,Web,16,1300,150,550
2024-03-27,Agra,27.1767,78.0081,0,3,2,26.4,0,301.47,1.0,50.36,570,3,Web,12,1300,150,550
2025-09-30,Andaman,11.7401,92.6586,0,9,1,27.0,0,526.88,1.0,79.96,610,3,App,3,900,120,300
2024-02-28,Agra,27.1767,78.0081,0,2,2,23.2,0,775.0,0.119,52.01,175,3,Agent,27,1300,150,550
2024-09-03,Manali,32.2432,77.1892,0,9,1,14.9,0,371.46,-0.174,63.46,267,2,Web,8,1200,140,450
2024-12-05,Goa,15.2993,74.124,0,12,3,19.1,0,224.14,1.0,65.46,739,3,Web,4,2000,250,800
2024-05-14,Manali,32.2432,77.1892,0,5,1,23.6,0,75.2,0.255,73.88,507,3,App,2,1200,140,450
2024-10-03,Varanasi,25.3176,82.9739,0,10,3,24.3,0,581.32,0.704,47.75,500,2,Kiosk,7,1400,160,500
2025-07-31,Manali,32.2432,77.1892,0,7,3,24.8,0,745.48,0.482,72.42,377,2,Web,17,1200,140,450
2024-01-01,Kerala,10.8505,76.2711,0,1,0,21.9,0,328.63,0.232,63.32,597,3,Kiosk,32,1700,220,700
2024-12-15,Jaipur,26.9124,75.7873,1,12,6,17.9,0,35.69,-0.5,54.69,504,2,Agent,4,1500,180,600
2025-04-01,Jaipur,26.9124,75.7873,0,4,1,31.4,0,403.22,-0.094,50.91,656,2,Web,8,1500,180,600
2025-09-10,Kerala,10.8505,76.2711,0,9,2,29.0,0,383.44,0.137,64.98,396,2,Kiosk,20,1700,220,700
2024-12-12,Jaipur,26.9124,75.7873,0,12,3,17.4,0,294.32,0.272,68.28,576,3,Kiosk,9,1500,180,600
2024-08-11,Leh,34.1526,77.5771,1,8,6,13.7,0,232.19,-0.115,99.12,535,3,Kiosk,4,600,90,220
2024-06-27,Leh,34.1526,77.5771,0,6,3,19.7,1,352.24,0.848,105.68,11,2,Agent,10,600,90,220
2025-05-12,Varanasi,25.3176,82.9739,0,5,0,35.7,0,218.81,-0.719,53.28,724,1,Agent,22,1400,160,500
2024-07-08,Varanasi,25.3176,82.9739,0,7,0,35.7,0,470.77,0.808,49.74,299,4,App,1,1400,160,500
2025-03-08,Agra,27.1767,78.0081,1,3,5,27.1,0,212.47,-0.586,58.55,567,3,App,11,1300,150,550
2025-09-29,Varanasi,25.3176,82.9739,0,9,0,27.8,0,374.34,-0.519,46.81,336,2,App,6,1400,160,500
2024-08-20,Manali,32.2432,77.1892,0,8,1,22.6,0,456.78,0.691,80.03,300,3,Agent,6,1200,140,450
2024-07-18,Goa,15.2993,74.124,0,7,3,40.3,1,239.57,0.47,80.78,570,3,Kiosk,11,2000,250,800
2024-06-20,Jaipur,26.9124,75.7873,0,6,3,38.2,1,89.24,0.16,73.61,697,2,App,11,1500,180,600
2025-03-22,Agra,27.1767,78.0081,1,3,5,26.0,0,91.68,0.45,59.7,582,3,App,8,1300,150,550
2025-08-27,Manali,32.2432,77.1892,0,8,2,20.4,0,473.57,-0.69,68.71,691,4,App,8,1200,140,450
2025-09-18,Varanasi,25.3176,82.9739,0,9,3,25.8,1,593.62,-0.751,56.88,369,2,Agent,20,1400,160,500
2025-09-05,Goa,15.2993,74.124,0,9,4,30.2,0,973.11,0.5,75.17,756,1,App,6,2000,250,800
2025-08-10,Jaipur,26.9124,75.7873,1,8,6,31.6,0,457.71,0.197,53.47,613,3,App,13,1500,180,600
2025-01-17,Goa,15.2993,74.124,0,1,4,21.7,0,756.77,-0.639,74.25,624,1,Agent,7,2000,250,800
2025-05-30,Varanasi,25.3176,82.9739,0,5,4,34.2,0,64.48,-0.182,61.56,666,2,Agent,18,1400,160,500
2025-02-25,Leh,34.1526,77.5771,0,2,1,4.0,1,285.35,0.246,100.9,96,2,Web,3,600,90,220
2025-01-09,Goa,15.2993,74.124,0,1,3,24.6,0,201.93,-0.629,71.3,506,2,Web,5,2000,250,800
2025-07-09,Agra,27.1767,78.0081,0,7,2,36.7,0,809.09,0.192,47.07,410,2,Kiosk,9,1300,150,550
2024-01-18,Jaipur,26.9124,75.7873,0,1,3,18.7,0,339.07,-0.683,58.11,561,1,App,20,1500,180,600
2025-07-13,Kerala,10.8505,76.2711,1,7,6,38.8,0,370.34,-1.0,65.07,580,2,Agent,9,1700,220,700
2025-05-23,Kerala,10.8505,76.2711,0,5,4,38.2,0,1202.21,-0.657,68.54,789,1,Kiosk,8,1700,220,700
2025-01-27,Kerala,10.8505,76.2711,0,1,0,18.3,0,120.66,-0.296,74.83,317,2,Kiosk,4,1700,220,700
2025-09-23,Goa,15.2993,74.124,0,9,1,29.9,0,777.5,0.339,83.97,890,2,Web,9,2000,250,800
2024-12-25,Varanasi,25.3176,82.9739,0,12,2,17.8,0,285.73,0.218,37.58,223,3,App,25,1400,160,500
2025-06-25,Andaman,11.7401,92.6586,0,6,2,37.0,0,479.98,-0.287,92.65,612,2,Web,30,900,120,300
2024-07-16,Kerala,10.8505,76.2711,0,7,1,39.9,0,204.97,-0.326,66.45,993,2,Web,3,1700,220,700
2025-06-02,Kerala,10.8505,76.2711,0,6,0,38.5,0,55.26,1.0,64.11,352,3,Agent,7,1700,220,700
2024-06-23,Varanasi,25.3176,82.9739,1,6,6,37.3,0,317.65,0.232,44.38,807,2,App,14,1400,160,500
2024-09-14,Manali,32.2432,77.1892,1,9,5,15.1,0,45.7,-0.01,73.15,345,2,Kiosk,12,1200,140,450
2024-01-01,Varanasi,25.3176,82.9739,0,1,0,19.8,0,117.5,-0.459,59.2,405,2,Agent,1,1400,160,500
2024-03-07,Kerala,10.8505,76.2711,0,3,3,28.6,0,216.02,0.725,70.57,706,3,App,3,1700,220,700
2024-12-03,Andaman,11.7401,92.6586,0,12,1,16.5,0,260.08,0.059,82.05,26,2,Kiosk,6,900,120,300
2025-01-26,Agra,27.1767,78.0081,1,1,6,20.6,0,27.24,-0.671,56.85,504,2,Web,1,1300,150,550
2024-09-17,Manali,32.2432,77.1892,0,9,1,16.3,0,219.55,-0.12,69.89,108,2,Agent,16,1200,140,450
2025-06-02,Agra,27.1767,78.0081,0,6,0,37.8,1,390.11,-0.292,51.52,421,3,Agent,21,1300,150,550
2025-05-24,Jaipur,26.9124,75.7873,1,5,5,36.5,0,367.4,0.051,56.95,963,1,Kiosk,21,1500,180,600
2025-09-14,Leh,34.1526,77.5771,1,9,6,10.4,0,102.23,0.698,101.78,471,3,Agent,29,600,90,220
2024-04-04,Agra,27.1767,78.0081,0,4,3,33.3,0,757.47,-0.544,58.3,653,3,Agent,2,1300,150,550
2025-06-05,Jaipur,26.9124,75.7873,0,6,3,38.0,0,78.41,-0.594,70.8,638,2,App,2,1500,180,600
2024-12-14,Leh,34.1526,77.5771,1,12,5,0.6,0,698.49,1.0,87.46,415,1,Agent,10,600,90,220
2025-05-21,Goa,15.2993,74.124,0,5,2,39.0,0,939.2,0.024,78.84,960,3,Web,4,2000,250,800
2024-02-19,Varanasi,25.3176,82.9739,0,2,0,22.5,1,867.13,0.03,54.44,561,3,Web,5,1400,160,500
2024-10-10,Agra,27.1767,78.0081,0,10,3,23.0,0,1005.94,0.098,64.27,489,2,App,6,1300,150,550
2024-09-07,Manali,32.2432,77.1892,1,9,5,14.6,0,148.88,-0.982,71.82,180,3,App,18,1200,140,450
2025-07-05,Agra,27.1767,78.0081,1,7,5,34.8,0,70.54,0.637,60.49,356,2,Agent,9,1300,150,550
2025-02-22,Agra,27.1767,78.0081,1,2,5,21.7,0,510.47,-0.192,58.03,707,2,App,9,1300,150,550
2025-07-08,Jaipur,26.9124,75.7873,0,7,1,35.9,1,281.58,-0.098,57.17,623,2,Kiosk,6,1500,180,600
2024-08-25,Andaman,11.7401,92.6586,1,8,6,33.6,0,281.97,-0.486,91.53,645,1,App,10,900,120,300
2024-03-05,Varanasi,25.3176,82.9739,0,3,1,26.2,0,403.95,1.0,54.01,749,2,App,4,1400,160,500
2024-05-05,Goa,15.2993,74.124,1,5,6,39.9,0,122.19,-0.358,83.92,803,1,App,3,2000,250,800
2024-04-03,Manali,32.2432,77.1892,0,4,2,19.4,0,223.46,0.123,79.73,453,3,Kiosk,7,1200,140,450
2024-01-08,Varanasi,25.3176,82.9739,0,1,0,19.4,0,146.8,0.299,50.72,373,2,App,19,1400,160,500
2025-05-01,Manali,32.2432,77.1892,0,5,3,22.4,0,347.39,1.0,72.17,252,2,Web,14,1200,140,450
2025-03-18,Jaipur,26.9124,75.7873,0,3,1,27.7,0,614.82,0.374,61.1,815,2,Kiosk,2,1500,180,600
2025-08-31,Varanasi,25.3176,82.9739,1,8,6,33.7,0,361.33,-0.042,49.54,694,3,App,8,1400,160,500
2025-08-01,Goa,15.2993,74.124,0,8,4,35.5,0,908.82,-0.127,78.66,985,2,Web,19,2000,250,800
2025-07-21,Jaipur,26.9124,75.7873,0,7,0,35.3,0,288.84,-0.131,71.01,711,4,Web,52,1500,180,600
2024-11-04,Andaman,11.7401,92.6586,0,11,0,19.7,0,536.7,0.142,100.88,378,3,Web,8,900,120,300
2025-05-11,Kerala,10.8505,76.2711,1,5,6,40.2,0,642.42,-0.219,81.42,1172,2,App,3,1700,220,700
2024-09-19,Manali,32.2432,77.1892,0,9,3,16.2,0,198.06,-0.077,77.06,113,2,Agent,1,1200,140,450
2025-01-16,Varanasi,25.3176,82.9739,0,1,3,19.7,0,49.05,0.081,51.58,169,1,Kiosk,5,1400,160,500
2025-03-18,Andaman,11.7401,92.6586,0,3,1,29.4,0,79.02,-1.0,93.84,195,1,App,2,900,120,300
2025-03-19,Andaman,11.7401,92.6586,0,3,2,27.6,0,98.71,-0.647,82.87,170,2,Web,1,900,120,300
2024-03-02,Varanasi,25.3176,82.9739,1,3,5,27.0,0,230.33,0.221,54.01,204,3,Kiosk,2,1400,160,500
2025-03-06,Varanasi,25.3176,82.9739,0,3,3,26.4,0,342.21,0.331,52.19,282,1,Agent,22,1400,160,500
2025-01-16,Manali,32.2432,77.1892,0,1,3,7.8,0,431.0,-0.462,74.65,491,3,App,10,1200,140,450
2025-05-23,Varanasi,25.3176,82.9739,0,5,4,34.8,0,745.05,-0.188,60.94,816,2,Web,7,1400,160,500
2024-05-03,Jaipur,26.9124,75.7873,0,5,4,36.1,0,151.15,-0.64,70.21,867,2,Web,12,1500,180,600
2024-01-04,Varanasi,25.3176,82.9739,0,1,3,19.1,0,182.57,-0.359,55.46,513,3,App,7,1400,160,500
2024-07-17,Leh,34.1526,77.5771,0,7,2,18.9,0,603.71,-0.85,95.48,606,2,App,13,600,90,220
2025-03-21,Goa,15.2993,74.124,0,3,4,29.6,0,375.56,0.376,85.67,634,1,Agent,12,2000,250,800
2025-09-08,Kerala,10.8505,76.2711,0,9,0,29.9,0,319.92,-0.539,70.29,638,2,Web,5,1700,220,700
2024-02-18,Goa,15.2993,74.124,1,2,6,26.2,0,504.8,0.837,80.64,1084,3,Agent,13,2000,250,800
2025-03-31,Jaipur,26.9124,75.7873,0,3,0,26.6,0,269.59,-0.196,58.35,415,1,App,11,1500,180,600
2024-01-30,Goa,15.2993,74.124,0,1,1,21.8,0,458.61,-0.612,82.61,752,3,Agent,2,2000,250,800
2025-03-02,Varanasi,25.3176,82.9739,1,3,6,26.3,0,175.83,0.416,43.82,679,3,Kiosk,16,1400,160,500
2024-09-24,Agra,27.1767,78.0081,0,9,1,28.4,0,456.0,-0.425,47.24,327,1,Kiosk,14,1300,150,550
2025-04-05,Varanasi,25.3176,82.9739,1,4,5,30.7,0,125.14,0.813,51.95,517,2,Web,14,1400,160,500
2024-08-25,Andaman,11.7401,92.6586,1,8,6,32.2,0,260.89,-0.322,94.54,522,2,Agent,14,900,120,300
2024-05-30,Goa,15.2993,74.124,0,5,3,39.9,0,898.24,-0.363,70.1,669,1,Agent,19,2000,250,800
2024-12-10,Jaipur,26.9124,75.7873,0,12,1,17.3,0,176.79,0.014,58.38,462,1,App,11,1500,180,600
2024-12-29,Jaipur,26.9124,75.7873,1,12,6,19.6,0,114.49,-0.264,65.79,332,1,Kiosk,9,1500,180,600
2025-09-12,Varanasi,25.3176,82.9739,0,9,4,28.0,0,544.02,0.555,42.17,467,1,Agent,7,1400,160,500
2025-06-02,Manali,32.2432,77.1892,0,6,0,23.7,1,429.24,0.036,66.65,441,1,Kiosk,5,1200,140,450
2025-05-21,Varanasi,25.3176,82.9739,0,5,2,34.4,0,607.61,-0.326,51.79,714,3,Kiosk,19,1400,160,500
2024-03-24,Varanasi,25.3176,82.9739,1,3,6,29.4,0,333.48,0.615,59.51,566,3,Web,12,1400,160,500
2025-03-16,Andaman,11.7401,92.6586,1,3,6,27.1,0,350.07,0.564,98.39,444,2,Web,6,900,120,300
2025-09-23,Varanasi,25.3176,82.9739,0,9,1,29.0,0,85.01,0.444,57.03,343,2,Kiosk,14,1400,160,500
2025-06-02,Jaipur,26.9124,75.7873,0,6,0,38.6,0,1158.63,-0.807,62.26,872,1,App,24,1500,180,600
2024-03-12,Kerala,10.8505,76.2711,0,3,1,28.2,0,442.49,0.427,57.72,915,2,Web,9,1700,220,700
2024-09-14,Kerala,10.8505,76.2711,1,9,5,29.9,0,500.68,-0.272,64.7,711,2,Web,6,1700,220,700
2025-08-16,Jaipur,26.9124,75.7873,1,8,5,34.5,0,72.86,0.224,59.87,699,2,Web,4,1500,180,600
2024-08-27,Kerala,10.8505,76.2711,0,8,1,33.2,0,324.14,0.08,55.75,728,2,Web,4,1700,220,700
2024-09-24,Goa,15.2993,74.124,0,9,1,30.3,0,42.8,-0.338,75.3,745,2,Web,15,2000,250,800
2024-01-30,Leh,34.1526,77.5771,0,1,1,0.6,0,600.73,-0.621,85.41,224,1,Agent,4,600,90,220
2024-08-29,Leh,34.1526,77.5771,0,8,3,15.6,1,174.03,0.108,92.9,508,2,App,7,600,90,220
2024-11-10,Andaman,11.7401,92.6586,1,11,6,19.0,0,292.24,0.213,84.98,374,3,Web,2,900,120,300
2024-10-30,Andaman,11.7401,92.6586,0,10,2,23.7,1,150.28,-0.441,91.24,207,2,Web,1,900,120,300
2025-03-03,Goa,15.2993,74.124,0,3,0,30.7,0,172.34,0.313,82.49,625,3,Kiosk,4,2000,250,800
2024-12-24,Goa,15.2993,74.124,0,12,1,20.1,0,126.75,0.087,74.52,364,2,Kiosk,16,2000,250,800
2025-04-13,Manali,32.2432,77.1892,1,4,6,19.0,0,829.88,0.14,67.15,561,2,App,4,1200,140,450
2024-03-12,Kerala,10.8505,76.2711,0,3,1,27.9,0,121.66,-0.418,73.41,573,1,Kiosk,5,1700,220,700
2025-09-03,Andaman,11.7401,92.6586,0,9,2,28.4,1,207.41,-1.0,90.16,20,3,Kiosk,15,900,120,300
2025-01-12,Manali,32.2432,77.1892,1,1,6,4.4,0,961.3,0.681,66.26,636,2,Kiosk,6,1200,140,450
2025-04-13,Andaman,11.7401,92.6586,1,4,6,34.3,0,71.62,0.22,100.74,467,2,App,14,900,120,300
2024-11-08,Kerala,10.8505,76.2711,0,11,4,18.6,1,876.74,-0.429,60.69,640,2,App,18,1700,220,700
2024-11-07,Kerala,10.8505,76.2711,0,11,3,19.6,0,1089.09,0.726,59.51,744,2,Web,21,1700,220,700
2025-02-19,Goa,15.2993,74.124,0,2,2,25.1,0,79.73,0.41,84.44,821,2,Web,16,2000,250,800
2025-04-12,Goa,15.2993,74.124,1,4,5,36.2,0,957.1,0.277,87.74,1045,3,Agent,25,2000,250,800
2025-04-19,Leh,34.1526,77.5771,1,4,5,14.1,0,581.57,0.478,90.42,125,2,Web,4,600,90,220
2024-02-14,Jaipur,26.9124,75.7873,0,2,2,22.9,0,349.48,-0.01,60.53,500,2,Kiosk,12,1500,180,600
2024-03-11,Goa,15.2993,74.124,0,3,0,29.7,0,158.77,-0.3,83.53,508,2,App,16,2000,250,800
2025-02-06,Jaipur,26.9124,75.7873,0,2,3,24.0,0,505.83,0.136,56.27,320,2,Agent,3,1500,180,600
2024-02-14,Agra,27.1767,78.0081,0,2,2,23.4,0,351.48,1.0,62.45,799,1,App,14,1300,150,550
2025-01-21,Agra,27.1767,78.0081,0,1,1,16.6,0,115.66,-0.098,59.56,429,2,Kiosk,6,1300,150,550
2024-10-03,Kerala,10.8505,76.2711,0,10,3,24.3,0,442.26,-0.05,60.66,438,3,Web,9,1700,220,700
2024-02-02,Varanasi,25.3176,82.9739,0,2,4,20.2,0,377.16,-0.568,62.23,288,1,App,25,1400,160,500
2025-05-05,Varanasi,25.3176,82.9739,0,5,0,36.7,0,487.18,0.711,43.67,342,2,App,15,1400,160,500
2024-12-30,Manali,32.2432,77.1892,0,12,0,5.0,0,287.78,-0.241,67.13,28,2,Kiosk,23,1200,140,450
2025-07-16,Jaipur,26.9124,75.7873,0,7,2,35.2,1,557.67,-0.361,66.6,881,1,Web,12,1500,180,600
2025-01-22,Varanasi,25.3176,82.9739,0,1,2,20.4,0,134.84,0.549,46.85,467,1,Kiosk,13,1400,160,500
2025-08-20,Goa,15.2993,74.124,0,8,2,34.2,0,603.95,0.28,86.88,1166,2,Web,5,2000,250,800
2024-06-16,Andaman,11.7401,92.6586,1,6,6,36.4,0,226.59,0.343,88.63,488,1,Agent,25,900,120,300
2024-04-17,Agra,27.1767,78.0081,0,4,2,29.4,0,1253.09,0.406,63.68,373,2,Agent,55,1300,150,550
2024-09-11,Manali,32.2432,77.1892,0,9,2,15.3,0,33.4,-0.753,81.64,112,3,Kiosk,24,1200,140,450
2024-08-25,Manali,32.2432,77.1892,1,8,6,19.9,0,531.16,0.377,76.27,539,2,Kiosk,3,1200,140,450
2024-11-22,Manali,32.2432,77.1892,0,11,4,8.6,0,152.7,-0.541,74.93,310,3,Agent,15,1200,140,450
2025-05-13,Varanasi,25.3176,82.9739,0,5,1,36.2,0,203.89,0.39,53.27,318,2,Web,8,1400,160,500
2024-09-15,Jaipur,26.9124,75.7873,1,9,6,28.5,0,127.1,0.042,62.85,333,4,Agent,1,1500,180,600
2024-09-06,Kerala,10.8505,76.2711,0,9,4,31.2,0,239.78,-0.029,69.15,753,3,Web,2,1700,220,700
2024-07-17,Leh,34.1526,77.5771,0,7,2,17.9,0,1217.24,0.067,95.85,602,2,App,10,600,90,220
2025-03-02,Agra,27.1767,78.0081,1,3,6,28.3,0,171.01,-0.426,50.06,411,2,Agent,13,1300,150,550
2025-09-15,Manali,32.2432,77.1892,0,9,0,15.9,0,223.52,0.324,73.24,258,2,App,21,1200,140,450
2025-06-25,Goa,15.2993,74.124,0,6,2,40.7,0,597.23,-0.135,83.43,838,2,Agent,15,2000,250,800
2024-03-22,Manali,32.2432,77.1892,0,3,4,15.2,0,786.74,0.311,74.46,333,2,Kiosk,9,1200,140,450
2024-05-12,Manali,32.2432,77.1892,1,5,6,23.1,0,675.22,-1.0,78.61,769,2,Kiosk,14,1200,140,450
2025-07-05,Agra,27.1767,78.0081,1,7,5,36.9,0,332.53,1.0,52.18,533,3,App,6,1300,150,550
2025-04-12,Kerala,10.8505,76.2711,1,4,5,34.7,0,36.45,-0.309,85.91,940,3,Web,22,1700,220,700
2024-03-02,Kerala,10.8505,76.2711,1,3,5,29.4,0,677.52,0.435,64.37,765,2,App,4,1700,220,700
2025-02-26,Kerala,10.8505,76.2711,0,2,2,25.8,0,116.46,-0.438,67.23,364,2,Agent,17,1700,220,700
2025-03-26,Andaman,11.7401,92.6586,0,3,2,27.1,0,441.08,0.727,98.23,616,2,Web,4,900,120,300
2025-08-03,Jaipur,26.9124,75.7873,1,8,6,32.1,0,295.27,0.603,51.7,333,3,Agent,10,1500,180,600
2025-09-23,Goa,15.2993,74.124,0,9,1,28.1,0,330.64,-0.267,70.66,668,2,Kiosk,11,2000,250,800
2024-04-03,Goa,15.2993,74.124,0,4,2,36.4,0,50.24,-0.661,79.14,703,2,Kiosk,8,2000,250,800
2024-10-29,Kerala,10.8505,76.2711,0,10,1,25.6,0,393.41,-0.135,55.35,386,2,Agent,32,1700,220,700
2025-01-05,Jaipur,26.9124,75.7873,1,1,6,18.4,0,487.22,-0.468,59.28,607,2,App,2,1500,180,600
2024-04-30,Agra,27.1767,78.0081,0,4,1,33.0,0,245.67,1.0,55.83,248,2,Web,7,1300,150,550
2024-01-30,Goa,15.2993,74.124,0,1,1,23.6,0,342.38,0.143,76.79,652,2,App,5,2000,250,800
2024-08-08,Leh,34.1526,77.5771,0,8,3,13.5,0,332.44,0.363,88.12,0,2,Agent,2,600,90,220
2025-09-19,Jaipur,26.9124,75.7873,0,9,4,29.2,0,328.47,-0.326,65.89,576,2,Kiosk,6,1500,180,600
2025-06-12,Jaipur,26.9124,75.7873,0,6,3,37.2,0,44.66,-0.08,72.81,609,2,Kiosk,16,1500,180,600
2024-01-27,Goa,15.2993,74.124,1,1,5,20.5,0,261.39,1.0,81.94,1174,2,Web,12,2000,250,800
2025-04-08,Varanasi,25.3176,82.9739,0,4,1,30.7,0,153.76,-0.231,43.37,679,2,Agent,2,1400,160,500
2025-08-20,Jaipur,26.9124,75.7873,0,8,2,32.6,1,306.15,0.95,61.82,566,3,Kiosk,17,1500,180,600
2025-04-20,Leh,34.1526,77.5771,1,4,6,16.3,0,653.83,0.27,98.11,623,3,Agent,12,600,90,220
2024-03-23,Jaipur,26.9124,75.7873,1,3,5,27.3,0,663.85,-0.182,62.64,729,2,Agent,17,1500,180,600
2024-08-26,Kerala,10.8505,76.2711,0,8,0,33.9,0,375.4,-0.142,63.27,826,3,Kiosk,4,1700,220,700
2024-11-15,Kerala,10.8505,76.2711,0,11,4,23.1,0,401.03,0.053,75.01,644,2,Web,10,1700,220,700
2024-04-27,Kerala,10.8505,76.2711,1,4,5,33.8,1,77.94,-0.572,65.37,710,3,Web,5,1700,220,700
2025-09-25,Jaipur,26.9124,75.7873,0,9,3,28.3,0,540.43,0.442,75.55,966,1,Kiosk,14,1500,180,600
2025-09-09,Jaipur,26.9124,75.7873,0,9,1,27.6,1,359.71,0.186,62.36,306,4,Agent,3,1500,180,600
2024-04-02,Varanasi,25.3176,82.9739,0,4,1,31.7,0,56.06,0.793,45.17,242,3,Agent,15,1400,160,500
2025-09-09,Andaman,11.7401,92.6586,0,9,1,28.5,1,167.37,-0.337,88.04,123,2,Kiosk,1,900,120,300
2024-10-13,Varanasi,25.3176,82.9739,1,10,6,24.1,0,740.39,0.33,51.83,670,2,App,2,1400,160,500
2025-07-07,Andaman,11.7401,92.6586,0,7,0,37.1,0,80.2,0.532,83.22,376,2,App,21,900,120,300
2024-02-27,Leh,34.1526,77.5771,0,2,1,4.7,0,31.56,0.257,80.73,336,1,Web,18,600,90,220
2025-03-23,Jaipur,26.9124,75.7873,1,3,6,28.6,0,465.67,-0.688,67.13,727,1,Agent,3,1500,180,600
2024-09-11,Jaipur,26.9124,75.7873,0,9,2,28.8,0,46.93,0.862,55.06,549,2,Agent,10,1500,180,600
2025-04-28,Andaman,11.7401,92.6586,0,4,0,33.9,0,397.5,-0.221,86.88,601,3,Agent,3,900,120,300
2024-08-18,Manali,32.2432,77.1892,1,8,6,20.4,0,221.95,-0.74,75.52,697,2,Web,5,1200,140,450
2024-08-08,Manali,32.2432,77.1892,0,8,3,17.8,0,225.22,0.226,71.14,450,2,Kiosk,23,1200,140,450
2024-09-14,Varanasi,25.3176,82.9739,1,9,5,27.2,0,488.53,-0.579,58.65,601,1,Kiosk,35,1400,160,500
2024-02-01,Goa,15.2993,74.124,0,2,3,24.9,0,140.68,-0.691,80.57,431,2,Agent,16,2000,250,800
2024-09-03,Agra,27.1767,78.0081,0,9,1,27.9,0,406.14,0.619,42.16,496,2,Agent,10,1300,150,550
2025-08-13,Leh,34.1526,77.5771,0,8,2,14.1,0,279.94,-0.74,99.65,523,3,Kiosk,8,600,90,220
2025-03-10,Kerala,10.8505,76.2711,0,3,0,28.7,0,228.43,0.47,64.62,929,2,Web,5,1700,220,700
2024-01-08,Leh,34.1526,77.5771,0,1,0,2.5,1,238.4,0.065,105.05,11,1,Kiosk,5,600,90,220
2024-08-24,Andaman,11.7401,92.6586,1,8,5,32.7,0,500.87,-0.172,83.86,542,2,Kiosk,21,900,120,300
2024-04-18,Jaipur,26.9124,75.7873,0,4,3,33.2,0,492.59,0.013,68.02,970,2,Kiosk,6,1500,180,600
2024-02-09,Agra,27.1767,78.0081,0,2,4,21.9,0,844.33,0.031,61.81,489,4,App,12,1300,150,550
2024-12-21,Leh,34.1526,77.5771,1,12,5,-2.0,0,108.27,0.29,98.35,222,1,Kiosk,6,600,90,220
2024-01-12,Leh,34.1526,77.5771,0,1,4,-1.3,0,372.8,0.643,91.23,476,2,Kiosk,4,600,90,220
2025-04-02,Manali,32.2432,77.1892,0,4,2,18.4,0,569.74,-0.57,67.6,623,2,Kiosk,7,1200,140,450
2025-09-18,Goa,15.2993,74.124,0,9,3,29.4,0,302.78,0.024,75.19,513,2,Web,12,2000,250,800
2024-08-23,Kerala,10.8505,76.2711,0,8,4,34.7,0,724.55,1.0,73.17,632,4,Web,26,1700,220,700
2024-10-22,Varanasi,25.3176,82.9739,0,10,1,21.9,0,165.4,-0.015,48.8,383,1,Kiosk,3,1400,160,500
2024-09-23,Varanasi,25.3176,82.9739,0,9,0,24.1,1,143.11,0.213,48.62,207,3,Kiosk,8,1400,160,500
2024-06-09,Leh,34.1526,77.5771,1,6,6,19.8,0,103.51,-0.959,99.81,587,2,App,20,600,90,220
2024-08-22,Varanasi,25.3176,82.9739,0,8,3,32.3,0,790.78,-0.826,42.97,602,2,App,7,1400,160,500
2025-02-22,Kerala,10.8505,76.2711,1,2,5,25.4,0,236.39,-0.537,55.37,618,2,Kiosk,13,1700,220,700
2025-04-27,Kerala,10.8505,76.2711,1,4,6,34.9,0,73.77,-0.163,64.8,836,1,Agent,6,1700,220,700
2024-09-15,Kerala,10.8505,76.2711,1,9,6,29.9,0,338.42,0.087,68.25,366,1,Agent,12,1700,220,700
2024-04-26,Leh,34.1526,77.5771,0,4,4,14.2,0,673.32,-0.963,94.64,561,2,Web,21,600,90,220
2024-01-01,Jaipur,26.9124,75.7873,0,1,0,18.5,0,266.95,0.823,67.22,715,2,Kiosk,6,1500,180,600
2024-03-03,Kerala,10.8505,76.2711,1,3,6,30.0,0,258.65,-1.0,70.76,587,3,Agent,15,1700,220,700
2024-06-27,Leh,34.1526,77.5771,0,6,3,19.5,0,1038.53,0.663,102.34,221,2,Kiosk,16,600,90,220
2024-10-03,Jaipur,26.9124,75.7873,0,10,3,21.4,0,706.43,1.0,54.26,638,1,Web,8,1500,180,600
2025-02-12,Leh,34.1526,77.5771,0,2,2,5.6,0,542.73,0.668,89.61,203,1,Kiosk,19,600,90,220
2024-02-12,Jaipur,26.9124,75.7873,0,2,0,23.5,0,517.14,0.392,65.46,746,2,Agent,12,1500,180,600
2025-03-19,Leh,34.1526,77.5771,0,3,2,10.0,0,395.31,-0.924,99.17,252,1,Kiosk,11,600,90,220
2024-09-03,Leh,34.1526,77.5771,0,9,1,9.9,0,333.24,0.259,91.51,0,2,Agent,9,600,90,220
2024-07-25,Goa,15.2993,74.124,0,7,3,39.3,0,180.13,0.608,77.31,511,1,App,1,2000,250,800
2024-04-01,Varanasi,25.3176,82.9739,0,4,0,32.1,0,1501.82,0.641,48.48,606,1,Web,1,1400,160,500
2025-09-14,Varanasi,25.3176,82.9739,1,9,6,25.8,0,673.37,-0.009,44.19,493,2,App,8,1400,160,500
2024-10-27,Andaman,11.7401,92.6586,1,10,6,21.0,0,290.17,0.428,83.64,670,2,Web,1,900,120,300
2024-04-16,Varanasi,25.3176,82.9739,0,4,1,29.7,0,471.93,0.487,50.96,237,2,Agent,7,1400,160,500
2025-08-24,Andaman,11.7401,92.6586,1,8,6,32.6,0,79.34,0.345,89.96,567,2,Agent,10,900,120,300
2024-06-24,Andaman,11.7401,92.6586,0,6,0,39.5,0,108.78,0.035,96.58,483,2,Web,39,900,120,300
2024-01-16,Agra,27.1767,78.0081,0,1,1,19.4,0,370.78,1.0,62.99,456,2,Agent,2,1300,150,550
2024-03-28,Andaman,11.7401,92.6586,0,3,3,26.4,0,276.73,0.296,84.87,1,3,Agent,16,900,120,300
2024-02-17,Jaipur,26.9124,75.7873,1,2,5,24.1,0,399.65,0.028,60.02,470,3,Agent,14,1500,180,600
2024-06-27,Varanasi,25.3176,82.9739,0,6,3,37.4,1,828.94,-0.08,48.29,572,1,App,10,1400,160,500
2025-05-25,Leh,34.1526,77.5771,1,5,6,17.5,0,234.34,-0.195,93.4,490,3,Agent,2,600,90,220
2024-01-31,Agra,27.1767,78.0081,0,1,2,18.9,0,612.33,0.756,56.32,669,2,Kiosk,13,1300,150,550
2024-08-02,Manali,32.2432,77.1892,0,8,4,20.1,0,417.92,-0.242,65.12,727,2,Web,18,1200,140,450
2025-06-15,Leh,34.1526,77.5771,1,6,6,21.9,0,1051.87,0.586,106.6,207,2,Kiosk,13,600,90,220
2025-09-18,Manali,32.2432,77.1892,0,9,3,14.8,0,519.04,0.559,72.28,597,3,Kiosk,1,1200,140,450
2025-03-24,Leh,34.1526,77.5771,0,3,0,12.0,0,140.76,-0.243,102.16,125,3,Web,3,600,90,220
2024-07-05,Goa,15.2993,74.124,0,7,4,36.5,0,515.01,-0.044,84.88,922,3,App,10,2000,250,800
2025-08-25,Kerala,10.8505,76.2711,0,8,0,35.5,0,45.78,0.154,71.09,745,2,Web,6,1700,220,700
2024-02-12,Kerala,10.8505,76.2711,0,2,0,24.0,0,299.94,0.806,63.6,677,2,Web,3,1700,220,700
2024-09-12,Leh,34.1526,77.5771,0,9,3,8.0,0,303.69,-0.319,91.31,331,2,App,41,600,90,220
2024-05-22,Manali,32.2432,77.1892,0,5,2,24.5,0,22.86,-0.023,78.79,708,1,App,14,1200,140,450
2024-05-23,Manali,32.2432,77.1892,0,5,3,25.4,1,362.59,-0.042,80.33,462,2,App,11,1200,140,450
2024-04-03,Goa,15.2993,74.124,0,4,2,34.2,0,764.77,-1.0,62.75,724,2,Kiosk,13,2000,250,800
2025-05-28,Agra,27.1767,78.0081,0,5,2,34.3,0,485.71,0.057,64.91,763,2,App,19,1300,150,550
2025-04-07,Jaipur,26.9124,75.7873,0,4,0,31.6,0,1127.89,0.693,67.85,650,2,Web,8,1500,180,600
2025-02-19,Andaman,11.7401,92.6586,0,2,2,22.3,0,730.03,0.448,84.49,418,2,Web,13,900,120,300
2024-03-20,Varanasi,25.3176,82.9739,0,3,2,28.7,0,194.31,0.509,58.85,479,2,Agent,7,1400,160,500
2025-04-11,Jaipur,26.9124,75.7873,0,4,4,35.2,0,484.4,0.573,70.89,496,1,Agent,3,1500,180,600
2025-09-08,Leh,34.1526,77.5771,0,9,0,10.9,1,922.81,-0.244,92.99,563,3,App,11,600,90,220
2024-11-26,Varanasi,25.3176,82.9739,0,11,1,21.4,0,96.91,1.0,44.26,575,1,Web,5,1400,160,500
2024-04-25,Leh,34.1526,77.5771,0,4,3,14.6,0,877.49,-0.159,100.35,581,2,App,15,600,90,220
2025-03-09,Leh,34.1526,77.5771,1,3,6,9.8,0,57.06,0.549,96.96,562,2,Web,27,600,90,220
2024-02-03,Varanasi,25.3176,82.9739,1,2,5,21.5,0,180.08,0.204,52.93,535,2,Web,5,1400,160,500
2024-09-13,Goa,15.2993,74.124,0,9,4,30.8,0,895.02,-0.208,77.85,584,1,Kiosk,6,2000,250,800
2024-12-23,Agra,27.1767,78.0081,0,12,0,15.3,0,20.78,-0.513,59.14,432,3,Kiosk,27,1300,150,550
2024-03-31,Goa,15.2993,74.124,1,3,6,27.8,0,298.13,0.183,94.04,739,2,App,12,2000,250,800
2025-08-25,Leh,34.1526,77.5771,0,8,0,15.7,0,163.97,-0.121,90.48,400,2,Web,7,600,90,220
2025-02-05,Kerala,10.8505,76.2711,0,2,2,22.7,0,1054.53,1.0,78.79,949,1,App,8,1700,220,700
2024-04-30,Andaman,11.7401,92.6586,0,4,1,33.4,0,933.83,-0.555,94.21,611,2,App,6,900,120,300
2024-03-11,Andaman,11.7401,92.6586,0,3,0,27.9,0,64.63,0.375,84.52,482,2,App,7,900,120,300
2025-01-28,Kerala,10.8505,76.2711,0,1,1,21.5,0,336.07,0.76,62.29,854,1,Kiosk,8,1700,220,700
2025-02-27,Varanasi,25.3176,82.9739,0,2,3,21.3,0,333.32,0.791,50.81,814,2,App,20,1400,160,500
2024-10-14,Jaipur,26.9124,75.7873,0,10,0,21.3,0,258.05,0.367,69.44,703,2,Web,4,1500,180,600
2025-05-25,Jaipur,26.9124,75.7873,1,5,6,36.1,1,266.32,-1.0,58.56,691,3,Web,10,1500,180,600
2024-11-13,Andaman,11.7401,92.6586,0,11,2,19.8,0,1671.87,-0.369,84.68,172,2,Web,20,900,120,300
2025-07-28,Jaipur,26.9124,75.7873,0,7,0,36.6,1,99.09,-0.807,64.35,664,2,Web,21,1500,180,600
2024-03-24,Varanasi,25.3176,82.9739,1,3,6,26.0,0,348.08,1.0,58.07,645,1,Agent,9,1400,160,500
2025-02-21,Andaman,11.7401,92.6586,0,2,4,24.5,0,303.13,0.865,94.51,670,2,App,21,900,120,300
2024-12-07,Agra,27.1767,78.0081,1,12,5,17.8,0,403.94,-0.894,52.55,403,3,Agent,13,1300,150,550
2025-08-22,Leh,34.1526,77.5771,0,8,4,13.7,0,433.98,0.243,91.73,763,4,Web,4,600,90,220
2024-01-29,Manali,32.2432,77.1892,0,1,0,6.4,1,209.58,-0.053,62.55,236,3,Web,6,1200,140,450
2025-02-27,Varanasi,25.3176,82.9739,0,2,3,23.0,0,84.6,-0.153,53.48,515,2,Web,16,1400,160,500
2024-08-12,Kerala,10.8505,76.2711,0,8,0,33.1,0,382.65,-0.295,72.46,1054,3,Agent,6,1700,220,700
2025-09-19,Jaipur,26.9124,75.7873,0,9,4,26.6,0,282.49,0.155,59.53,470,2,Agent,6,1500,180,600
2025-01-07,Manali,32.2432,77.1892,0,1,1,5.1,0,120.67,0.104,74.03,372,3,Agent,9,1200,140,450
2025-06-09,Manali,32.2432,77.1892,0,6,0,24.7,0,326.11,0.138,74.8,695,2,App,21,1200,140,450
2024-07-18,Leh,34.1526,77.5771,0,7,3,20.2,0,250.55,1.0,95.26,286,2,Kiosk,16,600,90,220
2024-08-06,Leh,34.1526,77.5771,0,8,1,16.5,0,611.48,-0.078,95.92,426,3,Kiosk,2,600,90,220
2025-05-11,Andaman,11.7401,92.6586,1,5,6,38.5,0,269.45,-0.035,95.04,639,4,App,11,900,120,300
2024-05-20,Varanasi,25.3176,82.9739,0,5,0,36.1,0,353.61,-0.506,52.86,522,2,Agent,5,1400,160,500
2025-08-27,Manali,32.2432,77.1892,0,8,2,19.3,0,726.2,0.727,82.84,609,2,App,5,1200,140,450
2025-02-06,Jaipur,26.9124,75.7873,0,2,3,22.9,0,364.01,1.0,66.78,571,2,Agent,10,1500,180,600
2024-07-14,Kerala,10.8505,76.2711,1,7,6,40.1,0,795.94,1.0,60.47,514,2,Kiosk,10,1700,220,700
2025-02-16,Manali,32.2432,77.1892,1,2,6,12.3,0,982.54,-0.155,67.09,151,3,Kiosk,18,1200,140,450
2025-08-07,Varanasi,25.3176,82.9739,0,8,3,31.5,0,715.13,0.234,59.72,689,2,Kiosk,24,1400,160,500
2024-02-06,Goa,15.2993,74.124,0,2,1,25.8,0,557.51,0.287,88.98,591,2,Kiosk,6,2000,250,800
2024-01-04,Jaipur,26.9124,75.7873,0,1,3,20.0,0,675.92,-1.0,60.39,495,2,Kiosk,24,1500,180,600
2024-01-08,Manali,32.2432,77.1892,0,1,0,6.1,0,246.01,0.072,66.63,157,2,Agent,8,1200,140,450
2025-05-02,Goa,15.2993,74.124,0,5,4,40.9,0,1738.22,-0.288,76.08,781,2,App,5,2000,250,800
2025-05-29,Manali,32.2432,77.1892,0,5,3,22.8,0,319.87,-0.477,78.66,596,2,Agent,5,1200,140,450
2024-03-02,Kerala,10.8505,76.2711,1,3,5,29.3,0,534.91,-0.159,59.9,435,1,Web,8,1700,220,700
2024-09-11,Varanasi,25.3176,82.9739,0,9,2,25.8,0,225.32,0.246,52.77,284,1,Web,7,1400,160,500
2024-06-02,Leh,34.1526,77.5771,1,6,6,19.9,0,470.93,-0.162,97.11,434,2,Kiosk,14,600,90,220
2025-07-07,Kerala,10.8505,76.2711,0,7,0,36.6,0,195.03,0.218,67.77,861,3,Agent,17,1700,220,700
2025-04-06,Goa,15.2993,74.124,1,4,6,35.7,0,232.14,-0.935,79.73,744,1,Agent,7,2000,250,800
2025-03-20,Goa,15.2993,74.124,0,3,3,28.3,0,201.06,0.592,82.56,853,1,Agent,1,2000,250,800
2025-08-18,Agra,27.1767,78.0081,0,8,0,32.0,0,550.58,-0.632,58.58,771,3,App,20,1300,150,550
2025-09-15,Jaipur,26.9124,75.7873,0,9,0,29.3,0,209.31,-0.155,62.14,310,2,Agent,8,1500,180,600
2024-03-18,Manali,32.2432,77.1892,0,3,0,13.7,0,196.72,-0.861,75.58,272,3,App,15,1200,140,450
2024-05-26,Varanasi,25.3176,82.9739,1,5,6,34.7,0,106.26,0.439,46.83,266,3,Web,9,1400,160,500
2025-03-27,Andaman,11.7401,92.6586,0,3,3,28.1,0,943.1,-0.12,92.45,606,2,App,24,900,120,300
2024-09-03,Leh,34.1526,77.5771,0,9,1,9.4,0,324.59,-0.242,90.69,0,2,Kiosk,3,600,90,220
2024-08-27,Jaipur,26.9124,75.7873,0,8,1,32.5,0,559.5,0.449,67.5,560,2,App,1,1500,180,600
2024-09-05,Andaman,11.7401,92.6586,0,9,3,26.8,0,207.24,0.422,93.18,658,3,Web,31,900,120,300
2024-08-30,Manali,32.2432,77.1892,0,8,4,19.2,0,179.57,-0.494,70.73,503,1,App,24,1200,140,450
2024-02-08,Goa,15.2993,74.124,0,2,3,23.6,0,97.2,0.413,80.99,652,3,Agent,12,2000,250,800
2024-06-30,Jaipur,26.9124,75.7873,1,6,6,38.6,0,1116.0,-0.526,63.15,897,2,Agent,5,1500,180,600
2024-07-19,Goa,15.2993,74.124,0,7,4,38.6,0,1211.87,0.336,82.34,996,3,Web,7,2000,250,800
2024-01-21,Manali,32.2432,77.1892,1,1,6,8.5,0,206.38,0.19,77.43,109,2,Agent,6,1200,140,450
2025-06-13,Manali,32.2432,77.1892,0,6,4,23.8,0,440.76,-0.119,73.88,806,3,Agent,2,1200,140,450
2024-05-17,Andaman,11.7401,92.6586,0,5,4,37.0,0,962.05,-0.522,85.93,573,2,App,5,900,120,300
2025-07-06,Agra,27.1767,78.0081,1,7,6,37.0,0,625.13,0.145,60.2,924,2,App,14,1300,150,550
2025-01-31,Andaman,11.7401,92.6586,0,1,4,17.1,0,356.52,0.267,81.92,298,2,App,11,900,120,300
2025-08-01,Leh,34.1526,77.5771,0,8,4,15.0,0,141.58,0.249,82.82,345,2,Web,13,600,90,220
2024-11-09,Goa,15.2993,74.124,1,11,5,21.4,0,526.33,-0.244,69.64,685,3,App,2,2000,250,800
2024-04-29,Agra,27.1767,78.0081,0,4,0,33.0,0,96.31,0.465,64.91,448,2,Kiosk,15,1300,150,550
2024-02-15,Agra,27.1767,78.0081,0,2,3,22.6,0,848.19,-0.614,57.81,418,2,Agent,10,1300,150,550
2025-03-15,Jaipur,26.9124,75.7873,1,3,5,27.2,0,157.79,-0.212,63.69,585,2,Kiosk,2,1500,180,600
2024-08-06,Varanasi,25.3176,82.9739,0,8,1,32.6,0,328.65,-0.522,53.28,560,2,App,3,1400,160,500
2024-07-24,Agra,27.1767,78.0081,0,7,2,31.9,0,574.44,0.169,53.06,520,2,Agent,1,1300,150,550
2024-05-27,Jaipur,26.9124,75.7873,0,5,0,36.7,0,1827.21,-0.06,51.86,675,2,Web,28,1500,180,600
2025-02-19,Jaipur,26.9124,75.7873,0,2,2,23.2,0,710.22,0.314,71.47,680,1,Web,9,1500,180,600
2024-05-07,Jaipur,26.9124,75.7873,0,5,1,37.5,0,279.98,-0.014,66.54,648,2,App,4,1500,180,600
2024-11-28,Varanasi,25.3176,82.9739,0,11,3,17.2,0,778.66,-0.862,47.71,175,2,Agent,20,1400,160,500
2024-04-24,Kerala,10.8505,76.2711,0,4,2,36.4,0,332.49,-0.244,84.93,817,3,Agent,4,1700,220,700
2025-07-13,Jaipur,26.9124,75.7873,1,7,6,36.6,0,221.24,0.092,63.41,696,2,App,27,1500,180,600
2025-07-11,Manali,32.2432,77.1892,0,7,4,23.7,0,434.27,0.001,75.91,554,3,Kiosk,17,1200,140,450
2024-07-12,Leh,34.1526,77.5771,0,7,4,18.3,1,79.02,-0.441,82.27,481,2,Kiosk,4,600,90,220
2024-09-11,Goa,15.2993,74.124,0,9,2,30.4,0,137.64,0.11,81.3,524,3,Web,3,2000,250,800
2024-01-15,Agra,27.1767,78.0081,0,1,0,19.4,0,434.3,-0.732,48.1,259,2,Web,3,1300,150,550
2024-09-05,Jaipur,26.9124,75.7873,0,9,3,27.1,1,206.16,-0.002,55.85,509,1,Kiosk,9,1500,180,600
2024-05-16,Kerala,10.8505,76.2711,0,5,3,37.2,0,120.11,0.118,65.73,905,1,Web,13,1700,220,700
2025-08-14,Kerala,10.8505,76.2711,0,8,3,34.9,0,221.78,-0.338,63.23,743,2,Web,7,1700,220,700
2024-02-01,Jaipur,26.9124,75.7873,0,2,3,24.6,0,441.82,0.097,62.9,606,3,App,22,1500,180,600
2025-08-02,Agra,27.1767,78.0081,1,8,5,32.5,0,52.12,0.924,67.16,445,2,Kiosk,16,1300,150,550
2024-05-15,Goa,15.2993,74.124,0,5,2,41.7,0,353.51,0.061,78.37,821,2,App,9,2000,250,800
2024-06-08,Leh,34.1526,77.5771,1,6,5,19.7,0,417.79,-1.0,89.78,427,2,App,30,600,90,220
2024-01-14,Agra,27.1767,78.0081,1,1,6,16.5,1,519.26,-0.337,53.6,215,2,Kiosk,12,1300,150,550
2025-07-14,Kerala,10.8505,76.2711,0,7,0,38.5,0,86.79,-0.113,71.94,723,2,Web,6,1700,220,700
2025-05-09,Andaman,11.7401,92.6586,0,5,4,36.4,0,690.38,0.1,88.4,363,3,Agent,15,900,120,300
2024-07-17,Agra,27.1767,78.0081,0,7,2,33.0,0,178.73,-0.566,50.53,562,2,Web,25,1300,150,550
2024-11-21,Andaman,11.7401,92.6586,0,11,3,17.3,0,241.21,0.834,85.96,293,2,Agent,3,900,120,300
2025-04-06,Kerala,10.8505,76.2711,1,4,6,34.1,0,313.97,-0.788,70.79,625,2,Agent,3,1700,220,700
2025-06-10,Kerala,10.8505,76.2711,0,6,1,40.6,0,305.67,1.0,65.81,334,1,Agent,4,1700,220,700
2024-07-31,Leh,34.1526,77.5771,0,7,2,19.8,0,789.86,0.649,95.51,336,2,App,13,600,90,220
2025-03-06,Andaman,11.7401,92.6586,0,3,3,26.9,0,294.5,0.038,95.9,93,2,Agent,5,900,120,300
2025-04-26,Leh,34.1526,77.5771,1,4,5,16.3,0,460.13,-0.609,92.19,671,3,Kiosk,9,600,90,220
2024-11-09,Manali,32.2432,77.1892,1,11,5,7.9,0,323.69,0.511,56.39,602,2,Kiosk,4,1200,140,450
2024-03-29,Kerala,10.8505,76.2711,0,3,4,28.1,0,206.33,1.0,65.37,955,3,App,3,1700,220,700
2025-03-25,Leh,34.1526,77.5771,0,3,1,10.7,1,99.39,0.627,89.65,408,3,App,21,600,90,220
2025-07-27,Manali,32.2432,77.1892,1,7,6,22.7,0,434.23,0.548,73.8,425,2,Web,12,1200,140,450
2025-01-14,Andaman,11.7401,92.6586,0,1,1,20.7,0,108.32,0.297,97.17,47,1,Kiosk,10,900,120,300
2024-11-13,Manali,32.2432,77.1892,0,11,2,6.0,0,687.33,0.749,74.87,732,1,App,14,1200,140,450
2024-04-09,Goa,15.2993,74.124,0,4,1,34.7,0,1010.22,0.098,86.42,1025,2,Web,8,2000,250,800
2024-02-28,Andaman,11.7401,92.6586,0,2,2,23.7,0,97.03,-0.398,86.56,75,2,Kiosk,6,900,120,300
2024-10-19,Kerala,10.8505,76.2711,1,10,5,22.8,0,337.02,0.353,70.51,973,2,Web,19,1700,220,700
2024-09-21,Kerala,10.8505,76.2711,1,9,5,28.6,0,409.32,-0.063,60.23,532,1,Kiosk,11,1700,220,700
2024-08-15,Manali,32.2432,77.1892,0,8,3,21.5,0,364.33,-0.056,68.94,586,1,Kiosk,4,1200,140,450
2025-05-16,Agra,27.1767,78.0081,0,5,4,35.4,0,554.85,0.613,59.34,292,2,App,16,1300,150,550
2024-11-19,Leh,34.1526,77.5771,0,11,1,1.4,0,246.65,-0.912,101.62,287,3,Agent,17,600,90,220
2025-09-20,Agra,27.1767,78.0081,1,9,5,26.2,0,317.99,-0.53,47.62,485,2,Web,6,1300,150,550
2024-10-18,Agra,27.1767,78.0081,0,10,4,20.6,0,231.94,0.196,49.94,300,2,Agent,25,1300,150,550
2025-06-07,Agra,27.1767,78.0081,1,6,5,37.9,0,262.57,-0.173,62.16,678,2,Kiosk,2,1300,150,550
2024-03-03,Varanasi,25.3176,82.9739,1,3,6,26.2,0,148.3,0.289,52.66,481,2,App,11,1400,160,500
2025-04-15,Manali,32.2432,77.1892,0,4,1,18.1,0,416.88,-0.417,68.87,503,2,App,10,1200,140,450
2025-03-31,Goa,15.2993,74.124,0,3,0,30.8,0,405.83,-0.615,81.37,670,3,Web,11,2000,250,800
2025-09-14,Leh,34.1526,77.5771,1,9,6,9.5,0,258.86,-0.504,97.9,262,3,Kiosk,4,600,90,220
2025-01-05,Varanasi,25.3176,82.9739,1,1,6,17.5,0,430.88,-0.436,28.75,461,3,Kiosk,12,1400,160,500
2025-08-19,Kerala,10.8505,76.2711,0,8,1,33.8,0,861.56,0.19,68.58,835,2,Agent,6,1700,220,700
2024-03-24,Manali,32.2432,77.1892,1,3,6,17.9,0,122.04,-0.178,77.71,597,3,Kiosk,1,1200,140,450
2025-02-13,Leh,34.1526,77.5771,0,2,3,6.0,0,229.49,1.0,99.89,360,2,Web,2,600,90,220
2024-07-25,Leh,34.1526,77.5771,0,7,3,18.5,0,376.16,0.295,86.81,343,1,Web,4,600,90,220
2024-11-16,Manali,32.2432,77.1892,1,11,5,8.6,1,162.16,-0.133,66.9,225,1,App,16,1200,140,450
2024-05-26,Goa,15.2993,74.124,1,5,6,39.3,0,323.45,-0.287,87.01,776,1,Web,11,2000,250,800
2025-04-16,Varanasi,25.3176,82.9739,0,4,2,30.5,0,279.67,0.833,57.73,468,2,Web,3,1400,160,500
2024-07-07,Goa,15.2993,74.124,1,7,6,39.0,0,1046.76,0.921,76.66,883,2,App,3,2000,250,800
2025-01-18,Varanasi,25.3176,82.9739,1,1,5,18.2,0,373.73,0.467,49.33,663,1,Web,14,1400,160,500
2025-01-15,Leh,34.1526,77.5771,0,1,2,1.5,0,681.57,0.317,97.99,317,3,App,2,600,90,220
2025-01-01,Jaipur,26.9124,75.7873,0,1,2,20.0,0,319.11,-0.301,65.24,597,1,Web,8,1500,180,600
2025-02-11,Goa,15.2993,74.124,0,2,1,22.9,0,619.17,0.307,78.28,712,2,App,26,2000,250,800
2024-12-17,Leh,34.1526,77.5771,0,12,1,-1.9,0,381.77,-0.356,88.47,75,2,Web,7,600,90,220
2024-08-10,Kerala,10.8505,76.2711,1,8,5,34.2,0,945.47,0.145,66.54,1036,2,Kiosk,11,1700,220,700
2025-09-22,Manali,32.2432,77.1892,0,9,0,15.7,1,119.3,-0.773,63.91,292,4,Web,4,1200,140,450
2024-03-19,Kerala,10.8505,76.2711,0,3,1,27.4,0,208.35,-0.23,63.5,541,2,Agent,10,1700,220,700
2024-10-04,Agra,27.1767,78.0081,0,10,4,21.6,0,380.08,0.283,65.22,319,3,App,5,1300,150,550
2025-02-02,Goa,15.2993,74.124,1,2,6,23.9,0,270.62,-0.549,69.85,740,1,Web,11,2000,250,800
2024-02-24,Andaman,11.7401,92.6586,1,2,5,23.7,0,188.87,-0.397,89.04,158,2,App,27,900,120,300
2025-09-26,Leh,34.1526,77.5771,0,9,4,11.5,0,336.12,-1.0,90.53,35,2,Agent,12,600,90,220
2025-06-28,Manali,32.2432,77.1892,1,6,5,24.7,0,670.5,0.222,73.77,767,2,Kiosk,12,1200,140,450
2025-04-13,Agra,27.1767,78.0081,1,4,6,32.2,0,401.56,-0.066,53.59,477,2,Kiosk,9,1300,150,550
2024-07-04,Leh,34.1526,77.5771,0,7,3,18.4,0,657.9,0.155,93.41,458,3,Agent,14,600,90,220
2024-05-24,Varanasi,25.3176,82.9739,0,5,4,36.2,0,140.04,-0.496,53.1,591,2,Agent,2,1400,160,500
2025-09-25,Leh,34.1526,77.5771,0,9,3,11.1,1,410.5,-0.302,109.89,445,2,Agent,8,600,90,220
2025-04-10,Manali,32.2432,77.1892,0,4,3,19.1,0,319.99,0.901,78.45,225,2,App,8,1200,140,450
2025-01-29,Jaipur,26.9124,75.7873,0,1,2,19.3,0,162.46,-0.251,59.29,450,2,App,13,1500,180,600
2024-08-21,Jaipur,26.9124,75.7873,0,8,2,33.9,0,408.77,-0.23,65.47,1074,2,Web,7,1500,180,600
2025-01-30,Andaman,11.7401,92.6586,0,1,3,20.2,0,547.68,0.846,95.19,825,3,Web,8,900,120,300
2025-04-24,Varanasi,25.3176,82.9739,0,4,3,32.9,0,90.25,0.54,53.27,253,2,Kiosk,5,1400,160,500
2024-04-22,Agra,27.1767,78.0081,0,4,0,32.8,0,365.14,0.041,56.79,713,2,Kiosk,10,1300,150,550
2024-11-07,Jaipur,26.9124,75.7873,0,11,3,19.7,0,83.39,-0.024,68.0,443,2,App,16,1500,180,600
2024-12-06,Kerala,10.8505,76.2711,0,12,4,19.3,0,1150.43,-0.122,71.88,865,3,App,4,1700,220,700
2024-12-10,Manali,32.2432,77.1892,0,12,1,5.4,0,278.19,0.435,67.81,403,2,Agent,4,1200,140,450
2024-09-25,Varanasi,25.3176,82.9739,0,9,2,24.9,0,144.71,0.13,52.36,184,2,Kiosk,24,1400,160,500
2025-02-16,Andaman,11.7401,92.6586,1,2,6,25.6,0,482.99,-0.894,89.96,386,2,App,13,900,120,300
2025-04-28,Agra,27.1767,78.0081,0,4,0,31.3,0,338.0,0.1,58.97,458,3,Agent,7,1300,150,550
2024-12-11,Goa,15.2993,74.124,0,12,2,21.8,0,413.53,0.623,67.73,642,1,Kiosk,21,2000,250,800
2024-10-25,Varanasi,25.3176,82.9739,0,10,4,23.4,0,390.69,-0.125,55.58,213,2,Kiosk,22,1400,160,500
2024-11-30,Andaman,11.7401,92.6586,1,11,5,20.6,0,772.95,-0.723,76.89,349,2,App,10,900,120,300
2024-06-21,Kerala,10.8505,76.2711,0,6,4,41.0,0,333.12,0.352,58.57,432,2,Web,2,1700,220,700
2024-01-16,Varanasi,25.3176,82.9739,0,1,1,17.3,0,798.53,0.397,52.56,817,2,Web,15,1400,160,500
2024-11-27,Andaman,11.7401,92.6586,0,11,2,17.7,0,294.97,0.73,76.81,368,1,Kiosk,8,900,120,300
2025-07-19,Agra,27.1767,78.0081,1,7,5,35.5,0,319.61,-0.537,47.37,574,3,App,6,1300,150,550
2025-07-31,Agra,27.1767,78.0081,0,7,3,35.3,1,223.18,0.561,48.22,183,3,Agent,12,1300,150,550
2024-09-02,Varanasi,25.3176,82.9739,0,9,0,27.0,0,647.36,0.285,48.74,321,2,Web,3,1400,160,500
2024-06-08,Jaipur,26.9124,75.7873,1,6,5,38.8,0,217.15,-0.087,67.18,663,2,App,6,1500,180,600
2025-03-24,Agra,27.1767,78.0081,0,3,0,26.8,0,353.49,0.117,67.66,179,1,Kiosk,2,1300,150,550
2025-08-12,Goa,15.2993,74.124,0,8,1,35.4,0,410.84,0.673,80.35,602,2,Kiosk,6,2000,250,800
2025-08-30,Agra,27.1767,78.0081,1,8,5,31.7,0,883.01,-0.167,53.04,539,1,Web,12,1300,150,550
2024-12-09,Varanasi,25.3176,82.9739,0,12,0,17.0,0,971.57,0.401,46.88,674,2,Kiosk,3,1400,160,500
2024-05-09,Goa,15.2993,74.124,0,5,3,39.0,0,749.73,0.034,78.49,1084,4,Kiosk,1,2000,250,800
2024-01-01,Agra,27.1767,78.0081,0,1,0,16.3,1,646.35,0.594,52.49,776,2,Web,2,1300,150,550
2024-06-20,Goa,15.2993,74.124,0,6,3,37.8,0,276.93,0.305,70.39,828,3,App,7,2000,250,800
2025-05-13,Jaipur,26.9124,75.7873,0,5,1,35.7,0,346.03,0.302,65.69,697,2,Web,2,1500,180,600
2025-04-02,Agra,27.1767,78.0081,0,4,2,29.8,0,466.5,-0.403,61.05,868,1,App,16,1300,150,550
2024-12-11,Varanasi,25.3176,82.9739,0,12,2,16.5,0,127.14,-0.557,52.21,354,1,Web,4,1400,160,500
2024-01-21,Agra,27.1767,78.0081,1,1,6,15.6,0,47.64,0.126,68.5,248,2,App,11,1300,150,550
2024-05-12,Jaipur,26.9124,75.7873,1,5,6,37.6,0,354.27,-0.198,65.02,766,2,Agent,3,1500,180,600
2025-04-13,Kerala,10.8505,76.2711,1,4,6,34.6,0,923.06,0.3,71.01,780,2,Agent,40,1700,220,700
2025-02-22,Manali,32.2432,77.1892,1,2,5,9.8,0,218.49,0.159,78.12,496,2,Web,7,1200,140,450
2024-02-18,Varanasi,25.3176,82.9739,1,2,6,20.7,0,268.06,0.619,50.61,842,1,App,12,1400,160,500
2025-02-05,Jaipur,26.9124,75.7873,0,2,2,22.8,0,275.69,-0.704,62.98,369,2,App,30,1500,180,600
2025-08-05,Leh,34.1526,77.5771,0,8,1,15.5,0,1003.76,0.125,91.71,798,2,App,2,600,90,220
2025-07-26,Manali,32.2432,77.1892,1,7,5,23.3,0,356.29,0.739,69.01,400,2,Agent,27,1200,140,450
2024-02-17,Agra,27.1767,78.0081,1,2,5,22.3,0,531.32,1.0,62.84,910,1,Agent,6,1300,150,550
2025-07-24,Goa,15.2993,74.124,0,7,3,40.5,0,1022.98,0.152,75.43,897,2,Kiosk,8,2000,250,800
2024-05-06,Jaipur,26.9124,75.7873,0,5,0,36.1,0,490.22,1.0,65.11,491,1,Kiosk,2,1500,180,600
2024-01-27,Kerala,10.8505,76.2711,1,1,5,21.7,0,238.12,-0.916,66.37,795,1,Agent,20,1700,220,700
2024-02-15,Goa,15.2993,74.124,0,2,3,24.3,0,280.49,0.441,77.34,868,3,App,17,2000,250,800
2024-07-19,Goa,15.2993,74.124,0,7,4,39.5,0,121.51,-0.314,85.17,722,3,App,7,2000,250,800
2024-02-15,Kerala,10.8505,76.2711,0,2,3,23.6,0,357.7,0.149,64.79,404,1,Agent,73,1700,220,700
2025-06-27,Manali,32.2432,77.1892,0,6,4,23.6,1,142.18,-0.705,76.32,346,1,Kiosk,11,1200,140,450
2024-10-07,Andaman,11.7401,92.6586,0,10,0,22.3,0,593.01,-0.46,91.86,337,2,Web,16,900,120,300
2024-06-10,Agra,27.1767,78.0081,0,6,0,36.6,0,624.87,0.217,58.77,612,2,Agent,1,1300,150,550
2025-08-31,Manali,32.2432,77.1892,1,8,6,20.3,0,165.75,0.773,64.47,390,2,App,11,1200,140,450
2024-07-07,Andaman,11.7401,92.6586,1,7,6,36.5,1,90.09,0.375,90.28,35,2,Agent,25,900,120,300
2025-03-18,Varanasi,25.3176,82.9739,0,3,1,27.1,0,331.83,0.602,48.07,582,2,App,11,1400,160,500
2024-10-22,Agra,27.1767,78.0081,0,10,1,22.5,0,604.85,-0.416,60.06,687,2,Web,12,1300,150,550
2024-09-03,Kerala,10.8505,76.2711,0,9,1,28.7,0,161.73,0.857,70.66,659,2,Web,3,1700,220,700
2024-04-17,Agra,27.1767,78.0081,0,4,2,31.3,0,393.17,0.939,51.28,189,2,Agent,1,1300,150,550
2024-06-25,Varanasi,25.3176,82.9739,0,6,1,36.8,0,244.98,0.562,46.66,559,2,App,30,1400,160,500
2025-04-11,Varanasi,25.3176,82.9739,0,4,4,31.2,0,856.17,0.291,59.07,620,2,Agent,12,1400,160,500
2024-04-08,Jaipur,26.9124,75.7873,0,4,0,35.3,0,989.45,-0.173,70.8,862,1,Web,12,1500,180,600
2024-05-01,Kerala,10.8505,76.2711,0,5,2,36.9,0,292.29,-0.384,68.36,624,1,Kiosk,13,1700,220,700
2024-07-24,Jaipur,26.9124,75.7873,0,7,2,36.5,1,478.55,-0.301,60.35,616,3,Agent,17,1500,180,600
2024-03-07,Leh,34.1526,77.5771,0,3,3,8.4,0,409.99,0.435,87.91,380,2,App,8,600,90,220
2024-05-17,Andaman,11.7401,92.6586,0,5,4,38.8,0,342.6,-0.144,83.64,456,2,Agent,9,900,120,300
2024-01-01,Varanasi,25.3176,82.9739,0,1,0,19.1,0,1077.2,0.612,53.27,878,2,Agent,3,1400,160,500
2024-06-28,Goa,15.2993,74.124,0,6,4,39.7,1,321.84,0.426,75.74,484,2,Agent,2,2000,250,800
2024-04-04,Agra,27.1767,78.0081,0,4,3,31.9,0,360.92,0.483,57.96,336,2,App,8,1300,150,550
2024-11-13,Jaipur,26.9124,75.7873,0,11,2,20.0,0,854.33,1.0,58.53,536,2,Agent,9,1500,180,600
2025-07-14,Kerala,10.8505,76.2711,0,7,0,37.0,0,567.25,-0.214,60.53,609,2,Kiosk,17,1700,220,700
2025-06-11,Kerala,10.8505,76.2711,0,6,2,39.0,0,19.86,-0.324,66.13,626,3,Kiosk,2,1700,220,700
2024-03-11,Andaman,11.7401,92.6586,0,3,0,28.2,0,32.81,0.164,86.53,223,1,Web,7,900,120,300
2025-01-25,Varanasi,25.3176,82.9739,1,1,5,17.5,0,64.28,0.425,50.42,847,2,Kiosk,2,1400,160,500
2024-10-03,Goa,15.2993,74.124,0,10,3,23.8,0,219.66,0.059,75.42,570,2,App,28,2000,250,800
2024-05-23,Leh,34.1526,77.5771,0,5,3,19.2,0,408.97,-0.002,103.93,558,2,Web,6,600,90,220
2025-05-28,Leh,34.1526,77.5771,0,5,2,16.9,0,366.71,-0.253,105.07,286,1,Agent,6,600,90,220
2024-04-05,Goa,15.2993,74.124,0,4,4,37.6,0,66.14,0.361,83.39,641,3,Kiosk,18,2000,250,800
2024-11-17,Manali,32.2432,77.1892,1,11,6,6.4,0,462.27,0.478,64.79,677,2,Web,25,1200,140,450
2025-08-17,Andaman,11.7401,92.6586,1,8,6,32.1,0,283.36,-1.0,82.48,646,2,App,15,900,120,300
2025-06-11,Leh,34.1526,77.5771,0,6,2,19.6,0,189.29,1.0,90.6,103,2,Web,16,600,90,220
2024-12-31,Goa,15.2993,74.124,0,12,1,19.8,0,459.43,-0.129,82.74,683,2,Web,8,2000,250,800
2025-02-02,Agra,27.1767,78.0081,1,2,6,21.2,0,186.23,0.516,46.81,698,2,Agent,8,1300,150,550
2025-07-14,Leh,34.1526,77.5771,0,7,0,19.1,0,688.06,-0.589,99.26,571,4,App,16,600,90,220
2024-07-16,Andaman,11.7401,92.6586,0,7,1,37.8,1,421.04,-0.369,92.45,806,3,App,7,900,120,300
2024-03-30,Agra,27.1767,78.0081,1,3,5,27.4,0,1078.66,0.47,63.86,923,2,Web,12,1300,150,550
2024-07-08,Varanasi,25.3176,82.9739,0,7,0,36.1,0,251.67,0.586,54.27,208,2,Kiosk,18,1400,160,500
2024-04-24,Andaman,11.7401,92.6586,0,4,2,32.5,0,740.48,1.0,92.01,427,2,Agent,10,900,120,300
2025-01-22,Kerala,10.8505,76.2711,0,1,2,20.6,0,190.44,-0.796,59.99,373,2,Agent,3,1700,220,700
2025-01-09,Jaipur,26.9124,75.7873,0,1,3,18.4,0,640.63,0.149,57.61,269,2,Kiosk,2,1500,180,600
2025-01-24,Andaman,11.7401,92.6586,0,1,4,21.5,0,467.96,-0.193,95.86,334,3,Agent,15,900,120,300
2024-05-17,Goa,15.2993,74.124,0,5,4,37.3,0,1095.31,-0.172,76.81,680,2,Agent,4,2000,250,800
2025-01-10,Agra,27.1767,78.0081,0,1,4,20.2,0,447.85,0.247,51.45,386,1,Kiosk,19,1300,150,550
2024-04-16,Varanasi,25.3176,82.9739,0,4,1,33.0,0,368.14,0.152,53.01,481,3,Agent,10,1400,160,500
2024-02-11,Agra,27.1767,78.0081,1,2,6,20.8,0,148.66,-0.267,54.4,362,3,Agent,29,1300,150,550
2024-05-16,Agra,27.1767,78.0081,0,5,3,35.1,0,372.06,-0.864,50.05,804,2,Web,7,1300,150,550
2024-03-27,Kerala,10.8505,76.2711,0,3,2,28.7,0,666.46,0.371,72.02,953,3,Web,4,1700,220,700
2024-01-14,Goa,15.2993,74.124,1,1,6,21.8,0,472.47,0.359,79.0,1005,2,Agent,2,2000,250,800
2024-10-05,Manali,32.2432,77.1892,1,10,5,11.8,0,1172.22,1.0,70.19,536,2,Kiosk,11,1200,140,450
2025-07-31,Jaipur,26.9124,75.7873,0,7,3,36.3,1,172.26,0.33,60.23,614,2,Agent,14,1500,180,600
2025-07-17,Agra,27.1767,78.0081,0,7,3,37.5,0,200.52,0.599,41.62,414,1,Agent,12,1300,150,550
2025-07-12,Kerala,10.8505,76.2711,1,7,5,36.5,0,463.46,0.659,72.02,726,2,Kiosk,13,1700,220,700
2024-11-29,Varanasi,25.3176,82.9739,0,11,4,17.9,0,660.42,-0.231,53.92,637,2,Kiosk,9,1400,160,500
2025-03-28,Andaman,11.7401,92.6586,0,3,4,29.3,0,38.56,-0.782,89.69,68,2,Kiosk,5,900,120,300
2024-07-17,Andaman,11.7401,92.6586,0,7,2,37.4,0,247.25,0.037,102.61,428,2,Web,7,900,120,300
2024-11-30,Andaman,11.7401,92.6586,1,11,5,18.0,0,375.14,0.139,97.55,262,2,Agent,19,900,120,300
2024-09-08,Andaman,11.7401,92.6586,1,9,6,29.4,0,605.25,-0.139,85.87,243,2,Agent,44,900,120,300
2025-06-20,Varanasi,25.3176,82.9739,0,6,4,36.9,0,762.7,-1.0,51.07,903,1,Agent,11,1400,160,500
2025-08-23,Goa,15.2993,74.124,1,8,5,35.0,1,307.2,-0.557,82.47,701,2,Kiosk,3,2000,250,800
2025-07-23,Goa,15.2993,74.124,0,7,2,36.2,0,396.79,0.545,79.58,674,2,App,3,2000,250,800
2024-09-07,Goa,15.2993,74.124,1,9,5,29.3,0,384.95,0.255,71.03,392,2,Kiosk,21,2000,250,800
2024-07-17,Goa,15.2993,74.124,0,7,2,39.2,0,665.19,-0.601,72.14,690,2,Agent,16,2000,250,800
2025-02-24,Jaipur,26.9124,75.7873,0,2,0,22.0,0,84.36,0.431,71.97,804,1,Kiosk,32,1500,180,600
2025-09-18,Agra,27.1767,78.0081,0,9,3,28.6,0,604.16,-0.251,58.2,432,3,Kiosk,9,1300,150,550
2024-02-06,Agra,27.1767,78.0081,0,2,1,21.4,0,947.39,0.007,59.66,474,2,App,23,1300,150,550
2025-09-05,Manali,32.2432,77.1892,0,9,4,14.9,0,277.69,1.0,66.38,341,3,Kiosk,22,1200,140,450
2024-02-13,Goa,15.2993,74.124,0,2,1,26.3,0,225.22,0.983,84.52,683,3,Kiosk,11,2000,250,800
2025-01-13,Varanasi,25.3176,82.9739,0,1,0,17.7,0,296.77,0.097,39.87,523,1,App,4,1400,160,500
2024-09-20,Goa,15.2993,74.124,0,9,4,28.8,0,102.61,0.46,78.89,634,2,Agent,1,2000,250,800
2024-04-15,Kerala,10.8505,76.2711,0,4,0,33.3,0,1121.2,0.724,62.5,634,1,Kiosk,10,1700,220,700
2024-12-05,Leh,34.1526,77.5771,0,12,3,0.4,0,1721.65,-0.445,101.41,178,1,Kiosk,5,600,90,220
2025-07-02,Varanasi,25.3176,82.9739,0,7,2,36.3,0,324.26,-0.628,43.94,799,1,App,8,1400,160,500
2024-11-28,Varanasi,25.3176,82.9739,0,11,3,16.8,0,232.45,0.775,49.89,575,1,Web,21,1400,160,500
2025-03-30,Goa,15.2993,74.124,1,3,6,31.0,0,255.97,0.29,69.73,411,1,Agent,30,2000,250,800
2025-03-04,Kerala,10.8505,76.2711,0,3,1,30.4,0,563.33,-0.04,62.73,350,2,Kiosk,4,1700,220,700
2024-12-11,Leh,34.1526,77.5771,0,12,2,-1.8,0,548.12,-0.363,92.19,194,2,Agent,6,600,90,220
2025-02-06,Goa,15.2993,74.124,0,2,3,26.1,0,356.89,-0.191,82.13,475,3,Kiosk,8,2000,250,800
2024-04-23,Andaman,11.7401,92.6586,0,4,1,30.0,0,384.56,0.259,90.34,546,2,Web,9,900,120,300
2024-12-05,Manali,32.2432,77.1892,0,12,3,4.3,0,387.05,-0.094,70.44,135,2,Agent,12,1200,140,450
2025-09-16,Kerala,10.8505,76.2711,0,9,1,32.8,0,518.38,-0.277,53.73,833,2,Agent,18,1700,220,700
2024-04-29,Manali,32.2432,77.1892,0,4,0,20.1,0,463.83,0.911,80.99,629,3,Web,5,1200,140,450
2025-06-28,Manali,32.2432,77.1892,1,6,5,25.3,0,699.43,-0.305,70.95,702,2,Web,4,1200,140,450
2025-04-08,Leh,34.1526,77.5771,0,4,1,14.3,0,487.69,0.446,89.44,315,3,Web,2,600,90,220
2024-06-13,Manali,32.2432,77.1892,0,6,3,24.7,0,332.95,0.823,72.2,268,2,Web,9,1200,140,450
2025-02-12,Agra,27.1767,78.0081,0,2,2,21.5,0,652.39,-0.575,57.59,454,1,Kiosk,6,1300,150,550
2025-02-03,Manali,32.2432,77.1892,0,2,0,9.8,0,400.73,0.496,75.38,648,2,Web,3,1200,140,450
2024-01-26,Leh,34.1526,77.5771,0,1,4,0.0,0,223.53,-0.352,94.55,238,2,Agent,4,600,90,220
2025-04-07,Leh,34.1526,77.5771,0,4,0,14.3,0,821.2,-0.512,96.05,408,2,Agent,9,600,90,220
2024-08-16,Kerala,10.8505,76.2711,0,8,4,35.9,0,503.37,-0.43,71.61,824,2,Kiosk,6,1700,220,700
2024-08-29,Goa,15.2993,74.124,0,8,3,35.2,0,602.11,0.196,88.09,1096,3,Kiosk,2,2000,250,800
2025-05-27,Varanasi,25.3176,82.9739,0,5,1,34.7,0,1781.62,-0.244,42.94,776,2,Web,9,1400,160,500
2024-05-09,Varanasi,25.3176,82.9739,0,5,3,35.0,1,414.53,-0.745,55.7,851,3,Kiosk,26,1400,160,500
2025-05-31,Agra,27.1767,78.0081,1,5,5,35.2,0,521.01,1.0,61.45,538,3,Web,6,1300,150,550
2024-02-25,Manali,32.2432,77.1892,1,2,6,10.3,0,347.0,-0.259,69.81,373,2,Kiosk,20,1200,140,450
2025-08-12,Varanasi,25.3176,82.9739,0,8,1,31.1,0,841.5,-0.247,43.46,487,3,Kiosk,22,1400,160,500
2025-04-22,Varanasi,25.3176,82.9739,0,4,1,30.6,0,446.79,-0.134,43.53,499,1,Web,5,1400,160,500
2025-06-16,Kerala,10.8505,76.2711,0,6,0,37.5,0,959.12,0.018,68.21,821,1,Kiosk,17,1700,220,700
2024-12-26,Andaman,11.7401,92.6586,0,12,3,16.8,0,345.13,-0.35,89.37,444,3,Web,4,900,120,300
2025-07-16,Kerala,10.8505,76.2711,0,7,2,37.2,0,309.04,0.136,55.8,742,2,Web,41,1700,220,700
2024-07-06,Varanasi,25.3176,82.9739,1,7,5,34.2,0,134.14,0.936,50.48,356,1,Web,2,1400,160,500
2024-07-17,Manali,32.2432,77.1892,0,7,2,23.3,0,155.67,-0.522,73.34,381,2,Kiosk,16,1200,140,450
2024-06-25,Varanasi,25.3176,82.9739,0,6,1,37.0,0,633.66,-0.764,50.71,805,1,Web,31,1400,160,500
2024-08-08,Andaman,11.7401,92.6586,0,8,3,33.3,0,357.59,1.0,99.69,174,4,App,15,900,120,300
2024-06-24,Jaipur,26.9124,75.7873,0,6,0,39.3,1,238.69,0.773,64.46,401,2,App,6,1500,180,600
2024-02-05,Agra,27.1767,78.0081,0,2,0,20.1,0,341.36,-1.0,55.52,302,2,Web,14,1300,150,550
2024-08-30,Manali,32.2432,77.1892,0,8,4,18.7,0,924.84,0.725,75.87,468,2,Web,14,1200,140,450
2025-05-19,Manali,32.2432,77.1892,0,5,0,22.8,0,244.56,0.237,72.85,505,2,Web,1,1200,140,450
2025-05-30,Jaipur,26.9124,75.7873,0,5,4,34.0,0,432.57,0.321,62.88,605,3,Web,21,1500,180,600
2025-09-08,Andaman,11.7401,92.6586,0,9,0,29.7,0,49.55,-0.547,88.16,346,2,Web,17,900,120,300
2024-08-16,Kerala,10.8505,76.2711,0,8,4,34.1,0,635.29,0.624,60.25,423,1,Web,14,1700,220,700
2025-08-11,Manali,32.2432,77.1892,0,8,0,19.4,0,148.72,1.0,75.19,251,3,Web,3,1200,140,450
2025-02-04,Agra,27.1767,78.0081,0,2,1,21.6,0,271.48,-0.564,62.27,384,1,Kiosk,4,1300,150,550
2025-08-20,Jaipur,26.9124,75.7873,0,8,2,35.5,0,138.58,0.101,55.87,904,2,App,3,1500,180,600
2025-01-06,Agra,27.1767,78.0081,0,1,0,18.0,0,567.81,0.078,49.52,224,1,Agent,10,1300,150,550
2024-10-28,Kerala,10.8505,76.2711,0,10,0,23.6,0,1083.34,0.308,68.61,769,3,Agent,22,1700,220,700
2025-05-17,Agra,27.1767,78.0081,1,5,5,35.3,0,425.07,-0.137,77.33,596,2,App,15,1300,150,550
2025-01-10,Kerala,10.8505,76.2711,0,1,4,19.8,0,205.07,-0.811,71.77,676,2,Web,9,1700,220,700
2024-03-02,Kerala,10.8505,76.2711,1,3,5,28.8,0,268.77,0.316,77.29,321,2,Agent,3,1700,220,700
2025-07-06,Manali,32.2432,77.1892,1,7,6,23.7,0,733.45,0.468,78.44,593,1,App,4,1200,140,450
2025-08-23,Varanasi,25.3176,82.9739,1,8,5,31.8,1,490.37,-0.644,54.65,623,3,Agent,5,1400,160,500
2024-08-25,Kerala,10.8505,76.2711,1,8,6,33.3,0,150.07,0.012,75.16,948,2,Web,31,1700,220,700
2024-01-25,Kerala,10.8505,76.2711,0,1,3,19.2,0,254.86,0.225,77.54,384,3,Kiosk,10,1700,220,700
2025-08-10,Agra,27.1767,78.0081,1,8,6,33.6,1,323.61,0.592,41.19,381,3,Agent,12,1300,150,550
2025-03-13,Agra,27.1767,78.0081,0,3,3,26.6,0,692.45,-1.0,49.97,379,3,Agent,3,1300,150,550
2024-08-28,Goa,15.2993,74.124,0,8,2,33.5,0,344.94,1.0,80.5,422,1,Kiosk,21,2000,250,800
2024-04-03,Leh,34.1526,77.5771,0,4,2,16.0,1,112.69,0.312,96.7,290,2,Kiosk,13,600,90,220
2025-05-21,Andaman,11.7401,92.6586,0,5,2,35.8,0,977.04,-1.0,86.27,618,3,Web,22,900,120,300
2025-06-07,Leh,34.1526,77.5771,1,6,5,21.1,0,722.78,-0.216,98.93,714,4,Web,5,600,90,220
2025-03-01,Manali,32.2432,77.1892,1,3,5,16.1,0,188.24,0.434,73.17,734,2,Web,13,1200,140,450
2024-02-24,Jaipur,26.9124,75.7873,1,2,5,23.7,0,158.79,-0.444,52.21,346,1,Agent,1,1500,180,600
2025-05-24,Goa,15.2993,74.124,1,5,5,38.6,1,185.31,0.34,87.94,1001,2,App,9,2000,250,800
2024-12-31,Andaman,11.7401,92.6586,0,12,1,17.8,0,619.51,0.612,90.21,584,2,Web,6,900,120,300
2024-10-24,Goa,15.2993,74.124,0,10,3,23.1,0,596.8,-0.419,76.45,567,2,Agent,7,2000,250,800
2025-08-11,Andaman,11.7401,92.6586,0,8,0,33.0,1,566.74,0.086,90.28,629,3,App,8,900,120,300
2024-09-26,Manali,32.2432,77.1892,0,9,3,15.4,0,37.41,-0.313,65.77,108,3,Kiosk,16,1200,140,450
2024-04-09,Kerala,10.8505,76.2711,0,4,1,35.0,0,355.44,-0.5,69.17,656,2,Agent,1,1700,220,700
2025-06-18,Kerala,10.8505,76.2711,0,6,2,38.6,0,736.09,0.651,70.17,667,2,App,21,1700,220,700
2024-07-20,Kerala,10.8505,76.2711,1,7,5,38.5,0,661.51,-0.075,68.26,1012,2,Agent,12,1700,220,700
2025-08-28,Goa,15.2993,74.124,0,8,3,34.8,0,414.2,0.003,67.81,816,2,Web,8,2000,250,800
2024-12-10,Kerala,10.8505,76.2711,0,12,1,18.8,0,311.46,-0.636,70.41,294,2,Agent,2,1700,220,700
2024-06-18,Manali,32.2432,77.1892,0,6,1,25.9,0,193.17,0.571,75.29,262,3,Web,22,1200,140,450
2024-05-15,Goa,15.2993,74.124,0,5,2,39.3,0,523.6,0.062,89.52,885,2,Kiosk,7,2000,250,800
2024-11-30,Goa,15.2993,74.124,1,11,5,21.7,0,521.46,0.467,82.44,1136,2,Agent,9,2000,250,800
2024-01-01,Varanasi,25.3176,82.9739,0,1,0,21.5,0,578.79,0.388,51.63,847,2,Agent,8,1400,160,500
2025-08-27,Goa,15.2993,74.124,0,8,2,34.7,1,436.46,-0.177,81.14,1151,2,App,13,2000,250,800
2024-02-13,Goa,15.2993,74.124,0,2,1,26.9,0,109.54,-0.308,80.34,598,2,Web,29,2000,250,800
2024-02-20,Kerala,10.8505,76.2711,0,2,1,23.6,0,145.24,-0.388,65.3,447,2,Web,3,1700,220,700
2024-03-01,Goa,15.2993,74.124,0,3,4,30.8,0,556.67,0.118,74.63,493,1,App,2,2000,250,800
2024-05-03,Manali,32.2432,77.1892,0,5,4,24.4,0,215.1,0.338,79.73,574,3,Agent,21,1200,140,450
2024-02-29,Agra,27.1767,78.0081,0,2,3,24.2,0,249.95,-0.163,57.61,158,2,Kiosk,26,1300,150,550
2025-01-07,Agra,27.1767,78.0081,0,1,1,17.6,0,417.26,0.437,52.84,835,3,App,5,1300,150,550
2024-06-09,Andaman,11.7401,92.6586,1,6,6,35.9,0,328.09,1.0,81.73,251,2,Agent,4,900,120,300
2025-03-13,Kerala,10.8505,76.2711,0,3,3,27.9,0,485.55,-0.532,72.68,848,2,App,18,1700,220,700
2025-02-04,Andaman,11.7401,92.6586,0,2,1,24.1,0,105.31,0.116,84.75,385,3,App,5,900,120,300
2024-01-01,Varanasi,25.3176,82.9739,0,1,0,18.1,0,226.03,-0.105,41.88,591,2,App,3,1400,160,500
2024-10-05,Andaman,11.7401,92.6586,1,10,5,24.1,0,171.39,0.379,81.39,580,2,App,4,900,120,300
2024-06-24,Agra,27.1767,78.0081,0,6,0,36.5,0,291.19,-0.133,49.52,464,3,Agent,7,1300,150,550
2025-07-09,Kerala,10.8505,76.2711,0,7,2,37.4,1,801.05,0.199,57.16,721,2,Web,18,1700,220,700
2025-04-28,Goa,15.2993,74.124,0,4,0,34.8,0,761.23,-0.122,84.8,936,2,App,8,2000,250,800
2024-07-31,Andaman,11.7401,92.6586,0,7,2,36.2,1,910.23,-0.346,104.32,600,3,Web,12,900,120,300
2024-12-10,Kerala,10.8505,76.2711,0,12,1,18.6,0,514.31,0.955,69.31,900,1,App,11,1700,220,700
2024-06-19,Agra,27.1767,78.0081,0,6,2,37.8,0,149.35,0.417,59.05,382,1,Agent,1,1300,150,550
2025-09-26,Kerala,10.8505,76.2711,0,9,4,29.2,0,163.38,0.51,73.26,687,3,App,12,1700,220,700
2024-02-25,Jaipur,26.9124,75.7873,1,2,6,22.9,0,469.54,0.05,57.34,551,2,Agent,9,1500,180,600
2025-08-15,Leh,34.1526,77.5771,0,8,4,13.2,0,645.86,0.383,87.51,97,2,App,17,600,90,220
2025-03-03,Manali,32.2432,77.1892,0,3,0,14.3,0,125.7,-0.22,72.99,288,2,Kiosk,11,1200,140,450
2024-11-28,Jaipur,26.9124,75.7873,0,11,3,20.7,0,98.26,0.601,56.22,708,3,App,2,1500,180,600
2024-10-19,Goa,15.2993,74.124,1,10,5,25.3,0,203.44,0.01,70.79,606,2,Kiosk,4,2000,250,800
2024-04-02,Andaman,11.7401,92.6586,0,4,1,32.3,0,496.64,0.362,83.63,7,2,Kiosk,6,900,120,300
2025-02-28,Leh,34.1526,77.5771,0,2,4,4.0,0,470.78,0.308,105.43,152,2,Kiosk,15,600,90,220
2025-04-01,Jaipur,26.9124,75.7873,0,4,1,31.2,0,835.21,-1.0,61.35,758,3,Agent,2,1500,180,600
2024-08-08,Varanasi,25.3176,82.9739,0,8,3,31.9,0,330.97,0.246,47.62,486,3,Agent,8,1400,160,500
2024-02-21,Goa,15.2993,74.124,0,2,2,24.6,0,128.42,-0.592,89.98,775,3,App,11,2000,250,800
2024-11-09,Goa,15.2993,74.124,1,11,5,21.9,0,303.04,-0.207,74.82,736,2,Web,22,2000,250,800
2025-08-04,Kerala,10.8505,76.2711,0,8,0,32.4,0,409.02,0.357,64.28,443,2,App,11,1700,220,700
2025-09-01,Leh,34.1526,77.5771,0,9,0,7.8,0,331.17,-0.319,89.86,0,1,Kiosk,9,600,90,220
2024-01-19,Goa,15.2993,74.124,0,1,4,19.9,0,809.46,0.832,68.63,855,2,Kiosk,22,2000,250,800
2025-03-22,Goa,15.2993,74.124,1,3,5,27.7,0,265.05,0.127,75.47,531,2,Web,24,2000,250,800
2025-05-20,Goa,15.2993,74.124,0,5,1,37.3,0,331.34,-0.476,75.25,976,2,Web,20,2000,250,800
2024-11-21,Manali,32.2432,77.1892,0,11,3,5.2,0,575.08,-0.383,63.73,149,2,Kiosk,25,1200,140,450
2024-12-02,Agra,27.1767,78.0081,0,12,0,17.0,1,516.89,0.955,58.5,616,2,Agent,20,1300,150,550
2025-07-13,Manali,32.2432,77.1892,1,7,6,24.2,0,710.41,-0.159,67.11,488,2,Web,7,1200,140,450
2024-04-06,Andaman,11.7401,92.6586,1,4,5,35.0,0,925.34,1.0,92.67,529,2,App,5,900,120,300
2025-08-24,Goa,15.2993,74.124,1,8,6,35.0,0,250.38,0.925,78.39,722,2,Web,20,2000,250,800
2024-08-28,Varanasi,25.3176,82.9739,0,8,2,30.6,0,33.31,0.022,49.39,452,1,Kiosk,8,1400,160,500
2025-01-31,Andaman,11.7401,92.6586,0,1,4,18.5,1,548.2,0.638,84.98,494,3,Web,9,900,120,300
2025-09-11,Manali,32.2432,77.1892,0,9,3,13.1,0,359.89,-0.586,70.47,162,3,Kiosk,7,1200,140,450
2025-01-01,Manali,32.2432,77.1892,0,1,2,6.8,0,786.45,0.675,80.42,857,2,App,7,1200,140,450
2024-03-27,Manali,32.2432,77.1892,0,3,2,14.7,0,307.68,-0.612,73.22,117,2,Agent,10,1200,140,450
2025-05-08,Varanasi,25.3176,82.9739,0,5,3,35.6,0,1183.66,0.066,46.56,467,2,Kiosk,59,1400,160,500
2024-02-02,Andaman,11.7401,92.6586,0,2,4,22.6,0,322.36,-0.262,79.65,139,3,Kiosk,4,900,120,300
2024-03-11,Leh,34.1526,77.5771,0,3,0,8.3,0,113.78,0.275,89.79,35,3,Kiosk,7,600,90,220
2024-03-05,Jaipur,26.9124,75.7873,0,3,1,27.3,0,957.66,-0.578,66.6,609,1,App,18,1500,180,600
2024-02-23,Jaipur,26.9124,75.7873,0,2,4,22.9,0,170.73,0.863,77.15,695,3,Web,10,1500,180,600
2025-08-09,Agra,27.1767,78.0081,1,8,5,30.5,0,173.05,1.0,52.2,390,2,Agent,23,1300,150,550
2025-06-20,Manali,32.2432,77.1892,0,6,4,23.5,0,225.31,-0.262,80.21,673,2,App,29,1200,140,450
2024-11-16,Agra,27.1767,78.0081,1,11,5,16.7,0,337.27,0.351,41.96,724,1,App,12,1300,150,550
2025-05-13,Agra,27.1767,78.0081,0,5,1,36.0,0,395.65,-0.098,53.32,470,2,Kiosk,13,1300,150,550
2024-01-24,Manali,32.2432,77.1892,0,1,2,6.2,0,298.04,-0.08,75.46,351,3,Kiosk,7,1200,140,450
2025-08-23,Jaipur,26.9124,75.7873,1,8,5,32.0,0,152.57,-0.037,59.36,785,2,Agent,7,1500,180,600
2024-08-22,Agra,27.1767,78.0081,0,8,3,33.2,0,58.1,-0.006,47.15,566,2,Web,9,1300,150,550
2025-03-01,Agra,27.1767,78.0081,1,3,5,26.2,0,168.44,0.546,53.82,765,2,Web,6,1300,150,550
2024-04-15,Leh,34.1526,77.5771,0,4,0,14.5,0,293.85,-0.108,99.33,510,2,Kiosk,20,600,90,220
2024-12-26,Goa,15.2993,74.124,0,12,3,20.1,0,57.63,0.882,84.12,870,1,Kiosk,14,2000,250,800
2024-07-09,Kerala,10.8505,76.2711,0,7,1,38.4,0,372.05,0.47,63.43,637,2,App,7,1700,220,700
2024-10-02,Leh,34.1526,77.5771,0,10,2,4.7,0,190.74,0.155,93.32,334,2,Web,3,600,90,220
2024-01-13,Varanasi,25.3176,82.9739,1,1,5,21.1,0,145.71,-0.489,62.66,393,2,Agent,9,1400,160,500
2025-05-13,Agra,27.1767,78.0081,0,5,1,34.9,0,135.47,0.631,63.16,311,2,Web,4,1300,150,550
2025-01-08,Varanasi,25.3176,82.9739,0,1,2,18.4,0,463.55,0.007,53.03,422,3,Agent,15,1400,160,500
2024-02-05,Leh,34.1526,77.5771,0,2,0,4.7,0,622.45,0.623,110.18,518,3,Web,12,600,90,220
2025-07-02,Andaman,11.7401,92.6586,0,7,2,38.3,0,276.58,-0.804,87.72,645,3,Web,3,900,120,300
2025-07-15,Andaman,11.7401,92.6586,0,7,1,36.1,0,410.41,-0.434,92.78,501,4,Kiosk,7,900,120,300
2024-06-25,Jaipur,26.9124,75.7873,0,6,1,36.2,0,1368.28,0.511,53.71,515,2,Agent,30,1500,180,600
2024-01-17,Leh,34.1526,77.5771,0,1,2,4.0,0,556.8,0.287,88.07,115,2,Web,7,600,90,220
2025-07-09,Kerala,10.8505,76.2711,0,7,2,36.8,0,172.7,-0.218,71.33,725,2,Web,5,1700,220,700
2024-07-08,Leh,34.1526,77.5771,0,7,0,17.3,1,235.5,-1.0,91.31,229,3,Agent,9,600,90,220
2025-01-21,Andaman,11.7401,92.6586,0,1,1,16.0,0,818.6,0.376,96.72,764,2,Kiosk,10,900,120,300
2024-09-14,Kerala,10.8505,76.2711,1,9,5,30.3,0,187.66,0.558,64.55,838,3,Kiosk,8,1700,220,700
2025-08-14,Goa,15.2993,74.124,0,8,3,35.3,0,188.78,-0.49,82.92,759,2,Web,7,2000,250,800
2025-08-11,Jaipur,26.9124,75.7873,0,8,0,33.5,0,632.1,0.257,60.64,699,2,App,27,1500,180,600
2025-03-18,Goa,15.2993,74.124,0,3,1,30.4,0,1205.06,-0.829,79.34,707,3,App,28,2000,250,800
2024-01-06,Andaman,11.7401,92.6586,1,1,5,19.6,0,589.56,-0.38,89.72,405,1,App,11,900,120,300
2024-03-20,Leh,34.1526,77.5771,0,3,2,10.6,0,1171.06,0.504,100.18,539,3,Web,7,600,90,220
2024-06-09,Varanasi,25.3176,82.9739,1,6,6,38.2,0,485.91,0.581,50.52,410,2,Kiosk,2,1400,160,500
2024-09-08,Goa,15.2993,74.124,1,9,6,29.2,0,105.21,0.172,76.82,748,2,Web,12,2000,250,800
2025-08-05,Manali,32.2432,77.1892,0,8,1,19.8,1,713.75,-0.518,80.82,703,2,Kiosk,17,1200,140,450
2024-04-14,Leh,34.1526,77.5771,1,4,6,15.0,0,1037.9,0.189,112.3,696,2,Kiosk,3,600,90,220
2024-11-27,Leh,34.1526,77.5771,0,11,2,0.1,0,711.33,0.111,91.37,262,3,Web,12,600,90,220
2025-03-25,Goa,15.2993,74.124,0,3,1,30.2,1,84.32,0.744,78.62,672,3,Kiosk,20,2000,250,800
2025-04-11,Agra,27.1767,78.0081,0,4,4,31.2,0,145.87,0.068,55.52,410,2,Kiosk,12,1300,150,550
2024-12-31,Jaipur,26.9124,75.7873,0,12,1,17.0,0,342.32,0.585,57.24,645,3,Web,11,1500,180,600
2025-05-03,Jaipur,26.9124,75.7873,1,5,5,36.7,0,140.97,-0.326,68.31,736,2,Agent,6,1500,180,600
2025-02-26,Kerala,10.8505,76.2711,0,2,2,25.7,0,385.67,-0.1,58.67,376,2,Kiosk,15,1700,220,700
2025-07-12,Manali,32.2432,77.1892,1,7,5,24.3,0,529.37,-0.367,64.77,581,2,Agent,12,1200,140,450
2024-03-17,Manali,32.2432,77.1892,1,3,6,13.4,0,99.47,-0.322,75.09,513,3,App,3,1200,140,450
2025-09-05,Agra,27.1767,78.0081,0,9,4,27.2,0,272.45,0.091,50.48,310,2,Web,2,1300,150,550
2025-07-05,Andaman,11.7401,92.6586,1,7,5,36.2,0,996.62,0.024,91.9,806,2,App,11,900,120,300
2024-05-13,Kerala,10.8505,76.2711,0,5,0,37.1,1,557.88,-0.188,64.99,742,3,Web,8,1700,220,700
2024-03-27,Agra,27.1767,78.0081,0,3,2,26.0,0,1227.8,-0.356,48.69,287,2,App,1,1300,150,550
2024-03-10,Kerala,10.8505,76.2711,1,3,6,29.0,0,321.45,-0.526,64.57,693,2,App,9,1700,220,700
2024-10-03,Varanasi,25.3176,82.9739,0,10,3,20.9,0,101.65,0.895,45.35,423,1,Agent,34,1400,160,500
2025-03-22,Jaipur,26.9124,75.7873,1,3,5,25.7,0,513.26,0.073,70.23,490,3,Agent,7,1500,180,600
2024-05-31,Agra,27.1767,78.0081,0,5,4,37.8,0,1372.99,0.179,50.37,737,4,App,11,1300,150,550
2025-02-12,Manali,32.2432,77.1892,0,2,2,8.0,0,290.96,0.138,74.48,276,2,App,11,1200,140,450
2025-01-26,Jaipur,26.9124,75.7873,1,1,6,20.0,0,457.31,0.618,61.7,1092,3,Web,5,1500,180,600
2024-05-08,Jaipur,26.9124,75.7873,0,5,2,37.4,0,1214.54,-0.05,59.46,674,1,App,12,1500,180,600
2024-08-23,Andaman,11.7401,92.6586,0,8,4,34.0,0,310.83,0.442,93.84,116,2,App,15,900,120,300
2025-02-24,Agra,27.1767,78.0081,0,2,0,21.1,0,451.96,-0.153,55.53,578,2,Web,1,1300,150,550
2025-03-14,Varanasi,25.3176,82.9739,0,3,4,26.1,0,54.28,1.0,47.39,543,2,App,10,1400,160,500
2025-03-13,Jaipur,26.9124,75.7873,0,3,3,30.0,0,492.2,-0.047,66.13,844,1,App,3,1500,180,600
2025-05-15,Varanasi,25.3176,82.9739,0,5,3,35.1,0,393.52,-0.107,53.37,681,2,Agent,15,1400,160,500
2024-07-23,Leh,34.1526,77.5771,0,7,1,19.9,0,179.16,0.6,99.74,213,2,Agent,2,600,90,220
2024-09-07,Andaman,11.7401,92.6586,1,9,5,28.1,0,273.0,0.161,87.62,131,3,App,4,900,120,300
2024-06-29,Varanasi,25.3176,82.9739,1,6,5,36.1,0,456.51,0.029,45.18,586,2,Web,11,1400,160,500
2025-07-05,Goa,15.2993,74.124,1,7,5,40.6,0,347.37,0.348,75.69,854,1,Agent,7,2000,250,800
2025-03-06,Varanasi,25.3176,82.9739,0,3,3,26.4,0,363.01,0.003,47.8,323,1,Web,11,1400,160,500
2025-09-09,Andaman,11.7401,92.6586,0,9,1,25.9,0,192.64,0.44,94.15,403,1,Web,7,900,120,300
2024-05-11,Kerala,10.8505,76.2711,1,5,5,38.5,0,233.5,0.426,59.65,672,1,Web,19,1700,220,700
2024-06-08,Andaman,11.7401,92.6586,1,6,5,37.6,0,451.74,-0.745,91.39,534,2,Web,21,900,120,300
2024-08-19,Leh,34.1526,77.5771,0,8,0,14.5,0,381.2,0.119,97.94,729,2,Web,5,600,90,220
2024-12-07,Leh,34.1526,77.5771,1,12,5,-0.9,0,291.15,0.507,93.45,437,3,Agent,12,600,90,220
2024-09-17,Andaman,11.7401,92.6586,0,9,1,27.8,0,122.6,0.736,81.73,380,2,Agent,16,900,120,300
2025-04-22,Varanasi,25.3176,82.9739,0,4,1,33.0,0,80.93,0.329,46.73,452,2,Agent,13,1400,160,500
2025-06-09,Jaipur,26.9124,75.7873,0,6,0,39.7,0,427.95,0.367,62.06,767,2,Agent,8,1500,180,600
2025-08-26,Jaipur,26.9124,75.7873,0,8,1,32.5,0,517.59,0.944,62.81,570,3,Kiosk,27,1500,180,600
2025-08-30,Kerala,10.8505,76.2711,1,8,5,36.5,0,674.43,-1.0,78.3,786,2,Agent,5,1700,220,700
2024-03-04,Varanasi,25.3176,82.9739,0,3,0,28.5,0,410.31,0.504,53.1,879,1,Kiosk,5,1400,160,500
2024-01-30,Kerala,10.8505,76.2711,0,1,1,20.4,0,240.63,-0.287,60.76,668,2,Web,9,1700,220,700
2024-07-15,Manali,32.2432,77.1892,0,7,0,22.1,0,612.01,0.041,79.25,632,2,App,8,1200,140,450
2025-05-31,Manali,32.2432,77.1892,1,5,5,22.7,0,551.11,-0.445,75.63,705,2,App,17,1200,140,450
2025-05-27,Varanasi,25.3176,82.9739,0,5,1,35.2,0,337.49,-0.268,45.18,650,2,Agent,4,1400,160,500
2025-07-30,Agra,27.1767,78.0081,0,7,2,35.3,0,1249.67,-0.244,63.51,877,3,Kiosk,18,1300,150,550
2025-07-12,Varanasi,25.3176,82.9739,1,7,5,34.3,0,291.51,0.016,47.24,765,1,App,14,1400,160,500
2024-09-21,Leh,34.1526,77.5771,1,9,5,9.5,0,113.33,0.592,81.49,566,2,App,9,600,90,220
2024-02-08,Jaipur,26.9124,75.7873,0,2,3,23.8,0,345.04,0.25,57.38,286,1,Agent,7,1500,180,600
2024-11-02,Leh,34.1526,77.5771,1,11,5,2.6,0,153.32,0.308,107.34,120,2,Web,7,600,90,220
2024-11-04,Manali,32.2432,77.1892,0,11,0,7.3,0,382.22,0.126,77.4,389,3,App,9,1200,140,450
2024-06-16,Leh,34.1526,77.5771,1,6,6,20.6,1,194.03,0.733,91.93,38,2,Kiosk,13,600,90,220
