date,destination,lat,lon,is_weekend,month,dow,temp_c,rain,marketing_spend,social_sentiment,price_index,bookings,avg_party_size,channel,lead_time_days,rooms_available,guides_available,vehicles_available
2024-06-24,Varanasi,25.3176,82.9739,0,6,0,36.7,0,341.08,0.688,53.32,973,2,Web,10,1400,160,500
2024-07-15,Agra,27.1767,78.0081,0,7,0,35.4,0,734.86,-0.032,59.05,921,3,App,4,1300,150,550
2025-06-21,Jaipur,26.9124,75.7873,1,6,5,38.1,0,339.72,-0.941,62.4,1497,3,App,13,1500,180,600
2025-05-17,Varanasi,25.3176,82.9739,1,5,5,34.1,0,436.4,-0.431,52.55,1260,1,App,9,1400,160,500
2025-08-02,Manali,32.2432,77.1892,1,8,5,20.7,1,299.01,0.138,85.71,859,1,App,11,1200,140,450
2024-07-30,Jaipur,26.9124,75.7873,0,7,1,38.2,0,274.73,-0.066,61.41,792,3,Kiosk,7,1500,180,600
2025-09-07,Agra,27.1767,78.0081,1,9,6,28.1,0,282.81,-0.533,57.89,634,2,App,4,1300,150,550
2024-12-14,Manali,32.2432,77.1892,1,12,5,5.7,0,762.2,-0.994,76.27,1030,2,App,5,1200,140,450
2024-07-04,Agra,27.1767,78.0081,0,7,3,36.8,0,513.53,-0.471,50.92,760,2,App,1,1300,150,550
2025-02-02,Jaipur,26.9124,75.7873,1,2,6,22.1,0,285.4,-0.664,56.38,1183,3,Web,18,1500,180,600
2025-06-19,Goa,15.2993,74.124,0,6,3,39.6,0,209.25,0.136,83.65,1306,2,Kiosk,5,2000,250,800
2025-08-07,Goa,15.2993,74.124,0,8,3,35.2,0,38.28,-0.169,69.3,894,2,Web,8,2000,250,800
2024-12-11,Goa,15.2993,74.124,0,12,2,20.0,0,515.73,-0.549,83.57,1385,3,Web,17,2000,250,800
2025-01-01,Andaman,11.7401,92.6586,0,1,2,20.1,0,492.95,0.817,88.11,751,2,Kiosk,9,900,120,300
2025-07-08,Kerala,10.8505,76.2711,0,7,1,36.7,0,66.44,-0.233,69.33,1090,2,App,11,1700,220,700
2024-06-16,Andaman,11.7401,92.6586,1,6,6,39.6,0,331.62,0.306,94.87,495,2,Web,13,900,120,300
2024-03-09,Jaipur,26.9124,75.7873,1,3,5,29.3,0,270.9,-0.198,67.53,1650,1,Web,11,1500,180,600
2025-03-08,Varanasi,25.3176,82.9739,1,3,5,25.5,0,245.5,0.027,51.39,1306,2,App,12,1400,160,500
2025-01-26,Jaipur,26.9124,75.7873,1,1,6,19.6,0,132.96,0.202,72.16,1160,3,App,3,1500,180,600
2025-05-27,Manali,32.2432,77.1892,0,5,1,22.9,0,74.55,-0.587,76.66,556,2,Kiosk,3,1200,140,450
2024-03-16,Agra,27.1767,78.0081,1,3,5,25.8,1,652.31,0.279,58.39,1117,2,Agent,12,1300,150,550
2024-09-07,Leh,34.1526,77.5771,1,9,5,10.0,0,543.63,0.816,94.16,400,2,Kiosk,7,600,90,220
2024-01-07,Varanasi,25.3176,82.9739,1,1,6,18.7,0,256.07,0.116,60.62,1099,3,Agent,13,1400,160,500
2025-03-20,Manali,32.2432,77.1892,0,3,3,15.0,0,728.53,-0.198,85.57,886,1,Web,15,1200,140,450
2024-02-14,Manali,32.2432,77.1892,0,2,2,10.2,0,42.36,-0.168,81.34,642,3,App,11,1200,140,450
2024-11-21,Andaman,11.7401,92.6586,0,11,3,19.4,0,610.64,0.695,82.46,579,2,Kiosk,34,900,120,300
2024-06-01,Varanasi,25.3176,82.9739,1,6,5,36.1,0,1028.1,0.145,49.12,1730,2,Kiosk,22,1400,160,500
2024-07-02,Andaman,11.7401,92.6586,0,7,1,37.4,1,283.37,-0.468,87.43,453,2,App,16,900,120,300
2024-04-22,Jaipur,26.9124,75.7873,0,4,0,32.5,0,179.26,0.964,68.58,974,2,Kiosk,11,1500,180,600
2024-07-08,Kerala,10.8505,76.2711,0,7,0,37.2,0,134.78,0.408,67.68,770,2,Agent,13,1700,220,700
2024-10-17,Kerala,10.8505,76.2711,0,10,3,24.2,0,151.77,-0.249,76.47,824,2,Kiosk,7,1700,220,700
2024-11-08,Agra,27.1767,78.0081,0,11,4,17.5,0,613.36,0.111,55.66,838,2,App,7,1300,150,550
2024-07-20,Jaipur,26.9124,75.7873,1,7,5,35.2,0,1029.22,0.076,53.81,1558,3,Agent,11,1500,180,600
2025-04-07,Varanasi,25.3176,82.9739,0,4,0,31.2,0,1480.33,0.085,55.7,1873,2,Agent,11,1400,160,500
2025-07-04,Leh,34.1526,77.5771,0,7,4,19.2,0,103.6,-1.0,102.81,362,3,Kiosk,22,600,90,220
2025-05-09,Jaipur,26.9124,75.7873,0,5,4,36.1,0,889.28,0.06,63.17,1488,2,App,11,1500,180,600
2024-05-17,Andaman,11.7401,92.6586,0,5,4,37.0,0,128.34,-0.094,101.52,407,3,Kiosk,14,900,120,300
2025-04-28,Jaipur,26.9124,75.7873,0,4,0,33.8,0,172.42,0.584,64.28,1106,1,App,2,1500,180,600
2024-07-14,Andaman,11.7401,92.6586,1,7,6,35.6,0,902.44,0.777,92.65,766,2,Kiosk,18,900,120,300
2024-03-13,Andaman,11.7401,92.6586,0,3,2,28.3,0,687.78,-0.067,92.05,786,1,Kiosk,17,900,120,300
2024-09-14,Varanasi,25.3176,82.9739,1,9,5,27.1,1,313.12,-0.426,54.46,701,1,App,3,1400,160,500
2025-02-04,Leh,34.1526,77.5771,0,2,1,5.5,0,252.0,-0.569,104.57,287,2,Agent,5,600,90,220
2025-01-09,Kerala,10.8505,76.2711,0,1,3,19.6,0,436.11,0.198,59.89,1501,2,App,9,1700,220,700
2024-12-15,Leh,34.1526,77.5771,1,12,6,0.4,0,319.99,-0.017,95.99,379,3,App,5,600,90,220
2025-08-27,Manali,32.2432,77.1892,0,8,2,19.1,0,43.11,-0.01,80.33,603,2,Agent,3,1200,140,450
2025-08-06,Kerala,10.8505,76.2711,0,8,2,33.9,0,533.81,0.754,65.0,1174,2,Web,12,1700,220,700
2024-10-06,Agra,27.1767,78.0081,1,10,6,19.9,0,182.7,-0.097,62.18,738,3,Kiosk,11,1300,150,550
2025-06-06,Leh,34.1526,77.5771,0,6,4,21.3,0,419.31,0.806,91.21,447,1,App,2,600,90,220
2025-03-24,Kerala,10.8505,76.2711,0,3,0,30.4,0,1180.94,-0.076,76.48,2243,2,Kiosk,21,1700,220,700
2024-11-13,Agra,27.1767,78.0081,0,11,2,16.7,0,307.41,0.431,55.2,928,2,Agent,13,1300,150,550
2025-01-26,Kerala,10.8505,76.2711,1,1,6,19.5,0,511.36,0.374,70.83,1728,3,Kiosk,10,1700,220,700
2024-05-31,Andaman,11.7401,92.6586,0,5,4,35.5,0,506.36,-0.136,87.19,588,2,Kiosk,19,900,120,300
2024-04-02,Varanasi,25.3176,82.9739,0,4,1,31.4,0,175.73,0.164,52.25,1012,2,Kiosk,12,1400,160,500
2024-08-12,Manali,32.2432,77.1892,0,8,0,20.6,0,361.38,0.015,80.76,659,3,Web,34,1200,140,450
2024-12-22,Jaipur,26.9124,75.7873,1,12,6,17.7,1,98.86,1.0,70.89,789,2,Web,24,1500,180,600
2025-04-26,Kerala,10.8505,76.2711,1,4,5,34.9,0,458.92,0.864,75.34,1488,1,Web,16,1700,220,700
2025-08-02,Manali,32.2432,77.1892,1,8,5,20.4,0,328.9,0.07,76.63,974,3,App,15,1200,140,450
2024-08-07,Leh,34.1526,77.5771,0,8,2,14.9,0,247.45,-0.55,98.38,321,3,Web,15,600,90,220
2025-04-26,Andaman,11.7401,92.6586,1,4,5,32.6,0,170.43,-0.134,82.86,623,1,Agent,10,900,120,300
2024-01-20,Goa,15.2993,74.124,1,1,5,22.3,0,372.32,0.453,82.02,1313,4,Web,14,2000,250,800
2025-05-31,Agra,27.1767,78.0081,1,5,5,37.6,0,351.18,1.0,59.82,913,2,Agent,2,1300,150,550
2024-02-03,Varanasi,25.3176,82.9739,1,2,5,22.9,0,195.01,0.556,63.43,1063,3,Web,23,1400,160,500
2024-05-03,Goa,15.2993,74.124,0,5,4,39.1,0,322.43,-0.018,89.2,1265,2,Kiosk,17,2000,250,800
2024-10-13,Agra,27.1767,78.0081,1,10,6,21.8,0,103.47,0.025,52.13,804,3,Kiosk,24,1300,150,550
2025-02-19,Agra,27.1767,78.0081,0,2,2,19.3,0,563.79,0.105,63.09,872,3,Kiosk,8,1300,150,550
2024-05-10,Jaipur,26.9124,75.7873,0,5,4,37.3,0,33.7,0.289,70.69,1006,1,Kiosk,7,1500,180,600
2024-03-24,Agra,27.1767,78.0081,1,3,6,27.7,0,489.84,0.502,57.18,1310,3,App,6,1300,150,550
2025-02-06,Manali,32.2432,77.1892,0,2,3,9.2,0,372.96,0.82,69.46,783,2,App,4,1200,140,450
2024-01-22,Manali,32.2432,77.1892,0,1,0,6.5,0,225.72,0.054,69.34,762,1,Kiosk,12,1200,140,450
2025-09-23,Kerala,10.8505,76.2711,0,9,1,29.6,1,1007.61,-0.179,66.55,1162,2,App,24,1700,220,700
2025-08-02,Varanasi,25.3176,82.9739,1,8,5,31.7,0,1154.54,-1.0,58.22,1322,2,App,9,1400,160,500
2024-07-22,Jaipur,26.9124,75.7873,0,7,0,36.2,1,175.19,0.065,63.4,650,3,App,13,1500,180,600
2024-02-17,Kerala,10.8505,76.2711,1,2,5,25.8,0,282.62,0.877,71.52,1394,1,App,6,1700,220,700
2025-06-08,Varanasi,25.3176,82.9739,1,6,6,37.7,0,495.5,0.268,45.93,1265,3,App,11,1400,160,500
2024-12-15,Jaipur,26.9124,75.7873,1,12,6,18.0,1,601.86,0.371,67.8,1506,3,Web,11,1500,180,600
2024-04-17,Agra,27.1767,78.0081,0,4,2,32.3,0,137.19,-0.645,59.32,927,3,Web,12,1300,150,550
2025-01-28,Andaman,11.7401,92.6586,0,1,1,17.6,0,437.38,0.111,88.66,522,3,Agent,1,900,120,300
2025-09-14,Varanasi,25.3176,82.9739,1,9,6,27.5,0,174.18,0.033,43.17,849,2,Kiosk,17,1400,160,500
2025-09-28,Jaipur,26.9124,75.7873,1,9,6,26.7,0,364.48,0.007,63.81,659,2,App,13,1500,180,600
2024-10-03,Leh,34.1526,77.5771,0,10,3,6.4,0,41.01,0.583,100.18,193,2,Kiosk,5,600,90,220
2024-11-05,Leh,34.1526,77.5771,0,11,1,1.4,1,40.02,0.753,100.63,238,3,Kiosk,8,600,90,220
2024-02-05,Andaman,11.7401,92.6586,0,2,0,24.2,0,27.72,1.0,88.56,384,2,App,7,900,120,300
2024-09-17,Kerala,10.8505,76.2711,0,9,1,30.0,0,864.82,0.495,65.24,1011,3,App,2,1700,220,700
2025-04-01,Varanasi,25.3176,82.9739,0,4,1,31.7,0,111.48,0.947,54.94,754,2,Agent,13,1400,160,500
2025-04-19,Leh,34.1526,77.5771,1,4,5,15.5,0,45.4,-0.173,107.36,455,3,Web,37,600,90,220
2025-07-20,Goa,15.2993,74.124,1,7,6,37.1,0,545.49,-0.015,76.73,1566,2,Web,6,2000,250,800
2025-07-09,Varanasi,25.3176,82.9739,0,7,2,35.9,0,557.61,-0.038,47.77,1168,2,Web,29,1400,160,500
2024-08-03,Goa,15.2993,74.124,1,8,5,36.5,0,194.09,-0.065,73.09,971,1,Agent,6,2000,250,800
2025-03-10,Jaipur,26.9124,75.7873,0,3,0,28.8,0,374.56,0.283,64.22,1054,3,Agent,12,1500,180,600
2024-02-09,Varanasi,25.3176,82.9739,0,2,4,21.0,0,341.56,0.223,57.04,847,2,Web,8,1400,160,500
2024-05-11,Varanasi,25.3176,82.9739,1,5,5,35.1,0,105.93,0.089,57.52,1125,3,Web,9,1400,160,500
2025-02-17,Varanasi,25.3176,82.9739,0,2,0,22.4,0,617.34,-0.354,45.56,859,3,Web,26,1400,160,500
2025-04-05,Manali,32.2432,77.1892,1,4,5,19.5,0,222.2,0.012,81.58,948,3,Web,4,1200,140,450
2025-07-20,Agra,27.1767,78.0081,1,7,6,34.4,0,41.57,0.161,53.34,795,2,Web,8,1300,150,550
2025-01-08,Manali,32.2432,77.1892,0,1,2,9.2,0,567.12,0.245,67.19,794,2,Kiosk,11,1200,140,450
2024-02-14,Varanasi,25.3176,82.9739,0,2,2,22.1,0,312.85,-0.441,54.46,1077,2,App,10,1400,160,500
2025-05-10,Goa,15.2993,74.124,1,5,5,37.3,0,1054.53,0.361,78.21,1971,3,Agent,11,2000,250,800
2024-07-16,Leh,34.1526,77.5771,0,7,1,19.6,0,129.41,0.114,97.78,271,2,Agent,2,600,90,220
2024-04-10,Manali,32.2432,77.1892,0,4,2,19.3,0,1297.79,0.799,77.71,1256,3,Agent,24,1200,140,450
2024-06-29,Leh,34.1526,77.5771,1,6,5,22.4,0,493.9,-0.172,109.33,754,1,Agent,4,600,90,220
2024-06-18,Varanasi,25.3176,82.9739,0,6,1,37.9,1,307.68,-0.595,53.13,1116,2,App,15,1400,160,500
2024-01-30,Manali,32.2432,77.1892,0,1,1,6.4,0,322.8,0.569,82.51,837,3,App,16,1200,140,450
2024-10-09,Manali,32.2432,77.1892,0,10,2,10.0,0,130.62,-0.628,71.78,576,3,Kiosk,3,1200,140,450
2024-07-09,Manali,32.2432,77.1892,0,7,1,23.2,0,1343.81,0.037,74.52,1520,1,Agent,3,1200,140,450
2024-01-13,Manali,32.2432,77.1892,1,1,5,3.8,0,323.73,0.275,78.11,639,2,Kiosk,4,1200,140,450
2025-05-03,Goa,15.2993,74.124,1,5,5,39.7,0,294.46,0.293,84.48,1285,3,Kiosk,5,2000,250,800
2025-03-19,Varanasi,25.3176,82.9739,0,3,2,26.3,0,836.86,0.369,52.19,1328,2,App,4,1400,160,500
2024-04-16,Jaipur,26.9124,75.7873,0,4,1,33.6,0,396.96,-1.0,70.98,1066,3,Kiosk,8,1500,180,600
2025-09-14,Manali,32.2432,77.1892,1,9,6,14.2,1,190.72,-0.617,66.16,357,2,Kiosk,2,1200,140,450
2025-05-12,Kerala,10.8505,76.2711,0,5,0,37.7,0,344.21,-0.028,64.61,991,2,Kiosk,5,1700,220,700
2024-12-15,Varanasi,25.3176,82.9739,1,12,6,16.9,0,898.87,-0.505,55.89,1227,2,App,15,1400,160,500
2025-05-01,Agra,27.1767,78.0081,0,5,3,35.5,0,1566.98,-0.738,64.09,1831,2,Kiosk,9,1300,150,550
2024-08-22,Agra,27.1767,78.0081,0,8,3,31.9,0,249.31,0.226,61.89,705,1,App,7,1300,150,550
2025-06-13,Kerala,10.8505,76.2711,0,6,4,39.8,0,313.81,-0.508,72.95,1140,3,Web,14,1700,220,700
2024-01-06,Kerala,10.8505,76.2711,1,1,5,19.5,0,238.74,0.631,66.02,1106,2,App,24,1700,220,700
2024-02-19,Kerala,10.8505,76.2711,0,2,0,25.3,0,285.83,0.493,73.18,966,2,Kiosk,15,1700,220,700
2025-03-14,Kerala,10.8505,76.2711,0,3,4,29.6,0,308.71,0.546,65.95,1437,2,Kiosk,5,1700,220,700
2024-11-28,Varanasi,25.3176,82.9739,0,11,3,19.2,0,817.67,0.682,48.37,1297,2,Web,8,1400,160,500
2025-09-09,Kerala,10.8505,76.2711,0,9,1,29.1,0,177.39,0.192,72.27,724,1,App,15,1700,220,700
2024-07-01,Goa,15.2993,74.124,0,7,0,38.9,0,345.71,0.571,72.91,924,4,App,4,2000,250,800
2025-02-25,Kerala,10.8505,76.2711,0,2,1,24.5,0,679.4,0.767,63.86,1526,3,Kiosk,14,1700,220,700
2025-08-22,Manali,32.2432,77.1892,0,8,4,18.7,0,203.9,-0.175,73.78,812,2,Web,11,1200,140,450
2024-09-17,Goa,15.2993,74.124,0,9,1,30.6,0,335.87,0.833,81.76,633,3,Agent,14,2000,250,800
2025-04-20,Manali,32.2432,77.1892,1,4,6,18.4,1,217.84,-0.68,84.4,820,2,Agent,6,1200,140,450
2025-08-11,Manali,32.2432,77.1892,0,8,0,19.2,1,250.52,0.358,63.24,735,1,Agent,17,1200,140,450
2024-08-21,Andaman,11.7401,92.6586,0,8,2,34.0,0,435.78,0.687,91.21,444,2,Kiosk,18,900,120,300
2024-11-27,Kerala,10.8505,76.2711,0,11,2,20.8,0,976.11,-0.01,68.14,1457,3,App,10,1700,220,700
2024-08-13,Varanasi,25.3176,82.9739,0,8,1,31.5,0,265.79,0.16,52.81,495,2,Kiosk,1,1400,160,500
2025-04-14,Agra,27.1767,78.0081,0,4,0,32.7,1,325.53,0.716,70.08,932,1,Web,6,1300,150,550
2024-03-26,Kerala,10.8505,76.2711,0,3,1,29.6,0,275.18,0.501,77.36,1476,2,App,12,1700,220,700
2025-04-21,Leh,34.1526,77.5771,0,4,0,14.6,0,9.42,0.765,101.91,320,2,Web,3,600,90,220
2024-09-04,Goa,15.2993,74.124,0,9,2,31.0,0,653.63,0.442,88.8,1098,1,Web,17,2000,250,800
2024-07-02,Kerala,10.8505,76.2711,0,7,1,37.2,0,488.32,-0.156,65.3,1006,2,Web,8,1700,220,700
2025-09-25,Leh,34.1526,77.5771,0,9,3,10.1,0,430.25,0.587,96.04,271,3,App,8,600,90,220
2024-03-17,Goa,15.2993,74.124,1,3,6,29.4,1,591.17,0.319,81.58,1568,3,Agent,4,2000,250,800
2024-03-26,Leh,34.1526,77.5771,0,3,1,10.8,0,316.74,-0.138,96.61,316,2,App,23,600,90,220
2024-08-18,Goa,15.2993,74.124,1,8,6,34.2,0,584.67,0.033,75.34,1492,3,Web,14,2000,250,800
2024-11-11,Manali,32.2432,77.1892,0,11,0,6.9,0,971.28,0.733,78.73,748,2,Agent,25,1200,140,450
2025-07-29,Goa,15.2993,74.124,0,7,1,38.3,0,393.19,0.243,79.49,1127,3,App,29,2000,250,800
2025-02-04,Leh,34.1526,77.5771,0,2,1,4.6,0,154.78,0.072,102.68,417,2,App,37,600,90,220
2024-02-05,Jaipur,26.9124,75.7873,0,2,0,23.9,0,577.44,0.843,64.51,830,3,Kiosk,15,1500,180,600
2025-08-12,Varanasi,25.3176,82.9739,0,8,1,32.9,1,304.69,0.451,51.99,607,2,Web,10,1400,160,500
2024-10-15,Andaman,11.7401,92.6586,0,10,1,22.3,0,108.04,-0.485,90.39,420,2,Kiosk,17,900,120,300
2025-09-21,Leh,34.1526,77.5771,1,9,6,10.1,0,266.54,-0.01,93.39,192,3,Web,18,600,90,220
2024-06-10,Andaman,11.7401,92.6586,0,6,0,37.2,0,102.47,-0.507,97.49,390,3,Web,6,900,120,300
2024-02-15,Leh,34.1526,77.5771,0,2,3,5.3,0,312.66,-0.616,104.54,379,2,Web,2,600,90,220
2025-09-20,Agra,27.1767,78.0081,1,9,5,25.9,0,1045.12,0.393,50.72,874,3,App,7,1300,150,550
2025-04-20,Agra,27.1767,78.0081,1,4,6,32.1,0,735.22,1.0,59.21,1371,2,Kiosk,25,1300,150,550
2025-02-02,Varanasi,25.3176,82.9739,1,2,6,22.9,0,197.03,-0.588,56.24,887,2,App,2,1400,160,500
2024-02-15,Manali,32.2432,77.1892,0,2,3,10.7,0,508.99,0.248,77.6,557,2,Kiosk,5,1200,140,450
2024-02-12,Jaipur,26.9124,75.7873,0,2,0,22.4,0,957.34,0.19,59.77,1287,2,Web,13,1500,180,600
2024-10-17,Andaman,11.7401,92.6586,0,10,3,23.9,0,122.07,0.602,89.82,444,1,App,9,900,120,300
2024-04-05,Kerala,10.8505,76.2711,0,4,4,33.5,0,162.71,0.248,69.6,1133,2,Agent,6,1700,220,700
2024-07-02,Kerala,10.8505,76.2711,0,7,1,38.6,0,613.42,0.711,59.94,987,2,Agent,9,1700,220,700
2024-08-18,Kerala,10.8505,76.2711,1,8,6,33.2,0,668.8,-0.158,69.15,983,2,Kiosk,12,1700,220,700
2024-09-22,Manali,32.2432,77.1892,1,9,6,14.1,0,362.95,0.186,74.39,619,2,App,15,1200,140,450
2024-09-26,Agra,27.1767,78.0081,0,9,3,26.8,0,118.23,-0.377,62.45,470,1,Kiosk,7,1300,150,550
2024-12-07,Kerala,10.8505,76.2711,1,12,5,17.9,0,288.63,-1.0,67.74,1262,2,Web,9,1700,220,700
2024-01-02,Kerala,10.8505,76.2711,0,1,1,20.6,1,306.18,0.316,64.9,1007,2,Kiosk,3,1700,220,700
2024-10-14,Agra,27.1767,78.0081,0,10,0,21.5,0,386.8,1.0,61.5,764,2,Agent,13,1300,150,550
2024-07-27,Agra,27.1767,78.0081,1,7,5,35.9,0,81.39,1.0,64.27,678,3,Web,5,1300,150,550
2025-07-14,Varanasi,25.3176,82.9739,0,7,0,33.6,0,456.45,-0.089,50.82,1052,1,Agent,2,1400,160,500
2025-05-12,Jaipur,26.9124,75.7873,0,5,0,36.9,0,1079.37,0.063,69.0,1341,2,Agent,13,1500,180,600
2024-06-10,Goa,15.2993,74.124,0,6,0,41.2,0,196.85,-0.249,79.31,757,2,Agent,5,2000,250,800
2024-09-12,Leh,34.1526,77.5771,0,9,3,10.1,0,726.41,-0.592,92.07,292,3,Kiosk,14,600,90,220
2024-12-04,Goa,15.2993,74.124,0,12,2,20.2,0,407.1,0.258,83.16,1289,3,Kiosk,2,2000,250,800
2025-07-30,Varanasi,25.3176,82.9739,0,7,2,36.8,0,242.14,-0.476,48.78,837,2,Agent,1,1400,160,500
2025-04-06,Jaipur,26.9124,75.7873,1,4,6,34.0,0,176.02,0.772,66.28,1366,2,App,4,1500,180,600
2024-09-23,Manali,32.2432,77.1892,0,9,0,15.2,1,126.67,-0.278,73.14,297,2,App,25,1200,140,450
2025-03-12,Jaipur,26.9124,75.7873,0,3,2,28.7,0,667.58,-0.075,56.82,1116,3,Agent,20,1500,180,600
2025-05-21,Andaman,11.7401,92.6586,0,5,2,35.9,0,806.28,-0.815,101.99,640,1,App,9,900,120,300
2025-06-23,Kerala,10.8505,76.2711,0,6,0,40.5,0,402.15,0.492,66.41,1088,4,Agent,19,1700,220,700
2024-06-05,Kerala,10.8505,76.2711,0,6,2,40.3,0,335.72,0.323,66.76,1079,2,Kiosk,14,1700,220,700
2024-01-09,Andaman,11.7401,92.6586,0,1,1,18.6,0,686.79,0.286,94.24,551,2,Kiosk,13,900,120,300
2025-04-26,Kerala,10.8505,76.2711,1,4,5,33.9,1,139.73,0.474,72.53,1067,1,Kiosk,13,1700,220,700
2025-09-04,Varanasi,25.3176,82.9739,0,9,3,26.1,0,174.22,0.957,47.42,830,2,App,15,1400,160,500
2025-03-04,Andaman,11.7401,92.6586,0,3,1,29.0,0,728.2,0.105,104.0,629,3,App,12,900,120,300
2024-10-25,Kerala,10.8505,76.2711,0,10,4,24.6,0,374.96,0.069,60.81,880,2,Kiosk,13,1700,220,700
2024-12-14,Jaipur,26.9124,75.7873,1,12,5,17.7,0,258.05,-0.051,69.64,1192,2,Agent,4,1500,180,600
2025-06-03,Goa,15.2993,74.124,0,6,1,39.2,0,22.41,-0.041,83.6,1024,3,App,12,2000,250,800
2024-05-23,Andaman,11.7401,92.6586,0,5,3,36.9,0,122.47,0.109,99.52,452,3,App,7,900,120,300
2024-07-29,Manali,32.2432,77.1892,0,7,0,23.8,0,567.33,0.985,83.02,853,3,App,20,1200,140,450
2024-08-19,Andaman,11.7401,92.6586,0,8,0,33.0,0,434.89,0.124,89.14,459,2,App,19,900,120,300
2025-03-24,Leh,34.1526,77.5771,0,3,0,10.0,0,236.26,0.283,103.73,381,2,App,5,600,90,220
2024-02-14,Varanasi,25.3176,82.9739,0,2,2,22.4,0,64.79,0.21,48.95,754,1,Kiosk,9,1400,160,500
2025-06-05,Andaman,11.7401,92.6586,0,6,3,36.0,0,260.15,-0.623,92.68,376,2,Web,10,900,120,300
2025-03-16,Goa,15.2993,74.124,1,3,6,29.6,0,142.44,0.594,76.6,1586,2,Web,8,2000,250,800
2024-06-25,Jaipur,26.9124,75.7873,0,6,1,39.6,0,39.85,-0.749,59.51,664,2,Web,6,1500,180,600
2025-10-01,Andaman,11.7401,92.6586,0,10,2,24.6,0,1351.21,0.102,88.14,595,3,App,11,900,120,300
2025-03-03,Kerala,10.8505,76.2711,0,3,0,30.1,0,68.19,0.271,75.71,991,2,Web,12,1700,220,700
2025-06-01,Andaman,11.7401,92.6586,1,6,6,37.4,0,104.2,0.161,95.64,395,2,Agent,16,900,120,300
2024-05-24,Manali,32.2432,77.1892,0,5,4,22.4,0,604.46,0.291,77.43,747,2,Agent,5,1200,140,450
2024-01-12,Leh,34.1526,77.5771,0,1,4,1.9,0,490.91,0.224,99.73,493,3,Web,22,600,90,220
2024-06-09,Andaman,11.7401,92.6586,1,6,6,36.8,0,215.29,-0.211,86.71,579,3,Agent,11,900,120,300
2025-07-02,Goa,15.2993,74.124,0,7,2,38.8,0,841.45,-0.528,82.67,1515,2,Agent,28,2000,250,800
2024-03-10,Goa,15.2993,74.124,1,3,6,29.0,0,87.1,-0.234,83.08,1197,2,App,4,2000,250,800
2024-12-29,Goa,15.2993,74.124,1,12,6,19.3,0,355.07,-0.07,85.14,1347,4,Web,8,2000,250,800
2025-08-28,Leh,34.1526,77.5771,0,8,3,14.3,1,538.0,0.278,92.42,368,1,Web,5,600,90,220
2024-02-19,Leh,34.1526,77.5771,0,2,0,5.1,0,116.98,0.364,101.88,235,1,App,16,600,90,220
2025-01-01,Agra,27.1767,78.0081,0,1,2,18.5,0,1057.79,0.01,51.65,1327,2,Kiosk,13,1300,150,550
2025-05-05,Agra,27.1767,78.0081,0,5,0,37.1,0,592.21,-0.336,51.35,714,2,Agent,21,1300,150,550
2025-03-12,Manali,32.2432,77.1892,0,3,2,16.4,0,521.37,0.816,79.06,814,1,Web,2,1200,140,450
2024-04-02,Varanasi,25.3176,82.9739,0,4,1,32.7,0,213.29,0.349,50.13,616,3,Web,12,1400,160,500
2025-05-10,Kerala,10.8505,76.2711,1,5,5,38.9,0,217.47,0.186,68.45,1460,3,Kiosk,10,1700,220,700
2025-07-13,Varanasi,25.3176,82.9739,1,7,6,35.6,0,523.93,-0.296,54.54,967,1,App,11,1400,160,500
2025-09-30,Kerala,10.8505,76.2711,0,9,1,29.2,0,513.79,-0.834,62.85,918,3,App,10,1700,220,700
2025-04-06,Jaipur,26.9124,75.7873,1,4,6,32.9,0,633.83,-0.622,59.22,1526,2,Agent,8,1500,180,600
2024-07-30,Agra,27.1767,78.0081,0,7,1,34.9,0,104.09,0.978,56.93,525,1,Web,4,1300,150,550
2024-04-15,Goa,15.2993,74.124,0,4,0,35.3,0,458.51,0.468,88.22,1397,2,App,5,2000,250,800
2024-03-18,Agra,27.1767,78.0081,0,3,0,28.2,0,658.06,0.443,69.65,962,2,Agent,5,1300,150,550
2025-06-20,Manali,32.2432,77.1892,0,6,4,24.0,0,730.19,0.091,75.25,1236,2,Agent,6,1200,140,450
2024-03-08,Goa,15.2993,74.124,0,3,4,30.9,0,678.25,-0.591,77.33,1694,1,Kiosk,5,2000,250,800
2025-07-15,Kerala,10.8505,76.2711,0,7,1,37.5,0,54.75,-0.137,67.86,700,1,Web,12,1700,220,700
2025-05-05,Andaman,11.7401,92.6586,0,5,0,38.2,0,491.13,0.474,88.61,621,1,Kiosk,28,900,120,300
2025-02-20,Goa,15.2993,74.124,0,2,3,23.9,0,696.13,0.537,80.5,2021,3,Agent,24,2000,250,800
2024-02-03,Varanasi,25.3176,82.9739,1,2,5,22.3,0,517.47,-0.831,50.66,1204,3,Agent,8,1400,160,500
2024-11-27,Varanasi,25.3176,82.9739,0,11,2,19.8,0,220.46,0.259,43.0,490,3,Web,1,1400,160,500
2024-03-09,Goa,15.2993,74.124,1,3,5,31.4,0,530.34,-0.104,70.68,1578,2,Agent,13,2000,250,800
2024-08-18,Manali,32.2432,77.1892,1,8,6,20.3,0,561.77,0.456,81.33,654,2,Agent,7,1200,140,450
2025-08-30,Kerala,10.8505,76.2711,1,8,5,33.9,0,120.77,-0.181,68.32,872,2,App,19,1700,220,700
2025-09-29,Varanasi,25.3176,82.9739,0,9,0,27.2,0,636.95,0.289,41.46,857,1,Kiosk,4,1400,160,500
2025-07-27,Jaipur,26.9124,75.7873,1,7,6,37.1,0,265.28,-0.287,58.71,880,2,Kiosk,3,1500,180,600
2024-03-19,Andaman,11.7401,92.6586,0,3,1,28.6,0,205.41,0.026,91.38,579,2,Web,2,900,120,300
2025-03-03,Manali,32.2432,77.1892,0,3,0,14.2,0,153.31,-0.205,76.55,731,3,App,15,1200,140,450
2025-08-11,Jaipur,26.9124,75.7873,0,8,0,34.0,0,138.91,-0.856,61.62,795,1,Agent,9,1500,180,600
2025-02-04,Jaipur,26.9124,75.7873,0,2,1,22.7,0,343.34,-0.127,66.45,1034,1,Web,1,1500,180,600
2025-01-04,Agra,27.1767,78.0081,1,1,5,18.0,0,548.07,-0.346,60.0,1174,2,App,18,1300,150,550
2025-09-26,Agra,27.1767,78.0081,0,9,4,25.9,0,177.62,-0.074,50.23,611,2,App,23,1300,150,550
2025-02-14,Andaman,11.7401,92.6586,0,2,4,23.7,0,167.18,-0.304,93.16,313,2,Agent,5,900,120,300
2025-01-15,Manali,32.2432,77.1892,0,1,2,7.8,0,328.44,-0.022,77.13,693,2,App,6,1200,140,450
2025-06-04,Kerala,10.8505,76.2711,0,6,2,38.4,0,407.41,0.034,74.27,1505,2,Kiosk,7,1700,220,700
2025-08-29,Varanasi,25.3176,82.9739,0,8,4,31.8,0,738.1,-0.021,46.53,889,2,Kiosk,7,1400,160,500
2025-02-10,Kerala,10.8505,76.2711,0,2,0,23.4,0,228.93,0.287,70.53,979,1,Agent,10,1700,220,700
2024-07-03,Kerala,10.8505,76.2711,0,7,2,37.4,1,107.55,0.736,65.93,639,3,App,3,1700,220,700
2024-06-30,Agra,27.1767,78.0081,1,6,6,37.5,0,676.03,0.098,56.71,1256,3,Web,2,1300,150,550
2025-06-30,Goa,15.2993,74.124,0,6,0,39.8,1,609.47,-0.36,81.85,1497,3,Web,4,2000,250,800
2024-09-17,Jaipur,26.9124,75.7873,0,9,1,27.4,0,64.18,-0.252,59.37,648,3,App,7,1500,180,600
2024-02-14,Goa,15.2993,74.124,0,2,2,25.0,0,260.75,-1.0,82.69,928,2,Web,16,2000,250,800
2024-11-07,Varanasi,25.3176,82.9739,0,11,3,17.0,0,422.58,0.132,51.53,954,3,App,8,1400,160,500
2024-10-03,Agra,27.1767,78.0081,0,10,3,19.7,0,494.1,0.417,50.93,671,3,Kiosk,13,1300,150,550
2025-03-09,Goa,15.2993,74.124,1,3,6,29.9,0,101.0,-0.261,85.92,1553,3,App,1,2000,250,800
2024-10-01,Manali,32.2432,77.1892,0,10,1,9.4,0,669.07,-0.163,74.94,664,3,Kiosk,20,1200,140,450
2024-07-03,Andaman,11.7401,92.6586,0,7,2,38.0,0,746.24,0.078,99.71,518,2,App,6,900,120,300
2024-05-01,Leh,34.1526,77.5771,0,5,2,18.4,0,356.27,0.548,103.68,444,2,App,9,600,90,220
2025-02-10,Jaipur,26.9124,75.7873,0,2,0,22.4,0,153.25,0.26,57.64,971,2,App,9,1500,180,600
2024-01-19,Leh,34.1526,77.5771,0,1,4,2.2,0,108.44,0.35,94.61,285,2,Agent,31,600,90,220
2024-09-04,Jaipur,26.9124,75.7873,0,9,2,29.1,0,131.69,-0.364,66.44,682,2,Agent,7,1500,180,600
2024-01-06,Manali,32.2432,77.1892,1,1,5,5.7,0,382.11,-0.325,70.99,902,2,Web,2,1200,140,450
2025-04-24,Manali,32.2432,77.1892,0,4,3,20.6,0,458.46,0.716,63.26,755,1,Kiosk,4,1200,140,450
2024-06-06,Leh,34.1526,77.5771,0,6,3,20.9,0,205.48,0.123,101.16,394,1,Kiosk,9,600,90,220
2025-02-04,Jaipur,26.9124,75.7873,0,2,1,20.5,0,457.69,-0.847,60.72,1154,3,Kiosk,16,1500,180,600
2024-09-03,Andaman,11.7401,92.6586,0,9,1,28.1,0,73.92,0.057,94.46,244,1,App,6,900,120,300
2024-03-09,Manali,32.2432,77.1892,1,3,5,14.8,0,343.54,0.6,79.72,1022,2,App,7,1200,140,450
2024-08-26,Kerala,10.8505,76.2711,0,8,0,33.7,0,919.81,0.341,68.63,1207,2,Agent,15,1700,220,700
2024-04-12,Andaman,11.7401,92.6586,0,4,4,31.6,0,256.21,0.181,95.22,574,3,Agent,7,900,120,300
2025-03-26,Kerala,10.8505,76.2711,0,3,2,30.6,0,219.62,0.254,59.06,983,2,App,3,1700,220,700
2024-03-29,Leh,34.1526,77.5771,0,3,4,11.3,0,243.79,-0.015,113.25,395,2,App,22,600,90,220
2024-04-01,Leh,34.1526,77.5771,0,4,0,12.6,0,144.36,0.391,106.59,309,1,Agent,44,600,90,220
2025-03-15,Jaipur,26.9124,75.7873,1,3,5,28.2,0,599.74,0.391,66.01,1797,2,Web,4,1500,180,600
2024-01-17,Leh,34.1526,77.5771,0,1,2,0.4,0,536.82,0.127,94.76,443,2,Agent,8,600,90,220
2025-05-09,Andaman,11.7401,92.6586,0,5,4,36.1,0,462.66,-0.215,84.73,496,2,Kiosk,13,900,120,300
2025-01-15,Leh,34.1526,77.5771,0,1,2,2.4,1,890.5,0.521,106.27,525,3,Kiosk,13,600,90,220
2024-04-14,Jaipur,26.9124,75.7873,1,4,6,33.9,0,499.0,0.711,71.71,1457,3,Web,1,1500,180,600
2025-08-28,Andaman,11.7401,92.6586,0,8,3,32.3,1,445.69,-0.13,99.47,320,4,App,31,900,120,300
2024-03-14,Leh,34.1526,77.5771,0,3,3,9.9,0,338.62,1.0,90.34,374,1,App,22,600,90,220
2025-03-04,Andaman,11.7401,92.6586,0,3,1,26.6,0,352.92,0.131,95.02,569,2,Kiosk,8,900,120,300
2024-10-22,Jaipur,26.9124,75.7873,0,10,1,22.7,0,648.91,0.244,59.05,920,2,Kiosk,28,1500,180,600
2024-07-25,Andaman,11.7401,92.6586,0,7,3,37.4,0,433.97,0.322,95.98,466,2,Kiosk,13,900,120,300
2024-07-09,Manali,32.2432,77.1892,0,7,1,25.0,1,339.6,0.543,72.55,819,2,Web,16,1200,140,450
2025-01-21,Jaipur,26.9124,75.7873,0,1,1,19.6,0,131.04,0.084,69.3,796,2,App,8,1500,180,600
2025-07-03,Kerala,10.8505,76.2711,0,7,3,38.3,1,797.87,0.34,68.8,1339,2,Agent,28,1700,220,700
2024-12-08,Varanasi,25.3176,82.9739,1,12,6,15.5,0,65.95,0.264,42.77,716,2,Web,9,1400,160,500
2024-08-29,Andaman,11.7401,92.6586,0,8,3,32.7,0,709.88,0.02,91.69,544,2,App,20,900,120,300
2024-09-22,Varanasi,25.3176,82.9739,1,9,6,27.5,1,547.69,-0.046,41.65,564,1,Web,5,1400,160,500
2025-06-11,Leh,34.1526,77.5771,0,6,2,20.6,0,359.41,-0.85,93.53,446,3,Kiosk,2,600,90,220
2024-07-17,Agra,27.1767,78.0081,0,7,2,36.1,0,421.18,0.382,61.41,909,2,App,10,1300,150,550
2025-04-13,Kerala,10.8505,76.2711,1,4,6,31.7,1,209.95,-0.086,75.15,1709,2,App,28,1700,220,700
2024-07-31,Leh,34.1526,77.5771,0,7,2,19.5,0,368.51,0.015,98.16,319,1,Kiosk,10,600,90,220
2025-06-29,Agra,27.1767,78.0081,1,6,6,36.8,0,272.98,1.0,69.44,1154,1,Agent,6,1300,150,550
2025-06-17,Kerala,10.8505,76.2711,0,6,1,39.4,1,549.0,0.479,67.74,1350,3,Kiosk,29,1700,220,700
2024-09-24,Varanasi,25.3176,82.9739,0,9,1,24.9,0,278.71,1.0,56.84,735,2,Kiosk,6,1400,160,500
2024-10-30,Varanasi,25.3176,82.9739,0,10,2,22.8,0,585.58,0.375,55.09,936,3,App,4,1400,160,500
2024-05-19,Varanasi,25.3176,82.9739,1,5,6,36.0,0,1190.01,-0.272,71.71,1702,2,App,13,1400,160,500
2024-02-06,Varanasi,25.3176,82.9739,0,2,1,22.1,0,70.98,-0.712,53.99,705,2,Agent,9,1400,160,500
2025-04-01,Agra,27.1767,78.0081,0,4,1,32.4,0,525.4,0.363,56.49,1056,2,App,4,1300,150,550
2025-02-09,Manali,32.2432,77.1892,1,2,6,8.6,0,1203.81,0.471,80.46,1257,3,App,6,1200,140,450
2024-05-06,Andaman,11.7401,92.6586,0,5,0,38.2,0,216.48,1.0,89.35,410,2,Agent,5,900,120,300
2024-10-02,Varanasi,25.3176,82.9739,0,10,2,22.2,0,394.94,0.176,51.77,841,2,App,25,1400,160,500
2024-10-28,Agra,27.1767,78.0081,0,10,0,21.5,0,347.71,0.306,55.18,613,3,Kiosk,4,1300,150,550
2025-03-10,Jaipur,26.9124,75.7873,0,3,0,28.9,0,431.04,-0.39,73.65,1313,3,Agent,5,1500,180,600
2024-08-15,Agra,27.1767,78.0081,0,8,3,33.1,0,522.69,0.976,58.61,834,2,Agent,5,1300,150,550
2025-06-29,Goa,15.2993,74.124,1,6,6,38.7,1,446.0,0.062,84.19,1516,2,Agent,15,2000,250,800
2025-03-19,Jaipur,26.9124,75.7873,0,3,2,28.9,0,141.44,-0.698,62.14,973,2,App,7,1500,180,600
2025-08-16,Andaman,11.7401,92.6586,1,8,5,33.6,0,849.51,0.465,82.22,686,2,Web,12,900,120,300
2024-04-13,Manali,32.2432,77.1892,1,4,5,21.6,0,577.6,-0.484,77.67,932,1,Agent,18,1200,140,450
2025-08-07,Agra,27.1767,78.0081,0,8,3,32.5,1,526.33,-0.414,52.32,781,2,Agent,24,1300,150,550
2024-06-01,Manali,32.2432,77.1892,1,6,5,24.9,0,132.37,0.894,74.04,1001,2,Agent,8,1200,140,450
2024-09-25,Agra,27.1767,78.0081,0,9,2,27.8,0,159.55,1.0,57.36,567,2,App,12,1300,150,550
2024-08-14,Agra,27.1767,78.0081,0,8,2,31.9,0,106.0,-0.12,61.56,625,3,Web,1,1300,150,550
2024-07-14,Jaipur,26.9124,75.7873,1,7,6,34.5,0,972.03,1.0,62.62,1683,2,App,6,1500,180,600
2024-05-04,Agra,27.1767,78.0081,1,5,5,34.1,0,694.97,-0.161,53.57,1238,2,Kiosk,7,1300,150,550
2025-08-31,Kerala,10.8505,76.2711,1,8,6,32.7,0,584.91,-0.011,69.82,1401,1,Agent,18,1700,220,700
2024-12-03,Leh,34.1526,77.5771,0,12,1,-0.8,0,571.73,-0.149,94.31,394,3,App,7,600,90,220
2024-05-09,Kerala,10.8505,76.2711,0,5,3,39.3,0,352.24,0.919,69.05,1159,2,Web,22,1700,220,700
2025-05-11,Leh,34.1526,77.5771,1,5,6,19.2,0,777.19,-0.327,113.67,532,2,Kiosk,18,600,90,220
2025-07-09,Varanasi,25.3176,82.9739,0,7,2,37.4,0,126.18,-0.3,60.21,616,3,Agent,15,1400,160,500
2024-06-27,Andaman,11.7401,92.6586,0,6,3,37.7,0,254.17,0.604,91.79,424,3,Agent,8,900,120,300
2024-07-13,Andaman,11.7401,92.6586,1,7,5,35.7,0,1357.84,0.355,88.78,944,2,Kiosk,7,900,120,300
2024-04-21,Manali,32.2432,77.1892,1,4,6,20.7,0,543.46,0.22,79.39,1022,2,Agent,14,1200,140,450
2024-05-16,Leh,34.1526,77.5771,0,5,3,18.5,0,821.78,-0.856,112.16,612,2,Kiosk,14,600,90,220
2025-07-28,Jaipur,26.9124,75.7873,0,7,0,35.9,0,630.98,-0.595,60.71,744,3,Web,2,1500,180,600
2024-03-25,Kerala,10.8505,76.2711,0,3,0,31.4,0,215.28,0.116,71.11,863,1,App,16,1700,220,700
2024-11-09,Manali,32.2432,77.1892,1,11,5,7.6,0,184.97,0.018,67.56,638,3,Kiosk,15,1200,140,450
2025-01-18,Manali,32.2432,77.1892,1,1,5,6.7,0,371.93,-0.276,81.86,596,3,Kiosk,7,1200,140,450
2025-04-03,Varanasi,25.3176,82.9739,0,4,3,33.6,0,660.72,-0.453,59.77,1275,2,Kiosk,3,1400,160,500
2024-06-09,Agra,27.1767,78.0081,1,6,6,34.0,0,393.87,1.0,55.56,1140,3,Web,21,1300,150,550
2024-09-11,Manali,32.2432,77.1892,0,9,2,14.8,0,937.0,0.411,62.99,793,2,Web,4,1200,140,450
2024-01-29,Jaipur,26.9124,75.7873,0,1,0,19.9,0,191.75,-0.783,60.42,842,1,Web,10,1500,180,600
2024-03-20,Varanasi,25.3176,82.9739,0,3,2,24.3,0,143.12,0.341,55.24,1162,3,App,4,1400,160,500
2025-03-05,Varanasi,25.3176,82.9739,0,3,2,28.0,0,471.85,0.291,54.62,1022,2,Web,26,1400,160,500
2025-09-06,Varanasi,25.3176,82.9739,1,9,5,27.4,0,460.79,1.0,46.89,674,4,Agent,20,1400,160,500
2024-11-25,Manali,32.2432,77.1892,0,11,0,5.3,0,233.59,0.151,64.42,638,2,App,3,1200,140,450
2024-02-11,Agra,27.1767,78.0081,1,2,6,21.3,0,355.39,-0.65,53.72,1047,3,Kiosk,9,1300,150,550
2024-10-19,Agra,27.1767,78.0081,1,10,5,21.6,0,164.5,0.07,54.02,763,2,Web,11,1300,150,550
2025-02-28,Agra,27.1767,78.0081,0,2,4,22.9,0,334.65,-0.239,52.98,740,2,Agent,12,1300,150,550
2024-12-20,Varanasi,25.3176,82.9739,0,12,4,17.9,0,1195.2,0.134,42.31,1359,1,App,17,1400,160,500
2024-02-29,Leh,34.1526,77.5771,0,2,3,5.3,0,375.39,-0.163,99.32,286,2,Agent,20,600,90,220
2024-12-01,Varanasi,25.3176,82.9739,1,12,6,15.7,0,222.44,-0.172,60.9,975,2,Web,29,1400,160,500
2024-05-11,Manali,32.2432,77.1892,1,5,5,24.6,0,346.27,-0.161,81.38,978,3,App,1,1200,140,450
2024-06-14,Andaman,11.7401,92.6586,0,6,4,37.1,0,168.83,-0.363,88.68,508,2,Web,3,900,120,300
2025-01-05,Agra,27.1767,78.0081,1,1,6,19.2,0,328.54,0.356,59.14,1033,1,Kiosk,6,1300,150,550
2024-03-27,Leh,34.1526,77.5771,0,3,2,10.0,0,122.03,0.328,107.87,302,2,Kiosk,8,600,90,220
2024-01-15,Andaman,11.7401,92.6586,0,1,0,18.5,0,90.34,0.325,89.86,409,1,App,38,900,120,300
2024-06-27,Kerala,10.8505,76.2711,0,6,3,38.5,0,369.84,0.358,73.13,1096,1,App,14,1700,220,700
2024-12-30,Agra,27.1767,78.0081,0,12,0,15.9,0,1226.55,0.489,64.92,1243,2,Kiosk,4,1300,150,550
2024-10-20,Leh,34.1526,77.5771,1,10,6,5.0,0,168.87,-0.934,97.95,271,1,App,21,600,90,220
2024-11-09,Jaipur,26.9124,75.7873,1,11,5,19.8,0,474.0,-0.095,59.01,1026,1,Kiosk,9,1500,180,600
2025-05-09,Leh,34.1526,77.5771,0,5,4,18.4,0,1064.67,0.353,95.46,541,3,Kiosk,7,600,90,220
2024-12-09,Manali,32.2432,77.1892,0,12,0,6.1,0,264.94,1.0,75.74,553,2,App,18,1200,140,450
2025-08-04,Manali,32.2432,77.1892,0,8,0,20.1,0,143.96,0.381,66.42,668,2,Web,29,1200,140,450
2024-09-24,Kerala,10.8505,76.2711,0,9,1,28.8,0,106.52,0.42,62.63,580,1,App,25,1700,220,700
2025-06-22,Leh,34.1526,77.5771,1,6,6,19.8,0,148.52,-0.377,106.22,374,2,App,7,600,90,220
2025-05-16,Goa,15.2993,74.124,0,5,4,38.5,0,238.86,0.305,83.68,1179,1,App,16,2000,250,800
2024-10-17,Kerala,10.8505,76.2711,0,10,3,23.8,0,84.63,-0.041,58.64,751,3,Web,10,1700,220,700
2025-08-15,Goa,15.2993,74.124,0,8,4,34.7,0,564.02,-0.41,74.33,628,3,Agent,9,2000,250,800
2024-07-14,Kerala,10.8505,76.2711,1,7,6,37.1,0,240.05,0.274,63.74,1347,2,Agent,25,1700,220,700
2025-05-31,Agra,27.1767,78.0081,1,5,5,36.8,0,459.17,0.684,50.01,1394,2,App,12,1300,150,550
2025-09-08,Jaipur,26.9124,75.7873,0,9,0,30.4,0,384.54,0.343,61.14,894,2,App,15,1500,180,600
2024-05-15,Andaman,11.7401,92.6586,0,5,2,36.9,1,423.86,-0.067,90.0,332,2,Web,5,900,120,300
2024-08-22,Agra,27.1767,78.0081,0,8,3,31.6,0,509.49,1.0,65.36,974,1,Agent,18,1300,150,550
2025-09-16,Manali,32.2432,77.1892,0,9,1,13.6,0,255.26,-0.044,67.33,559,2,App,15,1200,140,450
2024-09-15,Goa,15.2993,74.124,1,9,6,31.2,1,271.97,-0.056,73.83,715,2,Agent,22,2000,250,800
2024-03-13,Leh,34.1526,77.5771,0,3,2,11.6,0,155.74,0.342,95.0,307,3,Agent,13,600,90,220
2025-05-31,Varanasi,25.3176,82.9739,1,5,5,34.3,0,681.38,0.064,49.07,1829,3,Web,20,1400,160,500
2025-05-27,Leh,34.1526,77.5771,0,5,1,19.3,0,204.52,-0.002,106.7,366,2,Web,2,600,90,220
2025-09-17,Manali,32.2432,77.1892,0,9,2,14.8,1,268.57,1.0,70.84,334,2,App,14,1200,140,450
2025-06-16,Agra,27.1767,78.0081,0,6,0,37.0,0,182.29,0.003,59.6,685,2,Agent,4,1300,150,550
2025-09-28,Goa,15.2993,74.124,1,9,6,30.2,0,238.87,-1.0,73.08,1292,2,App,6,2000,250,800
2025-04-22,Manali,32.2432,77.1892,0,4,1,21.2,0,197.65,-0.558,75.68,651,4,Kiosk,21,1200,140,450
2025-06-27,Agra,27.1767,78.0081,0,6,4,35.9,1,384.69,-1.0,58.42,888,2,App,18,1300,150,550
2025-01-03,Andaman,11.7401,92.6586,0,1,4,20.6,0,125.0,-0.05,99.36,466,2,Web,8,900,120,300
2025-07-15,Agra,27.1767,78.0081,0,7,1,34.9,0,236.26,-0.336,48.39,662,2,Agent,28,1300,150,550
2025-01-03,Manali,32.2432,77.1892,0,1,4,6.1,0,250.46,-0.05,80.06,891,2,Kiosk,7,1200,140,450
2024-08-22,Goa,15.2993,74.124,0,8,3,35.3,0,351.56,-0.261,80.82,996,2,Agent,7,2000,250,800
2024-05-30,Agra,27.1767,78.0081,0,5,3,35.6,0,281.76,-0.146,57.12,726,1,Agent,14,1300,150,550
2024-04-24,Agra,27.1767,78.0081,0,4,2,32.6,0,328.63,0.219,51.75,788,3,Web,27,1300,150,550
2024-06-11,Goa,15.2993,74.124,0,6,1,41.2,0,484.86,-0.58,94.31,1283,1,Agent,14,2000,250,800
2024-03-25,Jaipur,26.9124,75.7873,0,3,0,26.3,0,773.63,0.4,67.29,1635,2,Web,18,1500,180,600
2024-03-20,Leh,34.1526,77.5771,0,3,2,9.3,0,310.52,0.607,99.86,437,3,Web,1,600,90,220
2025-02-08,Andaman,11.7401,92.6586,1,2,5,22.0,0,468.15,-0.628,97.32,712,3,Web,13,900,120,300
2025-02-05,Manali,32.2432,77.1892,0,2,2,9.1,0,112.16,0.338,72.06,579,2,Kiosk,13,1200,140,450
2025-01-29,Manali,32.2432,77.1892,0,1,2,6.6,0,66.67,-1.0,65.99,641,3,Agent,10,1200,140,450
2024-01-01,Andaman,11.7401,92.6586,0,1,0,18.3,0,463.99,-0.161,86.54,502,2,App,16,900,120,300
2024-08-14,Leh,34.1526,77.5771,0,8,2,15.0,0,341.11,0.627,98.9,338,2,Web,10,600,90,220
2024-04-29,Manali,32.2432,77.1892,0,4,0,20.1,0,586.48,0.345,81.4,786,1,Kiosk,12,1200,140,450
2024-04-28,Agra,27.1767,78.0081,1,4,6,33.3,0,852.76,0.474,49.19,1862,2,App,6,1300,150,550
2024-06-05,Kerala,10.8505,76.2711,0,6,2,38.5,0,553.55,0.805,69.63,1401,2,Kiosk,24,1700,220,700
2025-03-01,Goa,15.2993,74.124,1,3,5,31.6,0,374.72,0.028,82.6,1565,3,Web,13,2000,250,800
2024-06-22,Goa,15.2993,74.124,1,6,5,38.2,0,501.09,1.0,79.68,1778,3,Web,1,2000,250,800
2025-03-20,Agra,27.1767,78.0081,0,3,3,27.3,0,106.78,-0.449,57.1,868,2,App,11,1300,150,550
2024-08-02,Goa,15.2993,74.124,0,8,4,35.2,1,338.13,-0.473,79.45,908,1,Web,8,2000,250,800
2024-03-28,Agra,27.1767,78.0081,0,3,3,27.5,1,224.54,-0.213,53.46,760,2,Kiosk,18,1300,150,550
2025-04-21,Varanasi,25.3176,82.9739,0,4,0,31.4,0,685.25,-0.137,50.73,1349,3,App,6,1400,160,500
2024-08-31,Jaipur,26.9124,75.7873,1,8,5,33.6,0,116.77,0.239,56.55,557,1,Web,7,1500,180,600
2025-01-11,Varanasi,25.3176,82.9739,1,1,5,19.6,0,659.66,0.035,48.35,1555,2,Web,25,1400,160,500
2024-01-12,Kerala,10.8505,76.2711,0,1,4,21.7,0,614.81,0.697,76.23,1613,2,Kiosk,9,1700,220,700
2025-02-10,Goa,15.2993,74.124,0,2,0,24.4,0,234.25,0.233,88.19,1143,3,Agent,8,2000,250,800
2024-04-03,Agra,27.1767,78.0081,0,4,2,30.9,0,458.33,0.753,45.71,1067,3,Agent,19,1300,150,550
2024-12-25,Varanasi,25.3176,82.9739,0,12,2,18.7,0,239.74,-0.732,43.28,1006,3,Kiosk,7,1400,160,500
2024-11-06,Kerala,10.8505,76.2711,0,11,2,20.5,0,566.39,0.057,68.24,1183,3,App,32,1700,220,700
2025-01-27,Goa,15.2993,74.124,0,1,0,22.6,0,8.66,0.078,83.65,1124,1,App,24,2000,250,800
2024-03-31,Andaman,11.7401,92.6586,1,3,6,27.4,0,240.34,-0.568,101.49,717,3,App,9,900,120,300
2024-05-25,Varanasi,25.3176,82.9739,1,5,5,36.1,0,877.46,0.223,51.41,1504,3,Kiosk,18,1400,160,500
2024-05-24,Jaipur,26.9124,75.7873,0,5,4,36.5,0,591.97,-0.846,67.57,1262,3,Web,7,1500,180,600
2025-08-06,Agra,27.1767,78.0081,0,8,2,30.2,0,301.99,0.512,60.33,575,2,Agent,12,1300,150,550
2025-09-22,Andaman,11.7401,92.6586,0,9,0,27.3,0,450.19,0.018,91.92,362,1,Kiosk,17,900,120,300
2024-02-26,Jaipur,26.9124,75.7873,0,2,0,23.0,0,728.37,0.21,63.69,1068,2,App,1,1500,180,600
2024-09-02,Leh,34.1526,77.5771,0,9,0,9.0,1,153.35,-0.203,96.2,223,1,Web,5,600,90,220
2024-06-23,Varanasi,25.3176,82.9739,1,6,6,38.3,0,234.95,-0.139,53.23,885,3,Kiosk,12,1400,160,500
2024-03-08,Manali,32.2432,77.1892,0,3,4,14.5,0,670.91,0.392,80.92,702,2,Agent,8,1200,140,450
2024-08-28,Varanasi,25.3176,82.9739,0,8,2,32.4,0,87.83,-0.317,45.72,548,3,Kiosk,1,1400,160,500
2024-10-19,Goa,15.2993,74.124,1,10,5,26.7,0,492.51,-0.119,85.41,1636,2,Kiosk,1,2000,250,800
2024-02-01,Manali,32.2432,77.1892,0,2,3,9.7,0,352.07,-0.236,75.09,707,2,Kiosk,8,1200,140,450
2024-10-31,Goa,15.2993,74.124,0,10,3,27.0,0,629.12,0.827,83.65,1189,1,Kiosk,11,2000,250,800
2025-07-06,Goa,15.2993,74.124,1,7,6,38.4,0,303.92,-0.552,73.86,1258,2,Kiosk,26,2000,250,800
2025-09-26,Jaipur,26.9124,75.7873,0,9,4,25.9,0,30.25,0.535,58.76,575,4,App,29,1500,180,600
2024-07-06,Andaman,11.7401,92.6586,1,7,5,35.4,0,1875.85,-0.335,103.27,1099,2,Web,7,900,120,300
2024-09-12,Jaipur,26.9124,75.7873,0,9,3,27.4,0,251.45,-0.103,71.6,728,2,Agent,8,1500,180,600
2024-11-16,Varanasi,25.3176,82.9739,1,11,5,18.5,0,987.01,0.286,49.61,1340,3,Agent,22,1400,160,500
2024-01-29,Varanasi,25.3176,82.9739,0,1,0,18.1,0,349.5,-0.432,51.25,918,3,App,6,1400,160,500
2024-01-08,Andaman,11.7401,92.6586,0,1,0,19.5,0,502.75,0.154,97.12,506,2,Agent,27,900,120,300
2025-07-09,Andaman,11.7401,92.6586,0,7,2,37.2,1,177.42,-0.049,89.68,299,3,Agent,7,900,120,300
2024-12-12,Goa,15.2993,74.124,0,12,3,20.7,0,26.58,0.519,78.14,857,3,App,6,2000,250,800
2024-05-13,Goa,15.2993,74.124,0,5,0,37.3,0,738.58,0.284,85.88,1714,2,Web,4,2000,250,800
2024-11-28,Jaipur,26.9124,75.7873,0,11,3,19.6,1,579.04,0.467,65.71,694,1,Kiosk,13,1500,180,600
2024-08-01,Leh,34.1526,77.5771,0,8,3,15.9,0,517.31,0.412,97.57,382,4,Kiosk,9,600,90,220
2025-08-24,Andaman,11.7401,92.6586,1,8,6,32.8,0,150.71,0.1,85.48,486,2,Kiosk,18,900,120,300
2024-03-30,Leh,34.1526,77.5771,1,3,5,10.3,0,267.91,-0.591,101.66,364,2,Web,10,600,90,220
2025-01-13,Leh,34.1526,77.5771,0,1,0,2.1,0,226.03,-0.155,102.65,395,2,Web,17,600,90,220
2024-01-22,Goa,15.2993,74.124,0,1,0,21.3,0,171.01,0.024,83.64,824,1,Agent,7,2000,250,800
2025-09-06,Kerala,10.8505,76.2711,1,9,5,28.1,1,751.19,-0.95,60.97,1223,2,Web,5,1700,220,700
2024-04-17,Varanasi,25.3176,82.9739,0,4,2,32.2,0,181.45,0.827,46.75,720,3,Agent,19,1400,160,500
2025-01-11,Leh,34.1526,77.5771,1,1,5,-0.1,1,473.76,-0.076,82.57,335,2,Agent,2,600,90,220
2024-06-14,Jaipur,26.9124,75.7873,0,6,4,36.3,0,231.27,0.779,61.05,968,1,Web,11,1500,180,600
2025-01-17,Agra,27.1767,78.0081,0,1,4,17.5,0,416.19,0.4,59.16,913,1,Web,17,1300,150,550
2025-08-03,Manali,32.2432,77.1892,1,8,6,20.1,0,747.04,0.192,63.69,906,3,Kiosk,11,1200,140,450
2025-02-17,Jaipur,26.9124,75.7873,0,2,0,22.4,0,167.28,-0.75,62.69,905,3,App,12,1500,180,600
2024-05-30,Leh,34.1526,77.5771,0,5,3,18.4,0,221.71,-0.278,96.98,344,2,Agent,12,600,90,220
2024-02-02,Kerala,10.8505,76.2711,0,2,4,24.1,0,139.51,0.759,65.17,1150,2,Kiosk,8,1700,220,700
2025-04-15,Jaipur,26.9124,75.7873,0,4,1,31.5,1,469.59,0.004,73.72,1094,2,App,18,1500,180,600
2024-01-11,Andaman,11.7401,92.6586,0,1,3,19.5,1,276.22,-0.085,90.88,433,2,App,9,900,120,300
2024-11-29,Manali,32.2432,77.1892,0,11,4,6.6,0,125.19,0.467,76.3,622,2,App,17,1200,140,450
2025-07-04,Agra,27.1767,78.0081,0,7,4,36.1,0,363.16,0.096,57.31,910,1,Kiosk,3,1300,150,550
2024-12-25,Leh,34.1526,77.5771,0,12,2,-0.4,0,115.96,-0.838,97.82,284,2,Web,3,600,90,220
2025-09-16,Manali,32.2432,77.1892,0,9,1,13.3,0,183.02,-0.095,60.71,518,2,Web,18,1200,140,450
2025-04-09,Agra,27.1767,78.0081,0,4,2,30.8,0,414.99,0.603,52.78,1194,2,Kiosk,2,1300,150,550
2025-05-27,Manali,32.2432,77.1892,0,5,1,24.0,0,338.15,-0.286,74.19,825,1,App,19,1200,140,450
2024-03-23,Andaman,11.7401,92.6586,1,3,5,29.0,0,508.15,-0.269,94.09,683,3,Agent,8,900,120,300
2024-09-15,Andaman,11.7401,92.6586,1,9,6,29.6,1,570.61,0.137,88.41,567,2,Agent,15,900,120,300
2024-01-15,Varanasi,25.3176,82.9739,0,1,0,19.1,0,28.79,0.202,57.59,621,1,Agent,9,1400,160,500
2024-11-18,Andaman,11.7401,92.6586,0,11,0,18.6,0,174.88,0.059,91.9,327,1,Web,14,900,120,300
2024-10-14,Leh,34.1526,77.5771,0,10,0,5.6,0,549.08,-0.557,90.14,380,1,Web,1,600,90,220
2024-03-18,Kerala,10.8505,76.2711,0,3,0,28.1,0,430.33,-0.244,59.92,1314,1,Web,10,1700,220,700
2025-04-21,Manali,32.2432,77.1892,0,4,0,19.2,0,197.16,0.041,81.34,701,2,Web,4,1200,140,450
2024-06-18,Andaman,11.7401,92.6586,0,6,1,38.4,1,313.79,-0.122,87.25,468,2,Web,6,900,120,300
2024-06-03,Varanasi,25.3176,82.9739,0,6,0,36.6,0,378.34,-0.192,59.35,975,3,App,11,1400,160,500
2025-09-07,Agra,27.1767,78.0081,1,9,6,26.3,0,213.21,-0.159,57.32,762,1,Agent,19,1300,150,550
2024-12-06,Manali,32.2432,77.1892,0,12,4,4.6,0,845.8,-0.228,75.69,716,3,Web,4,1200,140,450
2025-06-19,Jaipur,26.9124,75.7873,0,6,3,38.0,1,234.43,-0.813,58.39,1030,2,Kiosk,10,1500,180,600
2024-12-14,Goa,15.2993,74.124,1,12,5,19.5,0,423.85,-0.025,80.19,1315,2,App,13,2000,250,800
2025-05-20,Goa,15.2993,74.124,0,5,1,37.6,0,979.29,0.141,84.23,2246,2,Kiosk,5,2000,250,800
2025-09-07,Manali,32.2432,77.1892,1,9,6,13.8,0,265.79,-0.065,68.46,566,4,Kiosk,12,1200,140,450
2025-07-08,Varanasi,25.3176,82.9739,0,7,1,36.1,0,613.63,0.377,54.42,710,1,App,14,1400,160,500
2024-02-17,Andaman,11.7401,92.6586,1,2,5,22.1,0,82.64,0.11,88.16,460,3,Web,13,900,120,300
2025-03-03,Jaipur,26.9124,75.7873,0,3,0,27.0,0,447.11,0.744,63.2,836,2,App,8,1500,180,600
2025-08-19,Manali,32.2432,77.1892,0,8,1,20.0,0,628.64,0.662,68.54,919,3,Web,18,1200,140,450
2024-07-19,Jaipur,26.9124,75.7873,0,7,4,35.8,0,353.14,-0.201,72.99,622,3,Agent,25,1500,180,600
2024-12-09,Kerala,10.8505,76.2711,0,12,0,20.4,0,673.52,0.295,60.94,1476,3,Kiosk,6,1700,220,700
2025-01-16,Andaman,11.7401,92.6586,0,1,3,19.2,0,674.16,0.557,91.33,768,1,App,1,900,120,300
2025-06-23,Jaipur,26.9124,75.7873,0,6,0,38.8,0,551.83,-0.574,63.93,1207,2,Agent,66,1500,180,600
2024-10-18,Manali,32.2432,77.1892,0,10,4,10.5,0,516.11,0.102,83.97,659,1,App,32,1200,140,450
2024-07-25,Varanasi,25.3176,82.9739,0,7,3,35.4,0,439.06,-0.405,47.94,932,2,Agent,15,1400,160,500
2024-05-30,Kerala,10.8505,76.2711,0,5,3,37.1,0,461.23,0.224,69.86,1207,2,App,12,1700,220,700
2025-09-20,Manali,32.2432,77.1892,1,9,5,14.3,0,450.16,-0.441,64.94,593,2,Agent,19,1200,140,450
2025-08-24,Goa,15.2993,74.124,1,8,6,35.4,0,183.32,0.54,77.39,938,3,Web,9,2000,250,800
2024-04-27,Goa,15.2993,74.124,1,4,5,36.0,0,1290.01,0.061,81.91,2861,3,Agent,4,2000,250,800
2025-06-26,Agra,27.1767,78.0081,0,6,3,36.3,0,611.45,-0.61,55.11,969,2,Agent,1,1300,150,550
2024-04-16,Kerala,10.8505,76.2711,0,4,1,34.6,0,722.77,-0.003,67.46,1162,2,Agent,9,1700,220,700
2025-08-11,Jaipur,26.9124,75.7873,0,8,0,35.5,0,263.01,0.694,62.94,582,3,Web,25,1500,180,600
2025-03-17,Goa,15.2993,74.124,0,3,0,29.7,0,480.17,0.446,88.69,1120,2,Kiosk,11,2000,250,800
2024-09-05,Leh,34.1526,77.5771,0,9,3,10.1,0,541.29,-0.035,91.58,263,2,App,13,600,90,220
2025-03-19,Agra,27.1767,78.0081,0,3,2,26.3,0,421.33,-0.101,55.93,1272,2,App,3,1300,150,550
2025-08-23,Agra,27.1767,78.0081,1,8,5,32.8,0,82.98,-0.16,49.2,704,1,Web,34,1300,150,550
2024-12-08,Jaipur,26.9124,75.7873,1,12,6,18.0,0,334.65,0.54,70.74,1133,2,Web,17,1500,180,600
2024-06-04,Agra,27.1767,78.0081,0,6,1,36.0,1,602.92,0.43,58.21,744,3,Agent,2,1300,150,550
2025-01-21,Agra,27.1767,78.0081,0,1,1,18.9,0,63.9,-0.134,59.16,704,2,Agent,1,1300,150,550
2025-02-06,Andaman,11.7401,92.6586,0,2,3,24.3,0,54.58,-0.443,91.97,419,2,Kiosk,33,900,120,300
2025-04-30,Goa,15.2993,74.124,0,4,2,35.1,0,814.42,-0.463,87.72,1267,3,Agent,6,2000,250,800
2025-06-13,Varanasi,25.3176,82.9739,0,6,4,36.6,0,332.07,0.258,59.38,803,1,Kiosk,2,1400,160,500
2024-02-22,Agra,27.1767,78.0081,0,2,3,23.2,0,467.44,-0.854,61.65,495,1,App,9,1300,150,550
2025-04-10,Varanasi,25.3176,82.9739,0,4,3,32.0,0,443.3,0.132,60.87,1045,1,Web,34,1400,160,500
2025-05-31,Agra,27.1767,78.0081,1,5,5,35.3,0,471.82,0.753,51.7,1187,3,Kiosk,10,1300,150,550
2025-08-24,Manali,32.2432,77.1892,1,8,6,20.3,0,99.4,0.092,66.36,651,2,App,14,1200,140,450
2024-08-09,Agra,27.1767,78.0081,0,8,4,30.7,0,80.97,-0.274,63.4,540,4,Web,1,1300,150,550
2025-09-05,Agra,27.1767,78.0081,0,9,4,28.9,0,65.95,0.301,51.81,602,3,App,2,1300,150,550
2024-08-11,Jaipur,26.9124,75.7873,1,8,6,31.3,0,504.26,0.731,51.8,1123,3,Kiosk,12,1500,180,600
2025-07-24,Varanasi,25.3176,82.9739,0,7,3,36.5,0,212.96,-0.298,47.06,549,2,Kiosk,13,1400,160,500
2025-05-30,Kerala,10.8505,76.2711,0,5,4,37.6,0,151.54,0.519,66.8,1195,1,Web,19,1700,220,700
2025-03-29,Goa,15.2993,74.124,1,3,5,31.0,0,223.24,-0.358,88.04,1436,2,App,5,2000,250,800
2024-09-05,Kerala,10.8505,76.2711,0,9,3,29.5,0,280.47,-0.44,61.89,607,2,Kiosk,3,1700,220,700
2024-03-03,Jaipur,26.9124,75.7873,1,3,6,26.2,0,697.36,-0.785,64.88,1225,2,Agent,10,1500,180,600
2024-01-01,Kerala,10.8505,76.2711,0,1,0,19.5,0,558.87,0.409,63.9,1726,2,Web,12,1700,220,700
2025-05-05,Varanasi,25.3176,82.9739,0,5,0,34.7,0,594.61,-0.811,48.4,1282,2,Agent,6,1400,160,500
2024-12-30,Kerala,10.8505,76.2711,0,12,0,19.3,0,439.44,-0.05,71.2,1237,2,Web,1,1700,220,700
2024-04-30,Jaipur,26.9124,75.7873,0,4,1,33.4,0,270.71,-0.961,69.59,737,1,App,10,1500,180,600
2024-03-20,Agra,27.1767,78.0081,0,3,2,26.8,0,49.42,1.0,60.01,975,2,Kiosk,32,1300,150,550
2025-03-20,Manali,32.2432,77.1892,0,3,3,14.7,0,302.17,0.533,74.49,883,2,Agent,15,1200,140,450
2024-04-10,Kerala,10.8505,76.2711,0,4,2,34.1,0,118.68,-0.569,70.66,1078,4,App,13,1700,220,700
2024-02-14,Leh,34.1526,77.5771,0,2,2,5.4,0,283.91,-0.357,101.85,368,3,Agent,13,600,90,220
2025-08-31,Goa,15.2993,74.124,1,8,6,34.9,0,475.14,-0.281,87.51,1339,3,Kiosk,33,2000,250,800
2024-04-26,Jaipur,26.9124,75.7873,0,4,4,32.9,0,297.31,0.135,59.24,1288,2,Web,14,1500,180,600
2025-07-21,Manali,32.2432,77.1892,0,7,0,23.1,0,287.22,-0.707,63.13,970,1,Kiosk,3,1200,140,450
2025-04-25,Manali,32.2432,77.1892,0,4,4,20.2,0,352.57,0.029,80.5,818,3,Kiosk,7,1200,140,450
2024-11-27,Kerala,10.8505,76.2711,0,11,2,19.1,0,207.33,0.018,68.51,1082,2,Web,3,1700,220,700
2024-08-23,Goa,15.2993,74.124,0,8,4,36.4,1,503.25,-0.016,73.12,935,2,Kiosk,8,2000,250,800
2024-07-12,Kerala,10.8505,76.2711,0,7,4,36.6,0,1025.79,0.485,68.45,1745,1,Kiosk,14,1700,220,700
2024-12-18,Varanasi,25.3176,82.9739,0,12,2,15.5,0,312.9,-0.251,47.69,887,2,App,2,1400,160,500
2025-01-25,Kerala,10.8505,76.2711,1,1,5,20.9,0,598.11,0.025,76.83,1451,3,Web,18,1700,220,700
2024-10-31,Manali,32.2432,77.1892,0,10,3,9.7,0,1037.42,0.808,78.12,1189,3,App,7,1200,140,450
2025-01-22,Goa,15.2993,74.124,0,1,2,20.8,0,542.9,0.329,75.64,1466,2,Agent,39,2000,250,800
2025-07-21,Jaipur,26.9124,75.7873,0,7,0,36.3,1,364.67,0.074,56.47,778,2,Kiosk,1,1500,180,600
2024-08-07,Leh,34.1526,77.5771,0,8,2,15.3,1,387.64,-0.905,100.47,351,2,Agent,5,600,90,220
2025-09-08,Agra,27.1767,78.0081,0,9,0,26.0,0,448.25,-0.371,60.91,577,2,Agent,10,1300,150,550
2024-10-13,Manali,32.2432,77.1892,1,10,6,11.0,0,530.08,0.255,74.54,843,2,Kiosk,4,1200,140,450
2024-10-29,Agra,27.1767,78.0081,0,10,1,22.7,0,632.41,0.045,53.31,945,1,Agent,37,1300,150,550
2024-02-25,Leh,34.1526,77.5771,1,2,6,5.2,0,192.1,-0.256,99.67,410,3,Kiosk,2,600,90,220
2025-07-07,Kerala,10.8505,76.2711,0,7,0,36.5,0,171.4,-0.068,63.92,862,1,App,2,1700,220,700
2025-05-14,Goa,15.2993,74.124,0,5,2,38.2,0,1280.45,0.343,89.13,1967,3,Kiosk,11,2000,250,800
2024-04-01,Leh,34.1526,77.5771,0,4,0,14.4,0,807.81,0.221,95.0,597,3,Web,28,600,90,220
2024-08-24,Leh,34.1526,77.5771,1,8,5,14.6,1,1108.75,0.037,96.66,663,2,Kiosk,3,600,90,220
2025-05-12,Kerala,10.8505,76.2711,0,5,0,37.3,0,532.32,-0.417,57.91,951,1,Kiosk,8,1700,220,700
2024-12-19,Agra,27.1767,78.0081,0,12,3,17.8,0,665.52,0.489,52.14,665,2,App,8,1300,150,550
2024-02-07,Jaipur,26.9124,75.7873,0,2,2,22.0,0,674.69,0.311,60.88,1598,2,Web,1,1500,180,600
2024-10-28,Varanasi,25.3176,82.9739,0,10,0,21.0,0,316.27,0.036,45.71,974,4,Kiosk,20,1400,160,500
2024-11-07,Varanasi,25.3176,82.9739,0,11,3,17.2,0,483.6,-0.09,51.95,695,2,App,5,1400,160,500
2025-05-09,Leh,34.1526,77.5771,0,5,4,18.8,0,131.79,0.14,101.03,323,1,App,2,600,90,220
2024-08-14,Goa,15.2993,74.124,0,8,2,35.5,0,320.03,0.544,89.49,1023,2,Web,18,2000,250,800
2025-08-12,Jaipur,26.9124,75.7873,0,8,1,32.8,0,93.26,0.442,64.78,848,2,Agent,4,1500,180,600
2024-03-03,Jaipur,26.9124,75.7873,1,3,6,26.5,0,316.49,0.813,67.7,1151,2,App,5,1500,180,600
2025-07-13,Agra,27.1767,78.0081,1,7,6,34.6,0,411.73,0.499,57.11,977,4,Web,19,1300,150,550
2024-03-10,Goa,15.2993,74.124,1,3,6,29.7,0,151.87,-0.579,84.96,1462,2,App,1,2000,250,800
2025-02-10,Jaipur,26.9124,75.7873,0,2,0,21.7,0,151.31,0.471,61.91,946,1,Web,30,1500,180,600
2025-07-06,Kerala,10.8505,76.2711,1,7,6,38.5,0,399.88,-0.446,70.1,1117,1,Kiosk,27,1700,220,700
2025-07-31,Andaman,11.7401,92.6586,0,7,3,36.2,1,323.23,-1.0,91.34,298,3,Web,17,900,120,300
2024-02-02,Manali,32.2432,77.1892,0,2,4,11.4,0,125.77,-0.474,73.64,609,2,App,5,1200,140,450
2024-06-29,Varanasi,25.3176,82.9739,1,6,5,37.8,1,541.73,0.556,60.71,1294,1,Agent,19,1400,160,500
2025-01-06,Kerala,10.8505,76.2711,0,1,0,20.1,1,502.39,0.272,68.45,1074,2,Agent,7,1700,220,700
2024-01-30,Andaman,11.7401,92.6586,0,1,1,19.2,0,186.73,0.029,89.69,406,4,Kiosk,2,900,120,300
2024-03-17,Kerala,10.8505,76.2711,1,3,6,28.8,0,334.61,-0.154,64.63,1407,2,Agent,12,1700,220,700
2024-12-22,Leh,34.1526,77.5771,1,12,6,0.5,0,90.27,0.425,98.64,276,1,Web,25,600,90,220
2024-01-01,Andaman,11.7401,92.6586,0,1,0,19.3,0,250.47,0.678,92.57,303,3,Web,4,900,120,300
2024-08-17,Varanasi,25.3176,82.9739,1,8,5,31.3,0,70.4,-0.187,56.31,713,2,Agent,19,1400,160,500
2024-01-03,Goa,15.2993,74.124,0,1,2,20.9,0,92.79,0.186,79.54,775,3,Web,3,2000,250,800
2024-12-07,Kerala,10.8505,76.2711,1,12,5,16.1,0,521.85,-0.06,68.13,1345,3,Kiosk,15,1700,220,700
2024-11-25,Kerala,10.8505,76.2711,0,11,0,20.7,0,125.6,0.024,79.08,878,2,Agent,18,1700,220,700
2024-04-29,Varanasi,25.3176,82.9739,0,4,0,31.5,0,375.93,-0.491,51.33,841,1,Kiosk,4,1400,160,500
2025-03-13,Kerala,10.8505,76.2711,0,3,3,29.5,0,290.41,0.692,81.43,1368,2,Agent,2,1700,220,700
2024-02-22,Jaipur,26.9124,75.7873,0,2,3,23.1,1,651.04,-1.0,62.08,1100,2,App,2,1500,180,600
2024-05-16,Varanasi,25.3176,82.9739,0,5,3,36.3,0,235.19,0.2,59.59,1005,2,Kiosk,2,1400,160,500
2025-09-23,Jaipur,26.9124,75.7873,0,9,1,26.3,0,278.79,0.843,58.59,393,4,Agent,12,1500,180,600
2024-10-22,Agra,27.1767,78.0081,0,10,1,23.4,0,1414.26,0.512,56.41,1142,2,Agent,4,1300,150,550
2024-11-19,Andaman,11.7401,92.6586,0,11,1,20.2,0,298.58,0.464,96.76,431,2,Kiosk,3,900,120,300
2025-05-10,Varanasi,25.3176,82.9739,1,5,5,36.5,0,220.94,-0.27,49.24,1083,3,Web,15,1400,160,500
2025-09-19,Varanasi,25.3176,82.9739,0,9,4,26.9,1,165.99,0.311,44.57,673,2,Agent,15,1400,160,500
2025-09-16,Jaipur,26.9124,75.7873,0,9,1,28.9,0,174.0,0.212,60.0,598,3,Kiosk,21,1500,180,600
2025-08-05,Manali,32.2432,77.1892,0,8,1,19.7,0,156.84,-0.141,67.37,749,2,Web,15,1200,140,450
2024-11-29,Goa,15.2993,74.124,0,11,4,21.1,0,237.32,0.304,82.17,1150,2,Agent,9,2000,250,800
2024-01-17,Andaman,11.7401,92.6586,0,1,2,19.7,0,749.65,0.223,94.37,495,2,Agent,15,900,120,300
2024-01-03,Varanasi,25.3176,82.9739,0,1,2,19.2,0,344.23,0.239,49.54,829,2,App,13,1400,160,500
2024-12-25,Goa,15.2993,74.124,0,12,2,19.8,0,101.44,0.076,79.52,882,1,Web,8,2000,250,800
2024-01-30,Kerala,10.8505,76.2711,0,1,1,20.3,0,115.82,0.534,59.52,962,2,Agent,18,1700,220,700
2024-08-17,Agra,27.1767,78.0081,1,8,5,32.7,0,305.05,0.42,56.76,790,3,Kiosk,2,1300,150,550
2024-11-29,Varanasi,25.3176,82.9739,0,11,4,18.4,0,693.75,0.301,53.3,723,1,App,18,1400,160,500
2024-07-10,Kerala,10.8505,76.2711,0,7,2,37.3,1,484.72,0.606,68.84,992,2,Kiosk,12,1700,220,700
2024-07-11,Manali,32.2432,77.1892,0,7,3,22.7,0,486.37,0.305,83.08,889,1,App,18,1200,140,450
2024-04-17,Goa,15.2993,74.124,0,4,2,36.4,0,636.09,0.201,82.98,1400,2,App,18,2000,250,800
2024-08-27,Goa,15.2993,74.124,0,8,1,33.2,0,569.13,0.579,76.21,1453,3,Agent,5,2000,250,800
2024-08-06,Andaman,11.7401,92.6586,0,8,1,34.0,0,378.45,-0.188,99.83,334,3,App,16,900,120,300
2024-05-29,Varanasi,25.3176,82.9739,0,5,2,35.5,0,386.5,-0.682,60.07,1040,2,Web,7,1400,160,500
2024-08-26,Agra,27.1767,78.0081,0,8,0,32.5,0,262.49,-0.161,60.62,734,1,Agent,7,1300,150,550
2025-03-04,Kerala,10.8505,76.2711,0,3,1,27.8,0,231.63,0.272,84.68,829,3,Web,6,1700,220,700
2025-01-11,Varanasi,25.3176,82.9739,1,1,5,18.2,0,30.79,0.117,48.7,981,1,Kiosk,15,1400,160,500
2025-04-03,Kerala,10.8505,76.2711,0,4,3,34.3,0,608.94,1.0,74.16,1625,2,Web,10,1700,220,700
2025-02-15,Goa,15.2993,74.124,1,2,5,26.8,0,546.27,0.407,74.43,1306,3,Web,7,2000,250,800
2025-03-24,Kerala,10.8505,76.2711,0,3,0,28.9,0,675.68,0.449,70.44,1532,2,Kiosk,19,1700,220,700
2024-03-26,Jaipur,26.9124,75.7873,0,3,1,29.9,0,118.17,0.989,74.12,841,1,App,13,1500,180,600
2024-01-06,Kerala,10.8505,76.2711,1,1,5,20.6,0,458.96,0.142,70.09,1189,1,Agent,10,1700,220,700
2024-09-30,Agra,27.1767,78.0081,0,9,0,26.9,0,1083.86,-0.43,48.57,1105,4,Agent,5,1300,150,550
2025-05-02,Goa,15.2993,74.124,0,5,4,38.6,1,925.34,0.007,79.46,1720,2,App,13,2000,250,800
2024-02-22,Varanasi,25.3176,82.9739,0,2,3,23.1,0,436.28,0.371,53.64,1033,1,Kiosk,9,1400,160,500
2025-05-29,Leh,34.1526,77.5771,0,5,3,18.1,0,1344.47,0.678,94.14,470,2,Web,6,600,90,220
2025-04-21,Kerala,10.8505,76.2711,0,4,0,33.4,0,441.84,-0.085,72.01,1308,2,App,14,1700,220,700
2025-09-05,Goa,15.2993,74.124,0,9,4,30.9,0,442.76,-0.077,81.31,1145,2,App,15,2000,250,800
2025-08-06,Goa,15.2993,74.124,0,8,2,37.2,0,312.94,0.138,67.61,805,1,Kiosk,17,2000,250,800
2024-09-08,Kerala,10.8505,76.2711,1,9,6,29.2,0,102.01,0.263,71.85,835,2,Web,1,1700,220,700
2025-03-10,Kerala,10.8505,76.2711,0,3,0,27.9,0,637.5,-0.371,67.05,1630,2,App,34,1700,220,700
2024-07-07,Jaipur,26.9124,75.7873,1,7,6,36.9,0,88.59,-0.123,57.24,934,2,App,10,1500,180,600
2024-10-18,Manali,32.2432,77.1892,0,10,4,9.9,0,143.4,0.449,73.67,507,1,Web,15,1200,140,450
2024-12-18,Agra,27.1767,78.0081,0,12,2,17.7,0,524.52,0.474,40.63,882,1,Web,17,1300,150,550
2025-09-18,Agra,27.1767,78.0081,0,9,3,26.3,0,283.0,0.118,51.04,590,2,Web,2,1300,150,550
2024-10-08,Andaman,11.7401,92.6586,0,10,1,23.7,1,395.61,0.298,85.09,258,2,App,5,900,120,300
2024-06-18,Andaman,11.7401,92.6586,0,6,1,37.3,0,910.28,-0.986,101.97,761,3,App,1,900,120,300
2024-09-18,Leh,34.1526,77.5771,0,9,2,9.8,0,70.58,-0.006,100.46,253,3,App,19,600,90,220
2025-03-14,Agra,27.1767,78.0081,0,3,4,27.7,0,305.24,-0.278,70.16,798,2,Kiosk,8,1300,150,550
2025-02-23,Leh,34.1526,77.5771,1,2,6,4.5,1,812.7,0.636,101.83,391,2,App,33,600,90,220
2025-08-14,Leh,34.1526,77.5771,0,8,3,15.8,0,448.36,0.191,98.01,357,3,Web,5,600,90,220
2024-10-23,Manali,32.2432,77.1892,0,10,2,10.3,0,205.24,-0.148,74.66,485,2,App,8,1200,140,450
2024-09-17,Andaman,11.7401,92.6586,0,9,1,27.5,0,447.27,0.222,93.38,359,3,Web,13,900,120,300
2025-02-15,Goa,15.2993,74.124,1,2,5,25.2,0,234.39,0.043,86.44,991,3,App,17,2000,250,800
2025-06-04,Varanasi,25.3176,82.9739,0,6,2,36.8,0,534.46,0.39,52.94,868,2,Agent,4,1400,160,500
2024-03-06,Goa,15.2993,74.124,0,3,2,29.5,0,617.57,0.772,80.53,1269,2,Agent,6,2000,250,800
2025-06-16,Agra,27.1767,78.0081,0,6,0,36.5,0,226.62,0.939,54.05,724,2,Agent,5,1300,150,550
2024-09-15,Andaman,11.7401,92.6586,1,9,6,27.8,0,630.26,0.47,89.38,536,2,Web,1,900,120,300
2025-05-06,Jaipur,26.9124,75.7873,0,5,1,37.7,0,816.72,0.135,63.86,1354,2,App,1,1500,180,600
2024-03-18,Kerala,10.8505,76.2711,0,3,0,29.3,0,528.25,0.148,70.11,1616,2,Agent,5,1700,220,700
2025-02-09,Manali,32.2432,77.1892,1,2,6,9.8,1,377.3,-0.34,75.29,961,2,Web,19,1200,140,450
2024-05-19,Kerala,10.8505,76.2711,1,5,6,38.0,0,1413.41,-0.364,71.35,2425,3,Agent,2,1700,220,700
2024-03-05,Manali,32.2432,77.1892,0,3,1,14.2,0,776.92,0.177,80.48,957,1,Kiosk,3,1200,140,450
2024-01-11,Varanasi,25.3176,82.9739,0,1,3,17.7,0,205.77,-0.982,49.87,959,2,Web,10,1400,160,500
2025-09-24,Agra,27.1767,78.0081,0,9,2,26.5,1,603.93,-0.242,46.53,602,3,Kiosk,22,1300,150,550
2025-02-21,Leh,34.1526,77.5771,0,2,4,4.0,0,212.82,0.351,100.66,344,1,App,4,600,90,220
2024-02-01,Goa,15.2993,74.124,0,2,3,24.4,0,563.02,-0.556,80.07,1565,3,Kiosk,6,2000,250,800
2024-02-01,Manali,32.2432,77.1892,0,2,3,9.2,0,417.91,-0.608,70.34,803,2,Agent,25,1200,140,450
2024-09-22,Manali,32.2432,77.1892,1,9,6,15.5,0,488.99,1.0,69.09,583,2,Kiosk,1,1200,140,450
2024-03-07,Jaipur,26.9124,75.7873,0,3,3,30.1,0,86.83,-0.399,70.18,716,3,Web,5,1500,180,600
2024-07-22,Kerala,10.8505,76.2711,0,7,0,38.9,0,322.07,0.702,54.39,1136,2,App,6,1700,220,700
2025-05-20,Goa,15.2993,74.124,0,5,1,40.0,0,464.3,-0.47,93.56,1687,2,App,3,2000,250,800
2024-05-01,Jaipur,26.9124,75.7873,0,5,2,35.2,0,722.31,0.909,70.39,1405,2,Web,7,1500,180,600
2024-11-17,Varanasi,25.3176,82.9739,1,11,6,19.1,1,378.14,0.272,38.78,949,1,Web,29,1400,160,500
2025-04-27,Goa,15.2993,74.124,1,4,6,36.5,0,283.28,0.68,91.39,1617,2,App,18,2000,250,800
2024-03-22,Goa,15.2993,74.124,0,3,4,30.7,0,243.8,-0.731,93.28,1149,2,Web,38,2000,250,800
2024-05-13,Goa,15.2993,74.124,0,5,0,36.9,0,946.75,-0.577,80.18,1978,2,App,17,2000,250,800
2025-09-15,Goa,15.2993,74.124,0,9,0,29.9,0,750.98,0.403,88.52,1009,3,App,8,2000,250,800
2025-03-19,Varanasi,25.3176,82.9739,0,3,2,28.0,0,91.83,0.979,50.26,815,2,Web,26,1400,160,500
2024-02-20,Jaipur,26.9124,75.7873,0,2,1,24.0,0,342.23,-0.123,62.31,979,2,Kiosk,8,1500,180,600
2024-05-22,Jaipur,26.9124,75.7873,0,5,2,37.2,0,957.15,-0.627,62.56,1544,2,Web,6,1500,180,600
2025-05-17,Manali,32.2432,77.1892,1,5,5,22.4,0,72.76,-0.044,70.9,816,2,Web,18,1200,140,450
2024-04-30,Jaipur,26.9124,75.7873,0,4,1,33.8,0,540.16,-0.133,66.85,1229,2,App,9,1500,180,600
2025-04-15,Goa,15.2993,74.124,0,4,1,35.2,0,987.95,0.516,83.61,1648,1,App,17,2000,250,800
2025-02-04,Andaman,11.7401,92.6586,0,2,1,21.6,0,356.17,-0.453,98.1,456,2,Kiosk,1,900,120,300
2025-02-27,Jaipur,26.9124,75.7873,0,2,3,23.2,0,218.17,-0.191,66.48,1155,2,Web,5,1500,180,600
2024-05-04,Jaipur,26.9124,75.7873,1,5,5,36.6,0,282.14,-0.056,67.45,1086,2,Web,10,1500,180,600
2024-05-04,Andaman,11.7401,92.6586,1,5,5,36.3,0,514.53,0.921,86.33,808,2,Agent,6,900,120,300
2024-01-23,Varanasi,25.3176,82.9739,0,1,1,17.5,0,355.83,0.24,59.73,971,3,Kiosk,9,1400,160,500
2025-01-23,Andaman,11.7401,92.6586,0,1,3,18.5,0,511.49,0.481,98.94,490,2,App,24,900,120,300
2024-08-13,Varanasi,25.3176,82.9739,0,8,1,32.6,0,246.81,0.735,35.19,600,2,Agent,11,1400,160,500
2025-07-17,Andaman,11.7401,92.6586,0,7,3,36.7,0,1104.23,0.09,97.99,576,3,App,2,900,120,300
2024-12-18,Varanasi,25.3176,82.9739,0,12,2,16.2,0,732.6,0.117,48.68,809,2,Agent,14,1400,160,500
2025-04-17,Leh,34.1526,77.5771,0,4,3,14.1,0,511.61,0.369,100.61,527,2,Agent,22,600,90,220
2024-01-17,Goa,15.2993,74.124,0,1,2,22.5,0,184.35,0.242,78.42,1222,2,Kiosk,10,2000,250,800
2025-03-01,Goa,15.2993,74.124,1,3,5,28.2,0,317.1,-0.111,80.07,1681,2,Kiosk,17,2000,250,800
2025-04-25,Jaipur,26.9124,75.7873,0,4,4,33.9,0,1130.31,0.568,66.66,1560,3,Agent,7,1500,180,600
2025-01-10,Leh,34.1526,77.5771,0,1,4,0.6,0,418.15,0.138,106.01,446,3,App,10,600,90,220
2025-09-19,Manali,32.2432,77.1892,0,9,4,15.1,0,201.61,-0.422,66.57,362,2,App,27,1200,140,450
2024-10-26,Andaman,11.7401,92.6586,1,10,5,22.8,0,1017.07,-0.397,84.9,660,1,Web,26,900,120,300
2025-03-18,Agra,27.1767,78.0081,0,3,1,27.1,0,803.78,-0.304,59.98,1226,3,App,14,1300,150,550
2025-03-17,Manali,32.2432,77.1892,0,3,0,16.3,0,99.99,1.0,76.42,652,1,Agent,7,1200,140,450
2024-01-01,Goa,15.2993,74.124,0,1,0,20.7,0,373.52,0.762,72.62,1263,2,App,9,2000,250,800
2025-06-08,Varanasi,25.3176,82.9739,1,6,6,36.2,0,668.7,0.253,52.75,1456,3,Kiosk,11,1400,160,500
2024-02-15,Jaipur,26.9124,75.7873,0,2,3,25.0,0,583.46,0.07,66.55,1262,2,Kiosk,13,1500,180,600
2024-10-04,Kerala,10.8505,76.2711,0,10,4,24.6,0,689.99,-0.197,64.13,1012,3,Kiosk,26,1700,220,700
2024-06-23,Varanasi,25.3176,82.9739,1,6,6,37.2,1,173.0,0.13,50.56,929,2,Agent,4,1400,160,500
2025-04-20,Kerala,10.8505,76.2711,1,4,6,33.6,0,102.64,-0.075,69.81,1385,1,Agent,17,1700,220,700
2025-04-11,Manali,32.2432,77.1892,0,4,4,21.1,0,1135.89,0.098,75.53,1227,2,Web,24,1200,140,450
2024-09-28,Leh,34.1526,77.5771,1,9,5,9.7,1,35.08,-0.422,102.16,195,2,Web,21,600,90,220
2024-12-28,Jaipur,26.9124,75.7873,1,12,5,18.5,0,258.41,0.162,55.73,864,2,App,9,1500,180,600
2024-09-07,Leh,34.1526,77.5771,1,9,5,10.5,0,827.12,0.06,108.62,405,3,App,17,600,90,220
2025-02-07,Varanasi,25.3176,82.9739,0,2,4,22.0,0,100.14,0.314,52.36,610,2,Agent,11,1400,160,500
2025-05-06,Jaipur,26.9124,75.7873,0,5,1,35.9,0,897.46,-0.863,66.86,1356,4,Kiosk,7,1500,180,600
2025-08-24,Agra,27.1767,78.0081,1,8,6,30.3,0,266.52,0.391,54.34,617,3,App,18,1300,150,550
2025-08-23,Agra,27.1767,78.0081,1,8,5,30.6,0,568.44,-0.07,59.74,976,1,App,5,1300,150,550
2025-06-28,Varanasi,25.3176,82.9739,1,6,5,36.2,0,238.96,1.0,58.61,883,2,Web,6,1400,160,500
2025-07-05,Andaman,11.7401,92.6586,1,7,5,37.1,0,505.48,0.181,89.55,786,2,Agent,8,900,120,300
2025-02-25,Agra,27.1767,78.0081,0,2,1,23.1,0,759.58,0.458,60.97,1017,1,Web,1,1300,150,550
2025-09-26,Agra,27.1767,78.0081,0,9,4,25.5,0,813.62,-0.052,58.87,857,2,Web,7,1300,150,550
2024-02-09,Leh,34.1526,77.5771,0,2,4,4.4,0,111.11,0.346,98.41,315,2,Web,1,600,90,220
2025-06-23,Goa,15.2993,74.124,0,6,0,39.9,0,167.38,0.313,87.79,1243,2,Agent,10,2000,250,800
2025-03-11,Varanasi,25.3176,82.9739,0,3,1,26.9,1,131.96,-0.655,52.79,711,3,Web,5,1400,160,500
2025-05-17,Leh,34.1526,77.5771,1,5,5,18.9,0,710.9,0.467,105.88,485,3,Agent,9,600,90,220
2024-07-28,Kerala,10.8505,76.2711,1,7,6,37.7,0,200.27,-0.87,67.68,1228,2,Kiosk,9,1700,220,700
2025-05-09,Leh,34.1526,77.5771,0,5,4,18.1,0,764.54,1.0,93.05,434,2,Agent,3,600,90,220
2024-08-30,Manali,32.2432,77.1892,0,8,4,21.7,0,704.16,1.0,79.22,874,2,Web,27,1200,140,450
2024-01-31,Varanasi,25.3176,82.9739,0,1,2,18.9,0,268.88,0.465,49.14,701,3,Kiosk,1,1400,160,500
2024-11-25,Manali,32.2432,77.1892,0,11,0,6.5,0,519.77,-0.152,65.66,915,1,Web,11,1200,140,450
2024-08-03,Andaman,11.7401,92.6586,1,8,5,32.8,0,188.83,-0.35,90.63,432,2,Agent,10,900,120,300
2024-10-28,Kerala,10.8505,76.2711,0,10,0,23.2,0,172.23,-0.1,63.72,823,2,Web,7,1700,220,700
2025-09-04,Manali,32.2432,77.1892,0,9,3,13.9,0,197.57,0.428,78.39,464,3,Agent,4,1200,140,450
2024-03-21,Varanasi,25.3176,82.9739,0,3,3,25.9,0,336.67,0.038,54.86,1195,1,Web,18,1400,160,500
2024-03-10,Manali,32.2432,77.1892,1,3,6,15.6,0,440.06,-0.083,81.11,1153,2,Agent,5,1200,140,450
2025-03-25,Manali,32.2432,77.1892,0,3,1,15.3,0,521.77,0.223,80.23,888,1,Agent,27,1200,140,450
2024-08-06,Jaipur,26.9124,75.7873,0,8,1,33.3,1,400.27,-0.727,65.57,735,2,Web,28,1500,180,600
2024-12-18,Jaipur,26.9124,75.7873,0,12,2,18.2,0,153.67,0.058,60.64,938,2,Web,19,1500,180,600
2025-10-01,Agra,27.1767,78.0081,0,10,2,22.9,0,594.0,0.2,60.51,751,3,Web,7,1300,150,550
2025-08-12,Kerala,10.8505,76.2711,0,8,1,35.1,1,563.84,-0.382,62.08,1027,2,Agent,5,1700,220,700
2025-04-04,Andaman,11.7401,92.6586,0,4,4,32.2,0,888.77,-0.817,95.93,728,2,Kiosk,17,900,120,300
2024-10-22,Andaman,11.7401,92.6586,0,10,1,23.7,0,624.0,0.585,81.36,520,2,Web,6,900,120,300
2024-11-06,Jaipur,26.9124,75.7873,0,11,2,18.1,0,341.46,-0.374,57.51,815,3,App,6,1500,180,600
2025-08-23,Andaman,11.7401,92.6586,1,8,5,33.4,0,324.37,-0.728,85.64,398,2,Web,12,900,120,300
2025-02-26,Agra,27.1767,78.0081,0,2,2,22.4,1,771.99,-0.263,63.38,612,2,Kiosk,4,1300,150,550
2024-05-01,Goa,15.2993,74.124,0,5,2,38.4,0,140.33,0.227,83.24,1327,3,App,4,2000,250,800
2024-11-03,Agra,27.1767,78.0081,1,11,6,16.6,0,214.8,0.087,56.8,846,2,Kiosk,3,1300,150,550
2025-04-21,Manali,32.2432,77.1892,0,4,0,18.8,0,89.21,-0.375,80.27,625,1,Agent,33,1200,140,450
2024-04-22,Leh,34.1526,77.5771,0,4,0,16.2,0,494.62,0.199,100.17,518,1,App,10,600,90,220
2025-03-04,Kerala,10.8505,76.2711,0,3,1,28.1,0,769.92,-0.848,83.97,1373,1,Agent,5,1700,220,700
2024-07-21,Agra,27.1767,78.0081,1,7,6,33.7,0,434.39,0.226,58.05,900,2,App,9,1300,150,550
2025-07-14,Manali,32.2432,77.1892,0,7,0,24.7,1,252.99,-0.353,72.91,579,3,Kiosk,13,1200,140,450
2024-12-26,Agra,27.1767,78.0081,0,12,3,17.5,0,374.73,0.336,58.13,884,2,Web,7,1300,150,550
2024-01-03,Manali,32.2432,77.1892,0,1,2,5.4,0,435.06,-0.027,73.73,920,2,Web,12,1200,140,450
2024-06-08,Jaipur,26.9124,75.7873,1,6,5,38.4,0,809.2,-0.693,60.9,1723,3,Kiosk,3,1500,180,600
2025-03-09,Agra,27.1767,78.0081,1,3,6,26.9,0,436.63,0.537,52.62,1171,1,Agent,3,1300,150,550
2025-06-11,Andaman,11.7401,92.6586,0,6,2,37.0,0,63.17,0.338,101.53,447,2,App,18,900,120,300
2025-05-20,Agra,27.1767,78.0081,0,5,1,35.1,0,252.94,0.416,58.73,1013,3,Web,5,1300,150,550
2025-08-19,Agra,27.1767,78.0081,0,8,1,30.9,0,298.4,0.924,46.1,718,1,Web,9,1300,150,550
2025-06-27,Andaman,11.7401,92.6586,0,6,4,36.6,0,655.12,-0.489,86.14,628,2,Kiosk,6,900,120,300
2025-03-31,Leh,34.1526,77.5771,0,3,0,10.4,0,504.18,0.597,97.52,463,1,Kiosk,10,600,90,220
2024-10-25,Goa,15.2993,74.124,0,10,4,25.1,0,206.84,0.255,85.71,1197,3,Kiosk,15,2000,250,800
2024-12-23,Kerala,10.8505,76.2711,0,12,0,18.6,0,314.6,0.406,67.35,1022,1,Agent,30,1700,220,700
2024-11-10,Goa,15.2993,74.124,1,11,6,21.0,0,364.7,0.044,71.9,1768,3,Kiosk,19,2000,250,800
2025-02-26,Leh,34.1526,77.5771,0,2,2,4.2,0,594.78,-0.5,105.54,361,1,App,22,600,90,220
2024-06-26,Goa,15.2993,74.124,0,6,2,41.2,0,325.91,-0.518,79.65,1257,2,Agent,3,2000,250,800
2025-01-19,Manali,32.2432,77.1892,1,1,6,4.8,0,642.37,0.45,73.32,1134,2,Web,7,1200,140,450
2025-08-31,Manali,32.2432,77.1892,1,8,6,19.7,0,458.81,0.775,75.73,986,2,Agent,7,1200,140,450
2024-01-08,Jaipur,26.9124,75.7873,0,1,0,18.4,0,456.96,0.307,71.61,1408,2,Kiosk,21,1500,180,600
2024-09-13,Manali,32.2432,77.1892,0,9,4,15.8,0,612.95,0.244,73.01,675,1,Kiosk,4,1200,140,450
2024-11-11,Goa,15.2993,74.124,0,11,0,20.2,0,744.55,-0.83,77.86,973,3,Agent,13,2000,250,800
2024-06-07,Varanasi,25.3176,82.9739,0,6,4,38.1,0,435.7,1.0,53.26,1003,1,Kiosk,9,1400,160,500
2025-04-28,Leh,34.1526,77.5771,0,4,0,15.2,0,434.27,-0.195,113.27,458,2,Web,19,600,90,220
2024-09-07,Kerala,10.8505,76.2711,1,9,5,29.1,0,676.06,0.648,58.73,1085,3,Kiosk,6,1700,220,700
2025-02-08,Jaipur,26.9124,75.7873,1,2,5,22.9,0,367.03,0.252,62.32,1248,2,Agent,6,1500,180,600
2024-07-11,Goa,15.2993,74.124,0,7,3,36.9,0,426.66,0.574,86.72,1646,3,Agent,2,2000,250,800
2025-05-17,Andaman,11.7401,92.6586,1,5,5,38.0,0,603.68,-0.36,94.76,809,2,Kiosk,9,900,120,300
2024-07-17,Agra,27.1767,78.0081,0,7,2,36.0,0,187.63,-0.346,50.34,802,2,App,25,1300,150,550
2024-06-11,Goa,15.2993,74.124,0,6,1,39.3,0,28.86,-0.187,80.72,994,2,App,2,2000,250,800
2025-08-12,Agra,27.1767,78.0081,0,8,1,32.0,0,257.76,-0.618,59.09,670,1,Kiosk,9,1300,150,550
2024-12-31,Varanasi,25.3176,82.9739,0,12,1,16.3,0,351.4,0.363,49.13,818,2,Agent,11,1400,160,500
2024-09-03,Jaipur,26.9124,75.7873,0,9,1,27.2,0,295.39,-0.078,71.25,705,2,Web,15,1500,180,600
2024-01-29,Andaman,11.7401,92.6586,0,1,0,20.5,1,717.76,0.016,102.55,585,2,Kiosk,12,900,120,300
2024-07-09,Manali,32.2432,77.1892,0,7,1,25.5,0,562.77,-0.077,82.82,1035,3,Kiosk,30,1200,140,450
2024-10-30,Leh,34.1526,77.5771,0,10,2,5.0,0,774.17,-0.439,86.39,506,1,Web,4,600,90,220
2024-05-28,Kerala,10.8505,76.2711,0,5,1,37.2,0,936.37,-0.016,67.14,2146,2,Web,16,1700,220,700
2024-10-22,Jaipur,26.9124,75.7873,0,10,1,23.2,0,258.87,0.711,59.45,850,2,Web,10,1500,180,600
2024-12-04,Leh,34.1526,77.5771,0,12,2,0.7,0,659.72,0.284,97.0,368,1,Web,17,600,90,220
2025-04-24,Kerala,10.8505,76.2711,0,4,3,34.9,0,532.82,0.132,60.15,1705,1,Agent,11,1700,220,700
2024-03-28,Agra,27.1767,78.0081,0,3,3,26.2,1,19.21,0.139,50.71,742,2,Kiosk,8,1300,150,550
2025-06-10,Andaman,11.7401,92.6586,0,6,1,38.2,0,14.24,-1.0,107.06,263,1,Web,13,900,120,300
2025-06-12,Leh,34.1526,77.5771,0,6,3,19.3,0,639.42,-0.047,107.32,590,3,Agent,3,600,90,220
2024-05-25,Manali,32.2432,77.1892,1,5,5,24.5,0,535.87,0.008,89.56,1006,3,Agent,7,1200,140,450
2024-05-15,Agra,27.1767,78.0081,0,5,2,34.8,0,440.22,0.901,62.71,1207,3,Agent,15,1300,150,550
2024-11-13,Agra,27.1767,78.0081,0,11,2,17.6,0,411.94,1.0,59.99,690,2,Web,23,1300,150,550
2024-11-23,Leh,34.1526,77.5771,1,11,5,2.2,0,676.36,1.0,91.8,420,3,App,6,600,90,220
2024-08-30,Andaman,11.7401,92.6586,0,8,4,33.3,0,487.26,0.209,93.42,509,1,Agent,6,900,120,300
2024-02-05,Manali,32.2432,77.1892,0,2,0,9.2,0,556.83,0.176,70.12,834,1,Agent,11,1200,140,450
2025-01-03,Varanasi,25.3176,82.9739,0,1,4,17.9,0,660.49,0.154,51.81,1234,2,Kiosk,3,1400,160,500
2025-03-24,Leh,34.1526,77.5771,0,3,0,8.8,0,519.46,-0.367,104.15,547,2,Kiosk,2,600,90,220
2025-02-09,Jaipur,26.9124,75.7873,1,2,6,21.8,0,252.25,-0.192,69.7,992,1,Agent,22,1500,180,600
2024-06-07,Kerala,10.8505,76.2711,0,6,4,40.1,0,151.07,0.228,70.8,958,3,Agent,6,1700,220,700
2024-03-14,Agra,27.1767,78.0081,0,3,3,27.5,0,385.2,-0.704,58.14,952,2,App,9,1300,150,550
2025-07-11,Jaipur,26.9124,75.7873,0,7,4,38.5,0,613.42,0.032,66.57,960,1,Agent,22,1500,180,600
2024-05-17,Kerala,10.8505,76.2711,0,5,4,38.6,0,408.88,0.698,71.29,1356,3,Agent,10,1700,220,700
2024-01-17,Goa,15.2993,74.124,0,1,2,20.4,0,674.25,0.199,77.31,1946,2,App,2,2000,250,800
2025-05-09,Manali,32.2432,77.1892,0,5,4,23.9,0,334.14,0.778,85.29,616,3,App,9,1200,140,450
2025-09-10,Andaman,11.7401,92.6586,0,9,2,28.3,0,173.74,-0.264,85.32,324,1,Agent,4,900,120,300
2024-08-06,Jaipur,26.9124,75.7873,0,8,1,33.5,0,765.25,0.83,69.45,870,2,Web,1,1500,180,600
2025-09-25,Manali,32.2432,77.1892,0,9,3,14.2,1,264.77,-0.174,68.52,462,1,Web,8,1200,140,450
2024-02-05,Leh,34.1526,77.5771,0,2,0,4.6,0,140.5,-0.41,100.4,308,2,Agent,21,600,90,220
2024-01-20,Kerala,10.8505,76.2711,1,1,5,20.8,0,54.36,0.088,65.25,1624,2,Web,5,1700,220,700
2024-03-10,Agra,27.1767,78.0081,1,3,6,27.7,0,431.1,0.924,51.47,1345,1,Web,17,1300,150,550
2025-08-01,Jaipur,26.9124,75.7873,0,8,4,33.5,0,109.05,1.0,66.48,467,3,Agent,4,1500,180,600
2025-04-25,Manali,32.2432,77.1892,0,4,4,21.0,0,163.43,0.199,76.11,688,3,Kiosk,7,1200,140,450
2024-02-01,Manali,32.2432,77.1892,0,2,3,10.4,0,451.79,0.348,70.49,738,3,App,13,1200,140,450
2025-06-07,Leh,34.1526,77.5771,1,6,5,20.1,0,712.46,-0.234,100.2,543,1,App,10,600,90,220
2024-01-22,Jaipur,26.9124,75.7873,0,1,0,19.9,0,336.71,-0.21,66.57,1511,2,Agent,18,1500,180,600
2025-07-09,Agra,27.1767,78.0081,0,7,2,36.8,0,103.37,-0.567,58.96,689,2,Web,28,1300,150,550
2024-01-02,Kerala,10.8505,76.2711,0,1,1,21.5,0,758.17,-0.981,71.5,1446,1,Kiosk,7,1700,220,700
2025-08-17,Leh,34.1526,77.5771,1,8,6,13.8,0,353.72,-0.059,96.09,397,2,App,12,600,90,220
2025-03-15,Leh,34.1526,77.5771,1,3,5,11.9,0,903.59,0.434,104.23,580,3,Kiosk,11,600,90,220
2024-06-12,Kerala,10.8505,76.2711,0,6,2,38.2,0,451.19,-0.288,69.24,1305,1,Kiosk,11,1700,220,700
2024-05-18,Manali,32.2432,77.1892,1,5,5,24.9,0,275.55,0.847,70.87,845,2,Kiosk,1,1200,140,450
2025-09-26,Kerala,10.8505,76.2711,0,9,4,28.0,0,149.59,0.492,68.1,633,3,App,21,1700,220,700
2024-01-07,Kerala,10.8505,76.2711,1,1,6,20.2,0,765.49,0.422,65.0,2035,2,Agent,2,1700,220,700
2024-09-23,Leh,34.1526,77.5771,0,9,0,10.0,0,1038.6,-0.086,103.67,291,3,Kiosk,19,600,90,220
2024-06-23,Andaman,11.7401,92.6586,1,6,6,38.2,0,1056.11,1.0,90.79,825,2,Kiosk,13,900,120,300
2025-09-21,Varanasi,25.3176,82.9739,1,9,6,28.8,0,680.8,-0.551,52.87,720,2,Kiosk,12,1400,160,500
2025-06-03,Agra,27.1767,78.0081,0,6,1,37.7,1,313.45,0.719,55.44,1135,2,App,16,1300,150,550
2024-11-15,Kerala,10.8505,76.2711,0,11,4,19.2,0,178.98,-0.266,68.04,650,2,Agent,24,1700,220,700
2024-08-09,Goa,15.2993,74.124,0,8,4,34.0,0,488.1,0.123,71.67,1257,2,App,10,2000,250,800
2024-04-16,Goa,15.2993,74.124,0,4,1,35.9,0,280.44,-0.28,75.92,1407,1,Agent,4,2000,250,800
2024-06-22,Jaipur,26.9124,75.7873,1,6,5,37.6,0,241.13,0.36,68.66,1101,2,Kiosk,18,1500,180,600
2024-02-14,Leh,34.1526,77.5771,0,2,2,4.0,0,584.93,-0.643,94.29,378,2,Web,11,600,90,220
2024-08-05,Goa,15.2993,74.124,0,8,0,34.5,0,652.26,0.272,82.66,985,2,Web,23,2000,250,800
2025-06-27,Agra,27.1767,78.0081,0,6,4,37.5,0,869.69,0.501,54.93,932,2,Web,1,1300,150,550
2024-03-29,Varanasi,25.3176,82.9739,0,3,4,27.5,0,324.41,0.577,53.38,1152,1,App,3,1400,160,500
2025-08-13,Varanasi,25.3176,82.9739,0,8,2,31.9,0,120.07,-0.166,54.44,686,1,Agent,11,1400,160,500
2025-07-23,Leh,34.1526,77.5771,0,7,2,19.9,0,733.61,1.0,105.22,489,3,Web,51,600,90,220
2024-12-01,Andaman,11.7401,92.6586,1,12,6,20.0,0,447.91,0.559,87.54,652,2,Kiosk,6,900,120,300
2025-06-06,Varanasi,25.3176,82.9739,0,6,4,37.1,1,338.11,0.609,62.61,850,3,Kiosk,16,1400,160,500
2025-02-21,Andaman,11.7401,92.6586,0,2,4,20.8,0,795.5,0.094,96.81,525,3,App,12,900,120,300
2024-03-15,Andaman,11.7401,92.6586,0,3,4,28.1,0,204.5,0.668,93.34,524,3,Agent,4,900,120,300
2025-10-01,Varanasi,25.3176,82.9739,0,10,2,21.3,0,869.02,-0.615,51.91,971,2,Kiosk,15,1400,160,500
2024-08-22,Agra,27.1767,78.0081,0,8,3,30.3,0,333.1,0.559,55.66,633,2,Agent,6,1300,150,550
2024-10-31,Andaman,11.7401,92.6586,0,10,3,22.2,0,587.15,0.762,90.85,558,1,Agent,13,900,120,300
2025-04-20,Manali,32.2432,77.1892,1,4,6,20.8,0,362.99,-0.429,80.72,915,2,Kiosk,39,1200,140,450
2024-02-19,Jaipur,26.9124,75.7873,0,2,0,22.1,0,395.18,0.126,67.3,1113,2,Agent,3,1500,180,600
2024-01-30,Manali,32.2432,77.1892,0,1,1,6.6,0,362.31,-0.455,66.16,887,1,Agent,15,1200,140,450
2024-01-09,Andaman,11.7401,92.6586,0,1,1,20.7,0,203.86,-0.113,85.71,506,2,Web,17,900,120,300
2024-09-11,Jaipur,26.9124,75.7873,0,9,2,29.3,0,307.8,-0.053,59.26,790,3,App,22,1500,180,600
2025-09-16,Agra,27.1767,78.0081,0,9,1,25.8,0,303.72,0.632,56.0,649,1,Kiosk,6,1300,150,550
2025-04-01,Goa,15.2993,74.124,0,4,1,33.8,1,385.39,-0.697,88.03,1741,3,Kiosk,12,2000,250,800
2025-08-22,Andaman,11.7401,92.6586,0,8,4,32.0,0,335.95,0.928,89.28,295,3,App,24,900,120,300
2024-09-12,Goa,15.2993,74.124,0,9,3,31.2,0,464.11,0.292,70.03,1153,2,App,3,2000,250,800
2024-10-19,Manali,32.2432,77.1892,1,10,5,9.5,0,484.15,-0.743,78.61,676,4,Kiosk,15,1200,140,450
2025-03-12,Goa,15.2993,74.124,0,3,2,31.0,0,495.84,0.159,84.98,1589,2,Kiosk,3,2000,250,800
2025-07-28,Kerala,10.8505,76.2711,0,7,0,36.3,0,498.4,1.0,64.9,1012,2,App,5,1700,220,700
2025-02-04,Manali,32.2432,77.1892,0,2,1,11.0,0,317.08,0.24,82.33,695,2,App,12,1200,140,450
2024-11-28,Leh,34.1526,77.5771,0,11,3,0.7,0,713.63,-0.257,91.06,416,2,Web,15,600,90,220
2024-08-18,Jaipur,26.9124,75.7873,1,8,6,33.1,1,625.1,-0.083,60.2,1125,1,Web,22,1500,180,600
2024-02-19,Goa,15.2993,74.124,0,2,0,25.4,0,829.35,0.263,74.86,1885,1,Kiosk,2,2000,250,800
2025-07-27,Jaipur,26.9124,75.7873,1,7,6,36.0,0,355.22,0.244,56.21,1097,1,App,27,1500,180,600
2025-05-12,Varanasi,25.3176,82.9739,0,5,0,34.6,0,307.27,-0.207,50.51,706,1,Web,5,1400,160,500
2025-04-05,Andaman,11.7401,92.6586,1,4,5,31.1,1,95.25,-0.105,101.79,447,3,Agent,12,900,120,300
2025-03-13,Andaman,11.7401,92.6586,0,3,3,27.1,0,356.54,0.494,93.29,688,1,Web,12,900,120,300
2025-02-22,Agra,27.1767,78.0081,1,2,5,22.3,0,211.94,0.521,57.12,1075,3,App,6,1300,150,550
2025-09-16,Varanasi,25.3176,82.9739,0,9,1,25.8,0,318.82,0.103,47.71,712,2,App,6,1400,160,500
2024-03-21,Agra,27.1767,78.0081,0,3,3,28.2,0,846.3,0.053,54.59,1481,2,App,5,1300,150,550
2025-06-22,Leh,34.1526,77.5771,1,6,6,19.2,0,395.4,0.515,109.49,559,3,App,11,600,90,220
2025-03-05,Jaipur,26.9124,75.7873,0,3,2,27.7,0,899.92,0.478,67.72,1328,2,Kiosk,4,1500,180,600
2025-02-28,Agra,27.1767,78.0081,0,2,4,23.7,0,468.31,-0.144,65.66,1060,3,Kiosk,2,1300,150,550
2024-03-26,Jaipur,26.9124,75.7873,0,3,1,27.2,0,403.04,0.345,62.58,1057,1,App,4,1500,180,600
2024-08-13,Agra,27.1767,78.0081,0,8,1,30.4,0,910.86,-0.059,52.27,1105,2,Web,10,1300,150,550
2025-05-30,Leh,34.1526,77.5771,0,5,4,16.6,1,461.09,0.404,113.78,286,2,Kiosk,1,600,90,220
2024-11-30,Jaipur,26.9124,75.7873,1,11,5,20.1,0,203.8,-0.504,57.42,1117,1,App,8,1500,180,600
2025-07-15,Leh,34.1526,77.5771,0,7,1,19.0,0,597.61,-0.374,89.75,392,2,Web,16,600,90,220
2024-03-27,Kerala,10.8505,76.2711,0,3,2,29.1,0,736.84,-0.198,68.76,1300,2,App,1,1700,220,700
2025-04-22,Agra,27.1767,78.0081,0,4,1,33.1,0,355.98,0.599,53.31,1247,2,App,15,1300,150,550
2025-03-15,Goa,15.2993,74.124,1,3,5,30.6,0,490.18,-0.051,82.82,1821,2,App,29,2000,250,800
2024-11-17,Jaipur,26.9124,75.7873,1,11,6,20.7,0,294.68,0.012,65.01,881,2,Web,22,1500,180,600
2025-08-12,Jaipur,26.9124,75.7873,0,8,1,32.8,0,417.08,0.233,69.89,895,2,Web,3,1500,180,600
2024-04-12,Leh,34.1526,77.5771,0,4,4,15.2,0,599.49,0.057,97.27,427,1,App,8,600,90,220
2024-07-15,Andaman,11.7401,92.6586,0,7,0,34.8,0,134.47,0.142,91.42,411,2,Web,4,900,120,300
2024-02-27,Leh,34.1526,77.5771,0,2,1,6.8,0,1060.16,0.318,93.94,562,2,Web,12,600,90,220
2024-07-27,Goa,15.2993,74.124,1,7,5,38.6,0,224.19,0.56,82.24,1247,3,Agent,14,2000,250,800
2024-02-06,Kerala,10.8505,76.2711,0,2,1,23.9,0,474.74,-0.461,62.89,1192,2,App,28,1700,220,700
2024-03-16,Andaman,11.7401,92.6586,1,3,5,28.4,0,85.48,0.075,101.23,607,3,Kiosk,15,900,120,300
2024-07-30,Leh,34.1526,77.5771,0,7,1,18.4,0,215.94,0.809,101.33,365,2,Agent,6,600,90,220
2025-05-23,Goa,15.2993,74.124,0,5,4,37.2,0,935.64,0.005,89.98,1801,2,App,4,2000,250,800
2024-12-01,Goa,15.2993,74.124,1,12,6,20.1,0,592.43,0.221,75.07,1482,2,App,13,2000,250,800
2025-03-20,Goa,15.2993,74.124,0,3,3,29.6,0,270.48,-0.129,82.69,1452,2,App,18,2000,250,800
2025-09-08,Agra,27.1767,78.0081,0,9,0,26.5,0,964.51,0.021,52.66,933,1,Agent,13,1300,150,550
2024-05-11,Andaman,11.7401,92.6586,1,5,5,36.4,0,336.23,-0.48,86.74,489,2,Web,24,900,120,300
2025-05-24,Leh,34.1526,77.5771,1,5,5,19.7,0,495.57,0.015,103.6,505,2,App,12,600,90,220
2025-04-21,Varanasi,25.3176,82.9739,0,4,0,32.3,0,664.59,-1.0,49.65,932,1,Agent,13,1400,160,500
2024-04-15,Leh,34.1526,77.5771,0,4,0,16.4,0,165.12,0.306,88.79,325,3,Kiosk,13,600,90,220
2024-04-17,Kerala,10.8505,76.2711,0,4,2,32.8,0,281.01,-0.197,72.97,1151,3,Web,7,1700,220,700
2024-08-10,Jaipur,26.9124,75.7873,1,8,5,30.9,0,66.09,-0.226,64.55,742,2,Agent,12,1500,180,600
2024-01-26,Kerala,10.8505,76.2711,0,1,4,20.0,0,148.85,-0.068,78.11,1052,2,Kiosk,9,1700,220,700
2024-09-01,Leh,34.1526,77.5771,1,9,6,9.3,1,486.0,0.109,94.43,253,1,Kiosk,29,600,90,220
2024-08-23,Leh,34.1526,77.5771,0,8,4,15.4,0,805.28,0.445,87.96,587,3,Agent,22,600,90,220
2025-01-26,Varanasi,25.3176,82.9739,1,1,6,19.7,0,638.47,0.029,49.91,1057,2,Agent,5,1400,160,500
2025-06-20,Andaman,11.7401,92.6586,0,6,4,37.9,0,133.05,-0.574,89.62,391,2,App,22,900,120,300
2024-08-11,Varanasi,25.3176,82.9739,1,8,6,32.9,0,398.47,0.241,60.12,874,1,App,15,1400,160,500
2024-03-02,Kerala,10.8505,76.2711,1,3,5,29.2,0,269.92,-0.098,63.24,1356,2,Agent,20,1700,220,700
2024-03-15,Agra,27.1767,78.0081,0,3,4,25.9,0,285.93,-0.081,59.32,985,2,Web,2,1300,150,550
2025-07-24,Agra,27.1767,78.0081,0,7,3,34.4,0,589.28,0.556,46.49,839,1,Kiosk,7,1300,150,550
2025-06-27,Agra,27.1767,78.0081,0,6,4,37.4,0,223.43,-0.51,62.51,476,3,Web,5,1300,150,550
2025-08-21,Leh,34.1526,77.5771,0,8,3,16.1,0,86.13,-0.07,97.43,317,2,Agent,52,600,90,220
2024-12-08,Goa,15.2993,74.124,1,12,6,20.2,0,233.14,-0.262,70.4,1237,1,Agent,16,2000,250,800
2025-08-30,Andaman,11.7401,92.6586,1,8,5,31.8,0,187.27,0.581,95.14,295,2,Agent,1,900,120,300
2025-08-29,Agra,27.1767,78.0081,0,8,4,34.0,0,111.31,-0.067,48.08,679,2,Web,17,1300,150,550
2025-03-29,Goa,15.2993,74.124,1,3,5,28.8,0,747.6,-0.983,84.59,1900,2,Agent,11,2000,250,800
2025-07-02,Kerala,10.8505,76.2711,0,7,2,36.9,0,239.26,0.11,76.29,1018,3,Web,1,1700,220,700
2024-09-28,Andaman,11.7401,92.6586,1,9,5,28.5,0,171.05,-0.311,92.95,369,2,Kiosk,28,900,120,300
2024-07-27,Varanasi,25.3176,82.9739,1,7,5,35.2,0,29.06,0.524,59.02,794,2,App,16,1400,160,500
2024-06-22,Leh,34.1526,77.5771,1,6,5,21.2,0,137.91,-0.327,101.95,448,2,Kiosk,2,600,90,220
2025-06-17,Manali,32.2432,77.1892,0,6,1,24.7,1,613.48,0.3,77.7,887,2,Web,10,1200,140,450
2024-01-30,Andaman,11.7401,92.6586,0,1,1,19.8,0,638.28,-0.157,90.9,593,2,App,3,900,120,300
2025-05-31,Agra,27.1767,78.0081,1,5,5,36.1,0,403.75,0.915,58.95,1120,1,Kiosk,3,1300,150,550
2025-01-01,Manali,32.2432,77.1892,0,1,2,8.1,0,76.96,-0.439,79.4,534,2,Agent,3,1200,140,450
2024-05-29,Goa,15.2993,74.124,0,5,2,40.7,0,760.53,0.422,85.99,2033,3,Kiosk,7,2000,250,800
2024-11-12,Leh,34.1526,77.5771,0,11,1,1.8,0,681.36,0.833,99.29,426,2,App,3,600,90,220
2024-02-19,Varanasi,25.3176,82.9739,0,2,0,21.9,0,490.89,-0.034,48.03,800,3,App,12,1400,160,500
2024-11-23,Manali,32.2432,77.1892,1,11,5,6.9,0,301.74,-0.032,68.68,716,3,Kiosk,20,1200,140,450
2024-10-03,Andaman,11.7401,92.6586,0,10,3,22.9,0,671.75,0.174,80.51,429,3,Agent,17,900,120,300
2024-11-18,Leh,34.1526,77.5771,0,11,0,1.0,0,316.95,-0.005,98.61,312,1,Web,12,600,90,220
2024-02-17,Manali,32.2432,77.1892,1,2,5,10.7,0,324.61,-0.601,80.83,1084,2,Web,5,1200,140,450
2025-06-04,Manali,32.2432,77.1892,0,6,2,25.0,0,1086.64,0.009,82.97,1047,2,App,4,1200,140,450
2025-08-06,Kerala,10.8505,76.2711,0,8,2,34.1,0,72.36,0.334,63.97,779,1,Agent,7,1700,220,700
2025-06-18,Varanasi,25.3176,82.9739,0,6,2,37.4,0,478.62,-0.148,56.23,1107,3,Agent,10,1400,160,500
2024-06-15,Agra,27.1767,78.0081,1,6,5,38.3,0,621.38,1.0,59.9,1055,1,Web,5,1300,150,550
2025-02-12,Manali,32.2432,77.1892,0,2,2,9.8,0,230.41,0.501,79.83,647,3,App,5,1200,140,450
2024-03-21,Leh,34.1526,77.5771,0,3,3,10.7,0,298.46,-0.027,101.27,297,2,Agent,27,600,90,220
2024-01-07,Jaipur,26.9124,75.7873,1,1,6,20.3,0,181.23,0.161,67.48,962,2,Agent,10,1500,180,600
2024-11-02,Leh,34.1526,77.5771,1,11,5,1.0,0,252.36,-0.402,110.45,309,1,App,3,600,90,220
2024-02-08,Kerala,10.8505,76.2711,0,2,3,24.0,1,156.46,-0.193,65.26,976,2,Agent,14,1700,220,700
2025-07-28,Goa,15.2993,74.124,0,7,0,38.1,0,369.9,0.197,82.4,1099,3,Agent,11,2000,250,800
2025-05-09,Andaman,11.7401,92.6586,0,5,4,37.0,0,1082.79,0.025,91.02,844,2,App,5,900,120,300
2024-04-13,Jaipur,26.9124,75.7873,1,4,5,33.0,0,408.76,-0.184,66.95,1549,3,App,16,1500,180,600
2024-02-26,Manali,32.2432,77.1892,0,2,0,10.1,0,572.61,-1.0,75.21,889,1,Kiosk,8,1200,140,450
2024-02-12,Manali,32.2432,77.1892,0,2,0,10.4,0,729.9,0.52,78.82,882,2,Agent,30,1200,140,450
2024-07-14,Andaman,11.7401,92.6586,1,7,6,35.8,1,488.55,0.183,92.28,497,2,Kiosk,8,900,120,300
2024-11-27,Jaipur,26.9124,75.7873,0,11,2,17.2,0,405.19,0.196,58.85,940,2,Kiosk,15,1500,180,600
2024-04-04,Kerala,10.8505,76.2711,0,4,3,32.5,0,442.86,-0.129,74.23,903,1,Agent,53,1700,220,700
2025-02-24,Goa,15.2993,74.124,0,2,0,26.2,0,277.99,0.122,86.49,1151,2,Agent,2,2000,250,800
2024-07-10,Manali,32.2432,77.1892,0,7,2,24.0,0,335.24,0.78,74.34,846,2,Web,6,1200,140,450
2024-09-29,Agra,27.1767,78.0081,1,9,6,26.8,0,188.92,0.203,62.18,529,2,App,13,1300,150,550
2024-11-18,Goa,15.2993,74.124,0,11,0,21.8,0,581.13,0.325,81.45,1282,2,App,17,2000,250,800
2024-03-15,Goa,15.2993,74.124,0,3,4,27.9,0,627.77,0.684,78.5,2273,3,Agent,17,2000,250,800
2025-05-08,Leh,34.1526,77.5771,0,5,3,18.4,0,886.74,0.565,93.49,493,3,Kiosk,1,600,90,220
2024-06-17,Jaipur,26.9124,75.7873,0,6,0,38.0,0,427.25,-0.624,63.45,1182,2,Kiosk,8,1500,180,600
2024-06-20,Jaipur,26.9124,75.7873,0,6,3,37.1,0,560.85,-0.633,57.12,1348,3,App,6,1500,180,600
2025-06-27,Andaman,11.7401,92.6586,0,6,4,36.6,0,364.47,0.358,86.64,530,2,Agent,5,900,120,300
2024-03-10,Manali,32.2432,77.1892,1,3,6,14.0,0,282.09,-1.0,78.03,765,2,App,6,1200,140,450
2024-03-11,Agra,27.1767,78.0081,0,3,0,26.1,0,330.54,0.433,57.8,1039,1,Web,5,1300,150,550
2024-03-13,Leh,34.1526,77.5771,0,3,2,10.4,0,95.39,-0.282,92.48,283,3,Web,12,600,90,220
2025-04-25,Varanasi,25.3176,82.9739,0,4,4,31.1,0,908.22,-0.525,49.39,1740,2,Web,15,1400,160,500
2025-01-17,Manali,32.2432,77.1892,0,1,4,6.3,0,515.91,1.0,72.25,772,1,Web,8,1200,140,450
2024-08-19,Goa,15.2993,74.124,0,8,0,35.7,0,370.43,0.291,73.14,954,2,Agent,15,2000,250,800
2024-06-20,Varanasi,25.3176,82.9739,0,6,3,37.1,1,906.1,0.795,55.56,1195,1,App,9,1400,160,500
2024-03-26,Goa,15.2993,74.124,0,3,1,28.9,0,344.83,-0.233,87.35,1331,1,App,11,2000,250,800
2024-06-25,Andaman,11.7401,92.6586,0,6,1,37.8,0,436.25,0.204,95.82,521,3,Kiosk,20,900,120,300
2025-07-18,Goa,15.2993,74.124,0,7,4,39.2,0,620.47,0.742,74.8,1228,3,App,12,2000,250,800
2025-01-14,Kerala,10.8505,76.2711,0,1,1,20.4,0,234.11,-0.221,73.47,1249,2,Agent,19,1700,220,700
2024-06-10,Goa,15.2993,74.124,0,6,0,39.6,0,169.1,-0.248,84.63,933,2,Web,19,2000,250,800
2025-03-22,Andaman,11.7401,92.6586,1,3,5,28.0,0,322.99,-0.015,89.38,595,2,Kiosk,8,900,120,300
2025-08-24,Jaipur,26.9124,75.7873,1,8,6,34.4,0,438.3,0.245,59.2,802,2,Kiosk,8,1500,180,600
2024-12-13,Varanasi,25.3176,82.9739,0,12,4,17.6,0,542.52,0.201,51.66,1136,2,Agent,27,1400,160,500
2024-07-31,Andaman,11.7401,92.6586,0,7,2,37.9,0,1173.3,-0.947,86.51,857,2,Kiosk,1,900,120,300
2025-06-19,Jaipur,26.9124,75.7873,0,6,3,37.1,0,589.28,-0.384,65.99,1163,2,Agent,3,1500,180,600
2025-05-30,Leh,34.1526,77.5771,0,5,4,18.0,0,105.46,-0.197,98.65,313,3,Kiosk,17,600,90,220
2024-10-09,Kerala,10.8505,76.2711,0,10,2,24.0,0,573.49,0.55,71.24,1376,2,Kiosk,8,1700,220,700
2025-09-09,Manali,32.2432,77.1892,0,9,1,16.0,0,121.44,0.512,64.63,480,2,Web,6,1200,140,450
2024-04-03,Goa,15.2993,74.124,0,4,2,35.5,0,643.98,0.286,83.81,1728,3,Kiosk,23,2000,250,800
2025-06-22,Manali,32.2432,77.1892,1,6,6,25.7,0,179.65,0.382,80.83,725,3,App,1,1200,140,450
2025-04-23,Kerala,10.8505,76.2711,0,4,2,35.0,0,976.51,0.062,64.37,1831,3,Web,6,1700,220,700
2024-03-26,Jaipur,26.9124,75.7873,0,3,1,28.6,0,111.32,-0.325,58.79,807,1,Agent,10,1500,180,600
2025-04-02,Kerala,10.8505,76.2711,0,4,2,34.5,1,764.75,-0.158,70.8,1279,2,Kiosk,7,1700,220,700
2024-11-18,Jaipur,26.9124,75.7873,0,11,0,19.1,0,524.34,0.194,65.84,1050,2,Kiosk,6,1500,180,600
2025-08-22,Goa,15.2993,74.124,0,8,4,36.3,0,216.85,-0.52,76.15,848,2,App,2,2000,250,800
2024-03-03,Leh,34.1526,77.5771,1,3,6,9.3,0,262.48,-0.747,94.41,435,2,Agent,15,600,90,220
2025-04-04,Varanasi,25.3176,82.9739,0,4,4,33.0,0,1352.46,0.631,55.53,1673,2,Web,4,1400,160,500
2025-05-09,Leh,34.1526,77.5771,0,5,4,18.3,0,170.89,-0.272,102.19,283,3,App,7,600,90,220
2024-10-01,Varanasi,25.3176,82.9739,0,10,1,21.2,0,788.46,0.873,39.94,996,2,Web,8,1400,160,500
2024-03-20,Varanasi,25.3176,82.9739,0,3,2,26.7,0,641.05,0.101,54.65,1053,2,Web,9,1400,160,500
2025-05-23,Goa,15.2993,74.124,0,5,4,38.9,0,517.92,-0.706,84.78,1268,1,Web,5,2000,250,800
2024-12-30,Leh,34.1526,77.5771,0,12,0,1.0,1,560.07,0.107,94.35,432,2,Web,1,600,90,220
2025-09-10,Leh,34.1526,77.5771,0,9,2,11.4,0,193.69,-0.714,106.59,264,3,Web,28,600,90,220
2025-02-03,Andaman,11.7401,92.6586,0,2,0,22.8,0,33.37,0.365,95.45,366,3,Kiosk,10,900,120,300
2025-01-30,Agra,27.1767,78.0081,0,1,3,19.5,0,281.2,0.618,53.85,595,2,Web,14,1300,150,550
2025-07-01,Kerala,10.8505,76.2711,0,7,1,37.1,0,182.07,-0.325,74.44,1064,1,App,28,1700,220,700
2024-11-01,Andaman,11.7401,92.6586,0,11,4,20.7,0,364.42,0.28,92.23,456,1,Agent,16,900,120,300
2024-06-09,Varanasi,25.3176,82.9739,1,6,6,36.8,0,134.66,-0.28,54.2,677,2,Web,7,1400,160,500
2025-04-07,Andaman,11.7401,92.6586,0,4,0,31.9,0,209.61,-0.473,92.46,540,1,Kiosk,26,900,120,300
2025-06-07,Jaipur,26.9124,75.7873,1,6,5,37.7,0,90.54,0.915,60.42,967,1,Agent,8,1500,180,600
2024-06-06,Leh,34.1526,77.5771,0,6,3,20.1,1,48.71,-1.0,94.56,319,3,Kiosk,5,600,90,220
2025-04-11,Jaipur,26.9124,75.7873,0,4,4,32.5,0,221.58,0.367,65.6,839,4,Web,17,1500,180,600
2024-01-17,Goa,15.2993,74.124,0,1,2,19.5,0,641.7,-0.17,80.74,2041,3,Web,15,2000,250,800
2025-03-05,Leh,34.1526,77.5771,0,3,2,8.8,0,450.3,-0.0,102.79,378,2,Agent,14,600,90,220
2024-05-29,Jaipur,26.9124,75.7873,0,5,2,36.8,0,354.17,0.16,65.21,725,1,Agent,16,1500,180,600
2024-12-11,Manali,32.2432,77.1892,0,12,2,4.0,0,384.81,-0.292,75.69,883,1,Agent,2,1200,140,450
2024-06-11,Agra,27.1767,78.0081,0,6,1,36.3,0,87.01,-0.313,66.37,833,3,Agent,14,1300,150,550
2025-07-18,Manali,32.2432,77.1892,0,7,4,23.5,0,453.68,-0.274,79.01,726,2,Web,45,1200,140,450
2024-04-01,Jaipur,26.9124,75.7873,0,4,0,34.3,0,730.87,0.676,68.52,1576,2,Kiosk,22,1500,180,600
2024-05-01,Andaman,11.7401,92.6586,0,5,2,38.2,0,76.16,0.565,88.63,420,2,Kiosk,4,900,120,300
2024-01-23,Kerala,10.8505,76.2711,0,1,1,20.8,0,335.63,0.44,71.07,1495,4,App,1,1700,220,700
2025-05-01,Andaman,11.7401,92.6586,0,5,3,35.2,0,580.57,0.15,88.97,714,3,Web,4,900,120,300
2024-10-30,Goa,15.2993,74.124,0,10,2,26.2,0,176.86,0.775,79.1,740,3,Kiosk,26,2000,250,800
2025-05-23,Varanasi,25.3176,82.9739,0,5,4,35.5,0,333.87,0.041,47.55,988,1,Web,20,1400,160,500
2024-04-01,Leh,34.1526,77.5771,0,4,0,14.8,0,436.13,0.339,108.01,456,2,App,8,600,90,220
2024-01-04,Andaman,11.7401,92.6586,0,1,3,19.7,0,482.21,-0.054,93.55,504,2,Web,1,900,120,300
2024-07-24,Varanasi,25.3176,82.9739,0,7,2,36.0,0,529.05,-0.16,49.48,884,2,Kiosk,5,1400,160,500
2025-08-08,Goa,15.2993,74.124,0,8,4,34.7,0,414.0,-0.211,80.26,1026,3,Kiosk,10,2000,250,800
2025-06-10,Manali,32.2432,77.1892,0,6,1,26.2,0,976.21,-0.147,78.13,1279,3,Agent,9,1200,140,450
2025-08-12,Kerala,10.8505,76.2711,0,8,1,33.9,0,294.6,0.516,60.55,792,3,Web,24,1700,220,700
2025-04-01,Kerala,10.8505,76.2711,0,4,1,32.8,0,246.63,0.254,68.29,1119,2,Web,23,1700,220,700
2025-05-01,Kerala,10.8505,76.2711,0,5,3,36.9,0,1525.14,0.201,76.14,2453,3,Web,16,1700,220,700
2025-04-13,Jaipur,26.9124,75.7873,1,4,6,33.6,0,235.25,0.399,73.97,1241,2,App,6,1500,180,600
2024-06-07,Leh,34.1526,77.5771,0,6,4,18.4,0,339.2,-0.244,95.4,573,2,Agent,5,600,90,220
2025-09-07,Kerala,10.8505,76.2711,1,9,6,30.0,0,276.29,0.116,69.54,900,2,Web,9,1700,220,700
2024-10-03,Kerala,10.8505,76.2711,0,10,3,23.4,0,719.27,-0.077,68.17,1172,2,Web,3,1700,220,700
2024-08-20,Andaman,11.7401,92.6586,0,8,1,32.8,0,566.37,0.675,95.98,510,2,Web,27,900,120,300
2024-12-02,Goa,15.2993,74.124,0,12,0,19.5,0,180.06,0.649,82.12,1202,1,App,3,2000,250,800
2024-12-11,Agra,27.1767,78.0081,0,12,2,19.5,0,592.67,0.112,45.33,853,1,App,1,1300,150,550
2024-07-14,Varanasi,25.3176,82.9739,1,7,6,35.5,0,384.56,-0.048,55.62,1196,1,Agent,15,1400,160,500
2025-04-14,Andaman,11.7401,92.6586,0,4,0,34.4,1,658.77,-0.32,99.03,608,3,Kiosk,20,900,120,300
2024-05-13,Jaipur,26.9124,75.7873,0,5,0,35.6,0,1145.17,-0.083,69.28,1651,2,App,8,1500,180,600
2024-07-02,Agra,27.1767,78.0081,0,7,1,36.1,0,987.28,0.456,54.75,1345,3,Kiosk,9,1300,150,550
2024-08-13,Kerala,10.8505,76.2711,0,8,1,32.8,0,479.13,0.7,61.11,878,4,Agent,20,1700,220,700
2024-05-16,Manali,32.2432,77.1892,0,5,3,23.7,0,253.63,0.376,78.38,818,2,Web,4,1200,140,450
2024-08-09,Varanasi,25.3176,82.9739,0,8,4,34.0,0,1120.28,0.487,43.4,1222,1,App,12,1400,160,500
2024-08-27,Kerala,10.8505,76.2711,0,8,1,32.5,0,335.98,0.54,71.26,853,3,Agent,8,1700,220,700
2025-05-09,Goa,15.2993,74.124,0,5,4,39.7,0,117.96,-0.211,82.65,1517,3,Agent,14,2000,250,800
2024-10-31,Leh,34.1526,77.5771,0,10,3,7.1,0,88.05,-0.302,97.83,197,2,App,2,600,90,220
2024-02-09,Jaipur,26.9124,75.7873,0,2,4,23.2,0,110.14,-0.353,69.96,961,2,Agent,13,1500,180,600
2024-08-23,Manali,32.2432,77.1892,0,8,4,21.1,0,983.36,0.043,72.62,1028,1,Agent,14,1200,140,450
2024-10-31,Agra,27.1767,78.0081,0,10,3,23.7,0,1271.28,-1.0,60.48,1310,3,App,12,1300,150,550
2024-04-12,Andaman,11.7401,92.6586,0,4,4,32.9,0,326.96,0.61,99.24,775,2,App,8,900,120,300
2025-06-25,Leh,34.1526,77.5771,0,6,2,21.5,0,54.8,0.143,90.79,404,2,Kiosk,20,600,90,220
2024-08-13,Goa,15.2993,74.124,0,8,1,33.0,0,503.18,-0.17,71.2,876,2,Web,15,2000,250,800
2025-06-08,Goa,15.2993,74.124,1,6,6,40.2,0,354.42,0.561,84.13,1539,3,Web,15,2000,250,800
2025-07-23,Jaipur,26.9124,75.7873,0,7,2,37.5,0,274.19,0.142,68.41,715,1,Web,23,1500,180,600
2025-09-24,Kerala,10.8505,76.2711,0,9,2,28.5,0,1549.79,-0.392,69.88,1044,1,Web,4,1700,220,700
2024-03-06,Jaipur,26.9124,75.7873,0,3,2,27.8,0,160.99,0.577,70.71,965,2,Agent,2,1500,180,600
2025-08-20,Andaman,11.7401,92.6586,0,8,2,33.4,0,413.16,0.659,90.95,477,2,App,7,900,120,300
2024-08-07,Goa,15.2993,74.124,0,8,2,34.4,0,210.16,0.117,78.79,660,1,App,10,2000,250,800
2024-02-11,Manali,32.2432,77.1892,1,2,6,8.8,0,592.13,0.931,76.2,1114,2,Agent,18,1200,140,450
2024-08-08,Goa,15.2993,74.124,0,8,3,33.6,0,386.42,0.369,84.19,952,1,Kiosk,6,2000,250,800
2025-09-01,Manali,32.2432,77.1892,0,9,0,14.5,1,743.48,-0.176,76.65,565,2,Kiosk,2,1200,140,450
2025-01-20,Jaipur,26.9124,75.7873,0,1,0,19.1,0,488.04,-0.567,58.09,1189,2,Agent,10,1500,180,600
2024-09-25,Jaipur,26.9124,75.7873,0,9,2,26.7,0,169.19,-0.091,65.61,538,3,Web,6,1500,180,600
2024-05-14,Goa,15.2993,74.124,0,5,1,37.7,0,286.04,-0.326,77.3,1064,1,Agent,2,2000,250,800
2024-12-21,Jaipur,26.9124,75.7873,1,12,5,17.1,0,624.87,0.454,59.69,1311,3,Kiosk,8,1500,180,600
2024-05-03,Leh,34.1526,77.5771,0,5,4,20.0,1,147.36,-0.061,101.01,259,2,Agent,18,600,90,220
2025-01-29,Jaipur,26.9124,75.7873,0,1,2,20.1,0,223.11,0.517,64.61,1028,3,App,12,1500,180,600
2025-07-20,Jaipur,26.9124,75.7873,1,7,6,37.2,0,255.17,0.282,61.72,979,1,Kiosk,2,1500,180,600
2024-06-02,Kerala,10.8505,76.2711,1,6,6,37.7,0,237.06,0.136,67.15,1157,1,Web,13,1700,220,700
2025-04-12,Manali,32.2432,77.1892,1,4,5,17.4,0,740.4,0.755,84.46,1298,2,Web,16,1200,140,450
2024-07-28,Leh,34.1526,77.5771,1,7,6,19.1,0,350.8,0.347,92.65,484,1,Kiosk,11,600,90,220
2024-02-18,Kerala,10.8505,76.2711,1,2,6,25.2,0,377.55,0.479,68.12,1686,2,App,11,1700,220,700
2024-07-01,Agra,27.1767,78.0081,0,7,0,35.1,0,75.13,-0.621,60.42,598,3,Kiosk,16,1300,150,550
2024-08-09,Goa,15.2993,74.124,0,8,4,35.1,0,459.88,-0.212,79.75,1373,2,Kiosk,15,2000,250,800
2025-01-14,Goa,15.2993,74.124,0,1,1,21.1,0,558.02,-0.232,75.79,1356,2,Agent,1,2000,250,800
2025-08-31,Varanasi,25.3176,82.9739,1,8,6,30.4,0,255.29,0.035,50.53,839,1,Kiosk,5,1400,160,500
2025-08-05,Manali,32.2432,77.1892,0,8,1,19.7,0,409.09,-0.05,76.88,889,3,Agent,7,1200,140,450
2024-05-04,Agra,27.1767,78.0081,1,5,5,35.8,0,809.76,0.143,58.41,1792,3,Agent,20,1300,150,550
2024-07-27,Agra,27.1767,78.0081,1,7,5,36.8,1,186.13,-0.27,62.48,736,2,App,16,1300,150,550
2024-07-03,Varanasi,25.3176,82.9739,0,7,2,37.5,0,516.94,-0.559,54.11,808,2,Web,18,1400,160,500
2024-11-29,Varanasi,25.3176,82.9739,0,11,4,19.6,0,678.08,0.542,41.54,998,3,Web,21,1400,160,500
2025-05-28,Agra,27.1767,78.0081,0,5,2,37.1,0,192.17,-0.356,54.69,849,1,App,8,1300,150,550
2024-01-31,Varanasi,25.3176,82.9739,0,1,2,16.0,0,1495.74,0.285,44.57,1478,2,App,15,1400,160,500
2024-07-28,Kerala,10.8505,76.2711,1,7,6,35.8,1,79.59,0.307,67.95,724,2,App,17,1700,220,700
2024-02-29,Varanasi,25.3176,82.9739,0,2,3,22.9,0,474.49,-0.27,62.69,891,2,Kiosk,7,1400,160,500
2025-09-19,Manali,32.2432,77.1892,0,9,4,14.1,1,912.27,0.147,73.37,601,2,App,2,1200,140,450
2025-03-24,Manali,32.2432,77.1892,0,3,0,14.4,0,599.89,0.438,75.54,749,2,Web,30,1200,140,450
2024-03-24,Agra,27.1767,78.0081,1,3,6,27.2,0,457.36,0.092,56.13,1394,1,Kiosk,28,1300,150,550
2025-09-10,Leh,34.1526,77.5771,0,9,2,10.8,0,329.02,0.488,103.61,228,1,App,22,600,90,220
2024-09-18,Goa,15.2993,74.124,0,9,2,29.6,0,158.06,-0.088,81.94,908,1,App,6,2000,250,800
2024-05-28,Andaman,11.7401,92.6586,0,5,1,36.9,0,181.79,-0.978,96.57,315,3,Agent,16,900,120,300
2024-02-10,Goa,15.2993,74.124,1,2,5,25.9,0,467.84,0.739,79.39,2053,2,App,3,2000,250,800
2025-07-11,Andaman,11.7401,92.6586,0,7,4,36.6,0,327.67,-0.209,99.48,404,3,App,18,900,120,300
2024-12-01,Goa,15.2993,74.124,1,12,6,20.1,0,572.56,-0.179,79.21,1869,1,Kiosk,3,2000,250,800
2024-02-23,Manali,32.2432,77.1892,0,2,4,9.5,0,518.0,-0.354,72.91,722,2,App,6,1200,140,450
2024-03-22,Andaman,11.7401,92.6586,0,3,4,28.5,0,93.35,-0.091,92.89,395,2,App,14,900,120,300
2024-10-16,Andaman,11.7401,92.6586,0,10,2,23.1,0,41.37,-0.291,98.34,298,2,Agent,7,900,120,300
2025-09-25,Kerala,10.8505,76.2711,0,9,3,29.8,0,114.71,-0.354,67.94,680,2,App,20,1700,220,700
2025-07-04,Goa,15.2993,74.124,0,7,4,39.4,0,877.64,0.454,78.54,1858,3,Agent,11,2000,250,800
2024-09-13,Jaipur,26.9124,75.7873,0,9,4,28.5,0,260.64,-0.535,61.75,566,2,Kiosk,10,1500,180,600
2025-04-21,Kerala,10.8505,76.2711,0,4,0,34.4,0,323.64,-0.501,72.05,1349,2,Kiosk,5,1700,220,700
2024-05-16,Jaipur,26.9124,75.7873,0,5,3,35.0,0,222.87,0.418,59.14,937,2,Web,21,1500,180,600
2024-05-05,Andaman,11.7401,92.6586,1,5,6,37.5,0,327.47,-0.331,93.71,708,2,Kiosk,19,900,120,300
2025-01-25,Andaman,11.7401,92.6586,1,1,5,19.8,0,938.92,-1.0,92.24,876,3,Agent,7,900,120,300
2025-01-03,Manali,32.2432,77.1892,0,1,4,7.7,0,385.28,0.526,68.66,874,2,App,20,1200,140,450
2025-08-27,Andaman,11.7401,92.6586,0,8,2,34.8,0,734.58,0.288,91.7,412,2,Kiosk,22,900,120,300
2024-07-28,Manali,32.2432,77.1892,1,7,6,25.3,0,61.09,0.07,77.46,1018,2,Kiosk,14,1200,140,450
2024-08-13,Manali,32.2432,77.1892,0,8,1,21.7,1,82.59,-1.0,79.6,600,2,Agent,16,1200,140,450
2024-05-12,Leh,34.1526,77.5771,1,5,6,19.2,0,589.86,0.028,106.65,404,2,Agent,9,600,90,220
2025-08-04,Leh,34.1526,77.5771,0,8,0,14.7,0,685.4,-0.783,95.6,439,2,Kiosk,4,600,90,220
2024-11-12,Andaman,11.7401,92.6586,0,11,1,19.6,0,1003.74,-0.242,83.3,690,3,App,7,900,120,300
2025-07-13,Manali,32.2432,77.1892,1,7,6,21.8,0,549.2,0.34,71.21,970,2,Agent,1,1200,140,450
2024-11-14,Manali,32.2432,77.1892,0,11,3,5.3,0,950.76,-0.462,71.74,883,1,Web,17,1200,140,450
2025-06-26,Agra,27.1767,78.0081,0,6,3,36.9,0,256.72,0.288,62.07,893,3,Kiosk,2,1300,150,550
2024-11-01,Goa,15.2993,74.124,0,11,4,20.7,0,575.52,0.504,85.99,1347,2,Agent,28,2000,250,800
2025-04-22,Kerala,10.8505,76.2711,0,4,1,33.6,0,237.28,-0.05,71.72,1547,2,Web,30,1700,220,700
2025-05-26,Varanasi,25.3176,82.9739,0,5,0,34.7,0,225.1,-0.593,56.38,1117,2,Agent,11,1400,160,500
2025-01-17,Leh,34.1526,77.5771,0,1,4,1.6,0,1328.15,0.963,95.07,741,2,Agent,2,600,90,220
2025-04-17,Andaman,11.7401,92.6586,0,4,3,32.7,0,396.15,0.465,93.6,514,2,Web,24,900,120,300
2024-03-02,Andaman,11.7401,92.6586,1,3,5,27.2,0,712.1,0.018,93.42,838,1,App,56,900,120,300
2025-05-27,Goa,15.2993,74.124,0,5,1,38.5,0,567.63,0.306,82.65,1441,2,Web,13,2000,250,800
2025-07-05,Jaipur,26.9124,75.7873,1,7,5,36.3,1,149.59,-0.438,52.17,916,1,Agent,10,1500,180,600
2024-12-02,Leh,34.1526,77.5771,0,12,0,-1.2,1,196.36,-0.276,101.98,252,1,App,5,600,90,220
2025-07-22,Agra,27.1767,78.0081,0,7,1,35.9,0,802.34,0.19,60.09,1059,2,Kiosk,48,1300,150,550
2024-11-28,Varanasi,25.3176,82.9739,0,11,3,17.3,0,315.75,-0.079,50.09,716,3,App,17,1400,160,500
2024-03-08,Manali,32.2432,77.1892,0,3,4,15.3,0,366.7,0.048,72.48,728,3,Web,2,1200,140,450
2024-03-25,Agra,27.1767,78.0081,0,3,0,27.5,0,487.05,-0.136,60.18,1068,3,Agent,11,1300,150,550
2024-05-12,Varanasi,25.3176,82.9739,1,5,6,37.3,0,129.93,-0.678,58.88,1180,1,Web,8,1400,160,500
2025-06-02,Manali,32.2432,77.1892,0,6,0,25.2,0,643.69,0.158,75.32,1267,2,Agent,16,1200,140,450
2025-01-26,Jaipur,26.9124,75.7873,1,1,6,19.4,0,373.13,0.566,61.84,1473,2,Kiosk,22,1500,180,600
2024-01-07,Andaman,11.7401,92.6586,1,1,6,17.2,0,204.73,1.0,96.87,651,2,Web,14,900,120,300
2024-02-22,Agra,27.1767,78.0081,0,2,3,23.6,0,137.73,0.8,56.68,586,2,App,16,1300,150,550
2025-02-21,Goa,15.2993,74.124,0,2,4,25.6,0,317.75,-0.109,86.0,1274,2,Kiosk,16,2000,250,800
2024-10-07,Jaipur,26.9124,75.7873,0,10,0,22.7,0,89.5,0.213,61.68,492,3,Kiosk,17,1500,180,600
2025-05-25,Agra,27.1767,78.0081,1,5,6,34.0,1,1694.86,0.067,65.3,1587,2,Web,18,1300,150,550
2024-02-18,Agra,27.1767,78.0081,1,2,6,22.5,0,557.73,0.034,47.65,1057,1,Agent,3,1300,150,550
2024-05-02,Jaipur,26.9124,75.7873,0,5,3,36.4,0,1230.16,0.161,58.5,1689,2,Kiosk,22,1500,180,600
2025-05-24,Leh,34.1526,77.5771,1,5,5,20.1,0,667.07,0.459,93.76,615,4,Kiosk,9,600,90,220
2025-09-13,Andaman,11.7401,92.6586,1,9,5,27.0,0,103.26,0.264,95.77,475,2,Agent,9,900,120,300
2024-08-23,Andaman,11.7401,92.6586,0,8,4,32.0,0,153.76,0.739,83.21,294,2,Agent,9,900,120,300
2025-08-14,Agra,27.1767,78.0081,0,8,3,31.4,0,1245.72,0.089,52.55,1380,3,Kiosk,8,1300,150,550
2024-09-02,Varanasi,25.3176,82.9739,0,9,0,27.7,0,381.59,0.003,51.39,744,2,App,7,1400,160,500
2024-11-17,Leh,34.1526,77.5771,1,11,6,-1.4,0,194.87,0.11,92.28,312,4,Kiosk,11,600,90,220
2025-04-26,Leh,34.1526,77.5771,1,4,5,13.8,0,232.44,-1.0,102.38,415,1,Agent,5,600,90,220
2025-05-20,Kerala,10.8505,76.2711,0,5,1,38.6,0,584.95,-0.929,66.62,1605,1,Agent,26,1700,220,700
2024-06-06,Kerala,10.8505,76.2711,0,6,3,38.1,0,395.94,-0.052,72.86,1254,1,Kiosk,11,1700,220,700
2024-10-10,Agra,27.1767,78.0081,0,10,3,22.3,0,428.44,-0.383,58.65,998,2,Web,12,1300,150,550
2024-10-29,Jaipur,26.9124,75.7873,0,10,1,21.2,0,194.34,-0.331,62.1,721,1,Agent,15,1500,180,600
2025-04-07,Varanasi,25.3176,82.9739,0,4,0,32.2,0,504.93,-0.233,55.78,1372,2,Web,20,1400,160,500
2024-05-11,Varanasi,25.3176,82.9739,1,5,5,35.3,1,358.05,0.495,57.91,1294,2,Web,12,1400,160,500
2024-06-04,Agra,27.1767,78.0081,0,6,1,37.2,0,871.05,0.37,55.49,1357,2,App,1,1300,150,550
2024-09-03,Goa,15.2993,74.124,0,9,1,30.0,0,1104.65,-0.169,74.1,1154,1,App,16,2000,250,800
2024-07-06,Andaman,11.7401,92.6586,1,7,5,37.0,0,343.14,0.911,89.19,484,2,Kiosk,3,900,120,300
2024-03-21,Andaman,11.7401,92.6586,0,3,3,27.8,0,418.28,-0.029,93.86,576,2,Agent,5,900,120,300
2024-11-23,Agra,27.1767,78.0081,1,11,5,17.9,0,173.48,-0.156,67.01,812,2,Kiosk,6,1300,150,550
2024-08-28,Agra,27.1767,78.0081,0,8,2,31.7,0,904.74,0.396,55.72,962,4,Kiosk,32,1300,150,550
2024-03-18,Varanasi,25.3176,82.9739,0,3,0,26.8,0,519.46,-0.259,55.44,1087,2,App,4,1400,160,500
2024-09-07,Varanasi,25.3176,82.9739,1,9,5,27.8,0,891.72,-0.439,41.13,833,2,Kiosk,3,1400,160,500
2025-06-14,Goa,15.2993,74.124,1,6,5,39.7,0,360.49,-0.711,82.39,1461,3,App,9,2000,250,800
2024-09-22,Manali,32.2432,77.1892,1,9,6,15.9,0,230.37,-0.276,76.78,620,2,App,22,1200,140,450
2024-05-06,Agra,27.1767,78.0081,0,5,0,36.2,0,154.61,-0.515,65.22,784,1,Agent,16,1300,150,550
2024-09-22,Agra,27.1767,78.0081,1,9,6,28.0,0,132.74,-0.437,62.36,677,3,Web,43,1300,150,550
2025-08-03,Manali,32.2432,77.1892,1,8,6,20.2,1,152.87,0.048,72.18,851,2,Kiosk,15,1200,140,450
2024-09-15,Leh,34.1526,77.5771,1,9,6,10.0,0,122.79,1.0,91.56,218,3,Kiosk,8,600,90,220
2025-04-23,Leh,34.1526,77.5771,0,4,2,14.3,0,214.5,0.109,100.12,367,2,Agent,32,600,90,220
2024-11-18,Jaipur,26.9124,75.7873,0,11,0,18.7,0,248.22,-0.066,59.77,711,1,Web,18,1500,180,600
2024-06-01,Varanasi,25.3176,82.9739,1,6,5,36.3,0,83.3,1.0,62.41,1003,2,Agent,2,1400,160,500
2024-09-10,Varanasi,25.3176,82.9739,0,9,1,27.2,0,473.82,0.36,51.79,820,1,App,1,1400,160,500
2024-08-04,Andaman,11.7401,92.6586,1,8,6,34.9,1,329.4,0.494,91.96,340,3,Web,16,900,120,300
2024-05-02,Jaipur,26.9124,75.7873,0,5,3,37.5,0,70.4,-0.359,67.82,706,2,Agent,16,1500,180,600
2025-04-18,Varanasi,25.3176,82.9739,0,4,4,29.6,0,103.33,0.23,49.92,800,2,Kiosk,13,1400,160,500
2024-07-18,Kerala,10.8505,76.2711,0,7,3,37.3,0,499.17,0.38,62.34,1033,2,Agent,11,1700,220,700
2025-02-11,Manali,32.2432,77.1892,0,2,1,9.1,0,932.72,-0.234,76.68,983,3,Web,10,1200,140,450
2025-06-15,Agra,27.1767,78.0081,1,6,6,37.6,0,357.88,0.693,60.52,1223,4,Web,21,1300,150,550
2024-05-06,Goa,15.2993,74.124,0,5,0,38.3,0,816.17,-0.065,86.06,2045,1,App,17,2000,250,800
2024-07-20,Varanasi,25.3176,82.9739,1,7,5,34.2,0,24.58,1.0,64.38,687,2,App,12,1400,160,500
2024-10-20,Agra,27.1767,78.0081,1,10,6,22.4,0,40.13,-0.161,64.59,660,2,App,9,1300,150,550
2024-06-30,Goa,15.2993,74.124,1,6,6,39.3,0,732.92,0.633,75.83,2019,3,Agent,9,2000,250,800
2024-06-24,Goa,15.2993,74.124,0,6,0,39.9,0,358.33,0.939,80.58,1237,2,Agent,3,2000,250,800
2024-10-10,Agra,27.1767,78.0081,0,10,3,22.4,0,196.01,-0.198,51.13,875,2,App,3,1300,150,550
2024-11-18,Goa,15.2993,74.124,0,11,0,21.0,0,243.05,0.427,79.02,1186,2,App,16,2000,250,800
2025-08-20,Manali,32.2432,77.1892,0,8,2,20.4,0,266.47,-0.086,64.97,742,3,Web,5,1200,140,450
2024-03-08,Leh,34.1526,77.5771,0,3,4,10.4,0,708.16,0.031,88.71,514,2,Agent,5,600,90,220
2025-07-20,Kerala,10.8505,76.2711,1,7,6,39.5,0,61.13,-0.639,71.34,888,2,Web,3,1700,220,700
2024-01-23,Agra,27.1767,78.0081,0,1,1,16.4,0,23.41,-0.237,59.47,826,2,App,3,1300,150,550
2024-10-24,Kerala,10.8505,76.2711,0,10,3,23.3,0,344.69,1.0,63.19,1022,3,Web,5,1700,220,700
2025-02-13,Jaipur,26.9124,75.7873,0,2,3,23.0,0,785.71,0.516,62.33,1261,2,App,1,1500,180,600
2025-06-18,Jaipur,26.9124,75.7873,0,6,2,37.5,0,349.13,0.021,67.14,874,1,App,13,1500,180,600
2025-05-18,Kerala,10.8505,76.2711,1,5,6,35.3,0,703.77,-0.104,74.74,1924,2,Kiosk,26,1700,220,700
2024-11-22,Leh,34.1526,77.5771,0,11,4,0.7,0,108.21,0.866,87.28,233,3,Kiosk,4,600,90,220
2024-06-20,Goa,15.2993,74.124,0,6,3,40.5,0,320.82,0.137,80.78,1416,1,App,10,2000,250,800
2024-06-22,Varanasi,25.3176,82.9739,1,6,5,36.3,0,266.81,-0.129,50.43,996,3,Web,4,1400,160,500
2024-06-19,Manali,32.2432,77.1892,0,6,2,25.6,0,553.81,-0.295,80.24,826,2,Agent,12,1200,140,450
2024-09-17,Andaman,11.7401,92.6586,0,9,1,27.0,0,289.46,-0.107,88.15,277,3,Web,6,900,120,300
2024-09-07,Goa,15.2993,74.124,1,9,5,30.7,0,301.31,-0.333,76.17,1015,1,Agent,16,2000,250,800
2025-08-15,Jaipur,26.9124,75.7873,0,8,4,33.0,0,119.03,-0.048,72.38,732,2,App,39,1500,180,600
2025-08-04,Varanasi,25.3176,82.9739,0,8,0,31.6,0,592.21,0.533,43.09,928,1,Web,1,1400,160,500
2024-06-24,Leh,34.1526,77.5771,0,6,0,21.0,0,384.41,0.317,93.94,524,2,Kiosk,1,600,90,220
2024-02-25,Goa,15.2993,74.124,1,2,6,24.4,0,563.45,0.449,88.63,1696,2,App,13,2000,250,800
2024-04-03,Manali,32.2432,77.1892,0,4,2,20.1,0,175.37,0.836,73.08,748,2,Kiosk,10,1200,140,450
2025-01-18,Goa,15.2993,74.124,1,1,5,21.0,0,232.97,-0.05,85.79,1241,2,Kiosk,2,2000,250,800
2024-10-31,Goa,15.2993,74.124,0,10,3,25.3,0,192.38,0.276,83.38,1061,3,Web,27,2000,250,800
2024-12-04,Manali,32.2432,77.1892,0,12,2,3.6,0,717.11,0.794,71.98,553,2,Web,3,1200,140,450
2024-11-30,Goa,15.2993,74.124,1,11,5,21.0,0,1038.06,-0.591,84.18,1771,2,Web,3,2000,250,800
2025-07-27,Kerala,10.8505,76.2711,1,7,6,37.2,1,442.13,0.363,68.82,1051,2,Agent,17,1700,220,700
2024-05-03,Goa,15.2993,74.124,0,5,4,39.8,1,312.91,0.765,88.01,859,2,Kiosk,16,2000,250,800
2025-08-23,Andaman,11.7401,92.6586,1,8,5,32.8,1,102.01,-0.375,94.8,267,2,Kiosk,15,900,120,300
2025-08-04,Andaman,11.7401,92.6586,0,8,0,33.6,0,477.15,0.701,87.12,439,4,Kiosk,8,900,120,300
2025-09-09,Jaipur,26.9124,75.7873,0,9,1,27.6,1,575.41,-0.248,49.6,685,2,Web,5,1500,180,600
2024-03-09,Agra,27.1767,78.0081,1,3,5,25.9,0,1497.84,-0.028,64.99,2058,2,Web,11,1300,150,550
2024-05-28,Agra,27.1767,78.0081,0,5,1,36.5,0,145.88,-0.867,54.28,528,2,Agent,8,1300,150,550
2024-06-08,Agra,27.1767,78.0081,1,6,5,37.5,0,513.33,0.333,56.49,1418,2,Kiosk,16,1300,150,550
2025-03-08,Goa,15.2993,74.124,1,3,5,29.6,0,276.25,0.813,85.98,1907,2,Web,3,2000,250,800
2024-12-30,Jaipur,26.9124,75.7873,0,12,0,17.6,0,523.82,-0.505,58.9,1194,1,Web,5,1500,180,600
2024-08-26,Kerala,10.8505,76.2711,0,8,0,33.0,0,228.07,0.592,64.95,992,2,Agent,14,1700,220,700
2024-02-02,Agra,27.1767,78.0081,0,2,4,21.9,1,189.48,-0.127,66.55,772,1,Web,17,1300,150,550
2025-08-28,Goa,15.2993,74.124,0,8,3,36.8,0,123.97,0.473,64.4,813,2,Agent,8,2000,250,800
2025-05-13,Agra,27.1767,78.0081,0,5,1,34.9,0,351.82,-0.093,56.67,1056,2,Agent,5,1300,150,550
2025-09-23,Jaipur,26.9124,75.7873,0,9,1,27.7,0,432.2,-0.465,56.51,737,3,Agent,4,1500,180,600
2024-12-03,Agra,27.1767,78.0081,0,12,1,16.6,0,205.31,-0.036,53.03,722,2,Agent,14,1300,150,550
2024-03-26,Agra,27.1767,78.0081,0,3,1,26.5,0,470.65,-0.307,67.15,1291,2,App,9,1300,150,550
2024-06-15,Jaipur,26.9124,75.7873,1,6,5,36.2,0,374.12,-0.613,63.06,1262,3,Kiosk,16,1500,180,600
2024-09-21,Varanasi,25.3176,82.9739,1,9,5,27.7,0,183.69,0.697,53.19,778,3,Web,19,1400,160,500
2025-06-06,Agra,27.1767,78.0081,0,6,4,37.5,1,276.37,-0.358,46.31,738,2,Web,3,1300,150,550
2025-01-22,Leh,34.1526,77.5771,0,1,2,0.8,0,362.87,-0.198,101.09,485,2,Agent,16,600,90,220
2025-06-26,Varanasi,25.3176,82.9739,0,6,3,37.4,0,709.68,-0.082,55.22,1106,2,Web,23,1400,160,500
2024-02-25,Agra,27.1767,78.0081,1,2,6,22.1,0,548.69,-0.289,60.18,1105,3,App,6,1300,150,550
2024-11-18,Andaman,11.7401,92.6586,0,11,0,18.6,0,365.43,0.114,94.52,393,2,App,16,900,120,300
2024-05-08,Varanasi,25.3176,82.9739,0,5,2,35.1,0,924.8,-0.539,63.98,963,2,Web,25,1400,160,500
2024-11-01,Manali,32.2432,77.1892,0,11,4,5.6,0,274.14,1.0,75.24,510,3,Web,4,1200,140,450
2025-09-04,Jaipur,26.9124,75.7873,0,9,3,27.7,0,214.6,0.538,53.75,734,1,Web,8,1500,180,600
2024-06-10,Andaman,11.7401,92.6586,0,6,0,38.4,0,262.61,0.432,88.59,418,2,Web,9,900,120,300
2025-08-22,Leh,34.1526,77.5771,0,8,4,17.8,0,553.89,-0.441,91.75,548,3,Kiosk,7,600,90,220
2025-09-08,Manali,32.2432,77.1892,0,9,0,17.6,0,151.18,1.0,78.38,444,2,Web,8,1200,140,450
2024-09-15,Varanasi,25.3176,82.9739,1,9,6,26.1,0,571.79,0.685,32.25,685,4,Agent,1,1400,160,500
2024-10-09,Manali,32.2432,77.1892,0,10,2,8.0,0,467.36,-0.06,85.66,721,3,Kiosk,10,1200,140,450
2024-09-18,Agra,27.1767,78.0081,0,9,2,26.5,0,370.61,0.367,56.78,852,3,Web,14,1300,150,550
2024-05-19,Andaman,11.7401,92.6586,1,5,6,36.2,0,818.93,0.611,97.09,821,2,Kiosk,8,900,120,300
2024-03-02,Manali,32.2432,77.1892,1,3,5,14.5,0,306.62,0.026,75.12,453,1,Web,1,1200,140,450
2024-02-17,Leh,34.1526,77.5771,1,2,5,5.4,0,246.58,-0.566,87.22,325,3,Web,21,600,90,220
2025-07-04,Andaman,11.7401,92.6586,0,7,4,37.2,0,204.13,-0.016,81.19,458,2,Kiosk,32,900,120,300
2024-04-07,Varanasi,25.3176,82.9739,1,4,6,31.3,1,183.54,0.863,52.76,958,2,Web,10,1400,160,500
2025-06-16,Agra,27.1767,78.0081,0,6,0,36.3,0,345.86,-0.42,61.67,1020,2,Web,4,1300,150,550
2025-01-22,Kerala,10.8505,76.2711,0,1,2,21.5,0,186.17,0.135,71.63,1242,1,App,10,1700,220,700
2025-08-03,Jaipur,26.9124,75.7873,1,8,6,32.1,1,495.9,0.432,65.89,926,3,Agent,6,1500,180,600
2025-07-27,Agra,27.1767,78.0081,1,7,6,36.2,1,427.49,-0.637,48.4,644,3,App,4,1300,150,550
2024-06-25,Kerala,10.8505,76.2711,0,6,1,38.2,0,204.19,0.951,77.19,915,2,Agent,20,1700,220,700
2024-04-03,Goa,15.2993,74.124,0,4,2,34.3,0,318.53,1.0,87.89,1331,2,Kiosk,14,2000,250,800
2024-02-17,Jaipur,26.9124,75.7873,1,2,5,21.3,0,425.5,-0.179,64.94,1350,1,Web,3,1500,180,600
2025-05-01,Manali,32.2432,77.1892,0,5,3,24.0,0,1497.4,-0.554,77.12,1057,2,Agent,15,1200,140,450
2025-09-13,Manali,32.2432,77.1892,1,9,5,17.2,0,316.47,0.612,67.42,700,1,App,27,1200,140,450
2025-05-06,Jaipur,26.9124,75.7873,0,5,1,37.0,0,15.35,0.883,61.15,864,2,Agent,6,1500,180,600
2024-05-06,Andaman,11.7401,92.6586,0,5,0,37.7,0,591.54,0.467,100.25,471,3,Web,6,900,120,300
2025-08-04,Jaipur,26.9124,75.7873,0,8,0,33.8,0,142.41,0.324,59.61,910,2,Agent,5,1500,180,600
2025-09-16,Jaipur,26.9124,75.7873,0,9,1,26.8,0,377.26,0.341,68.94,703,1,Web,30,1500,180,600
2025-07-27,Andaman,11.7401,92.6586,1,7,6,36.4,0,236.47,0.724,96.99,600,1,Web,10,900,120,300
2024-10-12,Agra,27.1767,78.0081,1,10,5,22.5,0,334.6,0.312,50.19,898,1,Agent,14,1300,150,550
2024-11-03,Varanasi,25.3176,82.9739,1,11,6,17.9,0,635.65,0.407,57.65,1252,2,Kiosk,15,1400,160,500
2024-08-30,Leh,34.1526,77.5771,0,8,4,15.4,0,652.68,0.677,101.84,421,2,Web,8,600,90,220
2024-06-19,Andaman,11.7401,92.6586,0,6,2,38.4,0,249.88,-0.249,100.57,385,2,Web,3,900,120,300
2025-04-29,Goa,15.2993,74.124,0,4,1,35.0,1,729.63,0.169,86.88,1983,1,Agent,16,2000,250,800
2025-01-04,Varanasi,25.3176,82.9739,1,1,5,19.4,0,472.72,0.56,50.01,1381,4,Kiosk,13,1400,160,500
2025-05-25,Goa,15.2993,74.124,1,5,6,38.7,0,87.99,0.367,76.15,1160,2,Kiosk,17,2000,250,800
2024-07-01,Manali,32.2432,77.1892,0,7,0,23.2,0,1040.02,0.651,77.43,1550,1,Kiosk,9,1200,140,450
2025-08-24,Varanasi,25.3176,82.9739,1,8,6,32.2,0,1162.51,0.248,45.17,1441,2,App,8,1400,160,500
2024-04-30,Kerala,10.8505,76.2711,0,4,1,34.0,0,310.26,-0.162,82.28,1324,1,Agent,12,1700,220,700
2025-04-03,Jaipur,26.9124,75.7873,0,4,3,33.4,0,753.01,1.0,64.41,1542,2,Agent,7,1500,180,600
2024-01-23,Manali,32.2432,77.1892,0,1,1,5.7,0,89.59,-0.126,74.4,788,3,App,16,1200,140,450
2025-04-09,Agra,27.1767,78.0081,0,4,2,31.6,0,210.76,-0.044,66.77,820,3,App,15,1300,150,550
2025-08-11,Kerala,10.8505,76.2711,0,8,0,33.0,0,127.24,0.732,73.55,874,1,Kiosk,5,1700,220,700
2025-03-27,Manali,32.2432,77.1892,0,3,3,14.7,0,401.54,-0.367,70.74,934,2,Agent,5,1200,140,450
2024-09-12,Kerala,10.8505,76.2711,0,9,3,28.6,0,499.38,0.393,71.57,873,2,Kiosk,2,1700,220,700
2024-11-02,Goa,15.2993,74.124,1,11,5,19.6,0,1584.0,0.067,82.88,2687,2,Agent,14,2000,250,800
2025-06-22,Kerala,10.8505,76.2711,1,6,6,39.8,0,341.44,-0.479,70.01,1545,3,Web,3,1700,220,700
2025-04-21,Leh,34.1526,77.5771,0,4,0,14.3,0,482.15,1.0,102.42,385,2,Agent,21,600,90,220
2025-03-21,Agra,27.1767,78.0081,0,3,4,27.5,0,856.59,0.079,57.41,1035,2,Agent,10,1300,150,550
2024-09-01,Goa,15.2993,74.124,1,9,6,29.0,0,281.93,0.12,85.99,938,1,App,28,2000,250,800
2025-04-18,Andaman,11.7401,92.6586,0,4,4,33.7,0,599.61,-0.031,95.38,616,2,App,8,900,120,300
2025-04-28,Goa,15.2993,74.124,0,4,0,33.9,0,608.63,0.378,80.23,1594,2,Web,15,2000,250,800
2024-07-12,Jaipur,26.9124,75.7873,0,7,4,37.5,1,881.07,-0.25,63.9,1259,2,App,23,1500,180,600
2025-07-07,Varanasi,25.3176,82.9739,0,7,0,36.2,0,1197.61,0.287,50.78,1226,2,Web,7,1400,160,500
2025-07-12,Varanasi,25.3176,82.9739,1,7,5,36.0,0,209.73,0.505,47.7,657,2,App,10,1400,160,500
2025-02-18,Agra,27.1767,78.0081,0,2,1,22.6,0,1076.69,0.213,52.39,867,2,Kiosk,16,1300,150,550
2024-09-09,Manali,32.2432,77.1892,0,9,0,14.3,1,203.09,-1.0,67.78,489,3,Agent,16,1200,140,450
2024-09-17,Jaipur,26.9124,75.7873,0,9,1,28.4,0,525.66,0.71,67.85,939,2,Agent,11,1500,180,600
2024-06-25,Agra,27.1767,78.0081,0,6,1,36.3,0,455.24,0.505,69.13,1001,2,Kiosk,30,1300,150,550
2024-04-01,Varanasi,25.3176,82.9739,0,4,0,31.4,1,876.18,0.086,48.57,1124,2,Kiosk,12,1400,160,500
2024-12-22,Goa,15.2993,74.124,1,12,6,19.7,0,232.57,0.616,81.33,1626,1,Web,14,2000,250,800
2024-06-26,Agra,27.1767,78.0081,0,6,2,37.3,0,66.69,-0.202,61.64,802,2,Web,8,1300,150,550
2024-08-06,Leh,34.1526,77.5771,0,8,1,14.4,0,279.46,1.0,93.08,367,3,Web,9,600,90,220
2024-05-17,Goa,15.2993,74.124,0,5,4,38.5,0,419.03,-0.006,83.71,1568,3,Agent,12,2000,250,800
2024-01-27,Kerala,10.8505,76.2711,1,1,5,21.2,0,78.14,-0.067,70.01,1491,2,Web,13,1700,220,700
2024-12-28,Manali,32.2432,77.1892,1,12,5,7.3,0,206.84,-0.234,67.75,704,2,Agent,9,1200,140,450
2025-02-07,Manali,32.2432,77.1892,0,2,4,7.4,0,186.76,0.234,72.83,504,3,App,5,1200,140,450
2024-03-09,Kerala,10.8505,76.2711,1,3,5,26.9,0,31.32,0.064,64.63,1052,3,Agent,9,1700,220,700
2024-12-14,Varanasi,25.3176,82.9739,1,12,5,17.2,0,264.29,-0.124,51.26,716,2,Kiosk,18,1400,160,500
2025-09-14,Jaipur,26.9124,75.7873,1,9,6,28.3,0,258.1,0.992,60.48,833,1,Web,18,1500,180,600
2025-06-20,Andaman,11.7401,92.6586,0,6,4,37.3,0,217.79,-0.524,99.87,378,2,Web,19,900,120,300
2024-10-12,Kerala,10.8505,76.2711,1,10,5,24.1,0,893.38,0.491,78.22,1617,3,Kiosk,38,1700,220,700
2024-01-02,Leh,34.1526,77.5771,0,1,1,1.3,0,381.42,0.031,93.31,401,1,Web,8,600,90,220
2025-03-18,Manali,32.2432,77.1892,0,3,1,13.6,0,603.4,1.0,85.16,871,2,App,8,1200,140,450
2025-06-15,Leh,34.1526,77.5771,1,6,6,19.7,0,143.02,-0.648,98.09,645,3,Web,7,600,90,220
2024-12-18,Varanasi,25.3176,82.9739,0,12,2,15.7,0,821.2,-0.389,52.45,953,2,Agent,9,1400,160,500
2025-05-12,Kerala,10.8505,76.2711,0,5,0,36.7,0,312.16,-0.714,70.63,811,3,Web,6,1700,220,700
2024-03-23,Manali,32.2432,77.1892,1,3,5,15.0,0,175.92,-0.127,78.93,865,3,Agent,9,1200,140,450
2025-02-20,Jaipur,26.9124,75.7873,0,2,3,22.8,0,274.5,-0.417,58.83,1051,2,Kiosk,2,1500,180,600
2024-03-29,Kerala,10.8505,76.2711,0,3,4,28.8,0,437.43,-1.0,76.04,1133,2,Web,5,1700,220,700
2024-09-02,Leh,34.1526,77.5771,0,9,0,9.7,0,675.88,0.112,90.49,295,1,Kiosk,10,600,90,220
2025-04-28,Manali,32.2432,77.1892,0,4,0,20.2,0,116.95,0.194,75.17,492,2,App,32,1200,140,450
2024-07-26,Andaman,11.7401,92.6586,0,7,4,37.5,0,214.7,0.498,92.88,515,3,App,15,900,120,300
2024-10-07,Varanasi,25.3176,82.9739,0,10,0,22.4,0,1842.91,0.479,53.03,1517,3,Kiosk,14,1400,160,500
2024-12-20,Manali,32.2432,77.1892,0,12,4,5.7,0,987.08,0.678,65.91,753,1,App,9,1200,140,450
2024-05-06,Goa,15.2993,74.124,0,5,0,39.1,0,961.93,0.045,79.88,1558,3,Agent,5,2000,250,800
2024-07-21,Andaman,11.7401,92.6586,1,7,6,36.8,0,322.53,0.321,94.23,398,3,Web,8,900,120,300
2025-06-30,Jaipur,26.9124,75.7873,0,6,0,37.9,0,144.45,0.043,60.3,959,2,Agent,3,1500,180,600
2024-10-03,Leh,34.1526,77.5771,0,10,3,5.6,0,915.44,0.325,99.24,314,1,App,14,600,90,220
2025-07-18,Kerala,10.8505,76.2711,0,7,4,36.4,0,715.97,-0.539,66.58,1131,1,Agent,13,1700,220,700
2024-11-19,Leh,34.1526,77.5771,0,11,1,2.3,0,173.9,0.064,96.69,293,1,Kiosk,1,600,90,220
2024-12-30,Varanasi,25.3176,82.9739,0,12,0,15.3,0,140.15,-0.154,53.64,927,3,Agent,16,1400,160,500
2024-09-26,Kerala,10.8505,76.2711,0,9,3,27.5,0,297.81,0.271,64.98,827,2,App,24,1700,220,700
2024-03-31,Goa,15.2993,74.124,1,3,6,29.3,0,1496.01,-0.094,86.74,2554,1,App,29,2000,250,800
2024-01-16,Leh,34.1526,77.5771,0,1,1,1.1,0,932.35,0.53,101.35,574,2,Kiosk,11,600,90,220
2024-08-23,Jaipur,26.9124,75.7873,0,8,4,32.6,0,313.62,-0.336,64.46,735,2,Agent,18,1500,180,600
2025-03-25,Andaman,11.7401,92.6586,0,3,1,27.4,0,107.37,0.067,100.0,422,2,App,9,900,120,300
2025-02-20,Leh,34.1526,77.5771,0,2,3,4.7,1,57.85,0.114,103.64,267,1,Kiosk,27,600,90,220
2025-01-20,Leh,34.1526,77.5771,0,1,0,3.0,0,164.73,0.015,103.45,348,2,Web,7,600,90,220
2024-08-01,Varanasi,25.3176,82.9739,0,8,3,32.5,0,537.23,0.291,48.77,716,3,App,6,1400,160,500
2025-05-04,Varanasi,25.3176,82.9739,1,5,6,35.5,0,425.31,-0.186,56.15,1287,3,App,22,1400,160,500
2024-08-16,Andaman,11.7401,92.6586,0,8,4,32.4,0,424.5,0.054,90.77,424,2,Agent,6,900,120,300
2024-01-09,Manali,32.2432,77.1892,0,1,1,6.6,0,69.03,-0.286,72.57,650,2,App,19,1200,140,450
2024-04-02,Kerala,10.8505,76.2711,0,4,1,33.2,0,859.56,-0.35,77.82,1356,1,App,4,1700,220,700
2025-06-15,Goa,15.2993,74.124,1,6,6,40.0,1,116.91,0.4,86.04,1223,3,Kiosk,15,2000,250,800
2024-03-14,Kerala,10.8505,76.2711,0,3,3,29.0,0,157.04,0.845,78.35,1004,2,Agent,15,1700,220,700
2024-12-12,Varanasi,25.3176,82.9739,0,12,3,15.9,0,166.4,-0.129,44.83,766,2,Web,5,1400,160,500
2025-07-31,Kerala,10.8505,76.2711,0,7,3,36.4,1,472.84,-0.509,75.6,1044,3,App,24,1700,220,700
2024-01-24,Andaman,11.7401,92.6586,0,1,2,18.8,0,192.62,-0.51,79.92,443,1,Agent,8,900,120,300
2024-08-26,Agra,27.1767,78.0081,0,8,0,32.0,1,861.39,0.736,63.1,899,3,Web,21,1300,150,550
2025-01-11,Varanasi,25.3176,82.9739,1,1,5,18.9,0,301.87,1.0,49.49,1525,4,Agent,19,1400,160,500
2024-02-29,Manali,32.2432,77.1892,0,2,3,9.9,0,158.17,-0.013,84.27,599,2,Agent,7,1200,140,450
2024-06-08,Kerala,10.8505,76.2711,1,6,5,40.5,0,302.87,-0.152,69.71,1123,2,Agent,25,1700,220,700
2024-03-25,Andaman,11.7401,92.6586,0,3,0,30.7,0,250.5,-0.221,105.6,470,3,Web,3,900,120,300
2024-06-29,Goa,15.2993,74.124,1,6,5,41.2,0,191.1,-0.475,82.44,1326,2,App,16,2000,250,800
2024-02-09,Jaipur,26.9124,75.7873,0,2,4,24.3,0,624.33,0.64,66.15,952,2,Kiosk,6,1500,180,600
2024-03-31,Goa,15.2993,74.124,1,3,6,29.3,0,273.51,0.836,75.05,1755,2,Web,4,2000,250,800
2025-07-20,Leh,34.1526,77.5771,1,7,6,17.2,0,368.01,-0.055,95.74,565,1,Kiosk,19,600,90,220
2025-03-13,Leh,34.1526,77.5771,0,3,3,9.0,0,583.12,-0.366,93.6,520,2,Web,6,600,90,220
2025-05-02,Andaman,11.7401,92.6586,0,5,4,37.0,0,930.83,-0.2,93.44,814,2,App,4,900,120,300
2025-09-22,Kerala,10.8505,76.2711,0,9,0,28.8,0,170.58,0.312,63.65,582,2,Web,8,1700,220,700
2025-01-26,Kerala,10.8505,76.2711,1,1,6,21.1,0,284.54,0.352,65.56,1666,2,Web,3,1700,220,700
2025-06-22,Leh,34.1526,77.5771,1,6,6,20.6,0,214.22,0.423,107.61,602,2,Kiosk,13,600,90,220
2025-07-25,Jaipur,26.9124,75.7873,0,7,4,37.0,0,242.96,0.616,60.98,728,2,App,9,1500,180,600
2024-10-29,Leh,34.1526,77.5771,0,10,1,5.0,0,178.11,-0.369,95.38,223,2,Kiosk,6,600,90,220
2024-08-04,Manali,32.2432,77.1892,1,8,6,20.1,0,244.36,0.099,83.5,855,1,Web,12,1200,140,450
2024-08-07,Varanasi,25.3176,82.9739,0,8,2,32.5,0,338.51,0.841,56.04,880,2,App,13,1400,160,500
2025-06-13,Goa,15.2993,74.124,0,6,4,40.7,0,343.45,-0.381,86.74,909,2,Kiosk,12,2000,250,800
2025-02-17,Kerala,10.8505,76.2711,0,2,0,24.6,0,322.63,1.0,66.08,1153,3,Agent,14,1700,220,700
2024-03-16,Jaipur,26.9124,75.7873,1,3,5,28.6,0,77.04,0.247,62.39,1336,2,App,3,1500,180,600
2024-08-14,Agra,27.1767,78.0081,0,8,2,30.7,0,185.05,1.0,60.37,626,2,Agent,16,1300,150,550
2025-07-21,Jaipur,26.9124,75.7873,0,7,0,35.7,1,572.72,-0.867,61.27,1042,3,Kiosk,6,1500,180,600
2024-10-30,Goa,15.2993,74.124,0,10,2,25.9,0,633.5,0.433,79.12,1364,2,Web,14,2000,250,800
2025-08-08,Kerala,10.8505,76.2711,0,8,4,32.9,0,228.4,-0.111,68.01,945,2,Kiosk,11,1700,220,700
2025-09-24,Andaman,11.7401,92.6586,0,9,2,28.7,1,246.55,0.346,89.0,308,1,App,8,900,120,300
2024-09-23,Leh,34.1526,77.5771,0,9,0,9.8,0,193.95,-0.297,99.69,207,2,Agent,14,600,90,220
2025-08-12,Manali,32.2432,77.1892,0,8,1,18.8,0,73.34,0.266,74.41,567,2,Kiosk,10,1200,140,450
2024-11-06,Jaipur,26.9124,75.7873,0,11,2,19.3,0,774.2,-0.201,60.8,1195,2,Agent,20,1500,180,600
2024-09-11,Leh,34.1526,77.5771,0,9,2,11.9,0,860.69,-0.173,89.86,339,2,Kiosk,12,600,90,220
2024-11-17,Kerala,10.8505,76.2711,1,11,6,19.7,0,284.24,0.146,66.45,1100,2,Kiosk,10,1700,220,700
2024-05-12,Jaipur,26.9124,75.7873,1,5,6,36.9,0,76.47,-0.511,65.73,1231,1,App,12,1500,180,600
2024-05-19,Varanasi,25.3176,82.9739,1,5,6,35.5,0,367.08,0.109,56.33,1622,2,Agent,9,1400,160,500
2024-02-20,Agra,27.1767,78.0081,0,2,1,22.5,0,185.71,-0.202,56.2,693,2,Agent,7,1300,150,550
2024-02-18,Leh,34.1526,77.5771,1,2,6,5.1,0,176.74,0.049,91.12,442,3,Web,16,600,90,220
2024-10-01,Andaman,11.7401,92.6586,0,10,1,23.5,0,602.67,-0.587,94.46,476,1,Agent,29,900,120,300
2024-05-12,Goa,15.2993,74.124,1,5,6,40.4,0,474.24,-0.138,82.36,1944,2,Web,4,2000,250,800
2024-01-28,Manali,32.2432,77.1892,1,1,6,6.9,0,161.93,0.751,74.37,838,4,Kiosk,34,1200,140,450
2024-07-08,Jaipur,26.9124,75.7873,0,7,0,36.1,0,662.53,0.47,55.57,1512,2,Web,4,1500,180,600
2024-06-02,Varanasi,25.3176,82.9739,1,6,6,35.4,0,569.96,0.011,61.71,1399,1,Kiosk,4,1400,160,500
2024-05-10,Varanasi,25.3176,82.9739,0,5,4,35.4,0,254.23,-0.108,52.47,1013,2,Web,21,1400,160,500
2025-06-12,Leh,34.1526,77.5771,0,6,3,18.9,0,285.04,0.133,96.84,488,2,Kiosk,18,600,90,220
2024-11-11,Andaman,11.7401,92.6586,0,11,0,20.5,0,104.55,-0.888,84.08,425,2,App,32,900,120,300
2025-07-31,Manali,32.2432,77.1892,0,7,3,21.3,0,630.77,-0.121,73.17,974,1,Web,26,1200,140,450
2024-10-29,Manali,32.2432,77.1892,0,10,1,10.3,0,441.34,0.727,74.76,671,1,App,2,1200,140,450
2024-10-21,Manali,32.2432,77.1892,0,10,0,8.7,0,88.81,-0.119,73.36,402,3,Agent,1,1200,140,450
2024-03-08,Jaipur,26.9124,75.7873,0,3,4,28.1,0,150.87,-0.067,62.14,972,2,Web,14,1500,180,600
2024-06-10,Andaman,11.7401,92.6586,0,6,0,36.5,0,536.91,0.271,96.12,662,2,Kiosk,8,900,120,300
2024-03-04,Manali,32.2432,77.1892,0,3,0,14.6,1,525.04,-0.345,74.05,683,2,Kiosk,3,1200,140,450
2025-01-13,Manali,32.2432,77.1892,0,1,0,6.7,0,191.96,1.0,79.6,617,2,App,35,1200,140,450
2025-09-17,Jaipur,26.9124,75.7873,0,9,2,25.6,0,412.52,-0.319,58.56,720,2,Kiosk,19,1500,180,600
2025-05-13,Jaipur,26.9124,75.7873,0,5,1,36.0,0,233.06,0.614,51.45,1042,2,Kiosk,25,1500,180,600
2025-03-12,Kerala,10.8505,76.2711,0,3,2,30.6,0,582.1,0.779,66.83,1488,1,App,2,1700,220,700
2024-10-15,Jaipur,26.9124,75.7873,0,10,1,23.5,0,835.17,-0.343,65.06,1066,3,Kiosk,15,1500,180,600
2024-08-31,Agra,27.1767,78.0081,1,8,5,32.5,0,304.81,0.58,63.08,677,1,Web,13,1300,150,550
2024-07-12,Manali,32.2432,77.1892,0,7,4,22.8,0,111.84,0.434,75.94,766,2,Kiosk,38,1200,140,450
2024-06-13,Jaipur,26.9124,75.7873,0,6,3,41.6,0,252.27,0.353,66.24,772,1,Web,36,1500,180,600
2024-11-15,Varanasi,25.3176,82.9739,0,11,4,18.9,0,325.91,1.0,53.49,984,2,App,10,1400,160,500
2025-02-12,Agra,27.1767,78.0081,0,2,2,23.5,1,50.47,0.22,52.41,693,1,Web,11,1300,150,550
2025-02-13,Goa,15.2993,74.124,0,2,3,25.2,0,764.29,-0.117,82.4,1747,3,Agent,4,2000,250,800
2024-10-03,Goa,15.2993,74.124,0,10,3,25.0,1,723.6,-0.318,71.46,1152,3,App,8,2000,250,800
2025-05-15,Manali,32.2432,77.1892,0,5,3,22.3,0,261.23,0.591,77.81,909,2,Kiosk,10,1200,140,450
2024-01-22,Andaman,11.7401,92.6586,0,1,0,18.7,0,262.84,0.781,86.48,510,3,App,5,900,120,300
2025-04-14,Kerala,10.8505,76.2711,0,4,0,33.6,0,527.45,1.0,76.32,1316,2,Kiosk,9,1700,220,700
2025-09-21,Jaipur,26.9124,75.7873,1,9,6,27.0,0,216.3,0.817,60.87,694,1,Web,6,1500,180,600
2025-05-20,Jaipur,26.9124,75.7873,0,5,1,35.7,0,450.18,0.582,54.81,1409,1,Agent,12,1500,180,600
2024-04-28,Kerala,10.8505,76.2711,1,4,6,33.1,0,547.52,0.253,71.08,1586,3,Agent,12,1700,220,700
2024-12-14,Varanasi,25.3176,82.9739,1,12,5,16.1,0,475.69,0.323,47.44,1257,2,App,11,1400,160,500
2025-07-19,Andaman,11.7401,92.6586,1,7,5,36.6,1,492.13,-0.408,89.64,383,2,App,13,900,120,300
2025-01-19,Manali,32.2432,77.1892,1,1,6,6.9,0,259.0,0.254,77.38,950,3,Agent,17,1200,140,450
2025-05-26,Varanasi,25.3176,82.9739,0,5,0,35.8,0,1235.93,0.728,50.26,1452,2,Kiosk,11,1400,160,500
2024-03-06,Goa,15.2993,74.124,0,3,2,29.3,0,333.85,0.778,86.1,1381,1,Agent,3,2000,250,800
2025-03-01,Jaipur,26.9124,75.7873,1,3,5,27.1,0,1023.37,-0.349,62.99,2130,3,Agent,6,1500,180,600
2024-04-24,Varanasi,25.3176,82.9739,0,4,2,32.1,0,405.93,0.205,61.0,652,2,App,5,1400,160,500
2025-09-03,Goa,15.2993,74.124,0,9,2,30.7,0,301.87,0.09,72.29,909,2,Web,4,2000,250,800
2025-08-24,Andaman,11.7401,92.6586,1,8,6,32.9,0,952.34,0.352,90.29,593,1,Agent,4,900,120,300
2025-08-09,Manali,32.2432,77.1892,1,8,5,20.4,0,335.38,-0.326,82.28,805,3,Kiosk,16,1200,140,450
2024-03-29,Goa,15.2993,74.124,0,3,4,30.2,0,17.41,-0.225,81.09,806,2,Kiosk,10,2000,250,800
2024-04-06,Jaipur,26.9124,75.7873,1,4,5,32.3,0,95.09,-1.0,71.0,1246,2,App,12,1500,180,600
2025-04-03,Leh,34.1526,77.5771,0,4,3,15.7,0,575.74,-0.288,97.75,485,3,App,5,600,90,220
2024-09-17,Jaipur,26.9124,75.7873,0,9,1,28.0,0,188.67,0.061,58.95,478,3,Agent,3,1500,180,600
2025-03-24,Kerala,10.8505,76.2711,0,3,0,28.8,0,585.93,0.44,71.94,1815,2,Web,6,1700,220,700
2025-04-11,Andaman,11.7401,92.6586,0,4,4,33.4,0,1092.3,-0.325,97.89,792,2,Kiosk,17,900,120,300
2025-01-05,Kerala,10.8505,76.2711,1,1,6,19.3,0,392.49,0.163,64.82,1428,2,Agent,5,1700,220,700
2025-06-20,Andaman,11.7401,92.6586,0,6,4,37.2,1,493.83,-0.017,94.49,524,1,Kiosk,15,900,120,300
2025-05-20,Goa,15.2993,74.124,0,5,1,40.4,0,258.0,-0.334,89.44,1085,2,App,9,2000,250,800
2024-04-25,Varanasi,25.3176,82.9739,0,4,3,31.7,0,456.39,-0.092,59.79,997,3,Web,21,1400,160,500
2025-05-20,Leh,34.1526,77.5771,0,5,1,18.7,0,321.53,0.734,98.98,442,3,Kiosk,4,600,90,220
2024-04-12,Goa,15.2993,74.124,0,4,4,35.7,1,115.12,-0.274,71.81,1153,2,App,14,2000,250,800
2025-01-19,Jaipur,26.9124,75.7873,1,1,6,19.6,0,347.59,0.2,63.95,1252,2,Web,14,1500,180,600
2024-11-16,Agra,27.1767,78.0081,1,11,5,18.5,0,106.34,-0.318,59.99,942,2,Kiosk,25,1300,150,550
2025-07-27,Kerala,10.8505,76.2711,1,7,6,37.5,0,139.17,0.144,70.25,925,1,Kiosk,7,1700,220,700
2024-01-26,Agra,27.1767,78.0081,0,1,4,18.7,0,140.82,0.431,53.24,982,2,Web,2,1300,150,550
2024-03-14,Jaipur,26.9124,75.7873,0,3,3,26.4,0,586.69,-0.147,67.14,1129,2,Agent,8,1500,180,600
2024-04-22,Varanasi,25.3176,82.9739,0,4,0,34.9,0,156.0,0.923,52.54,926,2,Web,17,1400,160,500
2024-10-20,Andaman,11.7401,92.6586,1,10,6,21.2,0,88.77,0.594,92.61,468,2,Web,11,900,120,300
2025-03-04,Goa,15.2993,74.124,0,3,1,30.3,0,382.45,-0.356,91.04,1353,1,Web,8,2000,250,800
2024-11-15,Kerala,10.8505,76.2711,0,11,4,20.2,0,424.93,0.68,67.47,740,2,Agent,4,1700,220,700
2025-07-29,Leh,34.1526,77.5771,0,7,1,19.6,1,410.54,-0.771,91.52,333,1,Agent,22,600,90,220
2025-05-16,Leh,34.1526,77.5771,0,5,4,18.4,0,343.42,-0.055,103.68,289,2,Kiosk,6,600,90,220
2025-02-07,Varanasi,25.3176,82.9739,0,2,4,22.0,0,170.13,-1.0,48.78,881,4,Agent,11,1400,160,500
2024-09-01,Goa,15.2993,74.124,1,9,6,30.7,0,85.35,0.289,70.2,1188,2,Agent,18,2000,250,800
2024-10-20,Leh,34.1526,77.5771,1,10,6,4.9,0,197.7,0.195,96.0,280,3,Agent,12,600,90,220
2024-09-29,Manali,32.2432,77.1892,1,9,6,14.9,0,229.49,0.571,76.85,482,2,App,5,1200,140,450
2024-07-06,Manali,32.2432,77.1892,1,7,5,23.5,1,526.65,-0.376,76.77,983,3,Kiosk,10,1200,140,450
2024-10-04,Goa,15.2993,74.124,0,10,4,25.8,0,1035.0,0.217,85.03,1356,2,Web,11,2000,250,800
2025-08-29,Kerala,10.8505,76.2711,0,8,4,35.1,0,742.99,0.907,58.81,904,2,Agent,19,1700,220,700
2025-07-21,Agra,27.1767,78.0081,0,7,0,34.7,1,316.6,0.387,50.76,753,2,Agent,10,1300,150,550
2025-08-04,Jaipur,26.9124,75.7873,0,8,0,30.7,0,526.2,0.088,64.42,730,2,Agent,6,1500,180,600
2025-02-15,Varanasi,25.3176,82.9739,1,2,5,21.4,0,673.31,1.0,49.46,1324,1,Web,12,1400,160,500
2025-05-01,Goa,15.2993,74.124,0,5,3,40.2,0,188.69,0.449,82.92,1398,3,App,8,2000,250,800
2025-01-24,Manali,32.2432,77.1892,0,1,4,5.2,0,680.84,-0.169,75.81,670,1,Kiosk,4,1200,140,450
2024-01-14,Jaipur,26.9124,75.7873,1,1,6,21.3,0,466.3,0.12,62.93,1491,3,Agent,9,1500,180,600
2024-05-11,Andaman,11.7401,92.6586,1,5,5,37.4,0,449.72,-0.103,94.48,599,2,Web,1,900,120,300
2024-08-24,Kerala,10.8505,76.2711,1,8,5,34.6,1,35.41,-0.31,62.68,782,2,App,5,1700,220,700
2025-06-05,Andaman,11.7401,92.6586,0,6,3,39.6,1,1429.13,-0.41,85.67,648,2,Agent,3,900,120,300
2024-05-18,Varanasi,25.3176,82.9739,1,5,5,34.9,0,774.99,-0.349,46.63,1867,2,Web,11,1400,160,500
2025-07-09,Varanasi,25.3176,82.9739,0,7,2,37.0,1,102.84,-0.775,41.97,551,2,Kiosk,3,1400,160,500
2025-03-31,Varanasi,25.3176,82.9739,0,3,0,26.2,0,899.16,-0.574,45.11,1414,3,App,3,1400,160,500
2025-05-07,Varanasi,25.3176,82.9739,0,5,2,35.8,0,802.84,0.089,61.58,1121,1,Agent,19,1400,160,500
2024-09-15,Leh,34.1526,77.5771,1,9,6,11.2,0,552.96,-0.18,89.96,300,3,Agent,7,600,90,220
2024-04-02,Manali,32.2432,77.1892,0,4,1,20.5,0,805.33,0.611,80.51,848,2,Web,5,1200,140,450
2024-06-16,Varanasi,25.3176,82.9739,1,6,6,37.6,0,367.64,-0.031,51.86,1140,2,Web,17,1400,160,500
2024-09-05,Kerala,10.8505,76.2711,0,9,3,29.1,0,357.23,0.387,63.81,945,2,Web,10,1700,220,700
2025-06-08,Goa,15.2993,74.124,1,6,6,39.8,0,273.62,-0.306,85.89,1291,2,Kiosk,4,2000,250,800
2024-05-24,Agra,27.1767,78.0081,0,5,4,35.4,0,164.42,-0.881,71.9,576,2,Kiosk,11,1300,150,550
2025-06-26,Agra,27.1767,78.0081,0,6,3,38.4,1,319.15,0.566,51.11,647,3,Agent,3,1300,150,550
2024-12-12,Kerala,10.8505,76.2711,0,12,3,19.4,0,444.71,-0.147,73.88,729,2,App,5,1700,220,700
2025-03-10,Kerala,10.8505,76.2711,0,3,0,29.4,0,151.07,-0.025,73.9,932,1,Agent,2,1700,220,700
2024-10-01,Andaman,11.7401,92.6586,0,10,1,22.9,0,461.47,0.005,81.4,372,2,Agent,12,900,120,300
2024-04-08,Varanasi,25.3176,82.9739,0,4,0,33.4,0,652.24,0.16,60.31,1199,2,App,5,1400,160,500
2024-08-03,Manali,32.2432,77.1892,1,8,5,18.3,0,199.28,-1.0,63.71,917,2,App,11,1200,140,450
2024-01-04,Kerala,10.8505,76.2711,0,1,3,19.9,0,204.68,0.316,78.82,1013,2,Agent,3,1700,220,700
2025-01-16,Varanasi,25.3176,82.9739,0,1,3,19.1,0,187.22,0.478,59.02,756,2,Kiosk,12,1400,160,500
2025-05-20,Varanasi,25.3176,82.9739,0,5,1,36.2,0,251.99,0.299,56.6,913,1,Kiosk,10,1400,160,500
2024-02-11,Jaipur,26.9124,75.7873,1,2,6,21.5,0,912.68,0.792,64.56,1705,2,Kiosk,7,1500,180,600
2025-01-24,Varanasi,25.3176,82.9739,0,1,4,16.7,0,94.59,0.419,49.4,862,2,Web,10,1400,160,500
2024-11-03,Andaman,11.7401,92.6586,1,11,6,20.9,0,563.92,-0.324,93.55,682,1,Agent,9,900,120,300
2024-08-12,Goa,15.2993,74.124,0,8,0,33.5,0,424.61,0.456,82.16,1109,2,Web,4,2000,250,800
2024-10-17,Andaman,11.7401,92.6586,0,10,3,27.0,0,134.38,-0.134,92.64,398,1,Web,5,900,120,300
2024-12-25,Goa,15.2993,74.124,0,12,2,18.2,1,205.21,0.532,77.94,815,2,Web,4,2000,250,800
2025-05-08,Goa,15.2993,74.124,0,5,3,38.5,0,24.27,-0.631,88.16,1066,1,Kiosk,6,2000,250,800
2024-12-21,Leh,34.1526,77.5771,1,12,5,0.1,0,778.65,0.289,99.18,526,1,Web,8,600,90,220
2025-06-24,Andaman,11.7401,92.6586,0,6,1,38.5,0,463.06,0.216,93.64,458,2,App,5,900,120,300
2024-03-19,Manali,32.2432,77.1892,0,3,1,15.5,0,529.1,0.306,78.4,800,3,Web,24,1200,140,450
2024-11-20,Goa,15.2993,74.124,0,11,2,20.1,0,710.84,0.969,69.75,1127,2,Web,8,2000,250,800
2024-02-26,Goa,15.2993,74.124,0,2,0,24.1,0,262.0,-0.288,86.22,1107,1,App,3,2000,250,800
2025-01-19,Jaipur,26.9124,75.7873,1,1,6,19.5,1,317.83,-0.212,55.33,1119,3,Agent,6,1500,180,600
2025-02-13,Kerala,10.8505,76.2711,0,2,3,22.8,0,142.27,-0.733,66.81,1139,2,App,20,1700,220,700
2024-03-07,Manali,32.2432,77.1892,0,3,3,15.7,0,713.45,0.356,76.76,1019,2,Agent,7,1200,140,450
2024-07-28,Goa,15.2993,74.124,1,7,6,39.7,0,465.61,0.195,91.9,1185,3,Agent,3,2000,250,800
2025-08-27,Goa,15.2993,74.124,0,8,2,35.5,0,207.31,-0.166,79.74,961,2,Web,5,2000,250,800
2024-12-03,Varanasi,25.3176,82.9739,0,12,1,17.9,0,379.36,0.344,58.96,902,2,Agent,6,1400,160,500
2024-06-03,Goa,15.2993,74.124,0,6,0,40.9,0,100.11,1.0,88.85,1423,3,Kiosk,11,2000,250,800
2025-02-14,Agra,27.1767,78.0081,0,2,4,20.7,0,503.75,0.611,60.83,897,2,Agent,7,1300,150,550
2024-04-13,Kerala,10.8505,76.2711,1,4,5,32.7,0,340.46,-0.32,76.87,1115,2,App,1,1700,220,700
2025-07-26,Agra,27.1767,78.0081,1,7,5,35.9,0,597.64,0.791,53.01,980,1,App,11,1300,150,550
2024-05-08,Jaipur,26.9124,75.7873,0,5,2,34.4,0,322.54,0.178,74.58,970,1,Agent,1,1500,180,600
2025-08-17,Leh,34.1526,77.5771,1,8,6,15.1,0,609.82,-0.585,98.21,490,2,Kiosk,7,600,90,220
2024-05-24,Andaman,11.7401,92.6586,0,5,4,35.2,0,31.13,-0.009,91.03,390,3,Kiosk,6,900,120,300
2025-07-28,Goa,15.2993,74.124,0,7,0,36.5,0,313.04,0.477,78.13,833,3,App,4,2000,250,800
2024-05-14,Varanasi,25.3176,82.9739,0,5,1,36.4,0,564.36,-0.304,51.06,1086,2,Agent,12,1400,160,500
2024-09-06,Goa,15.2993,74.124,0,9,4,29.2,0,348.31,-0.026,82.43,908,2,Kiosk,9,2000,250,800
2024-02-18,Varanasi,25.3176,82.9739,1,2,6,19.9,0,463.27,0.282,51.53,1344,1,Web,3,1400,160,500
2025-03-22,Jaipur,26.9124,75.7873,1,3,5,26.6,0,313.12,-1.0,65.35,1109,1,App,12,1500,180,600
2024-10-13,Kerala,10.8505,76.2711,1,10,6,25.0,0,409.56,0.451,75.87,933,1,Web,7,1700,220,700
2024-10-02,Kerala,10.8505,76.2711,0,10,2,23.4,0,17.53,0.487,68.56,852,2,App,1,1700,220,700
2024-04-11,Varanasi,25.3176,82.9739,0,4,3,31.3,0,445.01,0.186,59.63,1083,1,Agent,5,1400,160,500
2025-07-20,Agra,27.1767,78.0081,1,7,6,37.5,0,1378.23,-0.088,65.7,1702,1,Agent,9,1300,150,550
2024-02-12,Kerala,10.8505,76.2711,0,2,0,23.8,0,207.35,-1.0,64.6,1143,2,Agent,6,1700,220,700
2025-04-21,Manali,32.2432,77.1892,0,4,0,19.2,0,206.59,0.94,71.27,806,2,Agent,19,1200,140,450
2025-07-25,Leh,34.1526,77.5771,0,7,4,18.4,0,60.1,-0.149,89.57,358,1,App,2,600,90,220
2024-11-27,Andaman,11.7401,92.6586,0,11,2,19.1,0,568.91,-0.887,86.25,377,2,Kiosk,5,900,120,300
2024-12-17,Andaman,11.7401,92.6586,0,12,1,16.9,0,231.98,0.056,90.74,474,2,Agent,8,900,120,300
2024-10-21,Andaman,11.7401,92.6586,0,10,0,21.2,0,310.32,0.396,98.13,464,3,Web,13,900,120,300
2024-10-08,Andaman,11.7401,92.6586,0,10,1,23.6,0,290.19,0.437,96.72,447,3,App,5,900,120,300
2024-06-12,Leh,34.1526,77.5771,0,6,2,19.7,0,415.94,0.329,97.49,435,2,App,1,600,90,220
2024-01-23,Varanasi,25.3176,82.9739,0,1,1,17.2,0,272.69,-0.822,51.63,924,3,Web,2,1400,160,500
2024-01-18,Manali,32.2432,77.1892,0,1,3,6.3,0,977.54,-0.368,76.91,1175,2,Kiosk,7,1200,140,450
2025-01-22,Jaipur,26.9124,75.7873,0,1,2,21.7,0,479.9,-0.323,65.08,999,2,App,17,1500,180,600
2024-01-26,Kerala,10.8505,76.2711,0,1,4,19.7,0,1445.1,-0.168,55.63,1823,2,App,4,1700,220,700
2024-05-14,Goa,15.2993,74.124,0,5,1,39.9,0,719.71,0.106,86.27,1221,2,Web,3,2000,250,800
2024-11-22,Kerala,10.8505,76.2711,0,11,4,20.2,0,840.55,1.0,68.35,1686,1,Agent,21,1700,220,700
2025-03-14,Varanasi,25.3176,82.9739,0,3,4,25.5,0,246.4,0.637,58.38,743,3,Web,22,1400,160,500
2024-11-28,Kerala,10.8505,76.2711,0,11,3,21.7,0,465.23,0.447,67.43,1066,3,Web,15,1700,220,700
2025-08-28,Goa,15.2993,74.124,0,8,3,35.5,0,802.92,-0.674,83.48,1367,3,Agent,19,2000,250,800
2024-09-03,Manali,32.2432,77.1892,0,9,1,15.6,0,219.21,-0.691,69.6,459,2,Kiosk,13,1200,140,450
2025-09-16,Leh,34.1526,77.5771,0,9,1,10.6,0,211.19,0.1,92.85,217,2,Web,4,600,90,220
2024-07-21,Varanasi,25.3176,82.9739,1,7,6,37.1,0,176.08,-0.449,57.19,1068,3,Kiosk,5,1400,160,500
2025-08-16,Leh,34.1526,77.5771,1,8,5,14.9,0,347.59,0.523,93.73,451,3,Web,7,600,90,220
2024-10-14,Varanasi,25.3176,82.9739,0,10,0,21.7,0,767.22,0.601,53.77,997,3,App,9,1400,160,500
2024-11-09,Jaipur,26.9124,75.7873,1,11,5,20.2,0,610.0,0.169,62.29,912,3,App,15,1500,180,600
2025-01-05,Jaipur,26.9124,75.7873,1,1,6,19.4,0,197.9,-0.273,75.46,1043,2,Kiosk,7,1500,180,600
2025-02-01,Varanasi,25.3176,82.9739,1,2,5,22.1,0,776.28,0.462,53.27,1407,2,App,3,1400,160,500
2024-09-22,Manali,32.2432,77.1892,1,9,6,14.3,0,373.21,-0.378,71.78,567,2,Kiosk,9,1200,140,450
2024-09-29,Agra,27.1767,78.0081,1,9,6,24.6,0,921.1,0.528,55.21,1013,4,Kiosk,14,1300,150,550
2025-09-15,Manali,32.2432,77.1892,0,9,0,16.8,0,1013.71,0.124,69.04,626,2,App,5,1200,140,450
2024-07-20,Andaman,11.7401,92.6586,1,7,5,35.6,0,304.6,0.455,85.54,448,2,App,22,900,120,300
2024-03-18,Andaman,11.7401,92.6586,0,3,0,29.9,0,523.24,-0.119,101.6,615,2,Kiosk,21,900,120,300
2024-08-10,Manali,32.2432,77.1892,1,8,5,22.4,0,614.35,-0.173,71.95,1055,2,Web,1,1200,140,450
2024-09-23,Varanasi,25.3176,82.9739,0,9,0,26.5,1,378.46,-1.0,51.76,563,2,Web,26,1400,160,500
2024-05-08,Varanasi,25.3176,82.9739,0,5,2,35.8,0,717.14,-0.226,53.72,1210,1,Kiosk,7,1400,160,500
2025-01-27,Andaman,11.7401,92.6586,0,1,0,18.9,0,845.23,0.507,97.23,727,2,Agent,21,900,120,300
2024-10-16,Leh,34.1526,77.5771,0,10,2,6.5,0,128.94,0.82,88.67,201,2,Web,11,600,90,220
2024-12-12,Kerala,10.8505,76.2711,0,12,3,19.2,0,339.05,-0.956,61.96,1188,3,Kiosk,17,1700,220,700
2024-04-15,Andaman,11.7401,92.6586,0,4,0,33.3,1,192.21,-0.639,98.32,483,3,Web,4,900,120,300
2024-12-26,Andaman,11.7401,92.6586,0,12,3,19.0,0,251.68,0.289,91.05,357,2,Agent,14,900,120,300
2024-12-23,Jaipur,26.9124,75.7873,0,12,0,18.0,0,615.69,-0.423,56.52,1053,3,Agent,12,1500,180,600
2025-02-06,Goa,15.2993,74.124,0,2,3,24.7,0,352.04,0.192,76.41,1207,3,Kiosk,9,2000,250,800
2024-01-20,Manali,32.2432,77.1892,1,1,5,4.9,0,839.98,1.0,73.0,1299,2,Web,16,1200,140,450
2025-07-09,Varanasi,25.3176,82.9739,0,7,2,35.3,0,663.29,-0.223,48.41,966,3,Kiosk,27,1400,160,500
2024-06-13,Manali,32.2432,77.1892,0,6,3,25.0,0,787.22,0.139,76.81,1410,2,App,13,1200,140,450
2025-08-30,Manali,32.2432,77.1892,1,8,5,19.1,0,302.58,-0.368,75.72,702,2,Agent,30,1200,140,450
2024-11-07,Goa,15.2993,74.124,0,11,3,22.9,0,207.71,0.838,87.9,1238,3,Kiosk,33,2000,250,800
2024-03-05,Kerala,10.8505,76.2711,0,3,1,27.5,0,1164.91,1.0,65.8,2108,1,Kiosk,18,1700,220,700
2024-04-11,Kerala,10.8505,76.2711,0,4,3,33.1,1,357.86,-0.161,74.21,1346,2,Agent,45,1700,220,700
2025-06-11,Goa,15.2993,74.124,0,6,2,40.1,0,356.72,0.665,86.3,1045,2,App,9,2000,250,800
2024-08-18,Kerala,10.8505,76.2711,1,8,6,32.3,0,703.91,-0.317,65.02,1439,3,App,9,1700,220,700
2024-12-20,Kerala,10.8505,76.2711,0,12,4,19.2,0,130.19,0.392,62.07,921,2,Agent,1,1700,220,700
2024-02-10,Kerala,10.8505,76.2711,1,2,5,24.2,0,294.93,-0.033,68.95,1536,2,Agent,8,1700,220,700
2025-09-13,Jaipur,26.9124,75.7873,1,9,5,28.7,0,226.82,-0.577,61.32,733,2,Web,6,1500,180,600
2025-08-28,Leh,34.1526,77.5771,0,8,3,15.3,0,338.43,-0.024,101.39,339,1,Kiosk,5,600,90,220
2024-04-19,Jaipur,26.9124,75.7873,0,4,4,33.3,0,611.25,1.0,59.82,1321,1,Kiosk,5,1500,180,600
2024-11-26,Varanasi,25.3176,82.9739,0,11,1,19.8,0,158.06,0.998,49.31,908,1,Kiosk,15,1400,160,500
2025-05-30,Varanasi,25.3176,82.9739,0,5,4,36.1,0,136.29,-0.284,60.94,831,3,App,5,1400,160,500
2025-03-05,Manali,32.2432,77.1892,0,3,2,14.1,1,623.81,0.683,75.63,710,1,Web,1,1200,140,450
2025-03-11,Goa,15.2993,74.124,0,3,1,29.6,0,914.93,0.613,84.57,1744,3,App,22,2000,250,800
2025-07-11,Kerala,10.8505,76.2711,0,7,4,38.8,0,117.28,0.769,81.98,755,2,Web,38,1700,220,700
2025-02-14,Agra,27.1767,78.0081,0,2,4,21.7,0,613.54,0.237,54.02,1048,2,App,9,1300,150,550
2025-03-29,Goa,15.2993,74.124,1,3,5,30.3,0,224.41,0.107,85.32,1474,2,App,17,2000,250,800
2025-09-17,Varanasi,25.3176,82.9739,0,9,2,27.2,0,213.45,0.535,48.77,654,3,App,16,1400,160,500
2024-03-03,Jaipur,26.9124,75.7873,1,3,6,24.9,0,396.13,0.206,59.23,1328,2,App,20,1500,180,600
2025-03-28,Leh,34.1526,77.5771,0,3,4,10.0,0,235.26,-0.014,98.82,355,3,Web,21,600,90,220
2025-05-20,Agra,27.1767,78.0081,0,5,1,36.0,0,288.3,0.445,61.16,1051,2,App,3,1300,150,550
2025-02-26,Kerala,10.8505,76.2711,0,2,2,24.4,1,96.08,-0.332,69.88,1139,3,Web,20,1700,220,700
2024-03-22,Kerala,10.8505,76.2711,0,3,4,29.7,0,265.63,0.034,71.71,1315,2,App,20,1700,220,700
2024-07-12,Varanasi,25.3176,82.9739,0,7,4,36.1,0,259.22,-0.137,51.71,677,1,Kiosk,7,1400,160,500
2025-02-28,Jaipur,26.9124,75.7873,0,2,4,24.4,0,850.87,-0.474,73.14,1399,3,Agent,9,1500,180,600
2024-01-02,Manali,32.2432,77.1892,0,1,1,6.6,0,79.06,0.346,76.77,675,2,Web,5,1200,140,450
2025-05-23,Jaipur,26.9124,75.7873,0,5,4,37.2,0,373.6,-0.737,65.62,1394,2,Agent,2,1500,180,600
2024-05-12,Kerala,10.8505,76.2711,1,5,6,36.5,0,346.5,0.662,67.01,1563,2,App,24,1700,220,700
2024-08-15,Andaman,11.7401,92.6586,0,8,3,31.5,0,379.52,-0.222,95.49,284,3,Agent,1,900,120,300
2024-10-03,Jaipur,26.9124,75.7873,0,10,3,24.3,0,366.43,0.339,63.82,843,2,App,12,1500,180,600
2024-08-11,Manali,32.2432,77.1892,1,8,6,18.9,1,742.34,0.118,76.99,856,3,App,19,1200,140,450
2025-08-23,Agra,27.1767,78.0081,1,8,5,29.9,0,176.81,-0.578,51.96,789,2,Agent,12,1300,150,550
2024-03-06,Andaman,11.7401,92.6586,0,3,2,28.2,0,464.61,0.26,97.56,473,2,App,5,900,120,300
2024-11-02,Varanasi,25.3176,82.9739,1,11,5,17.5,0,343.49,-0.345,53.41,742,3,App,9,1400,160,500
2025-04-18,Leh,34.1526,77.5771,0,4,4,15.0,0,1620.67,0.089,102.18,646,2,Agent,15,600,90,220
2025-07-12,Varanasi,25.3176,82.9739,1,7,5,34.8,0,236.49,0.104,48.3,1066,2,Kiosk,2,1400,160,500
2025-09-09,Andaman,11.7401,92.6586,0,9,1,25.9,0,171.16,-0.176,88.84,309,1,Kiosk,1,900,120,300
2024-01-05,Agra,27.1767,78.0081,0,1,4,18.2,0,316.57,0.915,48.48,892,1,Agent,4,1300,150,550
2024-11-16,Agra,27.1767,78.0081,1,11,5,19.0,0,234.35,0.737,56.8,697,5,Kiosk,9,1300,150,550
2025-06-26,Kerala,10.8505,76.2711,0,6,3,38.0,0,800.86,1.0,60.66,1586,3,Kiosk,2,1700,220,700
2025-01-05,Agra,27.1767,78.0081,1,1,6,19.4,1,121.91,-0.016,62.94,783,3,Kiosk,1,1300,150,550
2025-06-14,Kerala,10.8505,76.2711,1,6,5,38.8,0,51.49,0.02,71.09,1192,2,App,8,1700,220,700
2025-01-19,Manali,32.2432,77.1892,1,1,6,5.8,0,681.95,0.872,80.85,1122,3,Agent,5,1200,140,450
2024-04-26,Agra,27.1767,78.0081,0,4,4,31.9,0,259.28,0.393,64.9,996,1,Web,11,1300,150,550
2024-03-25,Manali,32.2432,77.1892,0,3,0,14.2,0,112.54,0.376,74.01,361,1,App,14,1200,140,450
2024-06-16,Jaipur,26.9124,75.7873,1,6,6,37.0,0,71.13,-0.03,58.88,904,3,App,4,1500,180,600
2024-12-13,Goa,15.2993,74.124,0,12,4,20.5,0,206.71,-0.592,83.96,1136,2,Kiosk,2,2000,250,800
2025-06-26,Varanasi,25.3176,82.9739,0,6,3,36.1,1,893.67,0.076,50.04,1192,2,Kiosk,7,1400,160,500
2024-02-05,Varanasi,25.3176,82.9739,0,2,0,22.6,0,270.5,0.378,49.4,958,3,Kiosk,11,1400,160,500
2024-04-05,Goa,15.2993,74.124,0,4,4,35.7,0,414.03,0.089,84.36,1418,2,Kiosk,15,2000,250,800
2025-06-15,Leh,34.1526,77.5771,1,6,6,19.7,0,685.86,0.023,95.56,510,2,Agent,11,600,90,220
2025-04-23,Agra,27.1767,78.0081,0,4,2,31.5,0,667.1,-0.179,62.43,1366,3,Web,10,1300,150,550
2024-11-20,Agra,27.1767,78.0081,0,11,2,18.8,0,290.53,1.0,57.54,790,2,Agent,9,1300,150,550
2025-06-02,Jaipur,26.9124,75.7873,0,6,0,39.0,0,603.76,0.188,61.29,1144,2,Kiosk,9,1500,180,600
2024-08-10,Andaman,11.7401,92.6586,1,8,5,33.7,0,373.14,0.087,86.37,556,2,Agent,9,900,120,300
2024-06-04,Jaipur,26.9124,75.7873,0,6,1,37.2,0,395.43,-0.29,73.93,1198,3,Web,15,1500,180,600
2024-04-23,Andaman,11.7401,92.6586,0,4,1,34.2,0,897.34,-0.051,95.29,621,2,Agent,9,900,120,300
2024-12-14,Leh,34.1526,77.5771,1,12,5,0.8,1,332.44,-0.012,90.21,402,2,Agent,3,600,90,220
2025-07-06,Leh,34.1526,77.5771,1,7,6,19.0,0,314.95,-0.093,100.14,532,2,Web,15,600,90,220
2024-10-25,Kerala,10.8505,76.2711,0,10,4,24.6,0,1319.92,0.023,67.57,1969,2,App,1,1700,220,700
2024-06-15,Varanasi,25.3176,82.9739,1,6,5,36.7,1,555.8,-0.076,55.7,928,2,Web,18,1400,160,500
2024-03-15,Kerala,10.8505,76.2711,0,3,4,29.2,0,255.53,-0.419,80.26,1366,3,Agent,10,1700,220,700
2025-08-29,Manali,32.2432,77.1892,0,8,4,19.9,0,235.51,-0.603,68.19,629,2,Web,9,1200,140,450
2025-03-11,Kerala,10.8505,76.2711,0,3,1,30.2,0,498.35,0.017,70.89,1419,3,Kiosk,2,1700,220,700
2025-06-17,Kerala,10.8505,76.2711,0,6,1,39.5,0,605.08,0.349,69.38,1289,3,App,6,1700,220,700
2024-08-11,Varanasi,25.3176,82.9739,1,8,6,32.2,0,594.51,0.553,49.47,1026,2,Kiosk,7,1400,160,500
2024-03-10,Varanasi,25.3176,82.9739,1,3,6,25.2,0,818.53,-0.356,43.75,1300,2,Kiosk,4,1400,160,500
2025-04-23,Jaipur,26.9124,75.7873,0,4,2,33.1,0,478.43,0.494,70.55,1254,2,Kiosk,11,1500,180,600
2025-03-05,Kerala,10.8505,76.2711,0,3,2,29.1,0,545.24,0.39,72.16,1386,2,Agent,10,1700,220,700
2024-08-23,Agra,27.1767,78.0081,0,8,4,31.2,0,207.96,-0.425,56.12,682,2,App,6,1300,150,550
2024-08-08,Varanasi,25.3176,82.9739,0,8,3,31.9,0,231.77,0.009,56.32,473,4,Agent,14,1400,160,500
2025-03-16,Andaman,11.7401,92.6586,1,3,6,29.5,0,277.25,-0.334,92.37,559,3,Kiosk,11,900,120,300
2025-05-21,Jaipur,26.9124,75.7873,0,5,2,36.7,0,289.86,0.228,66.8,1142,1,Agent,2,1500,180,600
2025-06-25,Agra,27.1767,78.0081,0,6,2,37.2,0,698.37,0.701,60.52,1153,1,Agent,6,1300,150,550
2024-11-12,Leh,34.1526,77.5771,0,11,1,-0.5,0,190.22,-0.815,81.82,271,2,App,6,600,90,220
2024-01-24,Leh,34.1526,77.5771,0,1,2,0.8,0,519.72,0.479,99.46,374,1,Kiosk,17,600,90,220
2024-12-09,Kerala,10.8505,76.2711,0,12,0,20.2,0,203.41,0.215,61.24,821,1,Web,11,1700,220,700
2024-01-24,Goa,15.2993,74.124,0,1,2,20.5,0,367.58,-0.171,82.55,1705,3,Web,1,2000,250,800
2025-03-01,Varanasi,25.3176,82.9739,1,3,5,28.8,0,925.07,-0.444,49.67,1877,2,Kiosk,1,1400,160,500
2024-11-18,Manali,32.2432,77.1892,0,11,0,5.5,0,240.69,0.301,68.72,517,2,Agent,14,1200,140,450
2024-12-04,Varanasi,25.3176,82.9739,0,12,2,17.5,0,317.47,0.096,52.7,864,1,Kiosk,13,1400,160,500
2024-05-14,Andaman,11.7401,92.6586,0,5,1,35.1,0,86.86,0.29,100.28,401,3,App,1,900,120,300
2024-05-16,Manali,32.2432,77.1892,0,5,3,23.9,0,970.39,-0.204,77.77,1002,2,App,16,1200,140,450
2025-08-15,Andaman,11.7401,92.6586,0,8,4,32.8,0,376.28,0.236,81.71,409,2,App,9,900,120,300
2025-03-30,Kerala,10.8505,76.2711,1,3,6,29.4,0,398.02,0.117,69.82,1624,2,Agent,7,1700,220,700
2025-01-14,Andaman,11.7401,92.6586,0,1,1,19.0,0,183.52,0.365,88.74,367,1,Agent,8,900,120,300
2025-06-22,Andaman,11.7401,92.6586,1,6,6,38.1,0,252.64,0.21,94.97,519,2,Web,9,900,120,300
2024-11-13,Andaman,11.7401,92.6586,0,11,2,18.8,0,180.87,-0.368,93.93,374,1,Kiosk,1,900,120,300
2025-08-11,Jaipur,26.9124,75.7873,0,8,0,33.6,0,75.61,1.0,61.35,644,2,Kiosk,26,1500,180,600
2024-04-21,Jaipur,26.9124,75.7873,1,4,6,32.2,0,443.17,0.042,60.21,1272,1,Web,8,1500,180,600
2024-11-17,Kerala,10.8505,76.2711,1,11,6,21.8,0,611.36,0.106,56.2,1153,2,Kiosk,17,1700,220,700
2024-09-21,Andaman,11.7401,92.6586,1,9,5,28.6,1,620.15,0.204,77.79,474,3,Agent,2,900,120,300
2024-05-16,Goa,15.2993,74.124,0,5,3,38.1,0,703.32,-1.0,82.94,1453,4,Kiosk,1,2000,250,800
2025-02-26,Agra,27.1767,78.0081,0,2,2,20.8,0,119.62,-0.545,61.77,695,2,Agent,10,1300,150,550
2025-07-07,Goa,15.2993,74.124,0,7,0,38.7,0,585.28,-0.255,86.5,1180,1,Agent,8,2000,250,800
2024-07-16,Agra,27.1767,78.0081,0,7,1,34.9,0,426.32,0.304,60.76,965,2,Kiosk,17,1300,150,550
2024-02-15,Andaman,11.7401,92.6586,0,2,3,24.4,0,160.69,0.084,106.7,359,1,Agent,13,900,120,300
2025-02-12,Manali,32.2432,77.1892,0,2,2,11.1,0,209.39,-0.194,67.33,735,1,Kiosk,16,1200,140,450
2025-06-17,Kerala,10.8505,76.2711,0,6,1,37.8,0,356.88,-0.269,66.17,1102,3,Web,9,1700,220,700
2025-01-29,Varanasi,25.3176,82.9739,0,1,2,17.5,0,465.28,0.976,45.56,1057,2,App,20,1400,160,500
2025-08-31,Manali,32.2432,77.1892,1,8,6,21.5,1,129.29,-0.784,79.11,841,2,Agent,13,1200,140,450
2024-04-19,Jaipur,26.9124,75.7873,0,4,4,34.8,0,352.27,-0.574,55.57,984,1,App,26,1500,180,600
2024-05-26,Leh,34.1526,77.5771,1,5,6,18.4,0,996.11,-1.0,92.26,564,2,Kiosk,3,600,90,220
2024-04-12,Agra,27.1767,78.0081,0,4,4,32.9,0,236.74,-0.296,58.36,655,1,Kiosk,28,1300,150,550
2024-03-24,Leh,34.1526,77.5771,1,3,6,10.7,0,267.89,0.121,90.05,395,2,App,5,600,90,220
2024-11-22,Jaipur,26.9124,75.7873,0,11,4,20.3,0,214.55,-0.818,63.38,816,2,Kiosk,7,1500,180,600
2025-09-23,Leh,34.1526,77.5771,0,9,1,11.7,0,449.9,0.091,90.84,229,1,Kiosk,8,600,90,220
2024-09-21,Agra,27.1767,78.0081,1,9,5,24.3,0,426.52,0.046,63.37,668,2,Kiosk,7,1300,150,550
2025-04-06,Kerala,10.8505,76.2711,1,4,6,35.0,0,860.51,0.627,69.17,2253,3,App,3,1700,220,700
2025-07-18,Leh,34.1526,77.5771,0,7,4,20.3,0,597.82,0.875,96.74,434,2,Kiosk,16,600,90,220
2025-05-13,Leh,34.1526,77.5771,0,5,1,16.6,0,642.7,0.205,104.84,465,2,Web,9,600,90,220
2024-04-14,Goa,15.2993,74.124,1,4,6,35.7,0,333.49,0.001,86.44,1630,2,Web,4,2000,250,800
2025-08-16,Manali,32.2432,77.1892,1,8,5,19.2,1,635.13,-0.291,69.49,1090,2,Kiosk,2,1200,140,450
2024-03-05,Goa,15.2993,74.124,0,3,1,30.3,0,752.99,-0.331,82.28,1880,3,Agent,20,2000,250,800
2024-09-18,Varanasi,25.3176,82.9739,0,9,2,28.0,0,203.61,0.368,53.87,536,2,Kiosk,34,1400,160,500
2024-09-06,Leh,34.1526,77.5771,0,9,4,9.1,0,480.27,-0.064,89.91,257,2,App,6,600,90,220
2025-08-08,Jaipur,26.9124,75.7873,0,8,4,33.1,0,888.86,0.404,61.93,896,1,Web,7,1500,180,600
2025-07-02,Jaipur,26.9124,75.7873,0,7,2,37.8,0,528.94,0.406,59.01,971,2,App,10,1500,180,600
2025-02-21,Jaipur,26.9124,75.7873,0,2,4,23.7,1,511.05,-0.978,65.13,947,2,Kiosk,8,1500,180,600
2025-05-08,Jaipur,26.9124,75.7873,0,5,3,38.3,0,463.46,-0.416,57.21,1216,2,Web,2,1500,180,600
2025-03-06,Leh,34.1526,77.5771,0,3,3,8.9,0,165.32,-0.411,102.0,362,3,App,7,600,90,220
2024-10-31,Manali,32.2432,77.1892,0,10,3,9.3,0,225.78,0.652,72.36,525,2,Agent,17,1200,140,450
2024-11-03,Leh,34.1526,77.5771,1,11,6,2.0,0,140.42,0.686,82.78,313,2,App,13,600,90,220
2024-09-06,Agra,27.1767,78.0081,0,9,4,25.6,0,571.43,-0.356,58.19,849,1,Web,22,1300,150,550
2025-07-10,Agra,27.1767,78.0081,0,7,3,36.8,0,411.96,0.113,50.32,602,1,App,18,1300,150,550
2024-05-23,Kerala,10.8505,76.2711,0,5,3,39.7,0,229.81,0.38,77.6,905,2,Agent,9,1700,220,700
2024-03-05,Varanasi,25.3176,82.9739,0,3,1,24.6,0,416.35,0.888,49.94,1128,1,Web,3,1400,160,500
2024-11-05,Goa,15.2993,74.124,0,11,1,20.2,0,324.29,0.454,79.88,927,2,Web,10,2000,250,800
2024-07-18,Andaman,11.7401,92.6586,0,7,3,35.5,0,794.48,-0.099,94.6,534,2,Agent,6,900,120,300
2024-11-05,Jaipur,26.9124,75.7873,0,11,1,19.2,0,111.71,0.196,60.52,657,2,Agent,13,1500,180,600
2024-07-26,Agra,27.1767,78.0081,0,7,4,35.2,0,676.26,0.254,54.42,672,2,Agent,15,1300,150,550
2025-08-01,Andaman,11.7401,92.6586,0,8,4,32.5,1,314.79,-0.922,83.05,383,1,Kiosk,2,900,120,300
2025-03-01,Agra,27.1767,78.0081,1,3,5,27.2,0,523.38,0.174,54.84,1049,3,App,10,1300,150,550
2024-09-14,Andaman,11.7401,92.6586,1,9,5,29.9,0,1236.74,-1.0,84.27,681,2,Agent,1,900,120,300
2024-11-07,Manali,32.2432,77.1892,0,11,3,7.2,0,509.68,-0.887,69.91,735,2,Kiosk,22,1200,140,450
2024-05-28,Agra,27.1767,78.0081,0,5,1,36.8,1,423.9,-0.611,54.12,1076,2,Agent,4,1300,150,550
2024-11-30,Andaman,11.7401,92.6586,1,11,5,20.6,0,586.01,0.35,79.44,525,1,Web,14,900,120,300
2024-08-18,Kerala,10.8505,76.2711,1,8,6,32.8,0,355.29,0.59,72.18,960,2,App,5,1700,220,700
2025-08-12,Manali,32.2432,77.1892,0,8,1,18.6,0,502.34,0.046,70.0,827,2,Agent,14,1200,140,450
2025-04-22,Leh,34.1526,77.5771,0,4,1,13.9,0,190.4,-0.721,96.65,348,1,Kiosk,5,600,90,220
2024-04-19,Kerala,10.8505,76.2711,0,4,4,32.7,0,984.95,0.049,76.58,1610,2,Agent,18,1700,220,700
2024-03-08,Varanasi,25.3176,82.9739,0,3,4,26.4,0,74.59,0.025,52.85,830,2,Web,19,1400,160,500
2025-01-15,Leh,34.1526,77.5771,0,1,2,-0.2,0,346.79,-0.125,108.32,359,1,App,7,600,90,220
2024-07-16,Varanasi,25.3176,82.9739,0,7,1,35.8,1,77.53,0.403,52.45,696,3,App,5,1400,160,500
2024-04-24,Jaipur,26.9124,75.7873,0,4,2,32.5,0,109.24,0.476,59.03,718,2,Kiosk,11,1500,180,600
2025-03-27,Varanasi,25.3176,82.9739,0,3,3,26.5,0,224.68,-0.115,53.27,1055,1,App,4,1400,160,500
2024-11-29,Andaman,11.7401,92.6586,0,11,4,19.8,0,47.4,0.462,85.28,361,1,Web,14,900,120,300
2024-08-19,Leh,34.1526,77.5771,0,8,0,14.3,0,182.71,0.132,87.42,446,2,Agent,9,600,90,220
2025-05-08,Manali,32.2432,77.1892,0,5,3,24.8,0,430.78,-0.1,70.19,770,3,Web,12,1200,140,450
2024-10-21,Leh,34.1526,77.5771,0,10,0,3.4,0,515.65,-0.194,112.26,320,3,Kiosk,11,600,90,220
2025-04-22,Leh,34.1526,77.5771,0,4,1,15.4,0,183.9,0.435,103.48,408,1,Web,15,600,90,220
2025-01-13,Manali,32.2432,77.1892,0,1,0,6.7,1,232.93,0.325,71.28,653,2,App,17,1200,140,450
2024-05-24,Kerala,10.8505,76.2711,0,5,4,38.0,0,1133.63,0.048,72.54,1403,1,Kiosk,14,1700,220,700
2025-01-03,Jaipur,26.9124,75.7873,0,1,4,18.7,0,152.96,1.0,62.36,1073,1,App,9,1500,180,600
2024-09-20,Kerala,10.8505,76.2711,0,9,4,28.7,0,84.02,0.165,66.93,773,2,App,15,1700,220,700
2024-05-03,Leh,34.1526,77.5771,0,5,4,19.1,0,485.83,0.141,89.88,455,1,Web,10,600,90,220
2024-09-03,Goa,15.2993,74.124,0,9,1,30.2,0,444.95,0.198,77.21,1054,2,Web,8,2000,250,800
2024-07-26,Leh,34.1526,77.5771,0,7,4,19.1,0,1107.63,-0.601,104.66,620,2,Web,9,600,90,220
2024-06-09,Andaman,11.7401,92.6586,1,6,6,37.7,0,872.95,0.188,96.1,661,3,Web,22,900,120,300
2025-09-09,Kerala,10.8505,76.2711,0,9,1,29.3,0,300.88,-0.624,59.55,670,2,Web,3,1700,220,700
2024-03-25,Manali,32.2432,77.1892,0,3,0,15.1,0,323.36,-0.482,72.53,574,3,App,19,1200,140,450
2025-04-04,Leh,34.1526,77.5771,0,4,4,13.1,0,432.4,-0.228,102.41,310,2,App,6,600,90,220
2024-07-04,Manali,32.2432,77.1892,0,7,3,25.0,0,177.35,-0.139,69.74,816,3,App,27,1200,140,450
2024-08-19,Goa,15.2993,74.124,0,8,0,34.7,0,204.48,-0.289,69.37,857,2,Kiosk,17,2000,250,800
2024-02-26,Manali,32.2432,77.1892,0,2,0,8.7,0,247.81,0.905,75.02,640,2,Agent,29,1200,140,450
2024-08-12,Leh,34.1526,77.5771,0,8,0,13.8,0,132.0,-0.111,89.03,302,3,Kiosk,26,600,90,220
2024-06-11,Kerala,10.8505,76.2711,0,6,1,38.9,0,420.38,0.195,71.67,800,2,App,1,1700,220,700
2024-12-03,Kerala,10.8505,76.2711,0,12,1,21.0,0,533.3,-0.527,71.62,1058,1,App,29,1700,220,700
2025-03-28,Kerala,10.8505,76.2711,0,3,4,29.2,0,545.85,0.041,80.36,1324,3,Kiosk,3,1700,220,700
2025-05-16,Andaman,11.7401,92.6586,0,5,4,35.2,0,997.5,0.484,97.01,882,2,Web,5,900,120,300
2024-06-23,Varanasi,25.3176,82.9739,1,6,6,36.0,0,290.39,-0.068,51.93,1159,3,Web,16,1400,160,500
2024-12-27,Andaman,11.7401,92.6586,0,12,4,16.9,0,230.15,-0.233,89.43,381,1,Agent,2,900,120,300
2024-04-23,Varanasi,25.3176,82.9739,0,4,1,31.6,0,357.04,-0.538,49.27,1337,3,Web,32,1400,160,500
2024-11-28,Kerala,10.8505,76.2711,0,11,3,21.9,0,235.31,-0.787,63.1,683,3,Web,8,1700,220,700
2024-05-08,Agra,27.1767,78.0081,0,5,2,37.0,0,447.12,0.121,64.37,1190,2,App,1,1300,150,550
2025-05-16,Varanasi,25.3176,82.9739,0,5,4,35.4,0,673.69,0.019,51.66,1255,2,Kiosk,31,1400,160,500
2024-06-09,Kerala,10.8505,76.2711,1,6,6,38.8,0,841.54,0.398,62.47,1640,3,Agent,12,1700,220,700
2025-09-06,Manali,32.2432,77.1892,1,9,5,16.5,1,438.35,-0.364,80.54,679,2,App,13,1200,140,450
2024-01-11,Manali,32.2432,77.1892,0,1,3,5.8,0,903.38,-0.032,70.98,1031,3,Kiosk,8,1200,140,450
2025-02-25,Kerala,10.8505,76.2711,0,2,1,23.0,0,109.97,0.532,79.47,1220,3,Web,8,1700,220,700
2024-01-11,Agra,27.1767,78.0081,0,1,3,17.4,0,932.35,-0.889,56.03,1010,1,Agent,13,1300,150,550
2024-12-19,Agra,27.1767,78.0081,0,12,3,17.3,0,383.35,0.078,66.85,783,2,App,14,1300,150,550
2024-04-01,Goa,15.2993,74.124,0,4,0,35.3,0,911.29,0.869,84.63,2121,2,Agent,7,2000,250,800
2024-07-24,Jaipur,26.9124,75.7873,0,7,2,36.7,0,287.08,-0.431,63.81,658,2,Web,10,1500,180,600
2025-04-30,Jaipur,26.9124,75.7873,0,4,2,32.5,0,535.27,0.767,62.39,1174,1,Agent,13,1500,180,600
2024-10-08,Leh,34.1526,77.5771,0,10,1,3.0,0,223.14,-1.0,96.63,221,3,Agent,16,600,90,220
2024-11-12,Goa,15.2993,74.124,0,11,1,22.7,0,366.09,-0.717,77.52,1136,2,Kiosk,4,2000,250,800
2025-09-19,Jaipur,26.9124,75.7873,0,9,4,28.1,0,687.82,0.509,66.17,876,2,Web,16,1500,180,600
2024-05-29,Leh,34.1526,77.5771,0,5,2,19.8,0,803.91,-0.012,100.13,443,2,Agent,15,600,90,220
2024-10-07,Andaman,11.7401,92.6586,0,10,0,22.2,0,1029.48,0.584,92.9,572,3,App,26,900,120,300
2024-09-18,Manali,32.2432,77.1892,0,9,2,14.6,0,153.48,0.483,74.2,465,1,Web,20,1200,140,450
2025-03-06,Leh,34.1526,77.5771,0,3,3,10.7,0,131.21,0.782,96.88,375,2,Agent,24,600,90,220
2024-05-23,Manali,32.2432,77.1892,0,5,3,22.8,1,1282.76,0.811,79.36,1105,2,Agent,1,1200,140,450
2025-08-31,Goa,15.2993,74.124,1,8,6,33.7,0,139.16,1.0,68.83,1031,3,App,19,2000,250,800
2024-03-17,Goa,15.2993,74.124,1,3,6,31.9,0,782.15,-0.151,85.08,1950,2,Agent,4,2000,250,800
2025-06-16,Manali,32.2432,77.1892,0,6,0,24.4,0,124.59,0.37,79.72,782,3,Web,13,1200,140,450
2024-02-17,Andaman,11.7401,92.6586,1,2,5,21.5,0,387.85,0.226,85.47,588,1,App,5,900,120,300
2024-07-07,Kerala,10.8505,76.2711,1,7,6,37.8,0,1410.7,0.006,61.79,2149,2,Agent,10,1700,220,700
2024-11-29,Varanasi,25.3176,82.9739,0,11,4,19.7,0,637.22,0.494,47.9,861,2,Kiosk,31,1400,160,500
2024-11-08,Leh,34.1526,77.5771,0,11,4,1.1,0,340.11,0.8,90.38,271,3,Web,21,600,90,220
2024-03-06,Varanasi,25.3176,82.9739,0,3,2,29.4,0,630.72,-0.694,51.66,1134,3,Agent,11,1400,160,500
2024-01-11,Kerala,10.8505,76.2711,0,1,3,19.7,0,1314.54,-0.362,81.65,1602,2,App,19,1700,220,700
2024-01-11,Andaman,11.7401,92.6586,0,1,3,21.4,0,221.18,-0.227,97.41,540,2,App,3,900,120,300
2025-05-22,Leh,34.1526,77.5771,0,5,3,18.8,0,834.09,-0.077,103.32,402,2,App,9,600,90,220
2024-04-18,Jaipur,26.9124,75.7873,0,4,3,32.5,1,290.36,0.444,56.17,1090,2,Web,9,1500,180,600
2024-04-15,Agra,27.1767,78.0081,0,4,0,32.5,0,151.26,0.308,63.16,910,2,Kiosk,22,1300,150,550
2025-08-02,Goa,15.2993,74.124,1,8,5,35.5,0,385.33,0.572,70.24,1738,3,App,6,2000,250,800
2024-12-29,Goa,15.2993,74.124,1,12,6,19.9,1,147.79,1.0,82.68,1328,2,App,11,2000,250,800
2024-03-14,Agra,27.1767,78.0081,0,3,3,29.1,0,787.52,0.439,49.35,1273,3,Web,26,1300,150,550
2024-11-04,Agra,27.1767,78.0081,0,11,0,18.3,0,282.55,0.693,51.76,645,2,Agent,19,1300,150,550
2025-05-19,Jaipur,26.9124,75.7873,0,5,0,37.3,0,369.73,0.116,64.84,998,2,Agent,7,1500,180,600
2025-07-03,Kerala,10.8505,76.2711,0,7,3,36.7,0,1487.24,-0.975,74.1,1257,2,Agent,12,1700,220,700
2025-04-07,Kerala,10.8505,76.2711,0,4,0,33.6,0,655.82,0.608,74.05,1501,3,App,17,1700,220,700
2024-10-17,Varanasi,25.3176,82.9739,0,10,3,23.7,0,26.89,0.069,50.96,583,2,App,10,1400,160,500
2024-02-01,Leh,34.1526,77.5771,0,2,3,5.4,1,164.7,-0.509,100.03,318,2,Agent,7,600,90,220
2025-04-03,Kerala,10.8505,76.2711,0,4,3,34.3,0,323.28,-1.0,77.79,1397,2,Agent,11,1700,220,700
2025-09-02,Jaipur,26.9124,75.7873,0,9,1,27.9,0,105.29,0.366,65.3,559,2,App,4,1500,180,600
2024-08-26,Manali,32.2432,77.1892,0,8,0,20.1,1,502.13,0.12,75.26,840,3,App,9,1200,140,450
2024-12-02,Kerala,10.8505,76.2711,0,12,0,18.6,0,18.22,0.161,67.61,797,2,Kiosk,9,1700,220,700
2025-03-31,Andaman,11.7401,92.6586,0,3,0,29.1,0,52.82,0.733,101.58,454,2,App,15,900,120,300
2024-05-05,Varanasi,25.3176,82.9739,1,5,6,35.1,0,713.74,-0.975,52.25,1172,2,Kiosk,15,1400,160,500
2024-12-08,Manali,32.2432,77.1892,1,12,6,4.5,0,142.58,0.023,80.62,800,3,Web,7,1200,140,450
2024-02-25,Goa,15.2993,74.124,1,2,6,24.9,0,498.7,0.206,80.12,1976,3,Agent,19,2000,250,800
2025-04-15,Varanasi,25.3176,82.9739,0,4,1,31.2,0,47.15,-0.391,53.42,754,2,Web,21,1400,160,500
2025-09-15,Andaman,11.7401,92.6586,0,9,0,28.9,0,139.37,0.546,78.14,370,3,Kiosk,24,900,120,300
2024-11-02,Manali,32.2432,77.1892,1,11,5,6.9,0,609.76,-0.086,79.03,864,2,Web,16,1200,140,450
2024-10-11,Manali,32.2432,77.1892,0,10,4,13.0,0,94.75,0.386,65.99,584,3,Web,6,1200,140,450
2024-05-07,Jaipur,26.9124,75.7873,0,5,1,36.9,0,178.0,-0.024,66.11,1162,2,App,11,1500,180,600
2024-12-17,Jaipur,26.9124,75.7873,0,12,1,18.4,0,213.65,-0.005,68.47,758,2,App,4,1500,180,600
2024-10-18,Leh,34.1526,77.5771,0,10,4,4.0,0,224.42,0.389,93.44,272,2,Web,15,600,90,220
2025-09-19,Manali,32.2432,77.1892,0,9,4,17.1,0,228.9,-0.896,66.58,376,3,App,10,1200,140,450
2025-06-05,Kerala,10.8505,76.2711,0,6,3,38.3,0,514.01,0.703,66.15,993,2,Web,10,1700,220,700
2024-05-10,Andaman,11.7401,92.6586,0,5,4,36.7,0,688.73,-0.411,92.16,742,3,App,6,900,120,300
2025-05-12,Agra,27.1767,78.0081,0,5,0,34.9,0,994.27,-0.241,57.67,1675,2,Kiosk,17,1300,150,550
2024-10-11,Jaipur,26.9124,75.7873,0,10,4,21.8,0,555.19,-0.081,65.63,1006,1,Agent,5,1500,180,600
2024-03-11,Jaipur,26.9124,75.7873,0,3,0,27.2,1,154.49,-0.183,66.49,899,2,App,23,1500,180,600
2024-06-27,Manali,32.2432,77.1892,0,6,3,24.7,0,334.53,-0.233,78.87,1012,3,Web,10,1200,140,450
2024-06-30,Manali,32.2432,77.1892,1,6,6,26.7,1,883.56,0.44,76.27,1394,1,App,3,1200,140,450
2025-03-25,Manali,32.2432,77.1892,0,3,1,13.1,0,442.32,0.485,80.69,889,1,App,7,1200,140,450
2025-05-11,Varanasi,25.3176,82.9739,1,5,6,34.8,0,347.86,0.245,53.95,1111,2,App,11,1400,160,500
2025-08-27,Goa,15.2993,74.124,0,8,2,34.2,0,829.79,0.414,78.4,1245,1,Web,9,2000,250,800
2025-09-12,Kerala,10.8505,76.2711,0,9,4,28.2,0,227.26,-0.318,74.6,495,3,Agent,19,1700,220,700
2024-12-10,Varanasi,25.3176,82.9739,0,12,1,19.3,0,146.53,0.338,50.93,915,3,App,24,1400,160,500
2024-02-03,Leh,34.1526,77.5771,1,2,5,4.2,0,1287.45,0.061,100.57,845,2,Web,3,600,90,220
2024-04-17,Goa,15.2993,74.124,0,4,2,35.3,0,395.92,-0.27,76.54,1359,3,Agent,20,2000,250,800
2025-03-07,Agra,27.1767,78.0081,0,3,4,27.3,0,165.94,0.501,59.73,966,1,Kiosk,8,1300,150,550
2025-01-03,Goa,15.2993,74.124,0,1,4,21.3,0,404.54,0.0,77.69,1484,1,App,12,2000,250,800
2025-09-21,Manali,32.2432,77.1892,1,9,6,15.2,1,334.97,-0.478,79.68,541,2,Web,10,1200,140,450
2025-03-30,Kerala,10.8505,76.2711,1,3,6,27.6,0,50.53,-0.485,67.15,959,1,Web,2,1700,220,700
2024-10-21,Varanasi,25.3176,82.9739,0,10,0,22.0,0,696.77,-0.493,50.46,991,2,Web,3,1400,160,500
2024-10-13,Manali,32.2432,77.1892,1,10,6,10.0,0,452.69,0.908,72.46,711,2,Web,9,1200,140,450
2024-06-24,Manali,32.2432,77.1892,0,6,0,26.6,0,359.94,-0.285,71.71,1159,3,Agent,4,1200,140,450
2024-02-15,Jaipur,26.9124,75.7873,0,2,3,24.2,0,379.33,0.987,71.53,884,3,App,13,1500,180,600
2025-02-13,Leh,34.1526,77.5771,0,2,3,4.1,0,148.88,-0.432,92.34,258,2,App,18,600,90,220
2024-01-24,Leh,34.1526,77.5771,0,1,2,1.6,0,304.83,-0.198,98.72,419,3,Agent,6,600,90,220
2024-08-17,Jaipur,26.9124,75.7873,1,8,5,33.1,1,312.0,0.813,57.55,1143,2,App,18,1500,180,600
2025-05-02,Manali,32.2432,77.1892,0,5,4,24.0,0,341.41,-0.415,76.59,910,3,App,11,1200,140,450
2024-11-09,Varanasi,25.3176,82.9739,1,11,5,19.4,0,369.19,0.136,49.35,904,1,Kiosk,9,1400,160,500
2024-10-17,Jaipur,26.9124,75.7873,0,10,3,20.8,0,683.5,0.019,58.09,1168,2,Agent,3,1500,180,600
2025-06-04,Kerala,10.8505,76.2711,0,6,2,38.8,0,660.76,0.12,69.36,1320,2,Kiosk,5,1700,220,700
2024-07-08,Leh,34.1526,77.5771,0,7,0,18.7,0,942.94,0.062,98.07,655,2,Web,6,600,90,220
2025-09-18,Andaman,11.7401,92.6586,0,9,3,27.4,0,906.36,0.619,92.64,527,3,Agent,14,900,120,300
2024-12-21,Goa,15.2993,74.124,1,12,5,19.4,0,1110.1,0.576,78.19,2684,2,Kiosk,17,2000,250,800
2024-07-22,Kerala,10.8505,76.2711,0,7,0,38.0,0,1275.3,-0.149,75.82,1520,3,Kiosk,10,1700,220,700
2025-05-20,Agra,27.1767,78.0081,0,5,1,36.5,0,773.92,0.304,70.5,1316,3,Agent,9,1300,150,550
2025-09-17,Jaipur,26.9124,75.7873,0,9,2,29.0,1,265.05,0.157,56.09,690,1,App,6,1500,180,600
2025-01-15,Andaman,11.7401,92.6586,0,1,2,20.6,0,398.55,-0.352,95.89,557,1,Web,12,900,120,300
2024-02-25,Manali,32.2432,77.1892,1,2,6,9.7,0,363.96,0.957,69.52,881,3,Web,5,1200,140,450
2025-01-29,Leh,34.1526,77.5771,0,1,2,2.7,0,544.26,-0.239,93.33,344,2,Web,6,600,90,220
2024-06-29,Leh,34.1526,77.5771,1,6,5,20.7,0,349.06,0.355,111.04,417,2,App,9,600,90,220
2024-01-22,Agra,27.1767,78.0081,0,1,0,17.7,0,128.53,0.419,50.29,710,3,Kiosk,8,1300,150,550
2025-02-13,Varanasi,25.3176,82.9739,0,2,3,23.2,0,243.03,-0.034,49.17,883,2,Kiosk,8,1400,160,500
2025-03-15,Agra,27.1767,78.0081,1,3,5,26.1,0,291.24,0.305,49.12,1106,3,App,10,1300,150,550
2024-02-26,Manali,32.2432,77.1892,0,2,0,12.8,0,64.84,-0.265,83.58,754,2,Agent,1,1200,140,450
2024-05-17,Agra,27.1767,78.0081,0,5,4,37.5,0,478.24,-0.379,62.23,860,1,Agent,20,1300,150,550
2024-11-10,Goa,15.2993,74.124,1,11,6,23.0,0,71.91,0.436,80.29,1002,2,Agent,11,2000,250,800
2024-06-15,Leh,34.1526,77.5771,1,6,5,19.5,0,328.32,0.564,96.53,599,3,App,2,600,90,220
2025-02-28,Jaipur,26.9124,75.7873,0,2,4,21.7,1,551.95,-0.451,53.34,1087,2,Kiosk,4,1500,180,600
2024-03-15,Agra,27.1767,78.0081,0,3,4,27.1,0,149.94,0.657,53.26,1079,2,Kiosk,1,1300,150,550
2025-08-30,Andaman,11.7401,92.6586,1,8,5,32.7,0,394.13,0.823,94.5,513,2,Kiosk,13,900,120,300
2025-01-28,Kerala,10.8505,76.2711,0,1,1,19.2,0,1117.46,0.636,68.09,1713,3,Agent,17,1700,220,700
2025-06-18,Manali,32.2432,77.1892,0,6,2,27.4,0,419.14,0.302,82.9,950,2,App,7,1200,140,450
2025-04-13,Varanasi,25.3176,82.9739,1,4,6,31.1,0,763.6,-0.51,51.04,1324,2,Kiosk,20,1400,160,500
2024-03-22,Leh,34.1526,77.5771,0,3,4,7.9,1,320.72,0.528,101.99,426,2,App,2,600,90,220
2024-12-10,Andaman,11.7401,92.6586,0,12,1,17.1,0,234.41,0.7,94.4,442,2,Agent,7,900,120,300
2025-04-12,Jaipur,26.9124,75.7873,1,4,5,34.8,0,1080.75,-0.688,67.55,1922,2,Agent,12,1500,180,600
2025-07-15,Kerala,10.8505,76.2711,0,7,1,37.2,1,428.16,-1.0,69.3,1250,3,Kiosk,30,1700,220,700
2025-05-03,Agra,27.1767,78.0081,1,5,5,37.6,0,520.4,-0.32,58.41,1293,3,Web,13,1300,150,550
2025-07-07,Jaipur,26.9124,75.7873,0,7,0,35.3,0,342.84,0.418,57.34,1100,2,Web,20,1500,180,600
2025-08-11,Goa,15.2993,74.124,0,8,0,34.7,0,1161.8,-0.078,79.35,1756,2,Kiosk,6,2000,250,800
2025-08-22,Kerala,10.8505,76.2711,0,8,4,34.5,0,646.81,0.224,75.07,965,3,Kiosk,12,1700,220,700
2024-10-27,Andaman,11.7401,92.6586,1,10,6,24.0,0,310.75,-0.321,92.24,619,2,Agent,25,900,120,300
2024-06-11,Kerala,10.8505,76.2711,0,6,1,40.7,0,124.48,0.715,66.35,1224,1,Agent,19,1700,220,700
2025-05-24,Kerala,10.8505,76.2711,1,5,5,38.8,0,818.49,0.185,77.89,1677,3,Web,2,1700,220,700
2024-02-10,Varanasi,25.3176,82.9739,1,2,5,21.5,0,1524.42,-0.512,47.73,2157,2,Kiosk,14,1400,160,500
2025-02-28,Andaman,11.7401,92.6586,0,2,4,23.9,0,649.73,-0.466,99.09,746,1,Kiosk,8,900,120,300
2024-05-14,Varanasi,25.3176,82.9739,0,5,1,35.4,0,602.96,-0.226,58.43,1216,2,Web,12,1400,160,500
2024-05-29,Kerala,10.8505,76.2711,0,5,2,39.9,0,421.48,0.064,68.81,1334,2,Kiosk,10,1700,220,700
2025-01-12,Goa,15.2993,74.124,1,1,6,22.4,0,322.54,0.236,74.75,1809,2,App,3,2000,250,800
2024-05-10,Kerala,10.8505,76.2711,0,5,4,36.7,0,530.4,-0.608,72.87,1450,2,App,11,1700,220,700
2024-07-29,Manali,32.2432,77.1892,0,7,0,24.5,0,259.55,0.208,75.93,628,2,Kiosk,10,1200,140,450
2025-03-23,Andaman,11.7401,92.6586,1,3,6,30.4,0,91.1,-0.64,105.19,620,2,Agent,13,900,120,300
2024-01-24,Jaipur,26.9124,75.7873,0,1,2,19.1,0,163.43,0.217,66.56,1017,2,Kiosk,20,1500,180,600
2024-09-21,Kerala,10.8505,76.2711,1,9,5,29.2,0,177.04,0.335,69.02,651,2,Agent,16,1700,220,700
2024-09-09,Agra,27.1767,78.0081,0,9,0,26.0,1,796.88,-0.235,52.93,458,2,App,14,1300,150,550
2025-04-06,Varanasi,25.3176,82.9739,1,4,6,32.5,0,365.5,0.472,46.96,1128,2,Kiosk,4,1400,160,500
2025-06-25,Andaman,11.7401,92.6586,0,6,2,36.4,0,117.1,0.305,97.38,336,2,Agent,11,900,120,300
2024-06-03,Varanasi,25.3176,82.9739,0,6,0,37.6,1,223.68,-0.769,47.81,665,3,Agent,5,1400,160,500
2024-11-30,Agra,27.1767,78.0081,1,11,5,16.1,0,90.05,-0.568,57.43,774,2,App,6,1300,150,550
2025-07-10,Leh,34.1526,77.5771,0,7,3,17.2,0,98.57,-0.33,106.05,414,4,Kiosk,8,600,90,220
2025-07-03,Varanasi,25.3176,82.9739,0,7,3,35.0,0,258.58,0.468,54.52,777,2,App,24,1400,160,500
2025-09-06,Goa,15.2993,74.124,1,9,5,30.0,0,338.73,0.458,73.97,969,2,App,25,2000,250,800
2025-02-15,Agra,27.1767,78.0081,1,2,5,23.7,0,607.17,0.516,59.24,1246,1,Kiosk,22,1300,150,550
2025-04-11,Andaman,11.7401,92.6586,0,4,4,33.3,0,206.65,0.279,92.56,396,3,Web,13,900,120,300
2024-02-15,Leh,34.1526,77.5771,0,2,3,5.8,0,140.26,0.382,94.84,373,2,App,2,600,90,220
2025-08-17,Varanasi,25.3176,82.9739,1,8,6,32.4,0,266.52,0.738,54.76,795,1,Kiosk,8,1400,160,500
2024-01-04,Kerala,10.8505,76.2711,0,1,3,20.9,1,197.24,-0.98,76.65,892,2,App,22,1700,220,700
2025-04-12,Andaman,11.7401,92.6586,1,4,5,31.8,0,586.97,0.418,86.84,704,3,Web,8,900,120,300
2024-03-20,Manali,32.2432,77.1892,0,3,2,14.4,0,69.71,0.723,67.93,563,3,App,7,1200,140,450
2025-06-13,Agra,27.1767,78.0081,0,6,4,36.5,0,276.57,1.0,59.49,857,3,Web,8,1300,150,550
2024-05-03,Andaman,11.7401,92.6586,0,5,4,36.6,0,318.19,-0.533,92.05,486,2,Web,9,900,120,300
2024-03-05,Andaman,11.7401,92.6586,0,3,1,28.8,0,303.68,-0.266,92.37,515,2,App,4,900,120,300
2024-04-05,Agra,27.1767,78.0081,0,4,4,31.8,0,92.5,0.858,61.94,781,2,Kiosk,18,1300,150,550
2024-11-23,Jaipur,26.9124,75.7873,1,11,5,19.3,0,242.32,0.044,60.05,824,2,Kiosk,19,1500,180,600
2024-03-28,Leh,34.1526,77.5771,0,3,3,10.8,0,466.87,-0.348,96.45,421,2,Agent,12,600,90,220
2024-06-23,Andaman,11.7401,92.6586,1,6,6,36.6,0,1597.48,0.678,91.44,1207,3,Agent,20,900,120,300
2025-05-06,Kerala,10.8505,76.2711,0,5,1,37.7,1,15.85,0.79,69.4,868,2,Kiosk,13,1700,220,700
2025-09-06,Goa,15.2993,74.124,1,9,5,30.4,0,1122.35,-0.187,87.33,1613,2,Agent,13,2000,250,800
2025-03-14,Kerala,10.8505,76.2711,0,3,4,31.0,0,694.27,-0.419,67.27,1390,2,Web,33,1700,220,700
2025-01-27,Goa,15.2993,74.124,0,1,0,21.2,0,59.78,0.377,80.69,1079,2,Web,12,2000,250,800
2024-11-26,Andaman,11.7401,92.6586,0,11,1,21.4,0,107.36,0.106,97.43,462,2,Web,12,900,120,300
2025-07-28,Andaman,11.7401,92.6586,0,7,0,34.8,0,121.34,0.151,97.04,352,2,App,13,900,120,300
2024-04-29,Andaman,11.7401,92.6586,0,4,0,33.3,0,438.41,-0.083,91.61,564,3,Kiosk,9,900,120,300
2024-02-15,Varanasi,25.3176,82.9739,0,2,3,22.0,0,519.13,-0.018,55.62,1274,3,Web,19,1400,160,500
2024-01-19,Andaman,11.7401,92.6586,0,1,4,19.5,1,503.1,0.73,97.1,555,1,Agent,7,900,120,300
2024-12-08,Leh,34.1526,77.5771,1,12,6,-0.2,0,277.01,-0.308,101.57,292,3,Web,10,600,90,220
2024-11-04,Varanasi,25.3176,82.9739,0,11,0,18.4,0,38.32,0.222,41.88,635,1,Kiosk,6,1400,160,500
2024-06-21,Agra,27.1767,78.0081,0,6,4,37.5,0,159.53,-0.331,60.03,733,2,App,4,1300,150,550
2025-03-17,Andaman,11.7401,92.6586,0,3,0,30.2,0,408.52,0.119,93.59,668,1,Agent,15,900,120,300
2025-05-12,Agra,27.1767,78.0081,0,5,0,35.9,0,334.09,0.825,57.51,639,3,Agent,24,1300,150,550
2024-04-06,Agra,27.1767,78.0081,1,4,5,31.6,0,266.63,0.261,63.95,1099,2,Kiosk,17,1300,150,550
2024-10-06,Andaman,11.7401,92.6586,1,10,6,22.3,0,1013.8,0.157,86.92,733,2,App,11,900,120,300
2024-01-21,Manali,32.2432,77.1892,1,1,6,6.4,0,329.1,-0.986,67.2,864,2,Kiosk,17,1200,140,450
2024-10-08,Agra,27.1767,78.0081,0,10,1,22.7,1,202.6,-0.224,51.85,636,3,Web,18,1300,150,550
2025-01-22,Varanasi,25.3176,82.9739,0,1,2,18.6,0,345.14,0.424,51.26,957,2,App,22,1400,160,500
2025-04-05,Kerala,10.8505,76.2711,1,4,5,33.4,0,178.12,0.522,71.68,1513,2,Agent,1,1700,220,700
2024-07-14,Leh,34.1526,77.5771,1,7,6,20.1,0,212.95,-0.169,103.66,528,2,Kiosk,6,600,90,220
2025-08-06,Jaipur,26.9124,75.7873,0,8,2,33.1,0,253.63,0.474,66.83,650,1,Agent,9,1500,180,600
2025-07-28,Agra,27.1767,78.0081,0,7,0,35.4,0,267.21,-0.126,52.04,672,1,Agent,17,1300,150,550
2024-12-02,Agra,27.1767,78.0081,0,12,0,17.3,0,156.66,-0.708,56.3,621,2,Agent,32,1300,150,550
2024-02-01,Jaipur,26.9124,75.7873,0,2,3,22.3,0,122.77,0.375,64.75,855,2,Agent,21,1500,180,600
2025-06-12,Leh,34.1526,77.5771,0,6,3,19.5,0,321.75,0.425,105.85,587,3,App,10,600,90,220
2024-01-04,Goa,15.2993,74.124,0,1,3,20.7,0,260.48,-0.373,82.04,1267,2,Agent,19,2000,250,800
2024-09-08,Varanasi,25.3176,82.9739,1,9,6,27.6,0,737.43,0.229,51.54,957,2,Agent,12,1400,160,500
2024-02-22,Andaman,11.7401,92.6586,0,2,3,20.8,0,955.13,0.061,87.58,520,2,Web,1,900,120,300
2025-05-19,Jaipur,26.9124,75.7873,0,5,0,36.9,0,311.85,-0.992,67.09,1098,1,App,8,1500,180,600
2024-05-03,Agra,27.1767,78.0081,0,5,4,35.1,1,127.44,-0.032,63.15,779,1,App,12,1300,150,550
2025-02-07,Andaman,11.7401,92.6586,0,2,4,23.4,0,504.8,0.503,99.49,462,2,Web,6,900,120,300
2024-01-25,Kerala,10.8505,76.2711,0,1,3,20.1,0,469.19,-0.133,60.94,1306,2,App,5,1700,220,700
2024-01-04,Agra,27.1767,78.0081,0,1,3,17.8,0,581.9,-0.059,59.4,1008,2,Kiosk,38,1300,150,550
2024-03-11,Varanasi,25.3176,82.9739,0,3,0,27.4,0,739.61,0.936,57.4,1327,1,Kiosk,9,1400,160,500
2024-01-10,Agra,27.1767,78.0081,0,1,2,19.5,0,476.83,1.0,57.25,1236,2,Kiosk,14,1300,150,550
2024-04-19,Varanasi,25.3176,82.9739,0,4,4,31.2,0,166.38,-0.006,55.69,968,3,Agent,15,1400,160,500
2025-06-23,Kerala,10.8505,76.2711,0,6,0,38.7,0,208.76,0.047,71.92,1091,2,Web,22,1700,220,700
2024-09-26,Agra,27.1767,78.0081,0,9,3,28.5,0,831.7,-0.218,62.82,825,2,Agent,8,1300,150,550
2024-07-26,Kerala,10.8505,76.2711,0,7,4,36.4,0,159.18,0.004,67.37,984,1,Web,21,1700,220,700
2025-08-14,Varanasi,25.3176,82.9739,0,8,3,31.3,0,508.52,-0.679,48.14,767,2,App,8,1400,160,500
2025-02-01,Agra,27.1767,78.0081,1,2,5,20.9,0,312.94,1.0,54.37,1089,2,App,11,1300,150,550
2024-03-09,Goa,15.2993,74.124,1,3,5,31.0,0,92.41,1.0,77.1,1452,2,Web,22,2000,250,800
2024-10-26,Agra,27.1767,78.0081,1,10,5,22.2,0,580.04,0.317,48.91,992,2,Kiosk,28,1300,150,550
2024-04-18,Manali,32.2432,77.1892,0,4,3,20.9,0,202.86,-0.102,75.51,606,2,Agent,4,1200,140,450
2025-04-10,Kerala,10.8505,76.2711,0,4,3,35.1,1,489.51,0.358,70.75,1039,2,Web,16,1700,220,700
2024-05-20,Manali,32.2432,77.1892,0,5,0,23.3,0,253.31,0.269,66.71,824,2,Web,2,1200,140,450
2024-06-17,Jaipur,26.9124,75.7873,0,6,0,37.3,0,429.37,0.444,65.47,986,1,Agent,3,1500,180,600
2025-02-28,Goa,15.2993,74.124,0,2,4,24.1,0,440.62,0.238,79.9,1559,2,Kiosk,23,2000,250,800
2025-01-18,Andaman,11.7401,92.6586,1,1,5,18.0,0,282.53,1.0,92.42,570,2,Web,24,900,120,300
2025-08-08,Agra,27.1767,78.0081,0,8,4,31.4,0,245.04,0.043,55.51,468,1,Agent,33,1300,150,550
2024-06-07,Jaipur,26.9124,75.7873,0,6,4,38.8,0,417.81,0.823,67.4,1260,3,Agent,14,1500,180,600
2025-07-24,Manali,32.2432,77.1892,0,7,3,24.8,0,448.71,0.499,76.04,990,2,Web,12,1200,140,450
2024-04-24,Andaman,11.7401,92.6586,0,4,2,32.5,0,285.4,0.044,88.65,699,2,App,34,900,120,300
2024-11-11,Varanasi,25.3176,82.9739,0,11,0,18.1,0,259.16,-0.398,44.81,888,3,App,8,1400,160,500
2024-02-06,Varanasi,25.3176,82.9739,0,2,1,22.1,0,346.04,-0.02,57.15,846,2,App,7,1400,160,500
2024-09-04,Jaipur,26.9124,75.7873,0,9,2,28.5,0,82.61,-0.263,59.21,692,2,App,16,1500,180,600
2025-09-06,Varanasi,25.3176,82.9739,1,9,5,26.9,0,600.35,1.0,59.2,662,3,Web,6,1400,160,500
2024-06-14,Goa,15.2993,74.124,0,6,4,38.2,0,93.65,0.243,72.63,781,2,Kiosk,3,2000,250,800
2024-02-01,Kerala,10.8505,76.2711,0,2,3,23.8,1,659.11,-0.383,71.74,979,3,Kiosk,18,1700,220,700
2024-12-16,Andaman,11.7401,92.6586,0,12,0,18.0,0,240.08,0.81,81.04,481,3,App,18,900,120,300
2024-04-01,Leh,34.1526,77.5771,0,4,0,15.4,0,767.79,0.173,96.73,386,2,App,13,600,90,220
2025-05-31,Goa,15.2993,74.124,1,5,5,39.2,0,677.63,-0.566,79.53,2260,2,Kiosk,6,2000,250,800
2025-03-19,Jaipur,26.9124,75.7873,0,3,2,27.8,0,337.25,1.0,58.84,1308,2,Kiosk,7,1500,180,600
2024-10-03,Manali,32.2432,77.1892,0,10,3,10.1,0,649.38,0.087,72.92,676,2,Agent,23,1200,140,450
2024-09-06,Varanasi,25.3176,82.9739,0,9,4,26.6,0,1001.89,-0.069,46.64,1069,2,Agent,17,1400,160,500
2025-03-04,Manali,32.2432,77.1892,0,3,1,14.8,0,168.19,0.22,74.47,637,2,Web,11,1200,140,450
2024-01-05,Manali,32.2432,77.1892,0,1,4,6.9,0,818.97,-0.201,70.13,1077,2,Agent,4,1200,140,450
2025-05-16,Goa,15.2993,74.124,0,5,4,36.9,0,174.34,-0.002,73.7,872,2,Web,3,2000,250,800
2024-04-12,Kerala,10.8505,76.2711,0,4,4,32.7,0,106.51,0.72,69.54,985,1,App,9,1700,220,700
2025-09-22,Andaman,11.7401,92.6586,0,9,0,28.2,0,507.18,0.541,83.43,343,2,Kiosk,18,900,120,300
2024-09-21,Varanasi,25.3176,82.9739,1,9,5,27.1,1,113.21,0.126,54.78,642,2,App,6,1400,160,500
2024-05-02,Andaman,11.7401,92.6586,0,5,3,36.8,0,1112.33,-1.0,102.39,628,3,App,16,900,120,300
2024-10-13,Jaipur,26.9124,75.7873,1,10,6,22.4,0,235.07,-0.109,65.7,966,2,Kiosk,11,1500,180,600
2024-10-21,Agra,27.1767,78.0081,0,10,0,24.4,0,301.67,0.328,58.98,642,2,Kiosk,20,1300,150,550
2025-04-22,Manali,32.2432,77.1892,0,4,1,20.7,1,2142.73,-0.148,89.69,1419,2,App,6,1200,140,450
2024-03-23,Varanasi,25.3176,82.9739,1,3,5,27.3,0,427.83,-0.077,49.83,1510,1,Agent,3,1400,160,500
2024-01-10,Andaman,11.7401,92.6586,0,1,2,19.1,0,403.97,0.55,85.78,454,2,App,3,900,120,300
2025-01-19,Leh,34.1526,77.5771,1,1,6,1.5,0,880.19,-0.576,101.49,536,3,Web,8,600,90,220
2025-06-27,Agra,27.1767,78.0081,0,6,4,35.8,0,232.4,0.606,64.44,867,1,Kiosk,10,1300,150,550
2024-07-10,Leh,34.1526,77.5771,0,7,2,19.9,0,254.62,-0.126,98.42,360,2,Web,19,600,90,220
2024-12-19,Varanasi,25.3176,82.9739,0,12,3,16.2,0,233.83,0.469,51.2,853,2,Web,27,1400,160,500
2024-10-24,Jaipur,26.9124,75.7873,0,10,3,23.6,0,458.38,0.404,69.28,1019,2,Kiosk,35,1500,180,600
2024-01-15,Kerala,10.8505,76.2711,0,1,0,20.8,0,363.32,-0.031,71.77,993,2,Agent,26,1700,220,700
2025-03-23,Manali,32.2432,77.1892,1,3,6,15.9,0,1112.66,-0.527,77.07,1359,3,App,16,1200,140,450
2024-03-15,Goa,15.2993,74.124,0,3,4,31.2,0,711.0,0.839,81.4,1463,2,Kiosk,26,2000,250,800
2024-01-29,Manali,32.2432,77.1892,0,1,0,5.6,0,272.96,0.414,81.04,684,3,Web,7,1200,140,450
2025-05-25,Andaman,11.7401,92.6586,1,5,6,37.9,0,405.0,-0.813,97.53,633,3,Web,17,900,120,300
2025-02-20,Andaman,11.7401,92.6586,0,2,3,24.0,0,438.03,0.201,98.28,551,1,App,16,900,120,300
2024-07-16,Goa,15.2993,74.124,0,7,1,40.4,0,246.75,0.91,74.85,775,2,App,11,2000,250,800
2025-01-16,Varanasi,25.3176,82.9739,0,1,3,19.7,0,161.28,0.393,53.36,971,2,Web,15,1400,160,500
2024-06-13,Agra,27.1767,78.0081,0,6,3,37.2,0,257.12,0.212,55.55,854,1,App,9,1300,150,550
2024-12-30,Andaman,11.7401,92.6586,0,12,0,19.0,0,177.65,0.42,88.93,424,3,Agent,36,900,120,300
2024-04-07,Kerala,10.8505,76.2711,1,4,6,35.1,0,250.84,-0.062,69.25,1204,2,Agent,9,1700,220,700
2024-04-05,Varanasi,25.3176,82.9739,0,4,4,32.5,0,60.31,-0.201,46.76,827,3,Agent,8,1400,160,500
2024-04-23,Jaipur,26.9124,75.7873,0,4,1,32.8,0,508.04,0.731,57.2,1699,3,App,22,1500,180,600
2025-06-14,Kerala,10.8505,76.2711,1,6,5,39.6,0,387.87,-0.006,75.52,1619,2,Agent,16,1700,220,700
2024-09-02,Agra,27.1767,78.0081,0,9,0,28.1,0,207.41,0.123,55.87,640,2,App,11,1300,150,550
2024-07-27,Leh,34.1526,77.5771,1,7,5,18.6,0,892.93,0.857,106.88,733,2,App,27,600,90,220
2025-01-02,Varanasi,25.3176,82.9739,0,1,3,18.8,0,246.05,-0.623,49.9,722,2,App,22,1400,160,500
2024-01-22,Kerala,10.8505,76.2711,0,1,0,21.6,0,224.99,-0.87,60.94,836,3,Agent,2,1700,220,700
2025-08-27,Leh,34.1526,77.5771,0,8,2,16.9,0,210.29,0.33,95.76,235,3,Kiosk,9,600,90,220
2025-08-02,Jaipur,26.9124,75.7873,1,8,5,32.9,0,192.82,-0.192,62.19,694,1,Agent,4,1500,180,600
2025-04-14,Varanasi,25.3176,82.9739,0,4,0,33.4,0,610.23,0.333,53.65,1118,2,Kiosk,2,1400,160,500
2024-05-14,Kerala,10.8505,76.2711,0,5,1,38.4,0,669.38,0.231,63.49,1653,3,App,30,1700,220,700
2024-03-02,Andaman,11.7401,92.6586,1,3,5,28.5,0,172.56,0.342,98.13,460,2,Kiosk,2,900,120,300
2025-08-18,Manali,32.2432,77.1892,0,8,0,19.5,0,779.48,0.104,74.56,1020,2,Agent,4,1200,140,450
2024-05-10,Andaman,11.7401,92.6586,0,5,4,37.5,0,305.18,-0.14,96.15,491,1,App,9,900,120,300
2024-05-08,Manali,32.2432,77.1892,0,5,2,22.2,0,848.52,1.0,83.12,1223,1,Agent,1,1200,140,450
2024-04-01,Agra,27.1767,78.0081,0,4,0,31.3,0,302.68,-0.037,63.02,899,3,Kiosk,14,1300,150,550
2024-09-29,Kerala,10.8505,76.2711,1,9,6,28.3,0,301.47,0.196,61.15,876,3,Kiosk,33,1700,220,700
2025-09-04,Kerala,10.8505,76.2711,0,9,3,30.4,0,140.61,-0.463,70.0,575,1,Web,17,1700,220,700
2025-04-12,Goa,15.2993,74.124,1,4,5,35.2,0,790.57,0.145,82.71,1553,2,App,10,2000,250,800
2025-06-02,Manali,32.2432,77.1892,0,6,0,27.1,0,1205.54,0.274,75.53,1747,2,Kiosk,16,1200,140,450
2025-09-17,Goa,15.2993,74.124,0,9,2,29.3,0,470.29,0.748,86.2,1042,2,App,8,2000,250,800
2024-11-17,Jaipur,26.9124,75.7873,1,11,6,21.3,0,118.47,0.414,62.49,1115,2,Kiosk,17,1500,180,600
2024-10-02,Goa,15.2993,74.124,0,10,2,25.3,0,161.59,-0.425,72.69,1046,4,Web,19,2000,250,800
2024-08-03,Jaipur,26.9124,75.7873,1,8,5,33.3,0,579.9,-0.53,62.96,1144,3,Agent,2,1500,180,600
2025-04-08,Varanasi,25.3176,82.9739,0,4,1,32.2,0,724.64,0.342,61.8,1374,1,Kiosk,9,1400,160,500
2024-01-30,Leh,34.1526,77.5771,0,1,1,0.4,0,620.48,1.0,87.55,567,3,Web,14,600,90,220
2025-07-12,Goa,15.2993,74.124,1,7,5,38.0,1,94.36,-0.269,79.13,897,3,Web,4,2000,250,800
2024-06-25,Manali,32.2432,77.1892,0,6,1,26.7,0,98.0,-0.986,77.07,894,2,Agent,9,1200,140,450
2024-06-06,Agra,27.1767,78.0081,0,6,3,37.9,0,376.71,0.73,54.49,910,2,App,25,1300,150,550
2024-06-23,Jaipur,26.9124,75.7873,1,6,6,38.4,1,462.12,0.386,72.34,1172,2,Web,13,1500,180,600
2024-11-08,Manali,32.2432,77.1892,0,11,4,7.1,0,939.09,-0.342,78.44,684,3,Kiosk,10,1200,140,450
2025-01-17,Leh,34.1526,77.5771,0,1,4,0.2,0,75.33,0.391,104.89,312,2,Kiosk,6,600,90,220
2025-04-02,Jaipur,26.9124,75.7873,0,4,2,33.1,0,413.77,0.143,71.97,1104,4,App,14,1500,180,600
2024-06-18,Leh,34.1526,77.5771,0,6,1,18.7,0,1164.13,0.468,92.95,753,1,Web,41,600,90,220
2024-07-03,Agra,27.1767,78.0081,0,7,2,36.2,0,434.04,-0.139,56.23,534,2,Web,8,1300,150,550
2024-03-26,Leh,34.1526,77.5771,0,3,1,8.5,0,214.09,0.488,100.66,373,3,Kiosk,2,600,90,220
2024-02-29,Kerala,10.8505,76.2711,0,2,3,24.5,0,228.44,-0.313,72.67,1054,2,App,5,1700,220,700
2024-09-23,Leh,34.1526,77.5771,0,9,0,10.9,0,656.41,-0.316,94.03,369,1,Kiosk,26,600,90,220
2024-02-24,Jaipur,26.9124,75.7873,1,2,5,22.2,0,186.77,0.212,64.14,1137,2,Web,47,1500,180,600
2025-05-10,Manali,32.2432,77.1892,1,5,5,24.1,0,204.52,-0.382,86.02,867,2,App,7,1200,140,450
2024-03-16,Agra,27.1767,78.0081,1,3,5,26.0,0,547.87,0.351,63.34,1374,3,Web,25,1300,150,550
2025-06-06,Goa,15.2993,74.124,0,6,4,40.3,1,177.87,-0.421,78.89,782,2,Web,14,2000,250,800
2025-01-04,Jaipur,26.9124,75.7873,1,1,5,19.9,0,1047.77,0.194,56.53,1835,2,Web,15,1500,180,600
2024-09-17,Goa,15.2993,74.124,0,9,1,30.6,0,127.5,0.093,71.74,739,3,App,4,2000,250,800
2024-03-18,Leh,34.1526,77.5771,0,3,0,9.0,0,167.14,0.673,104.65,290,1,App,9,600,90,220
2025-05-16,Agra,27.1767,78.0081,0,5,4,37.6,0,232.99,-0.64,51.58,588,1,Web,17,1300,150,550
2024-06-23,Manali,32.2432,77.1892,1,6,6,25.0,0,24.17,0.809,68.99,941,2,App,6,1200,140,450
2024-08-25,Agra,27.1767,78.0081,1,8,6,31.7,0,507.26,1.0,50.14,883,2,Agent,1,1300,150,550
2024-10-08,Goa,15.2993,74.124,0,10,1,25.8,0,857.9,0.869,80.79,1402,4,Web,6,2000,250,800
2024-11-11,Leh,34.1526,77.5771,0,11,0,2.2,0,612.82,-0.16,101.27,268,2,App,13,600,90,220
2025-02-21,Leh,34.1526,77.5771,0,2,4,2.4,0,1115.12,-0.046,100.11,543,3,App,1,600,90,220
2024-02-10,Jaipur,26.9124,75.7873,1,2,5,25.3,0,162.7,-0.299,66.96,1023,3,Web,12,1500,180,600
2024-12-29,Kerala,10.8505,76.2711,1,12,6,19.7,0,534.33,-0.21,61.84,1608,3,Web,3,1700,220,700
2024-05-09,Varanasi,25.3176,82.9739,0,5,3,36.0,0,591.32,-0.041,39.64,1126,3,App,10,1400,160,500
2025-06-14,Agra,27.1767,78.0081,1,6,5,34.9,0,106.99,-0.321,65.56,1012,2,App,7,1300,150,550
2024-03-02,Jaipur,26.9124,75.7873,1,3,5,28.9,0,1183.99,-1.0,68.83,1989,3,App,17,1500,180,600
2024-03-06,Jaipur,26.9124,75.7873,0,3,2,28.1,0,986.11,0.585,59.99,1605,2,App,9,1500,180,600
2024-05-04,Goa,15.2993,74.124,1,5,5,39.5,0,139.69,0.347,80.63,1382,3,Agent,6,2000,250,800
2024-10-11,Leh,34.1526,77.5771,0,10,4,4.3,0,661.89,-0.303,95.46,385,1,Kiosk,12,600,90,220
2025-03-08,Goa,15.2993,74.124,1,3,5,28.5,0,1031.09,-0.259,82.16,2532,1,Web,22,2000,250,800
2024-11-19,Goa,15.2993,74.124,0,11,1,21.3,0,129.23,-0.532,74.68,837,3,Web,30,2000,250,800
2025-07-07,Leh,34.1526,77.5771,0,7,0,18.5,0,322.86,-0.644,98.33,461,2,Web,23,600,90,220
2024-02-14,Jaipur,26.9124,75.7873,0,2,2,21.9,0,508.9,-0.101,68.83,1122,3,Web,4,1500,180,600
2024-02-18,Agra,27.1767,78.0081,1,2,6,22.4,0,422.37,0.702,54.41,1216,3,App,5,1300,150,550
2024-04-11,Jaipur,26.9124,75.7873,0,4,3,33.8,0,793.71,0.51,64.51,1642,2,Agent,24,1500,180,600
2025-02-12,Jaipur,26.9124,75.7873,0,2,2,23.1,0,168.99,-0.278,62.98,883,2,App,1,1500,180,600
2025-03-08,Manali,32.2432,77.1892,1,3,5,13.4,0,1066.11,-0.753,77.78,1571,2,App,11,1200,140,450
2025-01-02,Jaipur,26.9124,75.7873,0,1,3,19.9,0,235.42,0.666,67.94,934,1,Agent,18,1500,180,600
2024-11-20,Andaman,11.7401,92.6586,0,11,2,18.5,0,345.88,1.0,90.21,489,2,Agent,1,900,120,300
2024-03-06,Andaman,11.7401,92.6586,0,3,2,27.1,0,402.35,0.442,93.69,677,4,Agent,12,900,120,300
2025-02-15,Kerala,10.8505,76.2711,1,2,5,23.0,0,216.79,-0.348,64.32,1389,2,Kiosk,14,1700,220,700
2024-07-01,Varanasi,25.3176,82.9739,0,7,0,35.7,0,794.87,-0.21,56.54,832,2,Web,21,1400,160,500
2024-01-10,Goa,15.2993,74.124,0,1,2,20.7,0,427.74,0.199,82.05,1233,2,App,5,2000,250,800
2025-04-12,Jaipur,26.9124,75.7873,1,4,5,33.0,0,1027.77,0.431,69.76,1587,3,App,17,1500,180,600
2025-04-09,Jaipur,26.9124,75.7873,0,4,2,33.1,0,805.45,-0.803,66.15,1064,2,Web,12,1500,180,600
2024-11-04,Agra,27.1767,78.0081,0,11,0,17.7,0,122.1,0.123,56.36,725,2,Kiosk,16,1300,150,550
2025-03-13,Agra,27.1767,78.0081,0,3,3,26.6,0,854.17,0.31,53.68,1058,2,Web,34,1300,150,550
2024-02-22,Jaipur,26.9124,75.7873,0,2,3,24.6,0,523.52,-0.183,61.43,1098,1,App,4,1500,180,600
2025-04-20,Goa,15.2993,74.124,1,4,6,35.3,0,512.18,0.317,75.89,1956,1,App,15,2000,250,800
2024-10-01,Kerala,10.8505,76.2711,0,10,1,24.5,0,698.16,0.484,71.06,1060,2,Kiosk,8,1700,220,700
2024-07-08,Goa,15.2993,74.124,0,7,0,38.8,0,26.46,-0.091,76.02,755,3,Web,11,2000,250,800
2024-06-26,Andaman,11.7401,92.6586,0,6,2,37.3,0,451.09,-0.78,92.64,448,3,Kiosk,8,900,120,300
2025-02-25,Andaman,11.7401,92.6586,0,2,1,21.0,0,210.05,0.196,88.0,405,2,Web,8,900,120,300
2025-04-16,Andaman,11.7401,92.6586,0,4,2,33.2,0,406.43,0.451,96.46,660,3,Agent,8,900,120,300
2025-04-15,Varanasi,25.3176,82.9739,0,4,1,33.3,0,1217.01,-0.577,65.17,1088,2,App,23,1400,160,500
2024-02-02,Varanasi,25.3176,82.9739,0,2,4,21.7,1,493.02,-0.866,44.89,599,1,Kiosk,9,1400,160,500
2025-04-25,Jaipur,26.9124,75.7873,0,4,4,34.1,0,308.35,0.584,60.51,1158,2,Web,11,1500,180,600
2024-01-08,Leh,34.1526,77.5771,0,1,0,2.4,0,569.27,1.0,96.41,387,2,Web,17,600,90,220
2024-02-13,Leh,34.1526,77.5771,0,2,1,6.4,0,390.86,0.122,98.78,407,2,Agent,10,600,90,220
2024-01-30,Andaman,11.7401,92.6586,0,1,1,18.3,0,647.02,-0.373,91.94,482,2,Web,20,900,120,300
2025-10-01,Goa,15.2993,74.124,0,10,2,24.6,0,493.62,0.811,79.21,1254,3,Kiosk,16,2000,250,800
2024-10-30,Goa,15.2993,74.124,0,10,2,22.9,0,639.73,-0.023,74.7,1410,2,Agent,2,2000,250,800
2025-08-09,Manali,32.2432,77.1892,1,8,5,19.3,0,622.26,0.334,71.19,1050,2,Agent,7,1200,140,450
2024-09-07,Varanasi,25.3176,82.9739,1,9,5,26.7,0,436.51,0.881,52.97,906,1,App,27,1400,160,500
2025-09-03,Manali,32.2432,77.1892,0,9,2,13.7,1,339.05,0.841,81.54,426,3,Agent,15,1200,140,450
2025-07-05,Jaipur,26.9124,75.7873,1,7,5,36.6,0,432.54,-0.223,65.68,1004,1,Web,19,1500,180,600
2024-09-11,Jaipur,26.9124,75.7873,0,9,2,28.1,0,468.01,0.161,57.64,916,1,App,6,1500,180,600
2024-01-20,Varanasi,25.3176,82.9739,1,1,5,19.7,0,141.67,1.0,48.11,1121,2,Kiosk,9,1400,160,500
2024-05-19,Varanasi,25.3176,82.9739,1,5,6,35.1,0,1065.67,0.299,49.87,1229,2,Agent,8,1400,160,500
2025-09-18,Jaipur,26.9124,75.7873,0,9,3,26.8,0,310.08,-0.233,61.06,740,2,App,5,1500,180,600
2025-07-30,Leh,34.1526,77.5771,0,7,2,20.3,0,566.81,0.336,93.99,557,3,Web,4,600,90,220
2025-04-23,Manali,32.2432,77.1892,0,4,2,21.9,0,197.65,-0.361,74.78,900,1,App,13,1200,140,450
2025-04-04,Manali,32.2432,77.1892,0,4,4,20.7,0,195.51,0.233,72.56,730,2,Kiosk,1,1200,140,450
2024-02-02,Jaipur,26.9124,75.7873,0,2,4,22.8,0,224.8,-0.525,74.79,785,2,Web,16,1500,180,600
2025-08-18,Manali,32.2432,77.1892,0,8,0,20.4,0,178.91,-0.153,81.79,691,4,Agent,19,1200,140,450
2025-09-01,Goa,15.2993,74.124,0,9,0,29.6,0,1306.72,0.098,72.81,1562,3,Agent,8,2000,250,800
2025-07-18,Agra,27.1767,78.0081,0,7,4,36.1,0,587.71,-0.832,58.68,1154,1,App,14,1300,150,550
2025-07-27,Kerala,10.8505,76.2711,1,7,6,36.8,0,555.38,-0.067,71.43,1510,1,Kiosk,8,1700,220,700
2025-06-02,Kerala,10.8505,76.2711,0,6,0,38.5,0,293.86,0.007,61.85,1145,2,Agent,3,1700,220,700
2025-01-17,Agra,27.1767,78.0081,0,1,4,18.2,0,387.66,0.658,57.01,1253,2,Web,4,1300,150,550
2024-07-30,Varanasi,25.3176,82.9739,0,7,1,35.2,0,214.17,0.927,46.17,656,2,Agent,16,1400,160,500
2024-06-26,Goa,15.2993,74.124,0,6,2,39.7,0,454.31,-0.621,71.68,1575,2,App,10,2000,250,800
2024-06-03,Manali,32.2432,77.1892,0,6,0,25.9,1,54.95,0.916,74.4,778,3,Agent,10,1200,140,450
2025-06-26,Kerala,10.8505,76.2711,0,6,3,38.3,0,108.82,0.208,71.51,1097,2,App,5,1700,220,700
2025-08-14,Jaipur,26.9124,75.7873,0,8,3,33.0,0,174.13,-0.011,54.91,637,2,Kiosk,6,1500,180,600
2025-06-06,Andaman,11.7401,92.6586,0,6,4,38.3,0,108.52,0.143,83.17,486,2,App,13,900,120,300
2024-10-04,Jaipur,26.9124,75.7873,0,10,4,23.9,1,39.98,0.58,60.38,616,2,App,20,1500,180,600
2024-11-20,Goa,15.2993,74.124,0,11,2,21.6,0,520.55,0.666,84.2,1246,2,App,2,2000,250,800
2025-01-20,Varanasi,25.3176,82.9739,0,1,0,16.9,0,298.19,-0.283,48.52,998,2,App,11,1400,160,500
2025-05-07,Kerala,10.8505,76.2711,0,5,2,39.3,0,465.76,0.252,68.37,1377,2,App,1,1700,220,700
2024-02-16,Leh,34.1526,77.5771,0,2,4,5.9,0,405.63,0.625,94.04,325,2,Agent,20,600,90,220
2025-05-05,Leh,34.1526,77.5771,0,5,0,18.6,0,267.28,-0.269,95.06,342,2,Web,13,600,90,220
2025-01-29,Jaipur,26.9124,75.7873,0,1,2,19.8,0,92.83,0.393,66.18,691,2,Agent,9,1500,180,600
2025-07-17,Andaman,11.7401,92.6586,0,7,3,36.4,0,310.93,0.773,95.86,559,2,Kiosk,21,900,120,300
2024-06-17,Agra,27.1767,78.0081,0,6,0,37.3,0,178.84,-0.212,68.65,889,3,Web,5,1300,150,550
2024-02-09,Leh,34.1526,77.5771,0,2,4,4.8,0,800.96,0.366,101.13,353,1,App,2,600,90,220
2024-04-27,Leh,34.1526,77.5771,1,4,5,16.1,0,131.68,0.295,97.94,531,3,Agent,7,600,90,220
2024-09-06,Varanasi,25.3176,82.9739,0,9,4,27.1,0,241.85,-0.638,58.74,632,2,Web,11,1400,160,500
2024-01-21,Goa,15.2993,74.124,1,1,6,20.2,0,203.64,-0.147,81.54,1637,3,Kiosk,19,2000,250,800
2024-02-02,Manali,32.2432,77.1892,0,2,4,11.0,0,240.14,0.694,67.38,679,3,App,40,1200,140,450
2024-12-19,Manali,32.2432,77.1892,0,12,3,5.4,0,814.19,0.106,75.36,690,2,Agent,6,1200,140,450
2024-08-08,Varanasi,25.3176,82.9739,0,8,3,31.0,0,650.98,-0.864,54.99,688,1,Agent,5,1400,160,500
2024-11-08,Goa,15.2993,74.124,0,11,4,23.0,0,621.76,0.405,88.97,1536,3,Web,34,2000,250,800
2024-03-05,Jaipur,26.9124,75.7873,0,3,1,28.1,0,992.68,-0.095,70.51,1978,2,App,13,1500,180,600
2025-09-21,Kerala,10.8505,76.2711,1,9,6,28.3,1,892.69,0.037,69.9,1001,1,Agent,22,1700,220,700
2024-01-13,Andaman,11.7401,92.6586,1,1,5,21.9,0,199.54,0.967,92.67,467,2,Web,33,900,120,300
2024-04-10,Goa,15.2993,74.124,0,4,2,35.3,0,230.54,-0.27,80.26,1238,3,Web,12,2000,250,800
2024-05-12,Leh,34.1526,77.5771,1,5,6,18.6,0,519.03,-0.518,98.47,496,1,App,7,600,90,220
2024-12-19,Goa,15.2993,74.124,0,12,3,19.4,0,983.05,0.256,79.47,1402,1,Kiosk,20,2000,250,800
2025-05-26,Andaman,11.7401,92.6586,0,5,0,36.0,1,134.88,-0.601,86.95,398,2,App,3,900,120,300
2024-11-11,Manali,32.2432,77.1892,0,11,0,6.2,0,345.05,0.134,67.55,862,2,App,13,1200,140,450
2024-03-23,Jaipur,26.9124,75.7873,1,3,5,28.1,0,255.56,0.653,58.98,1252,3,Agent,1,1500,180,600
2024-09-25,Goa,15.2993,74.124,0,9,2,30.5,0,218.87,-0.209,82.07,799,2,Agent,18,2000,250,800
2025-05-10,Kerala,10.8505,76.2711,1,5,5,38.9,0,926.73,0.593,74.09,1854,2,Agent,12,1700,220,700
2024-12-30,Varanasi,25.3176,82.9739,0,12,0,17.3,0,484.1,-0.333,43.42,1032,2,Web,2,1400,160,500
2024-01-23,Kerala,10.8505,76.2711,0,1,1,18.6,0,404.89,0.79,76.65,1121,2,Agent,19,1700,220,700
2025-10-01,Andaman,11.7401,92.6586,0,10,2,22.8,0,525.25,0.157,96.01,521,2,Agent,6,900,120,300
2025-09-13,Varanasi,25.3176,82.9739,1,9,5,27.0,0,1062.86,-0.767,46.5,1384,2,Web,17,1400,160,500
2025-08-02,Jaipur,26.9124,75.7873,1,8,5,32.3,0,179.44,0.033,61.96,968,2,Web,16,1500,180,600
2024-06-08,Kerala,10.8505,76.2711,1,6,5,39.4,0,674.09,-0.678,72.48,1497,2,Agent,5,1700,220,700
2024-03-05,Agra,27.1767,78.0081,0,3,1,27.0,0,126.39,-0.103,57.49,767,2,App,3,1300,150,550
2024-03-27,Manali,32.2432,77.1892,0,3,2,15.7,0,372.16,-0.325,69.23,860,2,Web,17,1200,140,450
2025-07-30,Manali,32.2432,77.1892,0,7,2,22.2,0,654.22,0.633,81.01,872,1,Kiosk,4,1200,140,450
2025-09-22,Varanasi,25.3176,82.9739,0,9,0,27.2,0,136.92,-0.467,46.23,668,3,Web,6,1400,160,500
2024-05-18,Leh,34.1526,77.5771,1,5,5,20.3,0,277.29,0.935,105.43,415,2,Agent,3,600,90,220
2025-03-13,Goa,15.2993,74.124,0,3,3,30.2,0,274.83,0.226,82.98,1612,2,App,15,2000,250,800
2024-06-02,Jaipur,26.9124,75.7873,1,6,6,37.4,1,256.34,0.321,62.94,798,1,Kiosk,13,1500,180,600
2025-09-09,Varanasi,25.3176,82.9739,0,9,1,27.5,0,367.7,-0.53,45.04,593,2,Web,7,1400,160,500
2024-07-28,Andaman,11.7401,92.6586,1,7,6,36.4,0,1109.36,0.301,98.33,897,2,App,7,900,120,300
2024-07-23,Leh,34.1526,77.5771,0,7,1,18.6,1,277.11,-0.118,98.4,335,2,Kiosk,18,600,90,220
2024-05-21,Leh,34.1526,77.5771,0,5,1,18.8,0,854.06,-0.055,110.74,400,2,App,9,600,90,220
2024-06-22,Jaipur,26.9124,75.7873,1,6,5,38.0,0,128.01,-0.38,66.62,796,1,Kiosk,5,1500,180,600
2025-04-06,Leh,34.1526,77.5771,1,4,6,16.2,0,1162.05,0.728,100.63,696,2,App,11,600,90,220
2024-01-05,Agra,27.1767,78.0081,0,1,4,19.4,0,454.12,0.566,58.8,923,3,App,6,1300,150,550
2025-07-28,Leh,34.1526,77.5771,0,7,0,18.5,0,394.11,-0.739,95.21,578,2,Kiosk,4,600,90,220
2024-08-17,Kerala,10.8505,76.2711,1,8,5,33.9,1,303.46,0.758,62.92,1098,2,Web,33,1700,220,700
2024-06-14,Agra,27.1767,78.0081,0,6,4,36.8,0,176.12,0.112,52.57,1001,2,Kiosk,21,1300,150,550
2024-10-15,Goa,15.2993,74.124,0,10,1,24.7,0,227.92,0.381,82.69,1085,3,App,7,2000,250,800
2024-06-01,Manali,32.2432,77.1892,1,6,5,23.7,0,632.71,-0.069,80.88,1346,3,App,11,1200,140,450
2024-08-20,Andaman,11.7401,92.6586,0,8,1,32.9,0,603.2,0.631,93.62,426,1,Agent,3,900,120,300
2024-12-03,Leh,34.1526,77.5771,0,12,1,1.0,0,232.44,-0.245,88.98,247,1,Kiosk,12,600,90,220
2025-08-28,Manali,32.2432,77.1892,0,8,3,19.6,0,754.25,0.439,78.72,976,2,Agent,12,1200,140,450
2024-09-23,Goa,15.2993,74.124,0,9,0,30.5,0,39.23,-0.004,73.49,649,2,App,10,2000,250,800
2024-02-16,Manali,32.2432,77.1892,0,2,4,9.3,0,820.71,0.687,87.19,983,2,Kiosk,45,1200,140,450
2024-02-27,Manali,32.2432,77.1892,0,2,1,9.6,0,437.28,0.452,70.98,784,1,Kiosk,6,1200,140,450
2025-05-18,Jaipur,26.9124,75.7873,1,5,6,35.7,0,649.67,0.307,69.05,1817,3,App,6,1500,180,600
2025-09-07,Agra,27.1767,78.0081,1,9,6,27.8,1,187.44,-0.376,58.44,653,3,App,4,1300,150,550
2024-09-20,Manali,32.2432,77.1892,0,9,4,13.0,1,59.31,-1.0,75.17,354,2,Web,15,1200,140,450
2025-05-19,Varanasi,25.3176,82.9739,0,5,0,34.6,0,284.43,-0.17,56.8,795,2,Web,10,1400,160,500
2025-01-11,Jaipur,26.9124,75.7873,1,1,5,17.4,0,491.0,-0.105,69.86,1598,3,App,13,1500,180,600
2024-05-25,Leh,34.1526,77.5771,1,5,5,18.7,0,333.2,-0.634,98.37,594,1,Agent,5,600,90,220
2024-09-29,Leh,34.1526,77.5771,1,9,6,8.5,0,137.34,0.554,98.07,233,2,Kiosk,10,600,90,220
2025-04-26,Kerala,10.8505,76.2711,1,4,5,34.3,0,842.49,0.123,61.27,1752,1,App,20,1700,220,700
2024-01-14,Leh,34.1526,77.5771,1,1,6,2.4,0,345.73,-0.229,89.9,385,1,Agent,18,600,90,220
2025-02-10,Jaipur,26.9124,75.7873,0,2,0,22.5,0,87.76,1.0,73.47,841,1,Web,2,1500,180,600
2025-09-07,Andaman,11.7401,92.6586,1,9,6,25.0,0,389.08,-0.944,93.55,515,3,Agent,27,900,120,300
2025-03-24,Jaipur,26.9124,75.7873,0,3,0,28.9,0,127.0,0.412,64.67,1026,4,App,10,1500,180,600
2024-03-06,Leh,34.1526,77.5771,0,3,2,10.2,0,282.3,-0.073,97.35,373,1,Kiosk,6,600,90,220
2024-08-28,Andaman,11.7401,92.6586,0,8,2,33.8,0,430.6,0.359,84.53,493,2,Web,2,900,120,300
2025-08-25,Goa,15.2993,74.124,0,8,0,34.1,0,97.88,-0.306,86.5,707,2,App,19,2000,250,800
2025-03-01,Leh,34.1526,77.5771,1,3,5,9.4,0,397.25,0.324,104.75,477,3,App,13,600,90,220
2025-05-07,Manali,32.2432,77.1892,0,5,2,24.6,0,160.36,0.011,75.37,687,3,Kiosk,3,1200,140,450
2024-08-28,Kerala,10.8505,76.2711,0,8,2,33.6,1,125.22,-0.245,66.92,698,2,Agent,8,1700,220,700
2025-05-30,Kerala,10.8505,76.2711,0,5,4,37.9,0,334.08,-0.835,66.54,1011,2,Kiosk,10,1700,220,700
2025-03-12,Varanasi,25.3176,82.9739,0,3,2,26.1,0,324.77,0.494,52.66,1052,3,App,11,1400,160,500
2025-01-31,Varanasi,25.3176,82.9739,0,1,4,16.8,0,476.49,0.187,48.9,1126,1,Web,2,1400,160,500
2024-07-18,Manali,32.2432,77.1892,0,7,3,23.7,0,274.75,0.708,73.02,1080,2,App,17,1200,140,450
2024-01-15,Leh,34.1526,77.5771,0,1,0,1.1,0,110.93,0.082,100.43,293,2,App,11,600,90,220
2025-04-24,Leh,34.1526,77.5771,0,4,3,15.6,0,625.37,-0.642,104.06,551,2,Web,9,600,90,220
2025-05-21,Goa,15.2993,74.124,0,5,2,37.3,0,334.9,-0.211,84.44,1294,2,Agent,8,2000,250,800
2025-08-06,Leh,34.1526,77.5771,0,8,2,15.8,1,376.86,0.626,103.47,368,2,Web,16,600,90,220
2025-03-25,Manali,32.2432,77.1892,0,3,1,16.0,1,512.65,0.188,69.18,871,2,Agent,1,1200,140,450
2025-04-18,Varanasi,25.3176,82.9739,0,4,4,32.4,0,368.96,0.425,49.28,757,3,Web,12,1400,160,500
2025-06-09,Jaipur,26.9124,75.7873,0,6,0,36.7,0,440.68,0.413,66.08,1157,1,Kiosk,6,1500,180,600
2024-05-08,Goa,15.2993,74.124,0,5,2,37.2,0,927.99,-0.21,83.83,1830,2,Web,6,2000,250,800
2024-12-14,Goa,15.2993,74.124,1,12,5,20.6,0,225.2,0.416,67.47,1308,3,Agent,21,2000,250,800
2024-12-25,Leh,34.1526,77.5771,0,12,2,0.1,0,230.41,-0.19,99.79,344,2,Web,9,600,90,220
2024-07-19,Jaipur,26.9124,75.7873,0,7,4,35.8,0,99.48,-0.016,53.76,809,3,Kiosk,7,1500,180,600
2024-03-27,Varanasi,25.3176,82.9739,0,3,2,26.9,0,478.11,0.393,57.91,1117,1,Kiosk,6,1400,160,500
2025-05-11,Manali,32.2432,77.1892,1,5,6,24.2,0,142.52,0.679,74.22,893,3,Web,9,1200,140,450
2024-04-17,Manali,32.2432,77.1892,0,4,2,18.3,0,744.87,-0.563,72.32,887,2,Kiosk,6,1200,140,450
2024-03-26,Manali,32.2432,77.1892,0,3,1,15.0,0,627.32,-0.243,80.48,728,2,Agent,25,1200,140,450
2024-01-11,Leh,34.1526,77.5771,0,1,3,0.9,0,372.0,0.06,88.29,391,1,Agent,11,600,90,220
2024-01-28,Manali,32.2432,77.1892,1,1,6,4.1,0,1283.86,-0.281,75.36,1533,2,Agent,1,1200,140,450
2025-02-07,Goa,15.2993,74.124,0,2,4,25.1,0,460.18,0.274,91.47,1213,2,Kiosk,10,2000,250,800
2024-11-17,Kerala,10.8505,76.2711,1,11,6,19.2,0,113.12,0.114,75.83,934,3,Agent,1,1700,220,700
2024-04-23,Agra,27.1767,78.0081,0,4,1,32.7,0,213.08,0.272,54.58,963,1,App,10,1300,150,550
2024-06-13,Varanasi,25.3176,82.9739,0,6,3,37.0,0,648.17,-0.52,56.79,976,2,Web,4,1400,160,500
2024-10-14,Manali,32.2432,77.1892,0,10,0,10.4,0,273.83,-1.0,82.02,376,3,App,2,1200,140,450
2024-05-19,Kerala,10.8505,76.2711,1,5,6,39.1,0,1969.84,-0.787,72.45,3170,3,Agent,14,1700,220,700
2024-04-24,Leh,34.1526,77.5771,0,4,2,15.2,0,165.55,0.515,95.94,364,3,Kiosk,18,600,90,220
2024-03-05,Agra,27.1767,78.0081,0,3,1,26.5,0,291.17,-0.002,59.4,821,2,Web,22,1300,150,550
2024-02-11,Andaman,11.7401,92.6586,1,2,6,22.7,0,246.99,-0.327,89.0,589,2,Web,1,900,120,300
2025-01-19,Jaipur,26.9124,75.7873,1,1,6,20.4,0,183.35,0.268,68.01,1100,1,Agent,1,1500,180,600
2024-10-15,Agra,27.1767,78.0081,0,10,1,21.0,0,216.71,0.648,53.5,661,2,Web,9,1300,150,550
2024-07-21,Kerala,10.8505,76.2711,1,7,6,36.9,0,335.36,0.784,69.42,1069,3,Web,2,1700,220,700
2024-04-18,Varanasi,25.3176,82.9739,0,4,3,31.4,0,561.41,-0.519,58.26,1059,3,App,3,1400,160,500
2025-01-26,Kerala,10.8505,76.2711,1,1,6,20.3,0,206.06,0.22,66.43,1113,2,Web,3,1700,220,700
2024-08-10,Agra,27.1767,78.0081,1,8,5,32.4,0,942.54,1.0,53.81,1222,2,Web,5,1300,150,550
2024-06-06,Jaipur,26.9124,75.7873,0,6,3,38.1,0,404.48,-0.796,66.32,756,2,Kiosk,12,1500,180,600
2025-08-13,Agra,27.1767,78.0081,0,8,2,31.6,0,545.58,1.0,61.51,1054,2,Agent,6,1300,150,550
2024-11-04,Manali,32.2432,77.1892,0,11,0,5.2,0,388.15,-0.432,76.65,711,3,Web,7,1200,140,450
2025-09-27,Andaman,11.7401,92.6586,1,9,5,27.4,0,426.43,0.402,83.82,452,1,Kiosk,6,900,120,300
2025-02-09,Jaipur,26.9124,75.7873,1,2,6,22.6,0,389.1,0.693,70.31,1339,1,App,16,1500,180,600
2025-06-03,Agra,27.1767,78.0081,0,6,1,37.2,0,63.55,0.429,54.72,535,2,App,9,1300,150,550
2024-12-26,Goa,15.2993,74.124,0,12,3,18.1,0,532.55,0.602,82.06,1202,2,Agent,6,2000,250,800
2024-11-29,Jaipur,26.9124,75.7873,0,11,4,18.3,0,327.78,-0.476,60.93,738,3,Agent,2,1500,180,600
2024-01-04,Kerala,10.8505,76.2711,0,1,3,19.0,0,28.46,0.533,57.9,896,3,Web,29,1700,220,700
2024-07-07,Agra,27.1767,78.0081,1,7,6,36.5,1,76.68,-0.521,53.33,880,2,App,19,1300,150,550
2025-06-30,Agra,27.1767,78.0081,0,6,0,37.1,0,253.22,-0.659,51.68,828,2,Agent,3,1300,150,550
2025-09-22,Jaipur,26.9124,75.7873,0,9,0,27.0,0,369.8,-0.203,59.74,850,2,Kiosk,15,1500,180,600
2025-01-05,Manali,32.2432,77.1892,1,1,6,4.7,0,383.87,0.365,74.5,1161,2,Kiosk,30,1200,140,450
2025-06-28,Varanasi,25.3176,82.9739,1,6,5,36.2,0,603.42,0.35,54.23,1217,1,Web,13,1400,160,500
2025-03-04,Agra,27.1767,78.0081,0,3,1,26.4,0,215.19,0.347,56.49,912,2,App,6,1300,150,550
2025-08-16,Andaman,11.7401,92.6586,1,8,5,33.0,0,655.12,1.0,83.82,505,2,Kiosk,19,900,120,300
2024-06-02,Kerala,10.8505,76.2711,1,6,6,38.3,1,433.47,0.564,78.74,933,2,Agent,16,1700,220,700
2025-07-17,Manali,32.2432,77.1892,0,7,3,24.2,0,1229.24,0.207,75.63,1155,2,Kiosk,9,1200,140,450
2025-06-12,Varanasi,25.3176,82.9739,0,6,3,37.3,0,674.74,0.942,48.44,1073,2,Agent,19,1400,160,500
2024-01-24,Jaipur,26.9124,75.7873,0,1,2,18.3,0,505.74,0.849,64.17,866,2,App,10,1500,180,600
2024-10-24,Leh,34.1526,77.5771,0,10,3,6.1,0,188.09,-0.646,95.4,256,3,Web,18,600,90,220
2024-11-13,Varanasi,25.3176,82.9739,0,11,2,17.3,0,507.07,0.108,40.15,893,3,App,18,1400,160,500
2024-04-22,Leh,34.1526,77.5771,0,4,0,17.6,0,1565.42,-0.019,102.02,765,3,Kiosk,15,600,90,220
2025-02-15,Varanasi,25.3176,82.9739,1,2,5,20.7,0,442.23,0.057,47.98,929,2,Web,17,1400,160,500
2024-08-03,Leh,34.1526,77.5771,1,8,5,15.2,0,314.72,0.762,96.71,392,2,Agent,8,600,90,220
2025-08-01,Manali,32.2432,77.1892,0,8,4,19.7,1,391.57,-0.728,69.14,577,2,Kiosk,3,1200,140,450
2025-02-11,Jaipur,26.9124,75.7873,0,2,1,23.1,1,201.0,0.133,71.36,691,1,Web,9,1500,180,600
2024-07-15,Agra,27.1767,78.0081,0,7,0,35.9,0,417.26,0.667,60.28,846,2,Kiosk,3,1300,150,550
2025-05-16,Kerala,10.8505,76.2711,0,5,4,35.4,0,256.77,0.585,69.47,1241,3,Web,5,1700,220,700
2025-08-27,Varanasi,25.3176,82.9739,0,8,2,31.6,0,417.78,-0.58,48.13,645,1,Agent,5,1400,160,500
2024-10-19,Agra,27.1767,78.0081,1,10,5,21.7,0,165.21,0.763,58.06,705,1,Kiosk,2,1300,150,550
2025-06-02,Varanasi,25.3176,82.9739,0,6,0,36.6,1,839.83,0.014,60.28,809,3,Web,15,1400,160,500
2024-03-25,Manali,32.2432,77.1892,0,3,0,15.7,0,385.66,-0.166,78.99,596,2,Web,4,1200,140,450
2024-01-10,Andaman,11.7401,92.6586,0,1,2,19.4,0,275.06,0.348,93.79,578,3,App,17,900,120,300
2025-05-19,Goa,15.2993,74.124,0,5,0,37.5,0,869.33,-0.023,83.12,1852,2,Web,4,2000,250,800
2025-07-24,Agra,27.1767,78.0081,0,7,3,35.6,1,236.88,-0.066,49.58,623,2,Kiosk,13,1300,150,550
2024-10-19,Jaipur,26.9124,75.7873,1,10,5,23.2,0,150.72,0.222,63.34,946,3,Kiosk,6,1500,180,600
2024-01-24,Leh,34.1526,77.5771,0,1,2,0.5,0,189.55,0.459,98.17,312,2,Agent,4,600,90,220
2024-04-04,Varanasi,25.3176,82.9739,0,4,3,31.0,0,204.02,0.002,51.23,1017,2,Agent,7,1400,160,500
2025-01-30,Agra,27.1767,78.0081,0,1,3,18.8,0,242.9,-0.094,63.28,816,2,Agent,6,1300,150,550
2024-09-18,Kerala,10.8505,76.2711,0,9,2,29.4,1,23.83,-0.545,75.77,626,2,Kiosk,19,1700,220,700
2024-10-08,Goa,15.2993,74.124,0,10,1,27.5,0,806.55,0.204,74.87,1572,1,Web,7,2000,250,800
2025-08-08,Agra,27.1767,78.0081,0,8,4,32.8,0,395.63,-0.41,59.82,445,3,Agent,21,1300,150,550
2025-01-22,Jaipur,26.9124,75.7873,0,1,2,19.2,0,171.01,-0.144,60.05,1072,2,Agent,12,1500,180,600
2024-08-26,Manali,32.2432,77.1892,0,8,0,19.3,0,674.87,0.464,76.5,1151,2,Web,13,1200,140,450
2024-07-18,Manali,32.2432,77.1892,0,7,3,24.0,0,311.79,0.332,88.45,855,1,Agent,7,1200,140,450
2024-02-12,Andaman,11.7401,92.6586,0,2,0,23.0,0,476.9,-0.339,100.8,483,3,Agent,4,900,120,300
2025-02-02,Kerala,10.8505,76.2711,1,2,6,23.4,0,594.23,0.283,79.94,1370,2,App,11,1700,220,700
2024-11-13,Leh,34.1526,77.5771,0,11,2,0.6,0,286.71,0.164,89.93,256,2,App,20,600,90,220
2025-06-03,Manali,32.2432,77.1892,0,6,1,23.9,0,233.27,-0.302,70.98,798,3,App,16,1200,140,450
2024-01-06,Agra,27.1767,78.0081,1,1,5,18.0,0,224.39,-0.645,51.0,771,2,Agent,19,1300,150,550
2024-02-07,Goa,15.2993,74.124,0,2,2,23.6,0,253.14,0.015,81.0,1158,2,App,3,2000,250,800
2025-05-27,Goa,15.2993,74.124,0,5,1,37.5,0,527.19,-0.4,81.58,1537,2,Web,3,2000,250,800
2024-06-09,Jaipur,26.9124,75.7873,1,6,6,39.4,0,380.2,-0.75,65.21,1189,1,Web,5,1500,180,600
2024-09-23,Goa,15.2993,74.124,0,9,0,30.2,0,340.48,-0.516,77.75,678,2,Web,9,2000,250,800
2024-09-26,Manali,32.2432,77.1892,0,9,3,13.5,0,88.8,0.324,68.27,453,3,Web,27,1200,140,450
2025-01-06,Andaman,11.7401,92.6586,0,1,0,19.9,0,930.68,-0.231,96.66,780,3,Web,7,900,120,300
2024-10-25,Goa,15.2993,74.124,0,10,4,25.1,0,789.83,-0.215,78.81,1074,1,App,7,2000,250,800
2025-08-27,Jaipur,26.9124,75.7873,0,8,2,33.6,0,347.21,-0.025,64.51,585,2,App,4,1500,180,600
2024-04-26,Jaipur,26.9124,75.7873,0,4,4,33.4,0,308.4,-0.19,72.22,1254,2,Web,3,1500,180,600
2024-09-15,Kerala,10.8505,76.2711,1,9,6,29.0,0,54.79,-0.278,61.17,870,2,Kiosk,22,1700,220,700
2025-06-08,Varanasi,25.3176,82.9739,1,6,6,36.2,0,380.81,-0.438,58.03,987,2,App,30,1400,160,500
2024-09-19,Varanasi,25.3176,82.9739,0,9,3,27.6,0,393.06,-0.278,45.18,720,1,Agent,20,1400,160,500
2024-02-03,Andaman,11.7401,92.6586,1,2,5,22.7,0,280.81,0.075,94.04,473,3,Kiosk,3,900,120,300
2025-05-25,Leh,34.1526,77.5771,1,5,6,18.4,0,757.14,0.364,98.4,506,2,Agent,14,600,90,220
2024-10-30,Varanasi,25.3176,82.9739,0,10,2,23.0,0,767.32,1.0,48.66,813,3,App,5,1400,160,500
2024-04-13,Jaipur,26.9124,75.7873,1,4,5,32.7,0,595.91,-0.367,58.75,1675,2,Agent,14,1500,180,600
2024-04-25,Kerala,10.8505,76.2711,0,4,3,34.5,0,543.92,-0.516,68.95,1138,2,Agent,13,1700,220,700
2025-04-08,Jaipur,26.9124,75.7873,0,4,1,32.4,0,689.68,0.367,61.24,1322,2,App,14,1500,180,600
2025-07-20,Goa,15.2993,74.124,1,7,6,38.7,0,815.96,-0.138,89.0,1513,3,Agent,15,2000,250,800
2024-11-29,Kerala,10.8505,76.2711,0,11,4,18.8,0,598.94,0.535,71.72,1082,2,Agent,4,1700,220,700
2024-01-18,Varanasi,25.3176,82.9739,0,1,3,20.2,0,208.97,-0.27,53.98,838,2,Kiosk,19,1400,160,500
2024-06-22,Kerala,10.8505,76.2711,1,6,5,40.1,0,377.74,-0.216,74.96,1210,2,Web,8,1700,220,700
2024-03-30,Goa,15.2993,74.124,1,3,5,29.4,0,129.12,0.468,84.31,1500,2,Web,3,2000,250,800
2025-04-03,Agra,27.1767,78.0081,0,4,3,32.4,0,355.35,1.0,59.53,1115,2,Kiosk,9,1300,150,550
2024-03-13,Andaman,11.7401,92.6586,0,3,2,26.5,0,187.57,-0.196,92.44,377,3,App,6,900,120,300
2024-12-08,Manali,32.2432,77.1892,1,12,6,4.3,0,229.2,0.877,80.93,540,1,Agent,9,1200,140,450
2025-04-12,Jaipur,26.9124,75.7873,1,4,5,32.5,0,1868.44,-0.809,71.29,2610,1,Kiosk,13,1500,180,600
2024-09-02,Jaipur,26.9124,75.7873,0,9,0,26.8,0,579.12,-0.077,60.47,911,2,App,2,1500,180,600
2024-07-11,Kerala,10.8505,76.2711,0,7,3,38.3,0,287.83,0.175,65.43,1089,3,Web,13,1700,220,700
2025-07-02,Leh,34.1526,77.5771,0,7,2,19.0,0,484.0,-0.503,107.84,436,2,Kiosk,13,600,90,220
2024-06-23,Manali,32.2432,77.1892,1,6,6,24.6,0,795.26,-0.243,78.38,1590,2,App,35,1200,140,450
2025-05-05,Leh,34.1526,77.5771,0,5,0,19.7,0,196.13,-0.362,99.72,272,1,Kiosk,9,600,90,220
2024-12-17,Kerala,10.8505,76.2711,0,12,1,18.0,0,313.79,0.065,72.21,971,1,App,19,1700,220,700
2025-01-15,Manali,32.2432,77.1892,0,1,2,5.4,0,371.32,0.568,73.96,716,3,Web,14,1200,140,450
2025-06-01,Jaipur,26.9124,75.7873,1,6,6,37.4,0,126.38,0.706,62.88,1039,2,Kiosk,7,1500,180,600
2024-02-17,Manali,32.2432,77.1892,1,2,5,11.6,0,189.73,0.608,86.1,912,3,Agent,7,1200,140,450
2024-08-03,Agra,27.1767,78.0081,1,8,5,32.7,0,583.85,0.177,58.9,953,4,Agent,5,1300,150,550
2025-07-23,Goa,15.2993,74.124,0,7,2,41.2,0,545.43,-0.172,77.86,1155,2,App,4,2000,250,800
2025-03-17,Manali,32.2432,77.1892,0,3,0,14.4,0,1114.72,0.066,78.14,1344,1,App,18,1200,140,450
2025-03-19,Manali,32.2432,77.1892,0,3,2,14.3,0,280.74,-0.149,73.26,745,3,Agent,25,1200,140,450
2024-02-10,Manali,32.2432,77.1892,1,2,5,10.2,0,71.11,-1.0,75.5,566,4,Kiosk,21,1200,140,450
2024-01-04,Manali,32.2432,77.1892,0,1,3,6.5,0,409.4,0.079,72.33,560,3,Web,21,1200,140,450
2025-07-24,Manali,32.2432,77.1892,0,7,3,23.3,1,1362.23,0.356,71.95,1388,2,Agent,4,1200,140,450
2025-01-02,Andaman,11.7401,92.6586,0,1,3,18.3,0,391.25,0.003,87.33,581,3,Web,7,900,120,300
2025-07-04,Kerala,10.8505,76.2711,0,7,4,38.0,0,379.85,0.236,72.15,572,2,App,3,1700,220,700
2025-04-29,Manali,32.2432,77.1892,0,4,1,21.3,0,874.79,0.881,80.85,1202,2,Kiosk,17,1200,140,450
2025-01-23,Varanasi,25.3176,82.9739,0,1,3,18.5,0,404.14,0.342,44.31,978,2,Agent,22,1400,160,500
2024-11-05,Agra,27.1767,78.0081,0,11,1,17.7,0,458.75,0.229,48.02,789,3,Agent,8,1300,150,550
2024-06-18,Andaman,11.7401,92.6586,0,6,1,37.1,0,772.01,-0.244,88.82,601,2,App,1,900,120,300
2024-02-20,Varanasi,25.3176,82.9739,0,2,1,21.2,0,217.03,-0.65,50.68,899,3,App,17,1400,160,500
2024-05-30,Andaman,11.7401,92.6586,0,5,3,36.4,0,177.41,-0.361,95.05,435,3,App,3,900,120,300
2025-01-16,Varanasi,25.3176,82.9739,0,1,3,18.3,0,596.74,0.394,51.69,1396,3,Web,3,1400,160,500
2025-06-30,Kerala,10.8505,76.2711,0,6,0,38.9,0,290.71,-0.623,70.81,1386,2,Web,1,1700,220,700
2024-01-07,Manali,32.2432,77.1892,1,1,6,7.0,0,97.32,-0.539,81.65,776,2,Kiosk,11,1200,140,450
2025-02-10,Goa,15.2993,74.124,0,2,0,23.9,1,178.33,0.17,79.53,758,2,Web,14,2000,250,800
2024-03-16,Varanasi,25.3176,82.9739,1,3,5,27.1,0,325.56,-0.28,48.6,1121,3,App,5,1400,160,500
2025-02-12,Varanasi,25.3176,82.9739,0,2,2,20.3,0,228.5,0.66,51.32,712,3,Kiosk,5,1400,160,500
2024-05-29,Andaman,11.7401,92.6586,0,5,2,35.7,0,56.07,-0.864,82.43,395,2,App,7,900,120,300
2025-09-18,Jaipur,26.9124,75.7873,0,9,3,28.1,0,334.71,0.384,61.61,383,2,App,6,1500,180,600
2024-10-06,Agra,27.1767,78.0081,1,10,6,21.4,0,320.61,0.911,57.31,837,2,Kiosk,9,1300,150,550
2025-04-02,Leh,34.1526,77.5771,0,4,2,14.2,0,621.26,0.194,98.2,527,2,App,8,600,90,220
2025-05-09,Andaman,11.7401,92.6586,0,5,4,35.4,0,205.96,0.71,96.28,531,3,Web,10,900,120,300
2025-09-25,Leh,34.1526,77.5771,0,9,3,10.9,0,131.61,-0.536,96.47,223,1,Agent,6,600,90,220
2024-07-12,Leh,34.1526,77.5771,0,7,4,17.4,0,398.53,0.356,101.03,420,3,Kiosk,8,600,90,220
2024-02-02,Varanasi,25.3176,82.9739,0,2,4,19.9,0,381.01,0.239,53.84,867,2,Kiosk,21,1400,160,500
2024-05-10,Varanasi,25.3176,82.9739,0,5,4,37.2,0,388.62,0.101,59.43,1105,1,App,6,1400,160,500
2024-01-15,Jaipur,26.9124,75.7873,0,1,0,18.7,0,341.43,0.311,63.31,1299,3,Kiosk,12,1500,180,600
2025-01-27,Jaipur,26.9124,75.7873,0,1,0,19.2,0,315.69,0.635,62.28,1011,2,Agent,4,1500,180,600
2024-11-08,Kerala,10.8505,76.2711,0,11,4,20.9,0,1025.02,0.702,70.67,1616,2,App,20,1700,220,700
2024-07-11,Kerala,10.8505,76.2711,0,7,3,37.1,0,58.17,-0.028,81.28,812,2,App,7,1700,220,700
2024-05-23,Leh,34.1526,77.5771,0,5,3,19.6,0,281.97,0.151,100.79,412,2,App,12,600,90,220
2024-03-15,Andaman,11.7401,92.6586,0,3,4,29.0,0,346.88,0.054,83.61,463,3,App,18,900,120,300
2025-01-29,Varanasi,25.3176,82.9739,0,1,2,19.0,0,256.6,0.818,49.77,1007,2,Kiosk,7,1400,160,500
2025-03-28,Jaipur,26.9124,75.7873,0,3,4,28.6,0,193.94,-0.428,66.29,991,3,Web,8,1500,180,600
2024-04-12,Agra,27.1767,78.0081,0,4,4,33.1,1,315.25,0.31,66.95,779,2,App,3,1300,150,550
2024-08-05,Goa,15.2993,74.124,0,8,0,35.9,0,865.06,0.611,81.3,1236,3,App,11,2000,250,800
2024-10-19,Andaman,11.7401,92.6586,1,10,5,23.4,0,386.48,-0.062,86.98,407,3,Web,20,900,120,300
2025-05-31,Jaipur,26.9124,75.7873,1,5,5,35.1,0,451.42,0.321,61.29,1295,2,App,17,1500,180,600
2024-03-17,Varanasi,25.3176,82.9739,1,3,6,28.5,0,412.33,-0.786,49.29,1166,2,Web,18,1400,160,500
2024-03-02,Agra,27.1767,78.0081,1,3,5,27.3,0,260.18,0.627,56.34,1117,2,Web,3,1300,150,550
2024-05-27,Manali,32.2432,77.1892,0,5,0,26.1,0,153.2,0.385,80.58,677,2,Web,2,1200,140,450
2024-12-07,Agra,27.1767,78.0081,1,12,5,18.3,1,197.6,-0.031,52.42,750,3,Kiosk,1,1300,150,550
2024-02-14,Varanasi,25.3176,82.9739,0,2,2,21.5,0,668.05,-0.498,53.93,1300,3,Agent,14,1400,160,500
2024-08-28,Jaipur,26.9124,75.7873,0,8,2,34.7,1,501.34,0.145,58.59,790,1,Web,42,1500,180,600
2024-12-21,Leh,34.1526,77.5771,1,12,5,-0.2,0,145.75,0.989,91.21,409,2,App,10,600,90,220
2024-08-01,Jaipur,26.9124,75.7873,0,8,3,33.7,0,1151.14,-0.112,61.48,1266,2,Agent,27,1500,180,600
2025-07-17,Agra,27.1767,78.0081,0,7,3,35.0,0,142.72,-0.403,59.88,751,3,Kiosk,3,1300,150,550
2024-05-28,Manali,32.2432,77.1892,0,5,1,23.6,0,652.4,0.001,66.65,960,2,Web,8,1200,140,450
2025-05-04,Andaman,11.7401,92.6586,1,5,6,35.4,0,250.38,0.512,95.35,672,3,Kiosk,4,900,120,300
2025-03-29,Agra,27.1767,78.0081,1,3,5,25.3,0,120.52,0.948,52.92,974,2,Web,5,1300,150,550
2025-04-26,Kerala,10.8505,76.2711,1,4,5,33.0,0,778.96,-0.387,73.98,2103,3,Web,5,1700,220,700
2024-02-14,Leh,34.1526,77.5771,0,2,2,6.7,0,28.88,-0.059,97.67,261,3,App,22,600,90,220
2024-03-02,Varanasi,25.3176,82.9739,1,3,5,27.3,0,746.64,0.079,65.94,1312,2,Web,7,1400,160,500
2025-01-24,Goa,15.2993,74.124,0,1,4,21.2,0,514.83,-0.022,83.72,1466,1,Agent,13,2000,250,800
2025-03-07,Leh,34.1526,77.5771,0,3,4,10.1,0,890.78,-0.656,104.43,578,3,Web,10,600,90,220
2024-12-16,Varanasi,25.3176,82.9739,0,12,0,15.9,1,348.5,-0.854,50.26,898,1,Agent,11,1400,160,500
2024-05-08,Kerala,10.8505,76.2711,0,5,2,36.2,0,919.64,0.526,73.83,1775,3,Agent,7,1700,220,700
2024-08-02,Manali,32.2432,77.1892,0,8,4,20.6,0,225.85,0.559,80.78,805,2,Kiosk,9,1200,140,450
2024-10-13,Goa,15.2993,74.124,1,10,6,24.9,0,659.41,0.013,83.92,1540,3,App,4,2000,250,800
2024-09-03,Manali,32.2432,77.1892,0,9,1,12.9,0,618.12,-0.041,73.84,682,1,Agent,10,1200,140,450
2024-08-13,Goa,15.2993,74.124,0,8,1,34.6,0,477.2,-0.587,83.4,665,1,Agent,8,2000,250,800
2024-10-29,Goa,15.2993,74.124,0,10,1,24.4,0,114.09,-0.109,77.36,860,2,App,7,2000,250,800
2024-02-28,Varanasi,25.3176,82.9739,0,2,2,20.3,0,811.87,0.956,52.79,1339,3,Web,18,1400,160,500
2024-05-15,Varanasi,25.3176,82.9739,0,5,2,36.6,0,890.99,-0.12,52.4,1453,3,Agent,10,1400,160,500
2024-02-19,Varanasi,25.3176,82.9739,0,2,0,21.0,0,127.82,0.121,55.14,763,2,Agent,1,1400,160,500
2024-10-15,Varanasi,25.3176,82.9739,0,10,1,23.0,0,1241.65,0.131,45.73,1292,1,Agent,14,1400,160,500
2025-08-20,Agra,27.1767,78.0081,0,8,2,32.0,0,20.11,-0.292,55.75,532,2,Kiosk,33,1300,150,550
2025-06-13,Andaman,11.7401,92.6586,0,6,4,39.1,0,294.47,1.0,87.84,543,1,App,13,900,120,300
2025-06-28,Manali,32.2432,77.1892,1,6,5,25.5,0,165.96,0.599,75.18,1049,1,App,18,1200,140,450
2025-01-17,Agra,27.1767,78.0081,0,1,4,18.6,0,205.22,-0.794,54.7,864,2,Web,31,1300,150,550
2024-01-12,Goa,15.2993,74.124,0,1,4,21.4,0,827.73,0.456,89.84,1841,3,Web,13,2000,250,800
2024-12-20,Kerala,10.8505,76.2711,0,12,4,19.5,1,384.25,-0.266,72.23,1065,2,Agent,34,1700,220,700
2024-07-26,Andaman,11.7401,92.6586,0,7,4,35.7,0,167.52,-0.233,91.39,418,1,Agent,1,900,120,300
2024-02-19,Agra,27.1767,78.0081,0,2,0,22.7,0,660.1,-0.018,58.83,940,2,Kiosk,9,1300,150,550
2024-04-29,Andaman,11.7401,92.6586,0,4,0,33.9,0,294.41,0.438,94.25,453,2,Web,10,900,120,300
2024-09-29,Manali,32.2432,77.1892,1,9,6,14.3,0,349.67,0.116,74.19,463,2,Agent,6,1200,140,450
2024-10-20,Goa,15.2993,74.124,1,10,6,25.3,0,364.77,0.964,83.09,1165,2,Agent,15,2000,250,800
2024-01-21,Kerala,10.8505,76.2711,1,1,6,20.0,0,102.37,-0.058,70.26,1291,2,Agent,10,1700,220,700
2025-03-23,Kerala,10.8505,76.2711,1,3,6,27.9,0,202.05,0.601,64.09,1473,1,App,5,1700,220,700
2024-02-18,Leh,34.1526,77.5771,1,2,6,4.4,0,544.9,-0.302,104.11,493,2,Agent,18,600,90,220
2024-01-02,Leh,34.1526,77.5771,0,1,1,2.9,0,276.86,0.378,94.23,360,1,Kiosk,2,600,90,220
2024-08-26,Manali,32.2432,77.1892,0,8,0,20.0,1,287.54,-0.279,72.29,714,1,Agent,11,1200,140,450
2025-04-17,Varanasi,25.3176,82.9739,0,4,3,32.8,0,432.07,-1.0,49.16,889,1,Web,3,1400,160,500
2025-08-21,Jaipur,26.9124,75.7873,0,8,3,33.9,0,423.85,-0.84,69.75,820,3,App,10,1500,180,600
2025-04-16,Jaipur,26.9124,75.7873,0,4,2,31.4,1,747.1,-0.312,67.17,1674,2,Agent,22,1500,180,600
2024-11-04,Goa,15.2993,74.124,0,11,0,21.3,0,580.45,0.667,77.47,1141,2,App,3,2000,250,800
2025-06-01,Manali,32.2432,77.1892,1,6,6,23.7,1,512.37,-0.191,78.11,900,1,Agent,4,1200,140,450
2025-07-04,Jaipur,26.9124,75.7873,0,7,4,36.4,0,403.01,0.204,53.6,952,2,App,8,1500,180,600
2025-01-14,Leh,34.1526,77.5771,0,1,1,-0.2,0,1327.93,-0.024,100.03,621,3,App,15,600,90,220
2024-12-05,Manali,32.2432,77.1892,0,12,3,5.1,0,231.63,-0.522,69.53,695,3,Kiosk,15,1200,140,450
2024-05-20,Agra,27.1767,78.0081,0,5,0,34.0,0,321.25,0.635,61.39,732,2,Agent,19,1300,150,550
2024-04-21,Leh,34.1526,77.5771,1,4,6,14.9,0,910.91,0.602,96.28,639,1,Kiosk,5,600,90,220
2024-05-12,Andaman,11.7401,92.6586,1,5,6,33.8,0,1695.53,0.678,92.24,1336,1,Kiosk,11,900,120,300
2024-12-29,Varanasi,25.3176,82.9739,1,12,6,18.0,0,946.39,0.023,53.43,1296,2,Agent,2,1400,160,500
2024-07-31,Andaman,11.7401,92.6586,0,7,2,37.7,0,143.89,0.252,98.71,381,2,Agent,11,900,120,300
2024-01-18,Jaipur,26.9124,75.7873,0,1,3,20.9,0,217.47,0.138,56.63,953,2,App,31,1500,180,600
2025-09-26,Leh,34.1526,77.5771,0,9,4,9.5,0,631.13,-0.692,92.33,253,2,Kiosk,1,600,90,220
2024-12-03,Agra,27.1767,78.0081,0,12,1,16.0,0,379.5,0.081,56.2,870,2,App,19,1300,150,550
2024-02-13,Manali,32.2432,77.1892,0,2,1,9.2,0,860.11,-0.557,76.97,796,2,Web,19,1200,140,450
2024-07-29,Manali,32.2432,77.1892,0,7,0,23.2,0,312.02,0.189,76.54,786,2,Agent,8,1200,140,450
2025-07-08,Varanasi,25.3176,82.9739,0,7,1,35.9,0,84.1,-0.34,54.01,675,2,App,13,1400,160,500
2025-07-08,Goa,15.2993,74.124,0,7,1,37.9,0,645.06,0.103,85.37,1117,3,Kiosk,3,2000,250,800
2024-11-20,Agra,27.1767,78.0081,0,11,2,18.8,0,67.41,0.881,58.38,668,3,App,11,1300,150,550
2024-06-26,Kerala,10.8505,76.2711,0,6,2,38.3,0,76.03,-0.183,59.48,1273,2,Kiosk,8,1700,220,700
2024-03-04,Jaipur,26.9124,75.7873,0,3,0,25.9,0,213.18,0.322,61.88,918,2,Web,3,1500,180,600
2025-01-26,Andaman,11.7401,92.6586,1,1,6,18.9,0,50.48,-0.199,82.74,471,3,Agent,4,900,120,300
2024-11-05,Jaipur,26.9124,75.7873,0,11,1,18.8,0,617.76,0.698,65.45,1248,1,Web,1,1500,180,600
2024-06-03,Goa,15.2993,74.124,0,6,0,38.5,0,386.56,0.544,83.78,1196,2,Web,1,2000,250,800
2025-02-22,Varanasi,25.3176,82.9739,1,2,5,22.7,0,40.79,0.068,50.95,843,2,Kiosk,7,1400,160,500
2025-07-30,Kerala,10.8505,76.2711,0,7,2,36.0,0,561.01,-0.029,68.96,1302,2,Kiosk,15,1700,220,700
2024-02-21,Jaipur,26.9124,75.7873,0,2,2,22.0,0,91.13,0.374,66.15,947,3,Kiosk,1,1500,180,600
2024-02-19,Manali,32.2432,77.1892,0,2,0,9.4,0,875.13,0.227,69.67,813,1,Agent,1,1200,140,450
2025-08-25,Andaman,11.7401,92.6586,0,8,0,33.6,1,145.38,-0.193,93.3,292,2,Agent,17,900,120,300
2024-08-06,Kerala,10.8505,76.2711,0,8,1,33.7,1,66.74,0.849,59.13,561,2,Kiosk,1,1700,220,700
2025-05-03,Goa,15.2993,74.124,1,5,5,39.9,0,349.49,-0.153,78.03,1760,3,Web,7,2000,250,800
2024-11-07,Agra,27.1767,78.0081,0,11,3,18.6,0,59.99,1.0,54.33,806,1,Web,3,1300,150,550
2025-04-15,Kerala,10.8505,76.2711,0,4,1,34.6,1,78.28,0.03,81.09,776,3,App,11,1700,220,700
2024-06-02,Jaipur,26.9124,75.7873,1,6,6,36.9,0,294.92,-0.497,64.16,1116,1,Agent,6,1500,180,600
2024-06-28,Goa,15.2993,74.124,0,6,4,41.6,0,517.53,0.926,77.26,1460,2,App,4,2000,250,800
2024-12-01,Manali,32.2432,77.1892,1,12,6,4.1,0,262.33,-0.59,75.59,656,3,App,9,1200,140,450
2024-06-09,Manali,32.2432,77.1892,1,6,6,25.9,0,54.45,0.341,71.8,765,1,Kiosk,9,1200,140,450
2024-01-22,Kerala,10.8505,76.2711,0,1,0,22.3,0,137.79,-0.259,81.07,1029,2,Web,37,1700,220,700
2025-02-14,Kerala,10.8505,76.2711,0,2,4,23.1,0,78.8,0.046,71.75,980,1,Web,3,1700,220,700
2024-08-02,Leh,34.1526,77.5771,0,8,4,15.2,0,803.27,-0.145,91.87,439,3,App,16,600,90,220
2024-09-29,Agra,27.1767,78.0081,1,9,6,27.0,0,463.99,0.0,61.46,676,3,Web,38,1300,150,550
2024-04-26,Andaman,11.7401,92.6586,0,4,4,32.7,0,266.1,0.296,93.74,479,2,Agent,5,900,120,300
2024-06-08,Manali,32.2432,77.1892,1,6,5,26.7,0,206.69,-0.088,69.84,985,1,Kiosk,18,1200,140,450
2024-05-18,Manali,32.2432,77.1892,1,5,5,21.9,0,741.65,-0.949,85.67,1218,1,Kiosk,2,1200,140,450
2024-09-04,Goa,15.2993,74.124,0,9,2,29.4,0,137.03,0.031,60.45,756,3,App,9,2000,250,800
2024-12-21,Goa,15.2993,74.124,1,12,5,21.8,0,64.6,0.296,80.98,1023,2,Agent,17,2000,250,800
2025-01-24,Kerala,10.8505,76.2711,0,1,4,22.4,0,780.18,-0.19,68.49,1385,1,Web,8,1700,220,700
2025-09-08,Andaman,11.7401,92.6586,0,9,0,28.3,0,333.14,-0.234,83.81,333,3,Web,1,900,120,300
2024-11-12,Kerala,10.8505,76.2711,0,11,1,20.7,0,1263.55,0.276,72.74,1613,1,Web,11,1700,220,700
2024-10-18,Kerala,10.8505,76.2711,0,10,4,23.7,0,826.91,-0.509,65.03,1686,1,Web,1,1700,220,700
2024-11-23,Jaipur,26.9124,75.7873,1,11,5,21.0,0,207.89,0.372,60.3,874,1,Kiosk,5,1500,180,600
2025-06-28,Manali,32.2432,77.1892,1,6,5,26.6,0,686.6,-0.01,81.32,1190,2,Agent,25,1200,140,450
2024-07-08,Agra,27.1767,78.0081,0,7,0,33.4,0,187.52,-1.0,64.71,646,3,App,8,1300,150,550
2025-01-09,Leh,34.1526,77.5771,0,1,3,2.3,0,192.58,0.987,102.13,314,3,App,12,600,90,220
2024-07-01,Leh,34.1526,77.5771,0,7,0,18.9,0,78.79,0.397,95.32,351,2,App,22,600,90,220
2025-08-14,Jaipur,26.9124,75.7873,0,8,3,34.6,0,963.13,-0.104,62.87,682,3,Kiosk,14,1500,180,600
2025-04-08,Kerala,10.8505,76.2711,0,4,1,34.5,0,359.19,-0.03,74.85,967,2,Agent,15,1700,220,700
2024-07-10,Leh,34.1526,77.5771,0,7,2,16.7,0,145.46,-0.079,93.07,310,2,Web,22,600,90,220
2024-11-05,Manali,32.2432,77.1892,0,11,1,8.0,0,739.21,0.644,75.76,787,2,Agent,19,1200,140,450
2024-09-19,Agra,27.1767,78.0081,0,9,3,27.1,0,515.65,0.101,53.88,612,2,Web,9,1300,150,550
2025-09-14,Manali,32.2432,77.1892,1,9,6,14.4,0,134.89,-0.568,69.33,563,2,Web,1,1200,140,450
2024-01-24,Kerala,10.8505,76.2711,0,1,2,22.1,0,203.77,0.055,67.16,901,2,Kiosk,5,1700,220,700
2024-01-22,Varanasi,25.3176,82.9739,0,1,0,19.0,0,1208.42,0.079,52.06,1467,1,Kiosk,3,1400,160,500
2024-10-18,Andaman,11.7401,92.6586,0,10,4,24.7,0,539.79,0.707,90.07,458,3,Agent,15,900,120,300
2024-04-12,Kerala,10.8505,76.2711,0,4,4,33.8,0,481.43,0.06,76.14,1078,1,Web,26,1700,220,700
2025-04-02,Leh,34.1526,77.5771,0,4,2,15.4,0,894.8,-1.0,91.27,531,1,App,24,600,90,220
2024-12-31,Kerala,10.8505,76.2711,0,12,1,19.9,0,176.95,-0.089,54.44,1001,2,Web,20,1700,220,700
2024-10-28,Varanasi,25.3176,82.9739,0,10,0,21.8,0,862.64,0.172,51.82,1155,3,App,16,1400,160,500
2024-09-27,Andaman,11.7401,92.6586,0,9,4,27.6,0,415.13,-0.131,86.0,248,2,Web,5,900,120,300
2025-09-07,Agra,27.1767,78.0081,1,9,6,27.2,0,429.13,0.448,53.57,897,2,Kiosk,7,1300,150,550
2025-06-12,Leh,34.1526,77.5771,0,6,3,20.0,0,462.68,-0.386,99.6,518,1,Kiosk,34,600,90,220
2024-07-10,Leh,34.1526,77.5771,0,7,2,17.8,1,223.94,0.761,100.78,384,3,Agent,5,600,90,220
2024-11-24,Leh,34.1526,77.5771,1,11,6,0.5,0,105.55,-0.359,99.87,259,1,Web,10,600,90,220
2025-04-21,Leh,34.1526,77.5771,0,4,0,15.8,0,374.84,0.195,103.2,378,2,Web,24,600,90,220
2024-02-23,Kerala,10.8505,76.2711,0,2,4,23.7,0,133.15,-0.666,64.86,939,1,Web,27,1700,220,700
2024-02-16,Jaipur,26.9124,75.7873,0,2,4,22.9,0,424.99,0.288,67.31,1219,2,Agent,8,1500,180,600
2024-10-22,Agra,27.1767,78.0081,0,10,1,22.5,0,715.77,0.351,56.7,1091,2,App,35,1300,150,550
2025-04-05,Agra,27.1767,78.0081,1,4,5,32.1,0,380.0,0.085,71.62,1103,3,App,31,1300,150,550
2024-09-29,Varanasi,25.3176,82.9739,1,9,6,27.0,0,558.24,-0.687,47.74,1073,3,Kiosk,11,1400,160,500
2024-01-10,Varanasi,25.3176,82.9739,0,1,2,18.5,0,506.46,-0.102,46.02,1053,1,Agent,14,1400,160,500
2024-05-18,Agra,27.1767,78.0081,1,5,5,37.0,0,494.5,0.419,58.21,1530,2,Web,11,1300,150,550
2024-09-10,Leh,34.1526,77.5771,0,9,1,10.5,0,239.36,0.208,95.85,251,1,App,8,600,90,220
2024-12-01,Goa,15.2993,74.124,1,12,6,20.7,0,166.56,0.698,81.23,1079,1,Kiosk,1,2000,250,800
2024-05-02,Varanasi,25.3176,82.9739,0,5,3,33.0,0,541.23,-0.076,55.59,1460,1,Kiosk,11,1400,160,500
2024-01-26,Agra,27.1767,78.0081,0,1,4,19.2,0,632.01,0.066,66.25,1062,2,Agent,11,1300,150,550
2024-09-26,Kerala,10.8505,76.2711,0,9,3,30.4,0,278.93,0.566,69.55,570,2,App,23,1700,220,700
2024-10-26,Kerala,10.8505,76.2711,1,10,5,23.5,0,375.71,0.904,75.1,1202,2,Agent,25,1700,220,700
2024-02-16,Agra,27.1767,78.0081,0,2,4,24.0,0,205.94,0.732,57.71,773,2,Agent,18,1300,150,550
2024-10-12,Manali,32.2432,77.1892,1,10,5,10.8,0,831.89,0.925,77.62,939,2,Agent,11,1200,140,450
2024-09-08,Kerala,10.8505,76.2711,1,9,6,29.6,0,244.31,-0.141,65.45,931,1,Kiosk,5,1700,220,700
2024-01-20,Kerala,10.8505,76.2711,1,1,5,20.3,0,483.45,0.708,73.38,1510,3,Agent,8,1700,220,700
2025-04-17,Jaipur,26.9124,75.7873,0,4,3,31.7,0,145.99,-0.172,68.24,989,2,Web,1,1500,180,600
2025-03-10,Goa,15.2993,74.124,0,3,0,29.8,0,226.83,0.79,80.95,1558,2,Agent,5,2000,250,800
2024-08-07,Leh,34.1526,77.5771,0,8,2,14.2,0,269.58,0.028,92.69,429,2,Kiosk,2,600,90,220
2024-02-19,Leh,34.1526,77.5771,0,2,0,5.8,0,791.05,-0.138,94.85,370,1,Agent,8,600,90,220
2025-07-29,Varanasi,25.3176,82.9739,0,7,1,35.4,0,232.67,0.256,50.06,773,3,App,11,1400,160,500
2024-07-28,Varanasi,25.3176,82.9739,1,7,6,35.5,0,434.9,0.396,66.92,1248,3,Agent,9,1400,160,500
2024-12-10,Leh,34.1526,77.5771,0,12,1,1.2,0,652.72,0.741,96.63,423,2,App,7,600,90,220
2024-06-19,Varanasi,25.3176,82.9739,0,6,2,37.0,0,396.83,-0.1,50.72,1136,3,Agent,2,1400,160,500
2024-09-27,Agra,27.1767,78.0081,0,9,4,27.5,0,170.53,-0.05,49.22,476,2,Agent,34,1300,150,550
2024-05-15,Goa,15.2993,74.124,0,5,2,38.1,0,299.56,-0.568,84.4,911,2,Agent,5,2000,250,800
2025-01-06,Agra,27.1767,78.0081,0,1,0,18.9,0,358.81,0.038,56.32,970,3,App,13,1300,150,550
2025-03-04,Varanasi,25.3176,82.9739,0,3,1,25.5,0,916.61,-0.441,50.08,1241,4,App,8,1400,160,500
2025-07-31,Andaman,11.7401,92.6586,0,7,3,37.4,1,285.86,-0.321,91.56,336,3,Agent,20,900,120,300
2024-11-04,Andaman,11.7401,92.6586,0,11,0,19.5,0,289.48,0.235,90.46,408,2,Kiosk,17,900,120,300
2024-09-04,Kerala,10.8505,76.2711,0,9,2,28.5,0,63.34,0.184,73.26,675,3,Kiosk,5,1700,220,700
2025-08-02,Goa,15.2993,74.124,1,8,5,35.7,0,218.01,-1.0,82.46,932,1,App,13,2000,250,800
2024-02-20,Manali,32.2432,77.1892,0,2,1,10.6,0,184.45,0.89,72.48,787,2,Web,1,1200,140,450
2025-09-12,Goa,15.2993,74.124,0,9,4,30.8,0,269.84,-0.567,83.2,875,1,Web,5,2000,250,800
2024-06-16,Kerala,10.8505,76.2711,1,6,6,37.8,0,434.8,0.152,67.63,1411,2,Agent,14,1700,220,700
2025-08-03,Manali,32.2432,77.1892,1,8,6,18.5,0,971.02,-0.34,75.28,1143,3,Web,2,1200,140,450
2024-09-17,Goa,15.2993,74.124,0,9,1,28.9,0,251.23,-0.762,74.03,1072,3,Kiosk,4,2000,250,800
2024-04-25,Andaman,11.7401,92.6586,0,4,3,33.9,0,79.23,0.609,96.62,462,4,App,18,900,120,300
2024-03-01,Jaipur,26.9124,75.7873,0,3,4,29.7,0,695.72,-0.22,59.87,1297,3,Web,16,1500,180,600
2025-02-11,Jaipur,26.9124,75.7873,0,2,1,21.6,0,475.41,-0.476,68.58,1118,1,Web,5,1500,180,600
2024-04-29,Agra,27.1767,78.0081,0,4,0,32.1,0,1375.6,0.589,56.61,1774,2,Web,3,1300,150,550
2025-06-12,Goa,15.2993,74.124,0,6,3,38.1,1,345.87,0.343,89.12,1177,2,Kiosk,23,2000,250,800
2024-01-01,Agra,27.1767,78.0081,0,1,0,18.4,0,68.71,-0.359,58.3,675,4,Kiosk,12,1300,150,550
2024-11-16,Jaipur,26.9124,75.7873,1,11,5,19.1,0,61.96,-0.337,57.92,796,2,Web,12,1500,180,600
2024-05-29,Kerala,10.8505,76.2711,0,5,2,38.7,0,202.72,-0.043,67.92,1142,3,Agent,2,1700,220,700
2024-09-10,Goa,15.2993,74.124,0,9,1,28.5,0,417.85,0.164,78.89,1079,2,App,6,2000,250,800
2025-06-20,Goa,15.2993,74.124,0,6,4,38.4,0,423.19,0.967,77.83,1212,4,Web,37,2000,250,800
2025-09-18,Jaipur,26.9124,75.7873,0,9,3,28.4,1,650.18,0.161,54.78,778,2,App,4,1500,180,600
2024-01-27,Goa,15.2993,74.124,1,1,5,21.4,0,589.79,0.617,86.23,1747,1,Agent,8,2000,250,800
2024-12-04,Kerala,10.8505,76.2711,0,12,2,18.1,0,73.22,0.174,74.27,860,2,App,23,1700,220,700
2025-03-30,Leh,34.1526,77.5771,1,3,6,10.9,0,703.63,0.445,96.12,617,2,Web,6,600,90,220
2025-07-01,Jaipur,26.9124,75.7873,0,7,1,37.1,0,59.83,-0.181,63.81,635,2,Web,6,1500,180,600
2025-08-02,Manali,32.2432,77.1892,1,8,5,19.8,0,572.55,0.489,76.42,1019,2,Agent,10,1200,140,450
2024-09-20,Manali,32.2432,77.1892,0,9,4,14.7,0,326.66,-0.406,68.5,517,3,Agent,17,1200,140,450
2024-10-04,Jaipur,26.9124,75.7873,0,10,4,21.1,0,432.44,0.191,58.01,798,3,Kiosk,6,1500,180,600
2024-01-19,Varanasi,25.3176,82.9739,0,1,4,17.4,0,381.96,-0.428,54.31,1031,2,Kiosk,13,1400,160,500
2024-07-16,Agra,27.1767,78.0081,0,7,1,34.8,0,761.83,0.452,61.16,1393,3,Agent,6,1300,150,550
2025-03-05,Leh,34.1526,77.5771,0,3,2,10.8,0,565.72,-0.309,101.97,416,3,Web,10,600,90,220
2024-03-24,Leh,34.1526,77.5771,1,3,6,9.0,0,398.03,-0.428,101.51,448,2,App,12,600,90,220
2024-03-29,Kerala,10.8505,76.2711,0,3,4,30.2,0,347.52,0.236,71.45,1278,4,Web,10,1700,220,700
2025-05-12,Kerala,10.8505,76.2711,0,5,0,37.0,0,181.15,-0.187,58.97,978,2,Web,20,1700,220,700
2024-02-10,Varanasi,25.3176,82.9739,1,2,5,21.1,0,1522.38,1.0,51.06,2164,1,App,4,1400,160,500
2024-07-23,Leh,34.1526,77.5771,0,7,1,18.5,0,165.3,0.665,92.99,315,2,App,9,600,90,220
2025-04-08,Leh,34.1526,77.5771,0,4,1,14.4,0,256.67,0.621,94.59,454,2,App,14,600,90,220
2024-03-17,Leh,34.1526,77.5771,1,3,6,11.5,0,516.91,-0.757,97.16,368,3,Kiosk,4,600,90,220
2024-05-15,Goa,15.2993,74.124,0,5,2,39.1,0,375.48,-1.0,85.29,1083,2,Agent,13,2000,250,800
2025-09-20,Agra,27.1767,78.0081,1,9,5,27.0,0,849.42,0.351,61.18,909,2,Web,13,1300,150,550
2025-06-10,Goa,15.2993,74.124,0,6,1,40.8,0,595.59,-0.029,79.51,1393,3,Web,7,2000,250,800
2025-07-09,Leh,34.1526,77.5771,0,7,2,18.0,0,128.54,0.812,96.87,384,1,Web,1,600,90,220
2024-01-06,Agra,27.1767,78.0081,1,1,5,17.8,0,205.9,0.505,50.35,1256,3,Web,15,1300,150,550
2024-08-29,Goa,15.2993,74.124,0,8,3,35.0,0,535.95,-0.433,81.69,954,2,App,15,2000,250,800
2025-02-10,Varanasi,25.3176,82.9739,0,2,0,21.5,0,91.18,0.363,54.31,599,2,Kiosk,13,1400,160,500
2024-09-22,Manali,32.2432,77.1892,1,9,6,14.1,1,480.25,-0.086,73.85,370,2,Kiosk,6,1200,140,450
2025-08-12,Agra,27.1767,78.0081,0,8,1,31.2,0,763.35,-0.076,50.58,838,3,Agent,14,1300,150,550
2025-02-28,Leh,34.1526,77.5771,0,2,4,6.9,0,702.6,-0.312,98.72,424,3,Web,14,600,90,220
2024-05-13,Varanasi,25.3176,82.9739,0,5,0,36.2,0,155.71,-0.486,48.29,1055,3,Kiosk,15,1400,160,500
2024-06-13,Manali,32.2432,77.1892,0,6,3,26.3,0,145.61,-0.344,76.82,829,3,Agent,18,1200,140,450
2025-01-09,Manali,32.2432,77.1892,0,1,3,4.9,0,458.53,0.385,74.27,942,2,App,1,1200,140,450
2025-06-21,Varanasi,25.3176,82.9739,1,6,5,36.2,0,241.34,-0.009,50.47,980,1,Agent,10,1400,160,500
2025-06-19,Andaman,11.7401,92.6586,0,6,3,39.8,0,924.14,-0.632,86.93,878,3,Agent,14,900,120,300
2024-03-19,Kerala,10.8505,76.2711,0,3,1,29.8,0,658.9,0.523,64.43,1490,2,Kiosk,22,1700,220,700
2025-01-16,Andaman,11.7401,92.6586,0,1,3,18.2,0,240.77,-0.859,89.82,419,2,App,14,900,120,300
2024-07-16,Leh,34.1526,77.5771,0,7,1,17.8,0,697.2,-0.021,99.84,603,2,App,3,600,90,220
2024-05-18,Kerala,10.8505,76.2711,1,5,5,37.4,0,360.8,-0.526,76.39,1305,2,Kiosk,6,1700,220,700
2025-08-22,Jaipur,26.9124,75.7873,0,8,4,32.4,0,305.82,0.288,50.88,768,1,Kiosk,10,1500,180,600
2025-05-06,Andaman,11.7401,92.6586,0,5,1,37.1,0,483.85,0.643,104.6,553,1,Kiosk,8,900,120,300
2024-12-19,Goa,15.2993,74.124,0,12,3,20.1,0,224.85,0.478,87.31,1283,3,App,22,2000,250,800
2024-07-18,Kerala,10.8505,76.2711,0,7,3,36.8,0,529.84,0.582,71.13,1088,2,App,7,1700,220,700
2024-03-27,Agra,27.1767,78.0081,0,3,2,28.2,0,159.38,0.246,56.87,732,2,Agent,29,1300,150,550
2024-09-17,Jaipur,26.9124,75.7873,0,9,1,26.6,0,394.81,-0.747,65.33,800,4,Kiosk,6,1500,180,600
2025-03-28,Leh,34.1526,77.5771,0,3,4,10.2,0,253.98,1.0,97.97,395,2,Agent,13,600,90,220
2025-04-13,Jaipur,26.9124,75.7873,1,4,6,33.7,0,447.39,0.296,74.34,1721,2,Kiosk,6,1500,180,600
2024-12-19,Varanasi,25.3176,82.9739,0,12,3,16.8,0,346.49,-0.962,48.37,808,3,App,4,1400,160,500
2024-06-15,Goa,15.2993,74.124,1,6,5,41.2,1,86.4,-0.376,75.14,1016,3,Kiosk,9,2000,250,800
2025-09-27,Andaman,11.7401,92.6586,1,9,5,25.4,0,567.68,-0.104,93.12,422,3,Web,10,900,120,300
2025-07-30,Jaipur,26.9124,75.7873,0,7,2,38.2,0,151.93,0.831,65.22,835,1,Agent,4,1500,180,600
2025-04-14,Andaman,11.7401,92.6586,0,4,0,33.0,0,261.02,-0.275,99.98,416,2,Agent,26,900,120,300
2024-01-02,Manali,32.2432,77.1892,0,1,1,5.8,0,481.58,-0.492,73.23,592,2,Kiosk,6,1200,140,450
2024-08-14,Andaman,11.7401,92.6586,0,8,2,33.1,0,1275.83,-0.234,92.41,514,2,Kiosk,26,900,120,300
2024-03-12,Varanasi,25.3176,82.9739,0,3,1,27.5,0,394.89,0.133,56.66,1101,2,Kiosk,23,1400,160,500
2024-07-28,Leh,34.1526,77.5771,1,7,6,20.3,0,362.14,-0.133,100.35,644,2,App,15,600,90,220
2024-04-06,Goa,15.2993,74.124,1,4,5,34.8,0,386.18,0.643,78.63,1828,2,Web,1,2000,250,800
2024-06-03,Andaman,11.7401,92.6586,0,6,0,38.5,0,245.43,0.687,95.01,509,3,App,6,900,120,300
2024-02-07,Kerala,10.8505,76.2711,0,2,2,24.0,0,120.16,0.747,77.37,1215,3,Agent,11,1700,220,700
2025-01-29,Agra,27.1767,78.0081,0,1,2,19.2,1,71.37,-1.0,58.43,683,1,Web,30,1300,150,550
2024-07-04,Andaman,11.7401,92.6586,0,7,3,37.2,0,305.38,-0.781,89.96,296,2,App,4,900,120,300
2025-01-03,Leh,34.1526,77.5771,0,1,4,3.1,0,508.39,0.082,99.48,304,2,Kiosk,22,600,90,220
2025-02-23,Goa,15.2993,74.124,1,2,6,24.8,0,418.99,0.233,84.36,1744,1,App,11,2000,250,800
2024-08-31,Jaipur,26.9124,75.7873,1,8,5,35.4,0,118.71,0.399,61.7,846,2,App,28,1500,180,600
2024-12-09,Manali,32.2432,77.1892,0,12,0,6.0,0,622.56,0.695,85.02,726,2,Kiosk,9,1200,140,450
2025-06-24,Leh,34.1526,77.5771,0,6,1,18.5,0,229.97,0.301,102.52,239,3,App,16,600,90,220
2025-01-19,Andaman,11.7401,92.6586,1,1,6,20.4,0,1937.78,0.099,90.92,1251,3,Agent,10,900,120,300
2024-11-18,Kerala,10.8505,76.2711,0,11,0,20.7,0,546.42,-0.189,72.47,1211,3,Web,16,1700,220,700
2024-12-07,Jaipur,26.9124,75.7873,1,12,5,18.8,0,499.62,0.121,58.97,1322,2,Web,6,1500,180,600
2025-02-05,Andaman,11.7401,92.6586,0,2,2,23.8,0,464.16,0.545,90.82,541,2,Agent,3,900,120,300
2024-04-10,Kerala,10.8505,76.2711,0,4,2,34.7,0,39.8,-0.297,79.55,810,3,Web,13,1700,220,700
2024-02-29,Manali,32.2432,77.1892,0,2,3,9.3,0,360.89,0.134,79.18,690,3,Kiosk,4,1200,140,450
2024-12-10,Manali,32.2432,77.1892,0,12,1,5.3,0,369.16,0.616,76.97,564,2,Agent,1,1200,140,450
2024-03-06,Andaman,11.7401,92.6586,0,3,2,26.7,0,150.84,0.626,95.55,532,2,App,12,900,120,300
2024-01-11,Manali,32.2432,77.1892,0,1,3,6.6,0,590.4,-0.27,73.43,1029,1,Web,2,1200,140,450
2024-01-11,Andaman,11.7401,92.6586,0,1,3,18.7,0,672.81,0.458,90.1,613,2,App,8,900,120,300
2024-06-28,Agra,27.1767,78.0081,0,6,4,36.8,0,56.51,0.223,63.89,618,2,Kiosk,9,1300,150,550
2024-07-21,Manali,32.2432,77.1892,1,7,6,23.1,0,297.29,-0.427,73.38,958,3,App,16,1200,140,450
2024-02-06,Agra,27.1767,78.0081,0,2,1,21.6,0,94.47,0.414,55.71,800,2,Kiosk,8,1300,150,550
2025-09-17,Varanasi,25.3176,82.9739,0,9,2,27.1,1,571.57,0.293,52.82,624,3,App,13,1400,160,500
2025-07-12,Agra,27.1767,78.0081,1,7,5,36.6,1,264.98,-0.095,42.08,802,2,Web,24,1300,150,550
2025-02-25,Leh,34.1526,77.5771,0,2,1,4.7,0,249.54,-0.825,108.0,364,3,Kiosk,8,600,90,220
2025-08-17,Manali,32.2432,77.1892,1,8,6,19.8,0,17.41,0.424,79.03,740,1,Agent,1,1200,140,450
2024-11-23,Kerala,10.8505,76.2711,1,11,5,22.0,0,119.52,0.625,64.73,1261,2,App,7,1700,220,700
2024-06-18,Varanasi,25.3176,82.9739,0,6,1,36.2,0,249.45,0.273,53.45,826,2,Kiosk,6,1400,160,500
2024-10-26,Kerala,10.8505,76.2711,1,10,5,25.0,0,439.47,0.264,63.47,1462,2,Web,7,1700,220,700
2024-10-18,Leh,34.1526,77.5771,0,10,4,4.8,0,101.37,0.693,96.79,237,2,Kiosk,9,600,90,220
2024-10-22,Leh,34.1526,77.5771,0,10,1,5.2,0,559.38,-0.433,94.69,266,1,Agent,26,600,90,220
2025-04-27,Varanasi,25.3176,82.9739,1,4,6,30.1,0,136.79,0.26,52.8,1006,3,App,43,1400,160,500
2024-01-23,Leh,34.1526,77.5771,0,1,1,0.1,1,926.19,-0.334,98.0,470,2,Agent,6,600,90,220
2025-04-01,Kerala,10.8505,76.2711,0,4,1,34.5,0,715.48,0.169,65.91,1277,2,Agent,8,1700,220,700
2024-11-17,Jaipur,26.9124,75.7873,1,11,6,20.2,0,471.46,-0.444,62.02,981,1,Agent,5,1500,180,600
2025-05-09,Agra,27.1767,78.0081,0,5,4,36.5,0,138.96,-0.371,48.11,952,2,App,3,1300,150,550
2024-12-16,Kerala,10.8505,76.2711,0,12,0,17.1,0,1044.26,1.0,73.9,1438,2,Kiosk,2,1700,220,700
2024-08-25,Andaman,11.7401,92.6586,1,8,6,32.4,0,194.85,-0.011,82.41,331,2,Agent,14,900,120,300
2024-06-24,Agra,27.1767,78.0081,0,6,0,36.4,0,47.15,-1.0,52.52,705,3,Web,3,1300,150,550
2025-02-17,Varanasi,25.3176,82.9739,0,2,0,21.3,0,796.22,-0.409,51.44,859,3,App,16,1400,160,500
2025-01-06,Varanasi,25.3176,82.9739,0,1,0,18.3,0,730.39,0.005,51.35,937,1,Web,1,1400,160,500
2025-07-02,Leh,34.1526,77.5771,0,7,2,19.6,0,800.97,-0.021,96.16,529,2,App,1,600,90,220
2025-03-27,Andaman,11.7401,92.6586,0,3,3,28.8,0,612.86,-0.586,101.41,647,2,Kiosk,10,900,120,300
2025-09-03,Varanasi,25.3176,82.9739,0,9,2,27.0,1,234.54,0.532,48.12,749,2,Agent,3,1400,160,500
2025-02-08,Leh,34.1526,77.5771,1,2,5,7.0,1,649.33,-0.346,99.15,558,2,Web,16,600,90,220
2024-08-04,Kerala,10.8505,76.2711,1,8,6,33.4,0,137.99,-0.119,69.65,934,2,Agent,47,1700,220,700
2024-05-22,Manali,32.2432,77.1892,0,5,2,22.8,0,920.8,-0.138,67.23,935,2,Web,20,1200,140,450
2025-08-11,Andaman,11.7401,92.6586,0,8,0,34.6,0,490.05,0.003,92.96,501,1,Agent,14,900,120,300
2025-09-10,Manali,32.2432,77.1892,0,9,2,14.5,1,419.13,0.207,66.74,486,3,App,6,1200,140,450
2025-03-17,Agra,27.1767,78.0081,0,3,0,26.7,0,474.8,0.349,64.46,1149,2,App,6,1300,150,550
2024-07-20,Manali,32.2432,77.1892,1,7,5,26.1,0,392.1,0.407,72.62,1007,3,App,20,1200,140,450
2025-03-22,Manali,32.2432,77.1892,1,3,5,13.7,0,125.79,-0.133,70.29,738,2,App,1,1200,140,450
2025-01-21,Manali,32.2432,77.1892,0,1,1,6.4,0,1556.45,0.16,66.75,1556,1,App,17,1200,140,450
2024-06-15,Andaman,11.7401,92.6586,1,6,5,38.4,0,94.73,0.762,96.49,380,3,App,5,900,120,300
2025-02-01,Manali,32.2432,77.1892,1,2,5,9.9,0,411.24,-0.191,75.86,823,1,App,2,1200,140,450
2024-01-26,Andaman,11.7401,92.6586,0,1,4,20.5,0,138.34,-0.175,95.76,384,3,App,6,900,120,300
2024-02-06,Agra,27.1767,78.0081,0,2,1,22.0,0,218.9,0.476,53.43,974,2,App,14,1300,150,550
2024-06-18,Andaman,11.7401,92.6586,0,6,1,37.2,0,586.71,0.091,87.54,349,2,Agent,4,900,120,300
2025-01-28,Goa,15.2993,74.124,0,1,1,22.5,0,547.05,1.0,71.82,1671,3,Kiosk,21,2000,250,800
2025-01-13,Varanasi,25.3176,82.9739,0,1,0,17.2,0,582.06,-0.868,50.48,1350,1,Web,1,1400,160,500
2024-05-31,Goa,15.2993,74.124,0,5,4,40.0,0,1182.06,0.785,74.73,1646,2,Web,11,2000,250,800
2024-10-05,Kerala,10.8505,76.2711,1,10,5,23.0,0,342.38,0.073,60.62,1017,2,Web,10,1700,220,700
2025-08-01,Jaipur,26.9124,75.7873,0,8,4,32.9,0,255.14,0.056,68.61,630,1,Web,15,1500,180,600
2024-07-30,Jaipur,26.9124,75.7873,0,7,1,36.7,0,186.38,0.677,65.36,872,2,Agent,8,1500,180,600
2025-02-27,Varanasi,25.3176,82.9739,0,2,3,23.0,0,78.41,0.537,53.63,895,3,Kiosk,7,1400,160,500
2024-08-18,Agra,27.1767,78.0081,1,8,6,31.3,0,131.62,0.695,71.36,708,1,App,10,1300,150,550
2024-06-16,Jaipur,26.9124,75.7873,1,6,6,36.4,0,341.08,0.152,60.06,1292,2,Kiosk,33,1500,180,600
2024-04-18,Jaipur,26.9124,75.7873,0,4,3,34.8,0,196.0,-0.124,64.88,1083,3,Agent,16,1500,180,600
2024-11-05,Kerala,10.8505,76.2711,0,11,1,22.2,0,972.09,0.606,66.36,1648,3,Kiosk,2,1700,220,700
2024-05-29,Varanasi,25.3176,82.9739,0,5,2,33.0,0,732.48,0.333,42.19,1238,2,App,11,1400,160,500
2025-09-03,Goa,15.2993,74.124,0,9,2,29.5,0,468.98,-0.381,74.99,1038,2,App,3,2000,250,800
2025-08-25,Agra,27.1767,78.0081,0,8,0,31.5,1,139.04,0.06,56.57,416,2,Kiosk,17,1300,150,550
2025-04-02,Kerala,10.8505,76.2711,0,4,2,33.6,0,368.69,0.492,74.08,952,2,Agent,18,1700,220,700
2025-03-27,Varanasi,25.3176,82.9739,0,3,3,29.6,0,334.36,-0.254,44.38,1114,3,Web,13,1400,160,500
2025-03-02,Varanasi,25.3176,82.9739,1,3,6,26.5,0,846.76,-0.172,51.08,1496,4,Agent,8,1400,160,500
2024-10-19,Andaman,11.7401,92.6586,1,10,5,23.0,0,165.67,0.359,95.19,359,2,Web,4,900,120,300
2024-06-22,Kerala,10.8505,76.2711,1,6,5,39.3,0,529.53,0.355,66.38,1722,1,Web,6,1700,220,700
2025-02-23,Kerala,10.8505,76.2711,1,2,6,23.6,0,450.52,0.201,70.49,1425,3,Web,2,1700,220,700
2025-04-29,Jaipur,26.9124,75.7873,0,4,1,33.6,0,402.64,0.382,70.94,944,2,App,13,1500,180,600
2024-01-30,Kerala,10.8505,76.2711,0,1,1,20.1,0,66.65,-0.498,64.47,904,3,Agent,24,1700,220,700
2024-08-02,Jaipur,26.9124,75.7873,0,8,4,34.3,0,855.9,0.537,67.76,1215,2,Kiosk,14,1500,180,600
2025-07-08,Agra,27.1767,78.0081,0,7,1,36.2,0,216.06,-0.515,67.83,711,3,Kiosk,21,1300,150,550
2024-10-16,Goa,15.2993,74.124,0,10,2,24.1,1,122.38,-0.41,79.57,789,2,App,13,2000,250,800
2025-06-19,Manali,32.2432,77.1892,0,6,3,24.4,0,458.97,-0.163,72.93,754,2,Kiosk,11,1200,140,450
2025-03-12,Kerala,10.8505,76.2711,0,3,2,29.9,0,893.15,-0.002,66.87,1266,3,Web,9,1700,220,700
2025-01-16,Goa,15.2993,74.124,0,1,3,21.8,0,275.81,0.541,85.56,1063,2,Web,13,2000,250,800
2025-07-26,Varanasi,25.3176,82.9739,1,7,5,35.6,1,55.87,-0.106,44.75,722,3,Web,6,1400,160,500
2024-01-22,Jaipur,26.9124,75.7873,0,1,0,19.0,0,236.37,-0.27,61.36,791,2,Kiosk,2,1500,180,600
2025-07-22,Agra,27.1767,78.0081,0,7,1,34.6,0,93.11,0.2,60.02,758,3,Kiosk,4,1300,150,550
2025-08-21,Varanasi,25.3176,82.9739,0,8,3,31.7,1,1000.4,-0.643,47.6,711,3,Kiosk,1,1400,160,500
2024-08-15,Goa,15.2993,74.124,0,8,3,35.3,1,248.32,0.003,78.2,884,4,Web,12,2000,250,800
2024-10-26,Goa,15.2993,74.124,1,10,5,24.8,0,556.77,0.385,77.98,1378,2,Kiosk,10,2000,250,800
2024-12-04,Manali,32.2432,77.1892,0,12,2,4.6,0,22.47,0.554,64.32,580,2,App,3,1200,140,450
2024-12-29,Kerala,10.8505,76.2711,1,12,6,17.0,0,342.36,-0.1,67.95,1569,3,Web,6,1700,220,700
2025-09-04,Jaipur,26.9124,75.7873,0,9,3,25.6,0,718.57,0.413,55.94,702,2,Agent,15,1500,180,600
2025-01-17,Jaipur,26.9124,75.7873,0,1,4,17.9,0,181.54,0.698,60.73,915,3,Agent,11,1500,180,600
2025-05-22,Jaipur,26.9124,75.7873,0,5,3,35.9,0,227.06,-0.732,68.82,898,2,Agent,36,1500,180,600
2024-05-21,Jaipur,26.9124,75.7873,0,5,1,35.7,0,383.48,-0.876,62.92,1084,3,Kiosk,6,1500,180,600
2024-09-27,Andaman,11.7401,92.6586,0,9,4,28.4,0,370.34,-0.49,82.22,350,2,App,6,900,120,300
2025-09-03,Leh,34.1526,77.5771,0,9,2,10.3,0,176.54,-0.282,100.03,230,2,Web,17,600,90,220
2024-01-03,Kerala,10.8505,76.2711,0,1,2,20.3,0,302.84,0.727,73.17,940,2,Web,20,1700,220,700
2024-08-27,Andaman,11.7401,92.6586,0,8,1,33.0,0,855.58,-0.094,94.0,669,1,Kiosk,3,900,120,300
2024-09-23,Varanasi,25.3176,82.9739,0,9,0,26.6,0,513.23,0.379,57.85,670,2,App,13,1400,160,500
2025-05-07,Agra,27.1767,78.0081,0,5,2,37.2,0,174.49,0.744,57.56,821,2,Web,2,1300,150,550
2025-01-17,Goa,15.2993,74.124,0,1,4,21.1,0,786.26,-0.18,72.68,2040,1,Kiosk,9,2000,250,800
2024-06-24,Jaipur,26.9124,75.7873,0,6,0,39.7,0,59.39,-0.099,62.05,683,3,Web,11,1500,180,600
2025-08-02,Goa,15.2993,74.124,1,8,5,35.8,0,221.01,-0.329,77.83,1079,1,Agent,43,2000,250,800
2024-07-09,Goa,15.2993,74.124,0,7,1,39.7,0,122.22,-0.398,81.1,878,2,Agent,10,2000,250,800
2025-02-03,Goa,15.2993,74.124,0,2,0,25.6,0,98.55,0.401,80.75,1101,2,App,8,2000,250,800
2024-02-27,Manali,32.2432,77.1892,0,2,1,10.1,0,716.63,0.034,76.43,900,1,Kiosk,15,1200,140,450
2025-06-18,Kerala,10.8505,76.2711,0,6,2,38.6,0,87.25,-0.466,73.32,879,3,Web,12,1700,220,700
2024-01-25,Manali,32.2432,77.1892,0,1,3,6.2,0,265.24,-0.174,73.96,811,3,Kiosk,18,1200,140,450
2025-03-27,Andaman,11.7401,92.6586,0,3,3,29.2,0,395.65,1.0,101.5,499,2,Kiosk,29,900,120,300
2024-10-27,Jaipur,26.9124,75.7873,1,10,6,21.8,1,69.79,0.58,56.42,781,1,Web,2,1500,180,600
2025-09-21,Leh,34.1526,77.5771,1,9,6,10.4,1,82.1,-0.273,84.76,237,3,App,8,600,90,220
2024-06-09,Manali,32.2432,77.1892,1,6,6,24.4,0,313.96,0.441,73.76,1008,3,Kiosk,5,1200,140,450
2024-04-18,Jaipur,26.9124,75.7873,0,4,3,33.2,0,171.55,0.153,65.58,1133,1,Web,2,1500,180,600
2024-08-22,Agra,27.1767,78.0081,0,8,3,29.7,0,344.96,0.37,58.77,843,1,App,11,1300,150,550
2025-06-12,Andaman,11.7401,92.6586,0,6,3,39.1,0,50.32,0.303,96.85,379,2,Agent,7,900,120,300
2024-02-29,Varanasi,25.3176,82.9739,0,2,3,21.4,0,431.72,0.422,50.78,867,2,Web,12,1400,160,500
2025-03-19,Andaman,11.7401,92.6586,0,3,2,27.0,0,527.66,0.835,95.7,505,3,Agent,10,900,120,300
2025-09-04,Manali,32.2432,77.1892,0,9,3,15.0,0,901.19,-0.022,72.69,654,2,App,5,1200,140,450
2024-04-13,Agra,27.1767,78.0081,1,4,5,32.3,0,491.48,-0.326,56.29,1189,2,Kiosk,6,1300,150,550
2024-02-24,Agra,27.1767,78.0081,1,2,5,21.5,0,544.44,-0.706,57.84,1302,3,App,8,1300,150,550
2025-03-18,Kerala,10.8505,76.2711,0,3,1,28.2,0,250.79,-0.127,69.11,1158,3,App,11,1700,220,700
2024-10-20,Jaipur,26.9124,75.7873,1,10,6,22.3,0,636.78,-0.356,60.25,1487,1,App,31,1500,180,600
2025-08-18,Manali,32.2432,77.1892,0,8,0,20.6,0,136.87,0.429,69.93,753,2,Agent,18,1200,140,450
2024-06-28,Jaipur,26.9124,75.7873,0,6,4,37.7,0,145.98,1.0,57.5,794,2,Kiosk,9,1500,180,600
2024-04-03,Leh,34.1526,77.5771,0,4,2,13.8,0,491.15,-0.35,94.57,321,3,Agent,12,600,90,220
2024-10-02,Manali,32.2432,77.1892,0,10,2,10.1,0,1101.82,0.866,73.91,860,3,App,8,1200,140,450
2024-08-06,Leh,34.1526,77.5771,0,8,1,14.2,0,854.09,0.254,97.06,438,2,Kiosk,19,600,90,220
2024-12-07,Andaman,11.7401,92.6586,1,12,5,17.4,0,601.75,0.91,85.15,643,2,App,6,900,120,300
2024-10-29,Leh,34.1526,77.5771,0,10,1,7.0,0,379.19,-0.323,103.17,315,2,Web,36,600,90,220
2025-06-20,Kerala,10.8505,76.2711,0,6,4,38.0,1,96.44,-0.149,71.17,987,3,App,3,1700,220,700
2024-02-01,Leh,34.1526,77.5771,0,2,3,5.4,1,439.86,0.233,90.66,276,2,Kiosk,22,600,90,220
2025-01-29,Kerala,10.8505,76.2711,0,1,2,18.6,0,568.04,0.093,67.84,1506,2,App,10,1700,220,700
2025-04-14,Kerala,10.8505,76.2711,0,4,0,33.7,1,667.77,-0.097,74.61,1405,2,App,16,1700,220,700
2025-04-13,Jaipur,26.9124,75.7873,1,4,6,31.9,1,386.34,0.363,61.85,1141,2,App,31,1500,180,600
2024-12-15,Varanasi,25.3176,82.9739,1,12,6,16.7,0,305.45,-0.079,47.03,1188,2,Web,11,1400,160,500
2024-01-09,Goa,15.2993,74.124,0,1,1,22.6,1,716.56,-0.25,84.6,1564,2,Web,13,2000,250,800
2025-08-23,Andaman,11.7401,92.6586,1,8,5,31.3,0,820.22,0.571,85.28,567,3,Agent,7,900,120,300
2024-12-13,Kerala,10.8505,76.2711,0,12,4,18.4,0,351.94,0.525,62.36,1594,2,Agent,3,1700,220,700
2025-01-21,Agra,27.1767,78.0081,0,1,1,18.4,0,121.62,0.4,57.51,829,2,Agent,1,1300,150,550
2024-07-03,Kerala,10.8505,76.2711,0,7,2,39.4,0,169.82,0.704,73.0,1030,2,Kiosk,6,1700,220,700
2024-01-16,Leh,34.1526,77.5771,0,1,1,0.8,0,386.99,0.772,98.8,329,2,Web,32,600,90,220
2024-08-18,Goa,15.2993,74.124,1,8,6,33.4,0,425.55,1.0,78.16,1147,1,Web,6,2000,250,800
2024-04-28,Jaipur,26.9124,75.7873,1,4,6,34.7,0,504.15,-0.393,68.75,1062,2,Kiosk,21,1500,180,600
2025-07-14,Manali,32.2432,77.1892,0,7,0,23.4,0,808.28,0.182,71.47,1360,2,Web,8,1200,140,450
2025-01-24,Andaman,11.7401,92.6586,0,1,4,20.2,0,315.93,-0.876,93.26,457,1,App,5,900,120,300
2024-03-12,Jaipur,26.9124,75.7873,0,3,1,31.0,0,315.81,-0.731,63.03,1214,4,Kiosk,2,1500,180,600
2025-06-26,Jaipur,26.9124,75.7873,0,6,3,38.4,0,77.58,-0.138,66.62,950,1,Web,18,1500,180,600
2024-01-25,Goa,15.2993,74.124,0,1,3,21.9,0,292.56,0.01,80.19,1403,1,Web,7,2000,250,800
2024-10-01,Goa,15.2993,74.124,0,10,1,26.7,0,247.32,0.718,76.31,1337,2,Agent,7,2000,250,800
2024-01-20,Jaipur,26.9124,75.7873,1,1,5,20.1,0,187.16,0.956,64.6,1199,1,Agent,28,1500,180,600
2024-05-09,Varanasi,25.3176,82.9739,0,5,3,35.8,0,1056.21,0.644,53.42,1399,2,Kiosk,1,1400,160,500
2025-03-31,Manali,32.2432,77.1892,0,3,0,13.7,0,195.54,-0.302,78.95,581,3,Agent,6,1200,140,450
2024-05-26,Manali,32.2432,77.1892,1,5,6,24.0,0,1296.16,-0.169,74.04,1472,3,Kiosk,29,1200,140,450
2024-09-12,Varanasi,25.3176,82.9739,0,9,3,27.2,0,60.17,0.474,55.92,500,2,Web,14,1400,160,500
2024-03-06,Varanasi,25.3176,82.9739,0,3,2,24.9,1,315.41,0.285,48.89,1044,4,Agent,1,1400,160,500
2024-06-15,Manali,32.2432,77.1892,1,6,5,24.0,0,285.17,0.866,72.14,901,2,Agent,9,1200,140,450
2025-05-05,Kerala,10.8505,76.2711,0,5,0,38.1,1,137.87,-0.138,75.79,1036,1,App,4,1700,220,700
2024-12-02,Agra,27.1767,78.0081,0,12,0,15.6,0,107.24,-0.148,48.74,847,1,Kiosk,4,1300,150,550
2025-08-05,Kerala,10.8505,76.2711,0,8,1,33.5,0,552.92,-1.0,74.63,687,1,App,5,1700,220,700
2024-04-20,Andaman,11.7401,92.6586,1,4,5,33.7,0,754.7,-0.022,96.47,1058,2,Agent,2,900,120,300
2024-01-28,Jaipur,26.9124,75.7873,1,1,6,21.7,0,223.0,0.724,56.6,1335,2,Kiosk,5,1500,180,600
2025-09-18,Varanasi,25.3176,82.9739,0,9,3,26.2,0,468.67,0.117,56.95,570,1,Kiosk,6,1400,160,500
2024-06-21,Manali,32.2432,77.1892,0,6,4,26.8,0,662.78,-0.887,76.52,1236,2,Kiosk,31,1200,140,450
2025-08-10,Andaman,11.7401,92.6586,1,8,6,31.9,0,481.08,0.052,94.48,452,2,Agent,19,900,120,300
2024-01-08,Agra,27.1767,78.0081,0,1,0,16.3,0,310.5,-0.468,59.86,901,2,App,9,1300,150,550
2024-08-12,Andaman,11.7401,92.6586,0,8,0,32.1,0,69.33,1.0,88.54,266,3,Kiosk,10,900,120,300
2024-02-19,Varanasi,25.3176,82.9739,0,2,0,21.1,0,1102.03,-0.407,56.81,1382,2,Web,24,1400,160,500
2024-06-01,Leh,34.1526,77.5771,1,6,5,21.8,0,811.06,-0.386,96.07,724,1,Agent,15,600,90,220
2025-07-09,Andaman,11.7401,92.6586,0,7,2,35.5,0,234.85,-0.553,86.14,409,3,Kiosk,24,900,120,300
2024-01-11,Varanasi,25.3176,82.9739,0,1,3,18.4,0,77.15,0.076,44.72,877,2,App,40,1400,160,500
2025-09-09,Varanasi,25.3176,82.9739,0,9,1,27.0,1,82.97,-0.413,58.11,378,2,Web,6,1400,160,500
2025-04-28,Manali,32.2432,77.1892,0,4,0,19.6,0,535.31,-0.049,71.4,973,3,Kiosk,4,1200,140,450
2024-11-23,Andaman,11.7401,92.6586,1,11,5,18.5,0,68.09,-0.004,91.33,506,2,Agent,22,900,120,300
2024-07-21,Goa,15.2993,74.124,1,7,6,37.6,0,94.34,1.0,81.5,1445,2,Agent,14,2000,250,800
2024-09-28,Goa,15.2993,74.124,1,9,5,31.1,0,393.94,1.0,81.58,1120,4,Agent,7,2000,250,800
2024-07-26,Varanasi,25.3176,82.9739,0,7,4,35.9,0,219.34,0.441,50.2,926,2,Kiosk,9,1400,160,500
2025-09-17,Goa,15.2993,74.124,0,9,2,30.5,1,169.8,0.487,81.43,671,1,Kiosk,21,2000,250,800
2024-07-04,Andaman,11.7401,92.6586,0,7,3,35.5,0,441.9,0.038,100.66,417,1,Web,9,900,120,300
2024-02-28,Varanasi,25.3176,82.9739,0,2,2,21.1,0,212.35,0.228,54.79,849,1,Agent,15,1400,160,500
2024-03-12,Leh,34.1526,77.5771,0,3,1,9.5,0,362.35,0.359,97.0,284,2,App,22,600,90,220
2025-05-03,Kerala,10.8505,76.2711,1,5,5,38.9,0,157.14,0.49,75.86,1306,2,Kiosk,6,1700,220,700
2025-02-14,Jaipur,26.9124,75.7873,0,2,4,23.7,0,268.16,0.197,64.92,757,3,Agent,26,1500,180,600
2025-01-07,Manali,32.2432,77.1892,0,1,1,6.3,0,295.88,-0.118,66.74,803,3,Agent,8,1200,140,450
2025-09-10,Leh,34.1526,77.5771,0,9,2,8.9,0,365.52,0.73,88.95,174,2,App,5,600,90,220
2024-04-10,Kerala,10.8505,76.2711,0,4,2,33.7,0,186.66,0.274,66.37,1048,2,Agent,13,1700,220,700
2024-09-09,Agra,27.1767,78.0081,0,9,0,28.2,0,360.02,0.592,59.1,721,4,Kiosk,5,1300,150,550
2024-08-27,Andaman,11.7401,92.6586,0,8,1,32.6,1,765.22,0.485,88.56,393,1,Kiosk,5,900,120,300
2024-08-24,Kerala,10.8505,76.2711,1,8,5,32.6,0,466.61,0.512,71.66,999,3,Agent,6,1700,220,700
2024-05-29,Kerala,10.8505,76.2711,0,5,2,37.9,0,781.38,-0.266,63.25,1637,2,Web,2,1700,220,700
2024-03-07,Kerala,10.8505,76.2711,0,3,3,29.7,0,293.32,0.802,74.5,1298,1,Agent,4,1700,220,700
2025-07-12,Andaman,11.7401,92.6586,1,7,5,37.5,0,101.58,0.755,89.68,437,2,App,5,900,120,300
2025-08-05,Manali,32.2432,77.1892,0,8,1,19.3,0,290.48,-0.151,70.91,603,2,Agent,25,1200,140,450
2025-09-05,Goa,15.2993,74.124,0,9,4,30.7,0,699.88,0.48,70.79,1166,3,Web,6,2000,250,800
2024-07-22,Goa,15.2993,74.124,0,7,0,38.9,0,58.56,-0.358,78.06,734,2,Kiosk,18,2000,250,800
2025-06-07,Agra,27.1767,78.0081,1,6,5,37.4,0,366.45,0.325,58.17,1017,2,Web,16,1300,150,550
2025-06-22,Kerala,10.8505,76.2711,1,6,6,40.7,0,331.23,0.273,69.15,1428,3,Agent,1,1700,220,700
2024-10-19,Jaipur,26.9124,75.7873,1,10,5,24.4,1,662.7,0.292,65.67,1020,2,App,21,1500,180,600
2025-06-19,Andaman,11.7401,92.6586,0,6,3,37.4,0,302.74,-0.313,90.59,387,3,Kiosk,10,900,120,300
2025-01-30,Agra,27.1767,78.0081,0,1,3,17.1,0,196.34,-0.041,51.89,945,2,Agent,2,1300,150,550
2024-04-13,Goa,15.2993,74.124,1,4,5,36.0,0,774.41,0.768,75.62,2489,3,Kiosk,3,2000,250,800
2024-01-18,Agra,27.1767,78.0081,0,1,3,20.4,0,638.09,0.53,52.55,1438,2,Web,7,1300,150,550
2025-04-09,Agra,27.1767,78.0081,0,4,2,32.4,0,199.18,0.534,57.44,820,2,App,6,1300,150,550
2024-02-22,Varanasi,25.3176,82.9739,0,2,3,22.8,0,314.53,-0.08,51.0,887,2,App,29,1400,160,500
2024-12-08,Varanasi,25.3176,82.9739,1,12,6,18.2,0,760.76,-0.002,52.62,1298,1,Agent,12,1400,160,500
2025-04-21,Kerala,10.8505,76.2711,0,4,0,34.2,0,1032.42,0.12,77.56,2236,1,App,6,1700,220,700
2024-02-01,Manali,32.2432,77.1892,0,2,3,8.5,0,552.26,0.645,83.42,875,4,Web,21,1200,140,450
2024-11-22,Goa,15.2993,74.124,0,11,4,21.3,0,1711.23,-0.42,79.89,2376,2,Web,10,2000,250,800
2024-01-22,Andaman,11.7401,92.6586,0,1,0,19.7,0,102.76,0.157,89.85,591,3,App,27,900,120,300
2025-01-22,Manali,32.2432,77.1892,0,1,2,5.3,0,277.14,0.072,69.24,798,2,Web,19,1200,140,450
2025-09-20,Manali,32.2432,77.1892,1,9,5,14.2,0,186.81,0.264,71.95,628,1,Kiosk,21,1200,140,450
2025-01-21,Varanasi,25.3176,82.9739,0,1,1,17.4,0,526.35,-0.538,54.23,1262,3,App,16,1400,160,500
2025-09-23,Goa,15.2993,74.124,0,9,1,29.8,0,274.93,0.316,77.2,1083,2,Agent,7,2000,250,800
2024-03-09,Jaipur,26.9124,75.7873,1,3,5,28.9,0,249.78,0.776,61.42,1416,1,Kiosk,2,1500,180,600
2024-12-07,Jaipur,26.9124,75.7873,1,12,5,16.6,0,255.36,-0.547,59.42,975,2,Web,24,1500,180,600
2025-03-07,Manali,32.2432,77.1892,0,3,4,16.2,0,204.73,-0.399,67.16,534,3,Kiosk,7,1200,140,450
2024-07-23,Andaman,11.7401,92.6586,0,7,1,35.5,0,141.13,-0.365,90.75,400,2,Kiosk,3,900,120,300
2024-05-27,Varanasi,25.3176,82.9739,0,5,0,35.0,0,831.17,0.27,54.23,1360,2,App,6,1400,160,500
2024-07-08,Manali,32.2432,77.1892,0,7,0,22.4,0,192.5,0.377,73.8,745,2,App,26,1200,140,450
2024-10-18,Varanasi,25.3176,82.9739,0,10,4,19.8,0,102.08,0.622,50.63,630,2,Kiosk,10,1400,160,500
2025-08-09,Manali,32.2432,77.1892,1,8,5,20.8,0,678.24,-0.002,69.56,1134,2,Kiosk,6,1200,140,450
2024-11-15,Manali,32.2432,77.1892,0,11,4,4.9,0,772.38,-0.491,75.6,801,3,Agent,26,1200,140,450
2025-05-04,Manali,32.2432,77.1892,1,5,6,24.0,0,482.35,-0.468,77.54,917,2,Kiosk,12,1200,140,450
2024-02-29,Goa,15.2993,74.124,0,2,3,25.9,0,138.82,0.37,73.96,1336,2,Agent,11,2000,250,800
2024-10-24,Andaman,11.7401,92.6586,0,10,3,24.3,0,57.21,1.0,92.41,300,3,Kiosk,15,900,120,300
2025-09-06,Leh,34.1526,77.5771,1,9,5,9.8,0,390.17,-0.122,94.55,357,3,Kiosk,8,600,90,220
2024-07-29,Goa,15.2993,74.124,0,7,0,39.7,1,253.03,-0.317,83.64,751,3,App,4,2000,250,800
2024-02-03,Agra,27.1767,78.0081,1,2,5,22.7,0,648.6,-0.898,65.84,1253,3,Kiosk,9,1300,150,550
2024-11-12,Manali,32.2432,77.1892,0,11,1,6.0,0,1225.59,0.649,70.42,960,1,Web,7,1200,140,450
2024-12-13,Leh,34.1526,77.5771,0,12,4,-0.4,0,374.8,-0.137,99.2,280,3,Kiosk,20,600,90,220
2024-03-30,Kerala,10.8505,76.2711,1,3,5,30.4,0,55.99,-0.237,71.14,1254,2,App,15,1700,220,700
2025-07-09,Andaman,11.7401,92.6586,0,7,2,37.0,0,810.37,-0.678,83.75,553,2,Kiosk,15,900,120,300
2024-09-04,Jaipur,26.9124,75.7873,0,9,2,27.2,0,923.62,0.513,64.65,867,2,Agent,1,1500,180,600
2025-08-20,Leh,34.1526,77.5771,0,8,2,16.7,0,145.98,-1.0,99.71,297,2,Web,3,600,90,220
2024-01-05,Goa,15.2993,74.124,0,1,4,20.1,0,859.62,1.0,72.92,1558,3,App,15,2000,250,800
2024-11-28,Jaipur,26.9124,75.7873,0,11,3,18.7,0,358.76,-0.345,56.25,840,3,App,16,1500,180,600
2024-08-14,Kerala,10.8505,76.2711,0,8,2,34.9,0,379.68,-0.038,65.79,718,3,Agent,5,1700,220,700
2025-06-21,Goa,15.2993,74.124,1,6,5,39.8,0,409.0,-0.28,87.42,2021,2,Kiosk,6,2000,250,800
2024-04-17,Agra,27.1767,78.0081,0,4,2,32.0,0,456.5,0.338,64.88,931,1,Kiosk,10,1300,150,550
2024-08-21,Andaman,11.7401,92.6586,0,8,2,33.5,1,988.43,-0.085,96.2,520,3,Agent,15,900,120,300
2024-04-09,Varanasi,25.3176,82.9739,0,4,1,31.6,0,415.5,0.658,55.79,1022,2,Web,2,1400,160,500
2025-06-06,Jaipur,26.9124,75.7873,0,6,4,38.1,0,377.09,-0.671,61.56,763,2,Kiosk,15,1500,180,600
2024-12-10,Jaipur,26.9124,75.7873,0,12,1,16.4,0,113.73,0.288,61.24,709,2,Agent,4,1500,180,600
2025-05-16,Andaman,11.7401,92.6586,0,5,4,35.1,0,951.82,-0.465,90.56,893,1,Web,26,900,120,300
2024-07-10,Manali,32.2432,77.1892,0,7,2,24.0,1,618.61,0.007,91.07,934,3,Kiosk,5,1200,140,450
2025-02-01,Varanasi,25.3176,82.9739,1,2,5,23.6,0,919.36,0.392,49.94,1492,1,Agent,19,1400,160,500
2025-03-29,Andaman,11.7401,92.6586,1,3,5,28.3,0,723.69,-0.052,89.33,732,2,Agent,2,900,120,300
2024-08-09,Jaipur,26.9124,75.7873,0,8,4,32.4,0,104.34,0.349,60.66,721,3,Agent,17,1500,180,600
2024-08-04,Jaipur,26.9124,75.7873,1,8,6,32.3,0,231.86,0.782,66.38,913,2,Agent,19,1500,180,600
2024-12-03,Varanasi,25.3176,82.9739,0,12,1,17.2,0,21.26,0.18,52.04,653,2,Web,5,1400,160,500
2025-03-19,Varanasi,25.3176,82.9739,0,3,2,27.1,0,565.63,-0.634,56.56,1139,3,App,3,1400,160,500
2024-12-29,Varanasi,25.3176,82.9739,1,12,6,17.4,0,240.14,-0.155,51.0,1244,2,Web,3,1400,160,500
2024-06-07,Agra,27.1767,78.0081,0,6,4,38.0,0,206.32,-0.121,52.75,630,3,App,33,1300,150,550
2025-08-21,Varanasi,25.3176,82.9739,0,8,3,33.2,0,778.54,-0.436,60.25,863,3,Web,15,1400,160,500
2025-07-27,Agra,27.1767,78.0081,1,7,6,34.8,0,347.45,0.543,68.67,1050,2,App,7,1300,150,550
2024-06-03,Kerala,10.8505,76.2711,0,6,0,38.0,1,542.22,0.614,66.82,1075,3,Web,21,1700,220,700
2025-06-08,Leh,34.1526,77.5771,1,6,6,21.7,0,374.04,0.234,94.4,484,2,Agent,1,600,90,220
2025-10-01,Agra,27.1767,78.0081,0,10,2,22.7,0,981.46,0.225,54.33,1164,2,Agent,19,1300,150,550
2024-03-06,Manali,32.2432,77.1892,0,3,2,15.6,1,659.61,-0.03,84.01,741,2,Web,7,1200,140,450
2025-08-06,Leh,34.1526,77.5771,0,8,2,14.2,0,325.88,0.143,99.5,421,4,Web,3,600,90,220
2024-04-13,Varanasi,25.3176,82.9739,1,4,5,32.5,0,373.5,0.332,49.13,1440,1,App,6,1400,160,500
2025-09-26,Goa,15.2993,74.124,0,9,4,30.7,0,479.4,-0.239,73.51,1241,3,Kiosk,11,2000,250,800
2024-11-23,Manali,32.2432,77.1892,1,11,5,6.7,0,2088.66,0.633,70.1,1577,3,Agent,3,1200,140,450
2024-04-10,Agra,27.1767,78.0081,0,4,2,30.8,0,122.64,0.195,52.01,1019,2,App,3,1300,150,550
2025-05-18,Leh,34.1526,77.5771,1,5,6,17.3,0,147.31,0.294,105.56,436,2,Kiosk,10,600,90,220
2024-08-31,Manali,32.2432,77.1892,1,8,5,19.8,0,238.25,0.398,69.27,929,3,Web,7,1200,140,450
2025-06-03,Jaipur,26.9124,75.7873,0,6,1,36.3,0,41.53,-0.324,64.51,839,3,Web,4,1500,180,600
2025-04-30,Kerala,10.8505,76.2711,0,4,2,33.9,0,1019.79,0.608,77.95,1517,3,Agent,1,1700,220,700
2024-01-13,Kerala,10.8505,76.2711,1,1,5,20.6,0,274.67,-0.563,76.36,1003,3,Web,16,1700,220,700
2024-12-13,Varanasi,25.3176,82.9739,0,12,4,16.6,0,283.28,0.588,41.79,965,2,Agent,25,1400,160,500
2024-06-19,Kerala,10.8505,76.2711,0,6,2,39.0,1,412.45,-0.974,63.84,1121,2,Kiosk,5,1700,220,700
2024-12-28,Jaipur,26.9124,75.7873,1,12,5,16.2,0,231.41,0.439,55.44,770,2,Web,12,1500,180,600
2025-06-12,Andaman,11.7401,92.6586,0,6,3,36.9,0,690.83,-0.133,89.06,575,2,Agent,13,900,120,300
2024-04-21,Andaman,11.7401,92.6586,1,4,6,30.5,0,416.25,-0.022,95.55,625,3,Web,1,900,120,300
2025-01-24,Manali,32.2432,77.1892,0,1,4,6.2,1,215.66,-0.078,71.02,632,2,Kiosk,5,1200,140,450
2025-09-23,Varanasi,25.3176,82.9739,0,9,1,28.0,0,401.9,-0.43,50.1,698,2,Web,24,1400,160,500
2024-04-29,Varanasi,25.3176,82.9739,0,4,0,31.7,0,116.26,-1.0,46.42,721,1,Kiosk,3,1400,160,500
2025-02-08,Leh,34.1526,77.5771,1,2,5,5.2,0,448.79,-0.215,93.66,442,2,Web,17,600,90,220
2024-04-06,Goa,15.2993,74.124,1,4,5,32.9,0,463.89,-0.09,85.88,1641,2,App,4,2000,250,800
2024-11-05,Jaipur,26.9124,75.7873,0,11,1,20.8,0,510.46,-0.157,66.2,962,3,App,15,1500,180,600
2024-02-26,Kerala,10.8505,76.2711,0,2,0,24.1,0,263.24,0.236,74.1,994,2,Agent,2,1700,220,700
2025-09-11,Jaipur,26.9124,75.7873,0,9,3,26.8,0,203.75,0.175,62.01,650,2,Web,26,1500,180,600
2024-08-17,Goa,15.2993,74.124,1,8,5,33.8,0,399.07,-0.574,80.17,1436,3,App,10,2000,250,800
2024-04-14,Manali,32.2432,77.1892,1,4,6,20.6,0,372.62,0.464,79.66,956,2,Kiosk,12,1200,140,450
2025-05-06,Jaipur,26.9124,75.7873,0,5,1,36.8,0,78.94,0.033,55.79,793,1,Kiosk,7,1500,180,600
2024-12-22,Manali,32.2432,77.1892,1,12,6,5.7,0,318.74,-0.474,75.23,786,2,Web,8,1200,140,450
2025-01-19,Manali,32.2432,77.1892,1,1,6,6.5,0,433.26,0.902,68.54,1037,2,Agent,20,1200,140,450
2024-08-23,Varanasi,25.3176,82.9739,0,8,4,30.0,1,134.85,0.376,46.45,603,3,App,13,1400,160,500
2024-09-06,Kerala,10.8505,76.2711,0,9,4,30.8,0,631.67,0.019,68.81,1055,2,Agent,20,1700,220,700
2025-06-27,Varanasi,25.3176,82.9739,0,6,4,36.5,0,371.26,0.342,56.91,806,2,App,14,1400,160,500
2025-07-07,Jaipur,26.9124,75.7873,0,7,0,34.2,0,373.29,1.0,64.83,1003,1,App,8,1500,180,600
2025-08-20,Jaipur,26.9124,75.7873,0,8,2,33.8,0,51.61,0.681,58.67,658,1,App,23,1500,180,600
2024-06-17,Kerala,10.8505,76.2711,0,6,0,39.0,0,720.2,0.223,77.11,1451,2,Agent,19,1700,220,700
2025-04-03,Andaman,11.7401,92.6586,0,4,3,32.2,0,294.77,0.539,95.42,491,2,Agent,3,900,120,300
2024-07-08,Jaipur,26.9124,75.7873,0,7,0,35.1,0,179.79,-0.939,57.18,757,2,Web,2,1500,180,600
2024-10-31,Leh,34.1526,77.5771,0,10,3,4.0,0,201.98,-0.651,99.51,211,3,Agent,23,600,90,220
2024-08-05,Goa,15.2993,74.124,0,8,0,36.3,0,187.32,0.055,74.84,994,2,App,2,2000,250,800
2024-10-07,Andaman,11.7401,92.6586,0,10,0,24.8,0,243.09,-0.182,92.05,365,2,Web,6,900,120,300
2025-05-13,Andaman,11.7401,92.6586,0,5,1,37.5,0,432.64,-0.491,88.44,579,2,App,1,900,120,300
2024-06-01,Leh,34.1526,77.5771,1,6,5,18.6,1,200.82,0.227,94.61,536,3,Web,6,600,90,220
2025-02-09,Agra,27.1767,78.0081,1,2,6,20.8,0,519.25,0.381,49.92,1081,2,Kiosk,9,1300,150,550
2025-02-01,Agra,27.1767,78.0081,1,2,5,21.7,0,1656.24,0.631,58.0,2186,2,Kiosk,6,1300,150,550
2025-01-24,Manali,32.2432,77.1892,0,1,4,5.2,0,513.78,0.593,70.32,762,1,Web,29,1200,140,450
2024-04-24,Andaman,11.7401,92.6586,0,4,2,32.6,0,734.2,-0.031,102.59,732,2,Agent,21,900,120,300
2025-05-06,Manali,32.2432,77.1892,0,5,1,23.7,0,517.42,0.63,79.34,585,3,Web,52,1200,140,450
2025-01-28,Andaman,11.7401,92.6586,0,1,1,19.7,0,280.43,0.982,96.88,480,2,Kiosk,28,900,120,300
2024-12-05,Goa,15.2993,74.124,0,12,3,20.2,0,122.25,0.01,79.83,1049,3,Web,27,2000,250,800
2024-03-15,Jaipur,26.9124,75.7873,0,3,4,27.2,0,438.5,0.821,60.32,1453,3,Web,15,1500,180,600
2024-11-19,Leh,34.1526,77.5771,0,11,1,0.9,1,513.31,0.234,94.79,300,1,Agent,4,600,90,220
2025-08-09,Leh,34.1526,77.5771,1,8,5,15.0,0,505.01,-0.333,97.98,460,2,Agent,12,600,90,220
2024-07-18,Leh,34.1526,77.5771,0,7,3,19.2,0,394.84,-0.629,91.56,384,2,App,13,600,90,220
2024-10-15,Varanasi,25.3176,82.9739,0,10,1,21.0,0,268.9,-0.522,49.75,607,2,Kiosk,6,1400,160,500
2024-07-20,Manali,32.2432,77.1892,1,7,5,23.0,0,627.01,0.274,73.82,1300,2,Web,5,1200,140,450
2024-08-28,Varanasi,25.3176,82.9739,0,8,2,33.1,0,405.98,-0.34,51.37,684,2,Kiosk,7,1400,160,500
2024-01-04,Agra,27.1767,78.0081,0,1,3,19.8,0,335.81,0.09,47.97,1303,2,Web,6,1300,150,550
2024-04-24,Kerala,10.8505,76.2711,0,4,2,35.6,0,439.5,0.305,75.48,1548,3,Kiosk,6,1700,220,700
2024-02-02,Kerala,10.8505,76.2711,0,2,4,24.8,0,191.79,0.404,69.71,1317,4,Kiosk,10,1700,220,700
2024-05-19,Manali,32.2432,77.1892,1,5,6,22.8,0,405.75,-0.241,73.68,683,3,Web,14,1200,140,450
2024-08-14,Manali,32.2432,77.1892,0,8,2,18.2,0,109.02,0.082,75.6,496,2,Agent,13,1200,140,450
2025-08-16,Jaipur,26.9124,75.7873,1,8,5,33.6,0,366.15,-0.694,63.22,921,1,Agent,15,1500,180,600
2024-11-04,Andaman,11.7401,92.6586,0,11,0,19.5,0,697.83,0.371,91.16,554,2,Agent,5,900,120,300
2024-10-10,Jaipur,26.9124,75.7873,0,10,3,22.9,0,168.12,-0.219,61.6,660,2,Kiosk,5,1500,180,600
2024-11-27,Andaman,11.7401,92.6586,0,11,2,19.4,0,713.08,-0.059,88.03,478,2,Kiosk,3,900,120,300
2024-03-29,Manali,32.2432,77.1892,0,3,4,15.0,0,784.85,0.126,78.76,985,3,Agent,15,1200,140,450
2024-11-10,Agra,27.1767,78.0081,1,11,6,17.8,0,574.85,0.336,50.62,974,2,App,5,1300,150,550
2024-12-20,Andaman,11.7401,92.6586,0,12,4,17.4,0,528.71,-0.859,95.48,565,3,Agent,10,900,120,300
2024-03-19,Kerala,10.8505,76.2711,0,3,1,29.3,0,256.81,-0.638,73.15,1105,2,Web,11,1700,220,700
2025-05-06,Kerala,10.8505,76.2711,0,5,1,37.4,0,150.36,-0.027,79.5,1005,2,Agent,8,1700,220,700
2024-08-03,Jaipur,26.9124,75.7873,1,8,5,34.1,0,538.55,0.429,67.92,1109,2,Kiosk,3,1500,180,600
2024-02-08,Leh,34.1526,77.5771,0,2,3,5.3,0,462.73,0.046,101.5,318,3,Kiosk,23,600,90,220
2025-09-05,Agra,27.1767,78.0081,0,9,4,27.3,0,346.13,0.797,58.11,748,2,Web,8,1300,150,550
2025-02-07,Jaipur,26.9124,75.7873,0,2,4,22.2,0,652.68,-0.599,63.79,1002,2,Web,7,1500,180,600
2025-01-16,Agra,27.1767,78.0081,0,1,3,18.0,0,540.21,0.16,59.59,1376,3,Web,17,1300,150,550
2024-10-27,Kerala,10.8505,76.2711,1,10,6,25.0,0,327.08,0.041,66.74,1248,2,Agent,40,1700,220,700
2024-09-20,Manali,32.2432,77.1892,0,9,4,14.9,0,404.63,-0.253,68.54,357,2,Kiosk,7,1200,140,450
2025-07-19,Agra,27.1767,78.0081,1,7,5,36.2,0,513.66,-0.247,59.7,807,2,Agent,5,1300,150,550
2024-10-30,Kerala,10.8505,76.2711,0,10,2,24.9,0,1111.04,0.448,67.26,1420,1,App,3,1700,220,700
2025-05-03,Kerala,10.8505,76.2711,1,5,5,36.9,0,771.3,-0.388,84.59,2011,3,Web,15,1700,220,700
2025-04-12,Kerala,10.8505,76.2711,1,4,5,33.4,0,1440.75,1.0,75.17,2410,2,Kiosk,6,1700,220,700
2025-06-26,Manali,32.2432,77.1892,0,6,3,25.2,0,389.9,-0.075,71.33,912,2,Kiosk,4,1200,140,450
2025-02-05,Leh,34.1526,77.5771,0,2,2,6.7,0,655.05,-0.253,101.19,606,2,App,9,600,90,220
2024-09-25,Goa,15.2993,74.124,0,9,2,31.8,0,462.55,-0.471,73.36,1036,3,Web,25,2000,250,800
2025-06-07,Leh,34.1526,77.5771,1,6,5,19.2,0,256.69,0.538,104.35,461,2,App,8,600,90,220
2024-02-26,Jaipur,26.9124,75.7873,0,2,0,22.9,0,245.68,-0.237,52.35,886,3,Kiosk,35,1500,180,600
2024-05-20,Manali,32.2432,77.1892,0,5,0,22.1,0,806.49,-0.288,89.58,928,1,Agent,9,1200,140,450
2024-12-04,Manali,32.2432,77.1892,0,12,2,4.1,0,575.26,0.542,64.94,693,1,Web,3,1200,140,450
2025-07-17,Varanasi,25.3176,82.9739,0,7,3,36.9,0,325.35,0.173,49.73,796,2,Agent,8,1400,160,500
2024-04-02,Jaipur,26.9124,75.7873,0,4,1,34.4,0,190.99,0.105,63.28,1185,2,Kiosk,16,1500,180,600
2024-01-15,Jaipur,26.9124,75.7873,0,1,0,20.8,0,64.06,0.097,58.51,803,2,Web,12,1500,180,600
2025-09-11,Andaman,11.7401,92.6586,0,9,3,25.3,0,454.98,-0.374,94.26,419,2,Web,6,900,120,300
2024-07-27,Andaman,11.7401,92.6586,1,7,5,35.9,0,1004.58,-0.367,96.52,776,3,App,24,900,120,300
2025-05-17,Goa,15.2993,74.124,1,5,5,38.1,0,695.73,0.511,87.15,1703,2,App,8,2000,250,800
2024-12-12,Manali,32.2432,77.1892,0,12,3,4.5,0,310.23,0.328,72.76,605,3,Web,14,1200,140,450
2024-09-28,Manali,32.2432,77.1892,1,9,5,13.9,1,543.18,-0.726,74.8,609,2,App,6,1200,140,450
2025-05-05,Andaman,11.7401,92.6586,0,5,0,36.8,0,292.27,0.332,96.07,370,2,Agent,5,900,120,300
2024-10-07,Jaipur,26.9124,75.7873,0,10,0,22.8,0,148.21,-0.242,50.63,940,1,Agent,8,1500,180,600
2025-07-09,Leh,34.1526,77.5771,0,7,2,18.8,1,525.46,-1.0,99.1,393,1,Web,12,600,90,220
2025-06-14,Andaman,11.7401,92.6586,1,6,5,40.0,0,236.9,0.239,96.25,589,1,App,9,900,120,300
2025-07-19,Andaman,11.7401,92.6586,1,7,5,37.5,1,338.97,-0.363,94.74,477,2,Kiosk,8,900,120,300
2025-04-10,Manali,32.2432,77.1892,0,4,3,20.0,0,1232.34,0.288,76.54,1314,1,Agent,27,1200,140,450
2024-01-04,Manali,32.2432,77.1892,0,1,3,4.0,0,244.48,0.209,82.41,656,1,Kiosk,16,1200,140,450
2025-06-28,Jaipur,26.9124,75.7873,1,6,5,37.3,0,311.78,-0.174,64.49,1329,3,Web,3,1500,180,600
2025-03-26,Goa,15.2993,74.124,0,3,2,30.5,0,359.62,-0.074,80.03,1252,3,App,1,2000,250,800
2025-03-13,Varanasi,25.3176,82.9739,0,3,3,27.9,0,615.52,0.054,50.25,1339,3,App,3,1400,160,500
2024-08-30,Leh,34.1526,77.5771,0,8,4,14.9,0,474.45,0.53,87.65,414,3,Kiosk,18,600,90,220
2025-03-05,Goa,15.2993,74.124,0,3,2,31.1,0,11.35,-0.081,84.23,1004,2,Web,15,2000,250,800
2025-03-06,Manali,32.2432,77.1892,0,3,3,14.1,1,301.42,0.256,80.98,750,2,Agent,9,1200,140,450
2024-06-28,Goa,15.2993,74.124,0,6,4,40.0,0,1231.38,-0.222,80.28,2115,2,Agent,3,2000,250,800
2024-06-08,Agra,27.1767,78.0081,1,6,5,36.7,0,493.21,-0.207,70.47,1048,3,Kiosk,14,1300,150,550
2025-03-24,Agra,27.1767,78.0081,0,3,0,27.5,0,109.34,-0.386,58.16,757,2,Web,5,1300,150,550
2024-05-24,Andaman,11.7401,92.6586,0,5,4,35.8,0,161.26,-0.548,99.93,464,2,Kiosk,9,900,120,300
2024-02-27,Jaipur,26.9124,75.7873,0,2,1,22.2,0,967.33,0.038,57.43,1976,1,Kiosk,24,1500,180,600
2025-05-19,Agra,27.1767,78.0081,0,5,0,35.3,1,866.92,-0.789,69.39,1100,3,Kiosk,3,1300,150,550
2024-01-14,Andaman,11.7401,92.6586,1,1,6,18.3,0,176.13,-0.19,88.75,392,3,Web,8,900,120,300
2025-09-03,Agra,27.1767,78.0081,0,9,2,27.5,0,152.73,0.057,54.98,483,1,Kiosk,1,1300,150,550
2025-05-01,Manali,32.2432,77.1892,0,5,3,22.6,0,354.41,0.898,82.82,745,2,App,4,1200,140,450
2024-01-22,Manali,32.2432,77.1892,0,1,0,6.2,0,921.8,-0.135,80.13,1060,2,Kiosk,19,1200,140,450
2025-02-08,Manali,32.2432,77.1892,1,2,5,8.8,0,382.35,-0.223,61.78,816,3,App,17,1200,140,450
2025-03-15,Jaipur,26.9124,75.7873,1,3,5,27.7,0,325.68,0.386,59.04,1334,1,Agent,13,1500,180,600
2024-10-07,Agra,27.1767,78.0081,0,10,0,21.5,0,217.43,-0.538,51.57,616,2,App,1,1300,150,550
2024-01-28,Goa,15.2993,74.124,1,1,6,19.4,0,751.35,0.812,79.64,2280,3,Agent,10,2000,250,800
2025-08-05,Leh,34.1526,77.5771,0,8,1,14.9,0,487.43,-0.517,98.45,404,2,Web,3,600,90,220
2024-01-27,Manali,32.2432,77.1892,1,1,5,6.1,1,166.07,-0.183,82.11,808,2,Kiosk,23,1200,140,450
2025-03-01,Kerala,10.8505,76.2711,1,3,5,28.4,0,312.85,-0.428,69.54,1138,3,Agent,5,1700,220,700
2024-07-26,Agra,27.1767,78.0081,0,7,4,37.0,0,118.45,0.09,61.97,634,3,Web,4,1300,150,550
2024-10-05,Kerala,10.8505,76.2711,1,10,5,24.4,0,435.97,-0.175,74.98,1181,3,Kiosk,5,1700,220,700
2024-03-25,Goa,15.2993,74.124,0,3,0,28.8,0,351.92,-0.138,80.8,1557,2,Agent,15,2000,250,800
2024-06-29,Goa,15.2993,74.124,1,6,5,40.6,0,342.89,0.284,87.2,1723,3,Kiosk,10,2000,250,800
2025-03-27,Leh,34.1526,77.5771,0,3,3,9.6,0,303.3,-0.219,105.78,311,2,Agent,7,600,90,220
2024-05-29,Manali,32.2432,77.1892,0,5,2,22.1,0,503.22,0.13,82.71,1030,1,Agent,31,1200,140,450
2024-08-22,Jaipur,26.9124,75.7873,0,8,3,31.6,0,186.67,-0.509,63.49,541,1,Web,7,1500,180,600
2024-03-15,Goa,15.2993,74.124,0,3,4,28.7,0,457.12,-0.61,88.72,1351,2,App,13,2000,250,800
2024-05-08,Andaman,11.7401,92.6586,0,5,2,35.9,0,885.92,-0.092,89.99,633,3,App,3,900,120,300
2024-06-06,Andaman,11.7401,92.6586,0,6,3,37.8,0,241.52,-0.614,91.11,508,2,Agent,5,900,120,300
2025-09-15,Kerala,10.8505,76.2711,0,9,0,29.8,0,247.71,0.904,69.79,823,2,App,18,1700,220,700
2024-03-15,Jaipur,26.9124,75.7873,0,3,4,27.8,0,908.99,0.529,70.53,1645,2,App,4,1500,180,600
2025-03-18,Andaman,11.7401,92.6586,0,3,1,27.2,0,660.57,-0.678,97.49,611,2,App,13,900,120,300
2024-01-22,Varanasi,25.3176,82.9739,0,1,0,19.4,0,272.95,1.0,55.61,729,2,Web,16,1400,160,500
2025-03-17,Agra,27.1767,78.0081,0,3,0,25.8,0,47.52,0.102,55.7,704,3,Kiosk,14,1300,150,550
2025-04-02,Jaipur,26.9124,75.7873,0,4,2,33.6,0,261.52,-0.2,69.88,966,2,App,15,1500,180,600
2024-11-18,Leh,34.1526,77.5771,0,11,0,0.5,0,520.84,-0.205,101.58,310,2,Agent,5,600,90,220
2025-08-04,Leh,34.1526,77.5771,0,8,0,14.9,0,575.72,-0.404,103.31,527,3,Kiosk,19,600,90,220
2025-07-14,Agra,27.1767,78.0081,0,7,0,36.3,0,179.8,0.236,57.7,745,3,App,10,1300,150,550
2024-07-22,Agra,27.1767,78.0081,0,7,0,35.9,1,893.23,0.532,51.83,898,1,Web,12,1300,150,550
2025-06-12,Agra,27.1767,78.0081,0,6,3,36.5,1,182.28,0.043,55.46,703,2,Web,34,1300,150,550
2024-04-16,Varanasi,25.3176,82.9739,0,4,1,32.3,0,354.9,0.408,46.87,967,2,Kiosk,6,1400,160,500
2024-02-25,Agra,27.1767,78.0081,1,2,6,22.0,0,509.98,0.135,63.58,1422,3,Kiosk,20,1300,150,550
2025-03-03,Andaman,11.7401,92.6586,0,3,0,29.1,0,369.12,0.296,90.76,676,2,App,1,900,120,300
2024-12-31,Goa,15.2993,74.124,0,12,1,20.3,0,161.85,0.386,74.27,823,2,Kiosk,10,2000,250,800
2024-03-20,Andaman,11.7401,92.6586,0,3,2,27.9,0,815.21,-0.113,89.82,460,2,Web,18,900,120,300
2024-01-21,Kerala,10.8505,76.2711,1,1,6,21.2,0,911.25,0.703,77.2,2005,2,Kiosk,27,1700,220,700
2025-06-19,Agra,27.1767,78.0081,0,6,3,35.4,0,116.49,-0.091,63.66,512,2,Agent,4,1300,150,550
2024-10-20,Varanasi,25.3176,82.9739,1,10,6,22.0,0,139.28,-0.036,49.73,488,2,Web,22,1400,160,500
2025-07-15,Kerala,10.8505,76.2711,0,7,1,37.3,0,166.66,0.712,72.18,828,1,Kiosk,2,1700,220,700
2024-03-17,Kerala,10.8505,76.2711,1,3,6,28.2,0,312.6,-0.508,69.05,1091,1,Agent,3,1700,220,700
2025-06-12,Manali,32.2432,77.1892,0,6,3,25.4,0,244.6,0.478,73.48,796,1,App,51,1200,140,450
2024-10-20,Goa,15.2993,74.124,1,10,6,24.7,0,941.36,0.468,70.49,1816,2,Kiosk,25,2000,250,800
2025-05-02,Jaipur,26.9124,75.7873,0,5,4,36.4,0,431.99,0.571,64.34,1514,2,App,17,1500,180,600
2024-01-02,Leh,34.1526,77.5771,0,1,1,0.6,0,45.17,0.612,98.91,208,3,Agent,10,600,90,220
2024-03-25,Leh,34.1526,77.5771,0,3,0,10.6,0,221.75,0.447,106.76,360,3,App,10,600,90,220
2024-04-22,Jaipur,26.9124,75.7873,0,4,0,35.1,0,509.05,-0.01,63.27,785,3,App,21,1500,180,600
2025-04-08,Agra,27.1767,78.0081,0,4,1,31.1,0,274.44,0.269,64.61,962,3,Agent,7,1300,150,550
2024-06-27,Goa,15.2993,74.124,0,6,3,39.1,1,44.29,0.395,78.37,1003,2,Kiosk,3,2000,250,800
2024-01-25,Varanasi,25.3176,82.9739,0,1,3,18.9,0,176.41,0.01,45.93,577,2,Web,1,1400,160,500
2024-08-10,Leh,34.1526,77.5771,1,8,5,15.7,0,298.42,-0.025,94.48,503,1,App,10,600,90,220
2024-09-13,Goa,15.2993,74.124,0,9,4,30.8,0,344.94,-0.929,78.72,665,3,App,10,2000,250,800
2025-02-07,Kerala,10.8505,76.2711,0,2,4,23.3,0,92.22,-0.349,74.5,1126,2,Web,3,1700,220,700
2024-04-06,Jaipur,26.9124,75.7873,1,4,5,31.5,0,555.76,-0.846,72.67,1692,3,App,10,1500,180,600
2025-02-01,Manali,32.2432,77.1892,1,2,5,9.0,0,326.79,0.751,75.74,910,2,App,10,1200,140,450
2025-04-25,Kerala,10.8505,76.2711,0,4,4,31.2,0,142.02,-0.104,82.67,812,2,Agent,6,1700,220,700
2024-09-09,Agra,27.1767,78.0081,0,9,0,26.5,0,177.67,0.287,50.57,433,2,Kiosk,16,1300,150,550
2024-08-15,Andaman,11.7401,92.6586,0,8,3,32.9,0,31.09,-0.591,88.73,308,2,Web,5,900,120,300
2025-01-15,Varanasi,25.3176,82.9739,0,1,2,19.2,0,320.9,0.672,61.02,984,2,App,7,1400,160,500
2024-05-07,Jaipur,26.9124,75.7873,0,5,1,36.5,0,183.13,0.163,65.7,1027,1,Kiosk,7,1500,180,600
2025-07-27,Andaman,11.7401,92.6586,1,7,6,37.7,0,348.48,-0.61,94.37,509,1,App,10,900,120,300
2024-01-18,Jaipur,26.9124,75.7873,0,1,3,19.8,0,184.52,0.166,66.03,1085,4,App,2,1500,180,600
2024-08-02,Agra,27.1767,78.0081,0,8,4,32.5,0,112.0,-0.271,52.22,566,2,App,70,1300,150,550
2024-09-25,Manali,32.2432,77.1892,0,9,2,15.6,0,49.14,0.074,81.81,349,1,Agent,20,1200,140,450
2024-06-17,Leh,34.1526,77.5771,0,6,0,21.0,0,733.01,-0.075,98.72,656,2,Agent,20,600,90,220
2024-07-12,Kerala,10.8505,76.2711,0,7,4,37.1,0,406.2,-0.506,73.73,906,2,Kiosk,18,1700,220,700
2024-02-14,Goa,15.2993,74.124,0,2,2,24.4,0,99.07,0.371,82.73,1049,3,Agent,7,2000,250,800
2025-08-23,Leh,34.1526,77.5771,1,8,5,13.6,0,400.22,0.649,93.8,477,2,Agent,4,600,90,220
2024-09-18,Andaman,11.7401,92.6586,0,9,2,27.0,0,77.55,0.649,97.74,194,3,Agent,27,900,120,300
2025-03-05,Jaipur,26.9124,75.7873,0,3,2,27.8,0,705.03,0.81,69.81,1011,3,App,10,1500,180,600
2024-02-25,Leh,34.1526,77.5771,1,2,6,4.6,0,275.58,0.936,103.8,384,3,Agent,6,600,90,220
2024-05-17,Manali,32.2432,77.1892,0,5,4,23.4,0,291.42,0.318,69.78,733,2,Agent,8,1200,140,450
2024-12-27,Jaipur,26.9124,75.7873,0,12,4,19.5,0,195.85,0.027,62.39,929,2,Agent,24,1500,180,600
2025-05-30,Andaman,11.7401,92.6586,0,5,4,36.4,0,357.59,0.424,97.49,574,1,Agent,15,900,120,300
2025-06-29,Varanasi,25.3176,82.9739,1,6,6,38.6,0,763.88,0.305,54.35,1301,1,Web,1,1400,160,500
2024-12-21,Agra,27.1767,78.0081,1,12,5,18.4,0,1059.8,-0.299,44.8,1151,4,Agent,11,1300,150,550
2024-01-24,Manali,32.2432,77.1892,0,1,2,6.1,0,256.98,-0.242,67.42,719,2,Kiosk,7,1200,140,450
2025-05-13,Leh,34.1526,77.5771,0,5,1,18.6,0,357.38,-0.911,105.28,439,2,Agent,20,600,90,220
2025-07-09,Manali,32.2432,77.1892,0,7,2,23.5,0,335.64,0.194,68.87,1160,2,Web,12,1200,140,450
2025-01-17,Kerala,10.8505,76.2711,0,1,4,21.6,0,102.93,0.651,67.15,1285,3,App,14,1700,220,700
2025-10-01,Jaipur,26.9124,75.7873,0,10,2,22.9,0,1112.45,-0.881,71.07,1111,2,Agent,39,1500,180,600
2024-05-26,Kerala,10.8505,76.2711,1,5,6,38.1,1,218.92,0.245,74.22,1314,2,Agent,11,1700,220,700
2025-01-11,Andaman,11.7401,92.6586,1,1,5,18.4,0,549.06,0.445,88.71,803,2,Web,27,900,120,300
2025-07-24,Agra,27.1767,78.0081,0,7,3,34.6,0,47.78,-0.235,56.74,608,3,Kiosk,4,1300,150,550
2025-09-09,Kerala,10.8505,76.2711,0,9,1,29.1,0,848.79,0.398,76.32,990,3,App,6,1700,220,700
2024-10-06,Andaman,11.7401,92.6586,1,10,6,23.6,0,139.98,-0.667,89.59,394,3,App,3,900,120,300
2025-09-05,Kerala,10.8505,76.2711,0,9,4,29.8,0,201.88,0.035,70.06,846,2,Kiosk,8,1700,220,700
2024-05-15,Agra,27.1767,78.0081,0,5,2,37.5,0,194.38,-0.546,50.97,870,2,App,2,1300,150,550
2025-05-09,Manali,32.2432,77.1892,0,5,4,25.0,0,543.85,0.429,77.87,903,2,Kiosk,6,1200,140,450
2024-09-10,Agra,27.1767,78.0081,0,9,1,28.1,0,210.44,-0.294,58.71,556,2,Kiosk,7,1300,150,550
2024-09-29,Manali,32.2432,77.1892,1,9,6,15.0,0,110.46,0.467,68.62,462,2,Agent,1,1200,140,450
2024-10-11,Andaman,11.7401,92.6586,0,10,4,22.7,0,179.79,0.645,95.08,338,1,Kiosk,6,900,120,300
2024-09-20,Agra,27.1767,78.0081,0,9,4,25.3,0,463.96,-0.279,60.73,726,3,Kiosk,9,1300,150,550
2024-04-16,Manali,32.2432,77.1892,0,4,1,19.3,0,1063.85,0.284,78.52,1502,2,Kiosk,23,1200,140,450
2024-08-19,Kerala,10.8505,76.2711,0,8,0,32.8,0,222.71,-0.061,68.88,937,1,Agent,20,1700,220,700
2024-05-25,Leh,34.1526,77.5771,1,5,5,18.7,0,218.4,0.389,102.02,443,2,App,8,600,90,220
2025-08-03,Jaipur,26.9124,75.7873,1,8,6,33.5,0,790.52,-0.09,64.84,1304,2,Web,1,1500,180,600
2024-02-12,Jaipur,26.9124,75.7873,0,2,0,23.4,0,475.75,-0.14,65.52,1143,2,Web,13,1500,180,600
2025-09-05,Varanasi,25.3176,82.9739,0,9,4,26.4,0,308.62,0.663,53.14,504,3,Agent,13,1400,160,500
2025-05-10,Leh,34.1526,77.5771,1,5,5,20.4,0,352.73,1.0,98.36,469,3,Kiosk,16,600,90,220
2025-06-06,Varanasi,25.3176,82.9739,0,6,4,36.6,0,539.79,-0.237,50.47,956,2,Agent,22,1400,160,500
2024-07-12,Varanasi,25.3176,82.9739,0,7,4,35.4,0,202.5,0.843,52.46,805,2,Web,14,1400,160,500
2024-07-07,Kerala,10.8505,76.2711,1,7,6,38.3,0,632.32,-0.456,64.53,1441,2,Web,10,1700,220,700
2025-08-02,Jaipur,26.9124,75.7873,1,8,5,32.9,0,167.81,0.607,67.12,835,2,Web,1,1500,180,600
2025-07-15,Manali,32.2432,77.1892,0,7,1,23.2,1,27.5,0.124,75.87,629,2,Kiosk,26,1200,140,450
2024-04-30,Varanasi,25.3176,82.9739,0,4,1,33.3,0,936.63,0.538,66.12,1519,2,App,9,1400,160,500
2024-01-21,Kerala,10.8505,76.2711,1,1,6,19.3,0,103.51,0.53,70.21,920,3,Web,4,1700,220,700
2024-11-30,Manali,32.2432,77.1892,1,11,5,5.3,0,494.59,0.517,71.71,722,3,Agent,12,1200,140,450
2024-10-03,Andaman,11.7401,92.6586,0,10,3,22.9,0,397.88,-0.022,85.31,373,1,Agent,3,900,120,300
2025-07-27,Jaipur,26.9124,75.7873,1,7,6,35.9,0,374.49,0.854,63.8,908,1,Agent,5,1500,180,600
2024-10-23,Manali,32.2432,77.1892,0,10,2,12.4,0,71.38,-0.049,64.97,430,3,Kiosk,13,1200,140,450
2025-04-10,Goa,15.2993,74.124,0,4,3,33.0,0,345.27,-0.353,81.85,1430,2,Kiosk,7,2000,250,800
2024-05-18,Manali,32.2432,77.1892,1,5,5,24.5,0,396.79,-0.546,76.45,831,3,Kiosk,12,1200,140,450
2024-07-14,Leh,34.1526,77.5771,1,7,6,19.6,0,155.44,0.352,93.1,450,2,App,7,600,90,220
2024-04-28,Leh,34.1526,77.5771,1,4,6,14.1,0,137.58,-0.375,96.2,396,2,Kiosk,5,600,90,220
2025-07-25,Goa,15.2993,74.124,0,7,4,41.3,0,245.11,0.528,80.19,1047,3,App,3,2000,250,800
2025-08-15,Manali,32.2432,77.1892,0,8,4,19.4,1,224.9,-0.179,74.96,736,3,Kiosk,4,1200,140,450
2024-10-28,Andaman,11.7401,92.6586,0,10,0,21.8,0,565.12,0.946,94.72,449,3,Web,20,900,120,300
2024-09-04,Goa,15.2993,74.124,0,9,2,29.7,1,165.99,0.457,78.62,856,2,App,8,2000,250,800
2025-07-01,Leh,34.1526,77.5771,0,7,1,19.7,0,615.94,0.062,90.09,608,1,Kiosk,27,600,90,220
2025-01-17,Jaipur,26.9124,75.7873,0,1,4,19.0,0,215.49,0.546,63.12,633,2,Web,18,1500,180,600
2024-12-03,Leh,34.1526,77.5771,0,12,1,-0.4,0,659.24,0.34,92.63,386,2,Agent,12,600,90,220
2024-03-10,Manali,32.2432,77.1892,1,3,6,15.2,0,404.06,1.0,74.37,1061,3,App,9,1200,140,450
2024-06-15,Varanasi,25.3176,82.9739,1,6,5,37.2,0,770.45,0.116,55.67,1791,1,App,12,1400,160,500
2024-11-13,Jaipur,26.9124,75.7873,0,11,2,18.9,0,700.16,0.622,61.36,1121,2,App,16,1500,180,600
2025-03-27,Leh,34.1526,77.5771,0,3,3,11.9,0,585.85,-0.131,98.81,515,3,Web,2,600,90,220
2024-01-28,Agra,27.1767,78.0081,1,1,6,17.5,0,129.33,0.079,52.18,1044,3,Web,15,1300,150,550
2024-07-25,Leh,34.1526,77.5771,0,7,3,18.6,1,256.56,0.973,99.18,283,3,Agent,10,600,90,220
2025-07-22,Varanasi,25.3176,82.9739,0,7,1,36.9,0,550.15,0.833,46.65,812,1,Kiosk,10,1400,160,500
2024-05-12,Kerala,10.8505,76.2711,1,5,6,38.6,0,359.95,0.498,78.87,1533,2,Web,8,1700,220,700
2024-02-13,Jaipur,26.9124,75.7873,0,2,1,23.3,0,270.6,0.047,65.05,912,2,Agent,4,1500,180,600
2024-01-14,Agra,27.1767,78.0081,1,1,6,19.2,1,262.42,0.668,51.26,1025,2,Web,12,1300,150,550
2024-06-27,Andaman,11.7401,92.6586,0,6,3,37.1,0,453.46,0.359,90.14,547,2,Agent,2,900,120,300
2025-01-30,Goa,15.2993,74.124,0,1,3,20.4,0,551.15,-0.307,77.61,1796,3,Agent,12,2000,250,800
2025-04-06,Jaipur,26.9124,75.7873,1,4,6,32.8,0,206.31,0.423,67.27,1188,2,App,20,1500,180,600
2024-11-11,Varanasi,25.3176,82.9739,0,11,0,19.5,0,796.73,0.032,50.24,1033,2,Agent,12,1400,160,500
2024-12-05,Andaman,11.7401,92.6586,0,12,3,18.0,0,108.29,-0.093,91.34,399,1,Agent,10,900,120,300
2025-07-08,Agra,27.1767,78.0081,0,7,1,34.3,0,396.67,0.619,54.77,948,1,Kiosk,8,1300,150,550
2024-09-27,Leh,34.1526,77.5771,0,9,4,9.6,0,901.24,0.02,92.18,369,2,Kiosk,14,600,90,220
2024-10-08,Leh,34.1526,77.5771,0,10,1,6.1,0,693.23,0.193,101.35,448,2,Agent,2,600,90,220
2024-01-10,Jaipur,26.9124,75.7873,0,1,2,18.7,0,471.11,0.173,70.31,964,1,Web,2,1500,180,600
2025-01-31,Jaipur,26.9124,75.7873,0,1,4,19.3,0,258.89,-0.042,52.28,937,3,Web,10,1500,180,600
2025-04-25,Kerala,10.8505,76.2711,0,4,4,34.8,0,1003.65,-0.002,76.37,1419,3,Web,5,1700,220,700
2024-11-26,Kerala,10.8505,76.2711,0,11,1,19.7,0,66.45,0.616,66.46,897,2,Web,16,1700,220,700
2025-08-02,Leh,34.1526,77.5771,1,8,5,15.5,0,717.08,0.233,95.78,517,4,Agent,5,600,90,220
2025-06-25,Manali,32.2432,77.1892,0,6,2,23.0,1,90.88,0.205,73.86,783,1,Agent,35,1200,140,450
2024-02-11,Leh,34.1526,77.5771,1,2,6,5.8,0,99.59,0.467,96.3,316,1,Kiosk,4,600,90,220
2024-08-03,Goa,15.2993,74.124,1,8,5,34.5,1,134.29,0.471,85.02,1059,1,Web,5,2000,250,800
2024-10-18,Goa,15.2993,74.124,0,10,4,25.7,0,49.21,-0.095,74.8,1029,1,Web,5,2000,250,800
2024-11-06,Leh,34.1526,77.5771,0,11,2,1.8,0,249.63,-0.092,94.17,329,3,App,4,600,90,220
2024-04-26,Jaipur,26.9124,75.7873,0,4,4,33.8,0,100.3,-0.131,64.15,978,2,Kiosk,6,1500,180,600
2024-11-18,Goa,15.2993,74.124,0,11,0,20.8,0,195.75,0.585,75.85,1055,2,App,21,2000,250,800
2025-02-15,Leh,34.1526,77.5771,1,2,5,4.8,0,722.18,0.042,103.98,650,2,Kiosk,6,600,90,220
2025-04-09,Jaipur,26.9124,75.7873,0,4,2,32.5,0,701.01,-1.0,63.65,1070,3,Kiosk,19,1500,180,600
2025-04-29,Manali,32.2432,77.1892,0,4,1,18.7,0,232.05,0.772,78.13,554,2,Web,8,1200,140,450
2025-03-10,Goa,15.2993,74.124,0,3,0,29.4,0,426.67,0.476,86.84,1444,1,Kiosk,16,2000,250,800
2024-12-31,Manali,32.2432,77.1892,0,12,1,6.2,0,405.6,-0.382,74.97,636,3,Agent,12,1200,140,450
2024-10-27,Andaman,11.7401,92.6586,1,10,6,23.3,0,174.06,0.324,92.57,572,2,Kiosk,16,900,120,300
2024-03-18,Agra,27.1767,78.0081,0,3,0,25.0,0,223.95,0.496,60.37,828,3,Kiosk,2,1300,150,550
2024-08-23,Goa,15.2993,74.124,0,8,4,36.1,1,150.4,-0.256,82.98,687,3,App,6,2000,250,800
2025-01-26,Varanasi,25.3176,82.9739,1,1,6,19.0,0,312.49,-0.385,48.76,1126,2,App,14,1400,160,500
2024-05-24,Agra,27.1767,78.0081,0,5,4,33.9,1,444.57,-0.049,60.52,741,3,Web,8,1300,150,550
2024-09-01,Manali,32.2432,77.1892,1,9,6,14.9,1,284.1,0.872,72.94,594,2,Agent,11,1200,140,450
2024-11-22,Goa,15.2993,74.124,0,11,4,20.7,0,249.65,0.923,71.54,1272,3,App,5,2000,250,800
2025-05-22,Jaipur,26.9124,75.7873,0,5,3,38.0,0,250.74,0.943,67.85,1081,3,App,1,1500,180,600
2024-10-12,Agra,27.1767,78.0081,1,10,5,21.7,0,138.88,-0.114,53.53,939,1,Kiosk,3,1300,150,550
2024-05-20,Leh,34.1526,77.5771,0,5,0,20.9,0,450.31,0.638,101.88,433,2,Agent,10,600,90,220
2025-01-27,Jaipur,26.9124,75.7873,0,1,0,19.8,0,360.86,0.008,71.82,777,1,Kiosk,6,1500,180,600
2025-09-25,Varanasi,25.3176,82.9739,0,9,3,26.5,0,289.77,0.495,49.49,520,2,App,25,1400,160,500
2024-05-14,Agra,27.1767,78.0081,0,5,1,35.6,0,485.71,0.562,60.64,1149,2,Agent,8,1300,150,550
2025-03-10,Agra,27.1767,78.0081,0,3,0,25.6,0,516.13,0.449,57.25,1204,3,App,11,1300,150,550
2025-01-26,Leh,34.1526,77.5771,1,1,6,0.9,0,262.86,-0.266,99.76,427,1,Kiosk,7,600,90,220
2025-07-02,Jaipur,26.9124,75.7873,0,7,2,37.4,1,711.66,0.385,62.7,1148,1,Kiosk,7,1500,180,600
2025-04-06,Jaipur,26.9124,75.7873,1,4,6,34.1,0,462.18,-0.269,74.48,1407,2,Kiosk,23,1500,180,600
2024-05-13,Jaipur,26.9124,75.7873,0,5,0,36.2,0,97.41,0.022,64.36,887,2,Kiosk,14,1500,180,600
2025-09-20,Agra,27.1767,78.0081,1,9,5,25.5,0,524.91,-0.303,57.79,630,3,App,20,1300,150,550
2024-03-07,Jaipur,26.9124,75.7873,0,3,3,28.0,0,432.76,0.182,70.04,1008,2,Kiosk,5,1500,180,600
2025-04-23,Andaman,11.7401,92.6586,0,4,2,32.2,0,577.12,0.099,95.56,682,2,App,4,900,120,300
2025-06-28,Agra,27.1767,78.0081,1,6,5,36.4,0,887.13,0.179,52.13,1471,2,Agent,24,1300,150,550
2025-07-29,Goa,15.2993,74.124,0,7,1,38.4,0,176.46,0.182,82.72,792,3,Kiosk,7,2000,250,800
2024-10-21,Manali,32.2432,77.1892,0,10,0,9.0,0,102.07,0.853,66.53,536,3,Agent,23,1200,140,450
2024-05-06,Leh,34.1526,77.5771,0,5,0,18.1,0,399.68,0.284,98.23,355,3,Kiosk,10,600,90,220
2025-07-27,Jaipur,26.9124,75.7873,1,7,6,36.7,0,557.19,-0.377,64.86,1306,3,Agent,11,1500,180,600
2024-05-05,Goa,15.2993,74.124,1,5,6,40.1,0,519.95,0.104,83.14,1616,1,Agent,27,2000,250,800
2024-03-26,Andaman,11.7401,92.6586,0,3,1,28.6,0,330.06,0.104,95.32,548,2,Web,7,900,120,300
2025-06-10,Agra,27.1767,78.0081,0,6,1,35.9,1,74.63,0.204,51.48,676,2,App,26,1300,150,550
2025-05-11,Agra,27.1767,78.0081,1,5,6,35.5,0,40.21,0.486,66.08,765,2,Kiosk,3,1300,150,550
2024-09-02,Kerala,10.8505,76.2711,0,9,0,28.2,0,447.4,0.351,69.76,986,3,Kiosk,8,1700,220,700
2024-05-12,Andaman,11.7401,92.6586,1,5,6,36.8,0,191.75,-0.147,91.04,476,1,App,20,900,120,300
2024-07-09,Andaman,11.7401,92.6586,0,7,1,35.0,0,139.66,0.605,86.61,344,1,App,11,900,120,300
2025-03-23,Kerala,10.8505,76.2711,1,3,6,28.1,0,513.58,0.079,66.22,1783,2,Agent,2,1700,220,700
2025-07-12,Goa,15.2993,74.124,1,7,5,37.8,0,104.33,-0.272,83.6,1144,3,Web,14,2000,250,800
2024-06-25,Goa,15.2993,74.124,0,6,1,39.2,1,112.47,0.591,74.46,837,1,Web,13,2000,250,800
2025-06-30,Andaman,11.7401,92.6586,0,6,0,38.4,0,799.64,0.084,85.91,697,3,Web,14,900,120,300
2024-05-16,Agra,27.1767,78.0081,0,5,3,36.6,0,304.32,-0.232,63.26,793,1,Web,6,1300,150,550
2024-08-21,Varanasi,25.3176,82.9739,0,8,2,34.3,0,487.48,-0.352,50.67,815,2,Web,11,1400,160,500
2025-05-23,Jaipur,26.9124,75.7873,0,5,4,35.8,0,566.42,0.032,65.34,1038,2,Web,26,1500,180,600
2025-09-22,Leh,34.1526,77.5771,0,9,0,10.2,0,609.91,0.19,95.45,268,3,Kiosk,2,600,90,220
2024-12-10,Varanasi,25.3176,82.9739,0,12,1,17.6,0,134.62,0.299,53.51,650,3,Web,15,1400,160,500
2024-05-24,Leh,34.1526,77.5771,0,5,4,18.8,0,183.91,0.712,88.8,424,3,Web,33,600,90,220
2024-10-01,Andaman,11.7401,92.6586,0,10,1,23.1,0,714.39,-0.665,89.25,475,1,Agent,7,900,120,300
2024-11-13,Goa,15.2993,74.124,0,11,2,21.6,0,782.93,0.42,73.71,1164,3,Agent,3,2000,250,800
2025-09-18,Leh,34.1526,77.5771,0,9,3,10.3,0,47.67,-0.72,96.15,204,3,App,2,600,90,220
2024-01-09,Jaipur,26.9124,75.7873,0,1,1,19.8,0,418.42,0.031,68.41,958,2,Web,30,1500,180,600
2025-07-12,Goa,15.2993,74.124,1,7,5,37.9,1,394.5,0.399,72.93,1544,2,Kiosk,18,2000,250,800
2025-07-30,Jaipur,26.9124,75.7873,0,7,2,35.5,1,143.02,-0.119,47.78,658,1,Agent,5,1500,180,600
2025-01-09,Varanasi,25.3176,82.9739,0,1,3,18.9,0,325.13,0.398,52.98,954,3,App,8,1400,160,500
2025-01-10,Kerala,10.8505,76.2711,0,1,4,20.4,0,68.78,-0.327,70.86,1195,3,Kiosk,5,1700,220,700
2025-03-01,Kerala,10.8505,76.2711,1,3,5,27.3,0,350.06,-0.275,61.67,1198,1,Agent,10,1700,220,700
2025-09-06,Goa,15.2993,74.124,1,9,5,30.6,0,43.8,0.587,78.49,958,2,App,5,2000,250,800
2025-09-01,Leh,34.1526,77.5771,0,9,0,9.9,0,340.76,-0.314,93.35,301,3,Web,13,600,90,220
2025-04-03,Leh,34.1526,77.5771,0,4,3,14.6,0,738.02,0.11,100.85,448,2,App,7,600,90,220
2024-05-05,Manali,32.2432,77.1892,1,5,6,24.0,0,190.27,0.122,74.8,973,3,Web,5,1200,140,450
2025-02-03,Andaman,11.7401,92.6586,0,2,0,22.2,1,345.55,-0.194,91.21,452,2,Web,7,900,120,300
2024-03-31,Goa,15.2993,74.124,1,3,6,30.4,0,158.98,0.658,89.66,1855,1,App,8,2000,250,800
2025-07-31,Andaman,11.7401,92.6586,0,7,3,36.9,0,200.88,0.294,90.58,426,2,App,2,900,120,300
2025-04-09,Kerala,10.8505,76.2711,0,4,2,35.6,0,201.83,0.292,70.68,1171,2,Kiosk,6,1700,220,700
2025-03-21,Varanasi,25.3176,82.9739,0,3,4,28.3,0,170.83,-0.36,51.86,982,2,Web,5,1400,160,500
2025-07-26,Kerala,10.8505,76.2711,1,7,5,36.0,1,804.02,-0.051,69.37,1429,2,Agent,8,1700,220,700
2024-04-26,Agra,27.1767,78.0081,0,4,4,30.4,0,339.12,0.361,58.94,1181,3,Web,22,1300,150,550
2025-09-27,Leh,34.1526,77.5771,1,9,5,9.7,0,145.53,-0.046,95.69,289,1,Agent,18,600,90,220
2025-09-15,Andaman,11.7401,92.6586,0,9,0,27.2,0,133.11,0.2,83.44,292,2,Web,15,900,120,300
2024-05-21,Kerala,10.8505,76.2711,0,5,1,37.8,0,625.49,0.458,67.47,1425,2,Agent,1,1700,220,700
2024-04-18,Kerala,10.8505,76.2711,0,4,3,33.9,0,685.25,0.736,84.04,1224,2,Web,4,1700,220,700
2024-09-12,Goa,15.2993,74.124,0,9,3,29.1,0,59.25,-0.024,87.79,770,2,App,24,2000,250,800
2025-09-22,Manali,32.2432,77.1892,0,9,0,14.9,0,91.7,-0.005,72.03,482,2,Agent,12,1200,140,450
2024-11-10,Goa,15.2993,74.124,1,11,6,21.3,1,518.15,-0.064,69.59,1714,3,Agent,15,2000,250,800
2025-05-16,Varanasi,25.3176,82.9739,0,5,4,35.9,0,356.79,1.0,57.63,1064,4,App,6,1400,160,500
2024-04-26,Andaman,11.7401,92.6586,0,4,4,33.7,0,253.53,-0.104,96.66,409,2,Kiosk,19,900,120,300
2024-12-20,Kerala,10.8505,76.2711,0,12,4,20.3,0,309.16,-0.101,61.38,1231,2,Kiosk,10,1700,220,700
2024-04-07,Jaipur,26.9124,75.7873,1,4,6,33.7,0,639.58,-0.205,75.06,1289,2,App,13,1500,180,600
2025-04-23,Varanasi,25.3176,82.9739,0,4,2,31.7,0,858.47,-0.02,47.51,1482,2,Kiosk,3,1400,160,500
2024-10-10,Kerala,10.8505,76.2711,0,10,3,24.3,0,289.79,-0.354,70.87,1010,4,Web,5,1700,220,700
2025-02-22,Manali,32.2432,77.1892,1,2,5,10.1,0,459.48,0.287,76.42,852,1,App,12,1200,140,450
2025-04-01,Goa,15.2993,74.124,0,4,1,34.3,0,991.84,0.879,79.4,2419,1,App,29,2000,250,800
2025-01-04,Agra,27.1767,78.0081,1,1,5,17.6,0,50.08,0.109,54.15,1003,3,App,3,1300,150,550
2025-08-04,Kerala,10.8505,76.2711,0,8,0,34.9,0,132.1,-0.734,68.21,834,2,Web,4,1700,220,700
2025-09-21,Leh,34.1526,77.5771,1,9,6,9.9,0,227.78,-0.371,92.69,396,3,App,10,600,90,220
2024-05-10,Agra,27.1767,78.0081,0,5,4,34.6,0,269.98,0.413,58.88,734,3,Kiosk,4,1300,150,550
2024-11-26,Jaipur,26.9124,75.7873,0,11,1,18.8,0,533.19,-0.47,48.56,953,2,App,2,1500,180,600
2025-09-04,Agra,27.1767,78.0081,0,9,3,25.3,0,293.65,0.416,56.99,574,2,Agent,18,1300,150,550
2024-08-31,Manali,32.2432,77.1892,1,8,5,19.7,0,191.18,-0.342,61.58,811,1,Web,26,1200,140,450
2024-01-17,Agra,27.1767,78.0081,0,1,2,17.6,0,576.36,-0.543,53.49,1186,2,Agent,9,1300,150,550
2024-12-18,Leh,34.1526,77.5771,0,12,2,0.8,0,524.49,-0.369,92.86,318,1,Agent,29,600,90,220
2024-05-26,Kerala,10.8505,76.2711,1,5,6,38.7,0,711.67,0.184,63.44,2310,1,Kiosk,15,1700,220,700
2025-01-20,Jaipur,26.9124,75.7873,0,1,0,18.0,0,904.44,-0.136,61.54,1586,2,Agent,23,1500,180,600
2024-06-12,Agra,27.1767,78.0081,0,6,2,36.8,0,629.7,0.881,60.98,1000,2,Agent,3,1300,150,550
2024-07-26,Andaman,11.7401,92.6586,0,7,4,38.6,0,372.25,-0.469,85.3,459,2,App,17,900,120,300
2024-12-04,Manali,32.2432,77.1892,0,12,2,5.5,1,255.68,-0.438,79.56,585,3,Kiosk,34,1200,140,450
2024-07-24,Varanasi,25.3176,82.9739,0,7,2,35.5,1,446.89,0.097,49.74,862,2,Kiosk,19,1400,160,500
2025-08-15,Andaman,11.7401,92.6586,0,8,4,31.6,0,421.85,0.185,89.91,355,2,Web,16,900,120,300
2025-01-11,Leh,34.1526,77.5771,1,1,5,1.3,0,177.9,-0.331,105.2,447,1,Agent,9,600,90,220
2024-08-11,Agra,27.1767,78.0081,1,8,6,32.1,0,385.98,0.502,51.88,810,2,App,44,1300,150,550
2024-01-27,Jaipur,26.9124,75.7873,1,1,5,18.9,0,176.68,1.0,63.64,1471,2,Kiosk,4,1500,180,600
2024-02-10,Jaipur,26.9124,75.7873,1,2,5,22.0,0,208.44,-0.531,64.7,1090,3,Kiosk,5,1500,180,600
2025-05-03,Agra,27.1767,78.0081,1,5,5,33.8,0,191.94,0.284,58.83,1017,2,Agent,12,1300,150,550
2025-02-03,Leh,34.1526,77.5771,0,2,0,6.6,0,202.8,0.65,99.94,298,3,Agent,15,600,90,220
2025-07-12,Agra,27.1767,78.0081,1,7,5,36.2,0,16.21,0.263,60.48,666,3,App,14,1300,150,550
2025-05-08,Manali,32.2432,77.1892,0,5,3,25.8,0,421.81,-0.269,78.89,727,2,Web,6,1200,140,450
2024-05-08,Agra,27.1767,78.0081,0,5,2,34.8,1,556.02,0.023,54.48,917,3,Web,3,1300,150,550
2024-10-10,Goa,15.2993,74.124,0,10,3,24.4,0,135.51,0.477,66.97,848,3,Kiosk,5,2000,250,800
2024-04-20,Agra,27.1767,78.0081,1,4,5,33.9,0,721.77,-1.0,69.59,1135,2,Agent,6,1300,150,550
2025-04-11,Agra,27.1767,78.0081,0,4,4,32.2,0,291.73,-0.022,58.73,1063,2,App,2,1300,150,550
2024-04-18,Jaipur,26.9124,75.7873,0,4,3,32.6,0,310.59,0.628,65.89,1072,2,Kiosk,10,1500,180,600
2025-03-08,Kerala,10.8505,76.2711,1,3,5,28.3,0,421.2,0.177,80.32,2041,2,Agent,16,1700,220,700
2025-07-12,Agra,27.1767,78.0081,1,7,5,34.4,0,267.36,-0.077,60.13,675,2,Web,8,1300,150,550
2025-05-20,Andaman,11.7401,92.6586,0,5,1,36.2,0,287.49,0.058,99.05,430,2,Agent,1,900,120,300
2024-06-27,Leh,34.1526,77.5771,0,6,3,18.8,0,190.5,-0.107,95.08,478,1,Kiosk,14,600,90,220
2025-03-16,Andaman,11.7401,92.6586,1,3,6,28.2,0,335.3,0.318,88.16,465,2,Kiosk,20,900,120,300
2025-08-02,Kerala,10.8505,76.2711,1,8,5,35.0,1,329.02,-0.118,62.46,1003,3,Web,21,1700,220,700
2025-05-21,Andaman,11.7401,92.6586,0,5,2,35.0,0,213.89,-0.29,99.82,469,2,App,11,900,120,300
2024-12-05,Agra,27.1767,78.0081,0,12,3,16.7,0,802.2,0.571,60.94,870,2,App,12,1300,150,550
2025-03-30,Andaman,11.7401,92.6586,1,3,6,29.4,0,680.95,0.715,95.15,808,3,Kiosk,2,900,120,300
2024-07-19,Varanasi,25.3176,82.9739,0,7,4,35.4,0,65.28,0.137,51.5,573,2,Web,8,1400,160,500
2025-06-13,Agra,27.1767,78.0081,0,6,4,37.7,1,167.82,0.137,52.3,661,4,App,31,1300,150,550
2024-06-30,Leh,34.1526,77.5771,1,6,6,21.8,0,447.02,0.985,94.17,558,2,Kiosk,9,600,90,220
2024-04-01,Manali,32.2432,77.1892,0,4,0,20.8,0,180.27,0.797,75.05,556,1,App,5,1200,140,450
2024-05-21,Jaipur,26.9124,75.7873,0,5,1,37.5,0,157.74,0.369,72.62,1094,2,Web,21,1500,180,600
2025-08-20,Andaman,11.7401,92.6586,0,8,2,33.2,0,607.53,-0.011,91.37,454,3,Kiosk,4,900,120,300
2024-06-16,Manali,32.2432,77.1892,1,6,6,23.9,1,552.0,-0.103,71.57,1233,3,Kiosk,21,1200,140,450
2024-04-09,Varanasi,25.3176,82.9739,0,4,1,32.5,0,671.88,0.463,50.08,1629,2,Kiosk,1,1400,160,500
2024-09-09,Agra,27.1767,78.0081,0,9,0,26.6,1,502.78,0.688,56.93,732,2,Agent,8,1300,150,550
2024-09-10,Agra,27.1767,78.0081,0,9,1,28.6,0,395.81,-0.131,53.53,533,2,App,12,1300,150,550
2025-01-08,Manali,32.2432,77.1892,0,1,2,5.7,0,255.94,-0.187,72.21,525,3,App,6,1200,140,450
2025-03-12,Andaman,11.7401,92.6586,0,3,2,28.5,0,97.3,0.503,102.94,407,2,App,15,900,120,300
2025-04-22,Leh,34.1526,77.5771,0,4,1,16.1,0,290.79,0.475,106.4,341,2,Kiosk,10,600,90,220
2024-08-05,Varanasi,25.3176,82.9739,0,8,0,32.8,0,343.45,0.24,54.65,634,2,Kiosk,6,1400,160,500
2024-02-12,Kerala,10.8505,76.2711,0,2,0,22.7,0,496.22,0.524,70.57,1266,2,Web,15,1700,220,700
2024-10-09,Agra,27.1767,78.0081,0,10,2,21.4,0,385.01,-0.338,58.74,677,2,Agent,4,1300,150,550
2025-07-27,Andaman,11.7401,92.6586,1,7,6,37.4,1,602.14,0.482,99.37,454,2,Kiosk,8,900,120,300
2025-09-24,Varanasi,25.3176,82.9739,0,9,2,26.9,0,173.43,0.623,51.46,727,2,Kiosk,4,1400,160,500
2025-10-01,Leh,34.1526,77.5771,0,10,2,4.8,0,189.14,-0.919,86.17,251,2,App,7,600,90,220
2024-07-02,Leh,34.1526,77.5771,0,7,1,18.0,0,76.88,-0.271,99.05,323,2,Web,9,600,90,220
2024-08-25,Goa,15.2993,74.124,1,8,6,35.6,1,474.49,0.134,83.03,830,3,Web,10,2000,250,800
2024-06-28,Goa,15.2993,74.124,0,6,4,39.0,0,339.2,-0.113,77.68,1045,2,Agent,8,2000,250,800
2024-11-29,Andaman,11.7401,92.6586,0,11,4,19.2,0,161.94,-0.68,87.74,352,3,App,4,900,120,300
2024-12-13,Manali,32.2432,77.1892,0,12,4,5.1,0,374.1,0.451,77.49,743,2,Web,6,1200,140,450
2025-03-04,Leh,34.1526,77.5771,0,3,1,9.2,0,217.2,0.812,96.64,432,2,Agent,17,600,90,220
2024-01-17,Leh,34.1526,77.5771,0,1,2,3.0,0,477.49,0.871,89.72,428,3,Kiosk,14,600,90,220
2025-01-22,Jaipur,26.9124,75.7873,0,1,2,22.0,0,530.64,-0.401,60.74,960,1,App,7,1500,180,600
2024-10-19,Jaipur,26.9124,75.7873,1,10,5,22.6,0,683.47,0.619,58.6,1212,1,Web,6,1500,180,600
2024-08-12,Manali,32.2432,77.1892,0,8,0,21.4,0,147.47,0.786,79.08,705,1,App,18,1200,140,450
2024-06-08,Agra,27.1767,78.0081,1,6,5,35.7,0,784.37,0.046,57.39,1197,1,Web,11,1300,150,550
2024-07-07,Andaman,11.7401,92.6586,1,7,6,37.0,1,523.25,0.136,91.88,529,2,Agent,2,900,120,300
2024-03-11,Jaipur,26.9124,75.7873,0,3,0,26.2,0,213.36,0.17,61.97,1045,2,Web,16,1500,180,600
2025-01-16,Varanasi,25.3176,82.9739,0,1,3,16.7,0,686.47,-0.682,58.38,873,2,Kiosk,7,1400,160,500
2025-03-17,Manali,32.2432,77.1892,0,3,0,14.8,0,680.17,0.37,84.18,837,4,App,8,1200,140,450
2024-09-17,Goa,15.2993,74.124,0,9,1,31.0,0,314.66,0.329,83.48,706,2,App,15,2000,250,800
2025-06-13,Leh,34.1526,77.5771,0,6,4,19.4,0,35.08,-0.057,108.8,321,3,Agent,25,600,90,220
2025-03-22,Goa,15.2993,74.124,1,3,5,28.4,0,214.06,0.017,82.55,1417,2,Kiosk,33,2000,250,800
2024-05-04,Andaman,11.7401,92.6586,1,5,5,36.9,0,16.89,0.449,87.21,633,2,Agent,13,900,120,300
2025-07-12,Leh,34.1526,77.5771,1,7,5,17.8,0,731.48,0.422,101.71,684,2,Web,9,600,90,220
2025-05-18,Andaman,11.7401,92.6586,1,5,6,36.4,0,130.34,0.236,98.96,483,2,Web,5,900,120,300
2025-05-08,Leh,34.1526,77.5771,0,5,3,19.0,0,946.78,0.576,105.09,532,3,Web,3,600,90,220
2025-05-09,Kerala,10.8505,76.2711,0,5,4,36.3,0,969.11,-1.0,71.12,955,2,Kiosk,11,1700,220,700
2025-06-08,Varanasi,25.3176,82.9739,1,6,6,37.4,0,164.53,0.286,56.0,1316,2,Web,3,1400,160,500
2025-05-04,Agra,27.1767,78.0081,1,5,6,36.7,0,132.5,0.657,62.13,1142,1,App,13,1300,150,550
2024-04-25,Manali,32.2432,77.1892,0,4,3,18.5,0,61.21,-0.316,76.44,774,2,Agent,4,1200,140,450
2024-12-18,Varanasi,25.3176,82.9739,0,12,2,16.7,0,153.2,1.0,50.35,1011,3,Agent,19,1400,160,500
2024-05-14,Manali,32.2432,77.1892,0,5,1,23.9,0,476.41,-0.14,83.06,808,2,App,13,1200,140,450
2024-09-27,Varanasi,25.3176,82.9739,0,9,4,25.0,0,347.53,0.483,50.61,667,1,Kiosk,19,1400,160,500
2025-09-25,Manali,32.2432,77.1892,0,9,3,15.0,1,478.56,-0.315,74.76,617,2,Agent,23,1200,140,450
2024-08-11,Goa,15.2993,74.124,1,8,6,34.5,0,406.97,-0.398,79.71,1429,2,App,8,2000,250,800
2024-01-06,Leh,34.1526,77.5771,1,1,5,2.2,0,328.99,1.0,86.6,513,3,Kiosk,23,600,90,220
2025-02-21,Varanasi,25.3176,82.9739,0,2,4,20.9,0,205.18,-0.675,55.99,855,3,Agent,25,1400,160,500
2025-06-11,Leh,34.1526,77.5771,0,6,2,21.2,0,226.09,-0.236,112.65,372,2,Web,31,600,90,220
2025-03-08,Manali,32.2432,77.1892,1,3,5,15.2,0,567.01,-0.983,79.2,1119,2,Agent,23,1200,140,450
2024-10-08,Manali,32.2432,77.1892,0,10,1,8.8,0,777.66,0.191,68.87,998,1,Agent,2,1200,140,450
2024-10-01,Leh,34.1526,77.5771,0,10,1,6.2,0,566.08,-0.22,90.36,274,3,Agent,7,600,90,220
2024-05-11,Agra,27.1767,78.0081,1,5,5,36.6,0,433.32,-0.148,62.41,1001,1,App,9,1300,150,550
2024-12-09,Goa,15.2993,74.124,0,12,0,20.4,0,381.27,0.534,79.31,1195,2,App,9,2000,250,800
2024-12-25,Agra,27.1767,78.0081,0,12,2,18.2,0,713.27,-0.316,53.43,1053,3,Agent,11,1300,150,550
2024-03-05,Leh,34.1526,77.5771,0,3,1,12.7,0,357.34,0.678,92.37,361,2,Web,5,600,90,220
2024-12-17,Agra,27.1767,78.0081,0,12,1,16.7,0,104.81,-0.588,61.2,355,1,Web,35,1300,150,550
2024-03-01,Leh,34.1526,77.5771,0,3,4,8.8,0,280.38,-0.029,99.62,417,1,App,5,600,90,220
2024-09-20,Leh,34.1526,77.5771,0,9,4,11.5,0,156.58,-0.264,96.88,194,3,Web,5,600,90,220
2025-04-21,Varanasi,25.3176,82.9739,0,4,0,32.5,0,388.39,-0.752,58.09,1093,3,Kiosk,29,1400,160,500
2024-02-10,Goa,15.2993,74.124,1,2,5,22.7,0,97.24,0.609,77.34,1325,2,Agent,8,2000,250,800
2025-09-06,Andaman,11.7401,92.6586,1,9,5,28.8,0,402.67,-0.418,89.82,452,2,Web,18,900,120,300
2025-04-05,Leh,34.1526,77.5771,1,4,5,17.0,1,279.46,-1.0,93.77,362,3,Web,1,600,90,220
2025-04-01,Andaman,11.7401,92.6586,0,4,1,33.8,0,448.68,0.92,93.83,558,2,Kiosk,5,900,120,300
2025-09-23,Kerala,10.8505,76.2711,0,9,1,28.7,0,954.63,0.218,58.55,1622,2,Web,21,1700,220,700
2024-10-05,Andaman,11.7401,92.6586,1,10,5,21.9,0,91.18,-0.023,91.2,480,2,Kiosk,9,900,120,300
2025-08-05,Varanasi,25.3176,82.9739,0,8,1,31.8,0,532.79,0.376,40.89,681,3,App,11,1400,160,500
2024-05-22,Jaipur,26.9124,75.7873,0,5,2,38.2,0,258.88,-0.498,59.66,1157,2,Agent,10,1500,180,600
2024-11-06,Varanasi,25.3176,82.9739,0,11,2,18.3,0,269.89,0.884,53.65,774,2,Web,31,1400,160,500
2024-04-03,Kerala,10.8505,76.2711,0,4,2,32.5,0,54.05,-0.433,61.63,1062,4,Web,6,1700,220,700
2024-01-18,Agra,27.1767,78.0081,0,1,3,19.9,0,334.53,0.836,62.32,1162,3,Agent,9,1300,150,550
2024-10-15,Jaipur,26.9124,75.7873,0,10,1,22.3,0,1381.54,0.089,66.35,1370,2,Agent,11,1500,180,600
2025-06-26,Kerala,10.8505,76.2711,0,6,3,39.1,1,515.99,-0.2,71.0,1180,2,App,5,1700,220,700
2025-05-27,Andaman,11.7401,92.6586,0,5,1,37.0,0,255.52,-0.931,94.9,508,2,Agent,14,900,120,300
2025-07-29,Agra,27.1767,78.0081,0,7,1,37.3,0,118.86,0.71,51.57,749,2,Agent,13,1300,150,550
2025-05-25,Leh,34.1526,77.5771,1,5,6,20.2,0,190.15,0.222,106.27,358,2,Agent,11,600,90,220
2024-08-30,Varanasi,25.3176,82.9739,0,8,4,31.5,0,524.94,0.769,46.5,762,2,Agent,19,1400,160,500
2025-09-11,Goa,15.2993,74.124,0,9,3,31.2,0,194.79,0.36,78.35,750,2,Web,13,2000,250,800
2025-07-25,Varanasi,25.3176,82.9739,0,7,4,34.3,0,348.48,-0.677,59.71,945,2,Web,11,1400,160,500
2024-10-06,Varanasi,25.3176,82.9739,1,10,6,21.3,0,403.9,-0.433,47.7,875,2,Web,5,1400,160,500
2024-12-02,Agra,27.1767,78.0081,0,12,0,16.0,0,478.84,0.662,58.76,907,1,Agent,2,1300,150,550
2024-06-27,Varanasi,25.3176,82.9739,0,6,3,37.0,0,659.03,0.374,63.77,799,1,App,10,1400,160,500
2024-04-09,Andaman,11.7401,92.6586,0,4,1,34.3,0,554.5,0.383,101.18,551,2,Agent,10,900,120,300
2024-07-05,Goa,15.2993,74.124,0,7,4,38.8,0,76.91,0.931,80.17,864,2,Agent,12,2000,250,800
2025-10-01,Kerala,10.8505,76.2711,0,10,2,24.8,0,372.22,0.215,70.48,975,4,Web,16,1700,220,700
2024-03-12,Varanasi,25.3176,82.9739,0,3,1,27.2,0,236.28,0.166,50.76,721,3,App,10,1400,160,500
2024-10-08,Varanasi,25.3176,82.9739,0,10,1,21.4,0,189.34,0.545,43.35,695,3,Agent,8,1400,160,500
2024-12-15,Jaipur,26.9124,75.7873,1,12,6,17.8,0,486.07,0.7,62.81,1408,3,Web,15,1500,180,600
2024-09-24,Agra,27.1767,78.0081,0,9,1,28.1,0,633.18,-0.8,57.81,710,2,Agent,20,1300,150,550
2025-09-06,Jaipur,26.9124,75.7873,1,9,5,29.5,0,719.29,-0.049,76.28,1048,2,Kiosk,20,1500,180,600
2025-02-08,Leh,34.1526,77.5771,1,2,5,4.2,0,478.76,0.723,102.24,486,3,Agent,4,600,90,220
2024-06-24,Varanasi,25.3176,82.9739,0,6,0,36.5,0,421.09,0.559,49.1,1157,1,App,24,1400,160,500
2025-03-06,Varanasi,25.3176,82.9739,0,3,3,28.3,0,587.55,0.649,54.05,772,1,Kiosk,5,1400,160,500
2025-09-28,Andaman,11.7401,92.6586,1,9,6,30.0,0,332.72,0.502,88.31,464,1,Web,6,900,120,300
2024-01-24,Leh,34.1526,77.5771,0,1,2,2.6,0,192.42,0.324,102.33,289,3,Kiosk,16,600,90,220
2024-09-15,Varanasi,25.3176,82.9739,1,9,6,28.3,1,212.91,-0.643,52.9,551,2,Web,2,1400,160,500
2025-02-12,Manali,32.2432,77.1892,0,2,2,10.7,0,470.25,-0.421,76.94,662,3,Agent,4,1200,140,450
2024-12-06,Jaipur,26.9124,75.7873,0,12,4,17.9,0,258.82,0.74,61.74,975,3,Web,9,1500,180,600
2024-08-14,Manali,32.2432,77.1892,0,8,2,21.1,0,466.46,0.004,83.87,640,2,Web,44,1200,140,450
2025-09-18,Goa,15.2993,74.124,0,9,3,29.9,0,54.74,0.19,79.39,722,2,Web,9,2000,250,800
2024-01-25,Manali,32.2432,77.1892,0,1,3,6.5,0,438.13,-0.507,71.96,838,2,Web,5,1200,140,450
2024-07-11,Leh,34.1526,77.5771,0,7,3,19.2,0,183.96,0.677,98.7,364,2,Agent,1,600,90,220
2025-01-21,Leh,34.1526,77.5771,0,1,1,1.7,0,920.21,-0.253,91.78,616,3,Agent,12,600,90,220
2025-04-03,Goa,15.2993,74.124,0,4,3,34.6,0,467.34,-0.16,81.23,1363,2,Web,21,2000,250,800
2025-01-06,Manali,32.2432,77.1892,0,1,0,5.4,0,259.75,-0.221,73.37,767,2,Kiosk,15,1200,140,450
2024-12-03,Leh,34.1526,77.5771,0,12,1,0.4,0,309.82,0.831,97.46,325,3,Web,4,600,90,220
2024-01-15,Goa,15.2993,74.124,0,1,0,21.2,0,224.69,-0.732,82.65,1468,2,Agent,13,2000,250,800
2024-05-10,Goa,15.2993,74.124,0,5,4,38.7,0,782.22,0.17,85.55,1899,2,App,18,2000,250,800
2025-08-28,Andaman,11.7401,92.6586,0,8,3,32.4,1,494.99,-0.528,89.86,449,3,Agent,13,900,120,300
2024-07-15,Jaipur,26.9124,75.7873,0,7,0,37.3,0,865.63,0.547,58.75,1227,2,Kiosk,32,1500,180,600
2025-02-12,Kerala,10.8505,76.2711,0,2,2,25.9,0,369.6,0.706,72.12,1246,2,Web,13,1700,220,700
2025-08-14,Jaipur,26.9124,75.7873,0,8,3,34.0,0,386.31,0.676,66.46,878,2,Web,7,1500,180,600
2024-09-28,Agra,27.1767,78.0081,1,9,5,26.1,0,233.94,-0.009,57.37,630,3,Web,3,1300,150,550
2025-07-24,Andaman,11.7401,92.6586,0,7,3,37.9,0,166.34,-0.004,84.65,393,2,Web,21,900,120,300
2025-05-31,Varanasi,25.3176,82.9739,1,5,5,34.5,0,341.71,0.316,50.23,1391,3,Kiosk,7,1400,160,500
2024-11-02,Jaipur,26.9124,75.7873,1,11,5,19.9,0,246.29,0.277,58.75,1210,2,Kiosk,16,1500,180,600
2025-02-12,Varanasi,25.3176,82.9739,0,2,2,21.9,0,76.53,-0.036,57.73,630,1,Kiosk,8,1400,160,500
2025-03-07,Manali,32.2432,77.1892,0,3,4,15.6,0,360.5,0.093,76.13,669,3,Agent,24,1200,140,450
2024-04-15,Goa,15.2993,74.124,0,4,0,35.2,0,887.4,0.157,83.25,2174,3,Kiosk,4,2000,250,800
2025-03-24,Leh,34.1526,77.5771,0,3,0,10.2,0,199.08,0.198,100.25,329,3,Web,7,600,90,220
2025-04-06,Manali,32.2432,77.1892,1,4,6,22.2,0,867.81,0.448,67.42,1300,2,App,4,1200,140,450
2024-10-18,Leh,34.1526,77.5771,0,10,4,5.4,1,620.92,-0.391,93.87,266,2,Web,6,600,90,220
2025-02-23,Jaipur,26.9124,75.7873,1,2,6,24.7,0,116.16,0.141,67.62,1163,3,Agent,55,1500,180,600
2025-03-31,Kerala,10.8505,76.2711,0,3,0,29.2,1,100.26,0.023,71.88,952,2,App,7,1700,220,700
2024-10-20,Manali,32.2432,77.1892,1,10,6,12.0,0,171.44,0.661,74.42,555,2,Agent,4,1200,140,450
2024-05-14,Varanasi,25.3176,82.9739,0,5,1,35.4,0,58.76,0.013,54.58,900,1,App,8,1400,160,500
2024-08-28,Agra,27.1767,78.0081,0,8,2,30.6,0,219.3,1.0,57.0,778,3,App,18,1300,150,550
2025-08-10,Goa,15.2993,74.124,1,8,6,35.9,0,479.06,-0.482,71.64,1360,1,Agent,3,2000,250,800
2025-02-18,Agra,27.1767,78.0081,0,2,1,20.1,0,151.4,0.318,60.64,619,3,Kiosk,8,1300,150,550
2025-04-29,Leh,34.1526,77.5771,0,4,1,14.5,0,577.83,-0.192,102.11,427,3,Agent,11,600,90,220
2025-01-10,Varanasi,25.3176,82.9739,0,1,4,16.4,0,132.9,0.23,38.46,950,3,Agent,39,1400,160,500
2024-04-02,Goa,15.2993,74.124,0,4,1,35.4,0,4.6,-0.094,80.9,844,2,Web,10,2000,250,800
2025-04-30,Leh,34.1526,77.5771,0,4,2,15.2,0,49.29,-0.115,106.95,312,1,Web,6,600,90,220
2024-10-25,Jaipur,26.9124,75.7873,0,10,4,24.5,0,345.09,0.185,60.06,997,2,Web,15,1500,180,600
2024-11-25,Varanasi,25.3176,82.9739,0,11,0,17.5,0,839.96,0.562,43.01,999,3,Kiosk,24,1400,160,500
2025-03-05,Manali,32.2432,77.1892,0,3,2,14.5,0,648.23,-0.126,86.88,721,2,App,1,1200,140,450
2025-01-14,Jaipur,26.9124,75.7873,0,1,1,20.4,0,389.82,0.493,57.88,1205,2,App,28,1500,180,600
2024-11-19,Kerala,10.8505,76.2711,0,11,1,21.8,0,425.26,0.105,58.82,1150,2,App,18,1700,220,700
2024-11-04,Leh,34.1526,77.5771,0,11,0,0.5,0,223.0,-0.476,97.28,243,3,Kiosk,18,600,90,220
2024-01-27,Andaman,11.7401,92.6586,1,1,5,19.1,0,265.02,-0.965,94.05,420,2,Agent,18,900,120,300
2024-08-25,Goa,15.2993,74.124,1,8,6,34.1,0,332.28,-0.451,82.07,1477,2,Kiosk,3,2000,250,800
2025-09-03,Andaman,11.7401,92.6586,0,9,2,28.2,0,170.26,0.18,93.6,249,1,App,2,900,120,300
2024-03-30,Andaman,11.7401,92.6586,1,3,5,28.9,0,274.07,-0.92,96.78,489,2,Web,10,900,120,300
2024-08-15,Leh,34.1526,77.5771,0,8,3,14.5,0,83.71,1.0,91.22,361,2,Web,5,600,90,220
2024-08-11,Manali,32.2432,77.1892,1,8,6,19.5,0,320.38,-0.108,68.58,603,3,Web,32,1200,140,450
2025-05-20,Kerala,10.8505,76.2711,0,5,1,35.9,0,135.4,0.444,71.49,1138,1,App,8,1700,220,700
2025-02-09,Andaman,11.7401,92.6586,1,2,6,22.1,0,75.56,-0.161,90.06,421,2,Web,15,900,120,300
2025-07-18,Leh,34.1526,77.5771,0,7,4,17.4,0,421.55,-0.35,96.91,509,3,Kiosk,9,600,90,220
2024-05-12,Varanasi,25.3176,82.9739,1,5,6,35.9,0,554.75,0.057,55.77,1610,3,App,32,1400,160,500
2025-03-02,Agra,27.1767,78.0081,1,3,6,24.8,0,170.39,1.0,60.01,1054,3,Kiosk,17,1300,150,550
2024-04-11,Goa,15.2993,74.124,0,4,3,34.9,0,125.36,-0.101,98.83,1307,3,App,6,2000,250,800
2025-07-01,Leh,34.1526,77.5771,0,7,1,18.8,1,331.07,0.429,102.45,359,3,App,7,600,90,220
2025-08-19,Agra,27.1767,78.0081,0,8,1,31.5,0,497.77,-0.628,58.77,1036,1,Web,19,1300,150,550
2024-10-18,Leh,34.1526,77.5771,0,10,4,4.9,0,86.69,-0.205,94.48,241,1,Kiosk,32,600,90,220
2024-01-16,Kerala,10.8505,76.2711,0,1,1,22.2,0,594.51,-0.49,57.41,1326,2,Web,33,1700,220,700
2024-07-17,Agra,27.1767,78.0081,0,7,2,35.9,0,148.07,0.316,58.67,565,3,Web,16,1300,150,550
2024-04-03,Agra,27.1767,78.0081,0,4,2,31.0,0,926.48,0.068,71.87,1299,2,Agent,19,1300,150,550
2024-04-22,Andaman,11.7401,92.6586,0,4,0,33.2,0,1258.09,-0.275,91.48,760,2,App,4,900,120,300
2024-02-03,Manali,32.2432,77.1892,1,2,5,10.1,0,1051.99,0.201,73.83,1016,3,App,12,1200,140,450
2024-07-05,Leh,34.1526,77.5771,0,7,4,18.3,1,190.12,-0.301,93.25,349,3,Agent,10,600,90,220
2025-03-27,Jaipur,26.9124,75.7873,0,3,3,26.7,0,264.34,0.599,54.3,1079,2,Web,14,1500,180,600
2024-08-22,Manali,32.2432,77.1892,0,8,3,19.6,0,869.18,-0.213,72.49,976,3,Web,15,1200,140,450
2024-07-21,Goa,15.2993,74.124,1,7,6,39.1,0,255.19,-0.413,79.48,1678,2,App,16,2000,250,800
2025-09-30,Varanasi,25.3176,82.9739,0,9,1,27.7,0,284.33,-0.029,50.36,514,3,Web,21,1400,160,500
2025-09-03,Varanasi,25.3176,82.9739,0,9,2,25.6,0,222.15,0.292,49.19,617,3,Web,20,1400,160,500
2025-04-03,Jaipur,26.9124,75.7873,0,4,3,33.5,0,229.79,-0.312,63.49,1422,3,App,21,1500,180,600
2024-04-21,Agra,27.1767,78.0081,1,4,6,32.7,0,252.21,0.639,58.75,1011,1,Web,2,1300,150,550
2024-01-08,Goa,15.2993,74.124,0,1,0,22.0,0,484.01,-0.037,78.79,1668,2,App,4,2000,250,800
2024-06-19,Leh,34.1526,77.5771,0,6,2,20.1,0,475.4,-0.483,97.87,468,2,Kiosk,33,600,90,220
2024-01-02,Manali,32.2432,77.1892,0,1,1,6.4,0,135.33,-0.041,77.28,634,2,Kiosk,7,1200,140,450
2025-03-06,Andaman,11.7401,92.6586,0,3,3,26.4,0,320.22,0.356,93.65,442,2,Web,12,900,120,300
2025-05-12,Kerala,10.8505,76.2711,0,5,0,38.5,0,32.2,-0.427,76.16,1053,2,Kiosk,6,1700,220,700
2025-08-31,Leh,34.1526,77.5771,1,8,6,14.0,0,185.2,0.694,100.22,441,1,Web,1,600,90,220
2024-06-30,Goa,15.2993,74.124,1,6,6,38.3,0,332.93,-0.181,85.01,1439,2,Agent,12,2000,250,800
2024-05-01,Manali,32.2432,77.1892,0,5,2,23.7,0,138.68,-0.263,82.58,704,3,Agent,16,1200,140,450
2025-09-27,Jaipur,26.9124,75.7873,1,9,5,28.1,0,1392.18,0.435,59.43,1456,2,Web,4,1500,180,600
2024-12-09,Leh,34.1526,77.5771,0,12,0,-1.1,0,460.68,-0.387,93.08,449,3,App,4,600,90,220
2024-05-14,Jaipur,26.9124,75.7873,0,5,1,37.0,0,2687.3,-0.545,66.99,3466,1,Agent,9,1500,180,600
2025-07-30,Kerala,10.8505,76.2711,0,7,2,36.1,0,330.6,0.141,66.29,1137,2,App,5,1700,220,700
2025-08-19,Andaman,11.7401,92.6586,0,8,1,35.1,1,417.44,-0.504,88.03,292,1,App,8,900,120,300
2025-09-03,Leh,34.1526,77.5771,0,9,2,8.3,0,481.14,1.0,96.22,245,2,Kiosk,12,600,90,220
2024-03-31,Goa,15.2993,74.124,1,3,6,30.6,0,1527.04,0.671,83.03,2838,1,Web,13,2000,250,800
2025-04-10,Varanasi,25.3176,82.9739,0,4,3,30.5,0,382.24,-0.125,59.86,1088,1,Kiosk,7,1400,160,500
2024-09-17,Agra,27.1767,78.0081,0,9,1,27.7,0,474.78,-0.032,52.22,601,3,App,26,1300,150,550
2024-09-05,Agra,27.1767,78.0081,0,9,3,28.2,0,420.43,-0.267,66.67,505,3,Web,9,1300,150,550
2024-12-15,Varanasi,25.3176,82.9739,1,12,6,17.0,0,67.89,0.307,52.47,938,2,Kiosk,4,1400,160,500
2024-10-21,Kerala,10.8505,76.2711,0,10,0,23.6,0,402.5,0.057,62.92,1111,2,Kiosk,6,1700,220,700
2024-04-16,Andaman,11.7401,92.6586,0,4,1,31.3,1,243.93,0.91,89.78,520,3,Agent,14,900,120,300
2024-02-22,Andaman,11.7401,92.6586,0,2,3,23.3,0,489.64,-0.039,91.3,479,1,App,25,900,120,300
2024-11-19,Leh,34.1526,77.5771,0,11,1,3.0,0,109.97,0.231,97.3,260,1,App,16,600,90,220
2024-05-07,Varanasi,25.3176,82.9739,0,5,1,36.5,0,134.54,0.045,48.74,923,2,App,4,1400,160,500
2024-09-19,Agra,27.1767,78.0081,0,9,3,26.4,0,415.84,0.021,56.2,626,1,Kiosk,4,1300,150,550
2025-09-03,Leh,34.1526,77.5771,0,9,2,9.1,0,274.57,0.688,96.58,192,2,Web,19,600,90,220
2025-05-22,Jaipur,26.9124,75.7873,0,5,3,37.2,0,783.83,0.063,64.7,1230,3,Agent,18,1500,180,600
2024-09-26,Goa,15.2993,74.124,0,9,3,30.5,1,111.77,-0.19,90.72,789,2,Web,1,2000,250,800
2025-07-05,Goa,15.2993,74.124,1,7,5,39.5,0,705.8,-0.758,71.93,1418,1,Web,23,2000,250,800
2025-02-15,Goa,15.2993,74.124,1,2,5,25.9,0,213.01,-0.427,79.05,1190,3,Agent,6,2000,250,800
2024-05-29,Leh,34.1526,77.5771,0,5,2,18.5,0,272.64,-0.068,99.59,369,2,Agent,19,600,90,220
2025-04-27,Goa,15.2993,74.124,1,4,6,36.7,0,311.53,-0.003,74.51,2008,3,Web,41,2000,250,800
2024-02-04,Manali,32.2432,77.1892,1,2,6,8.8,0,295.01,0.948,78.57,954,2,Kiosk,30,1200,140,450
2025-09-18,Andaman,11.7401,92.6586,0,9,3,27.9,0,561.02,0.781,91.6,412,2,Kiosk,1,900,120,300
2024-01-24,Leh,34.1526,77.5771,0,1,2,0.2,0,169.14,-0.148,92.97,303,2,Kiosk,3,600,90,220
2024-01-26,Jaipur,26.9124,75.7873,0,1,4,18.7,0,374.33,-0.562,53.37,878,2,Web,9,1500,180,600
2025-06-09,Kerala,10.8505,76.2711,0,6,0,39.6,0,260.16,0.766,63.72,1287,2,Agent,7,1700,220,700
2024-09-25,Jaipur,26.9124,75.7873,0,9,2,28.5,0,395.53,0.081,59.87,721,2,Agent,11,1500,180,600
2025-06-23,Leh,34.1526,77.5771,0,6,0,19.9,1,467.52,0.27,93.68,492,4,Web,6,600,90,220
2025-08-26,Goa,15.2993,74.124,0,8,1,35.6,0,189.22,-0.488,77.6,906,2,Kiosk,4,2000,250,800
2024-12-05,Manali,32.2432,77.1892,0,12,3,6.2,0,436.8,0.067,80.02,726,1,App,3,1200,140,450
2024-07-10,Leh,34.1526,77.5771,0,7,2,18.9,0,217.84,-0.206,93.86,399,3,Kiosk,4,600,90,220
2025-02-28,Kerala,10.8505,76.2711,0,2,4,23.9,1,158.73,0.774,73.57,1062,2,App,5,1700,220,700
2024-08-20,Goa,15.2993,74.124,0,8,1,37.8,1,291.07,-0.464,74.03,951,2,Kiosk,5,2000,250,800
2025-06-16,Agra,27.1767,78.0081,0,6,0,37.0,1,296.38,-0.561,62.41,584,2,Web,9,1300,150,550
2025-03-13,Jaipur,26.9124,75.7873,0,3,3,27.3,0,53.61,0.911,68.64,950,2,Web,11,1500,180,600
2025-08-16,Leh,34.1526,77.5771,1,8,5,15.0,1,82.78,0.5,95.69,272,2,Agent,10,600,90,220
2025-05-09,Manali,32.2432,77.1892,0,5,4,24.8,0,239.88,-0.36,77.47,730,1,Agent,3,1200,140,450
2025-03-18,Jaipur,26.9124,75.7873,0,3,1,28.5,0,236.2,1.0,65.94,747,4,Kiosk,1,1500,180,600
2024-03-21,Kerala,10.8505,76.2711,0,3,3,30.4,0,638.73,1.0,61.93,1078,2,Agent,7,1700,220,700
2025-04-08,Jaipur,26.9124,75.7873,0,4,1,32.3,0,398.29,-0.58,69.34,1159,1,Agent,2,1500,180,600
2025-08-28,Goa,15.2993,74.124,0,8,3,35.8,0,181.29,-0.242,78.65,889,3,App,18,2000,250,800
2025-09-13,Andaman,11.7401,92.6586,1,9,5,26.6,1,843.15,-0.223,84.26,499,2,Kiosk,7,900,120,300
2024-05-16,Kerala,10.8505,76.2711,0,5,3,38.4,0,253.08,-0.099,70.49,1211,1,Agent,9,1700,220,700
2024-02-12,Goa,15.2993,74.124,0,2,0,23.9,0,160.91,0.303,85.57,1103,2,Kiosk,7,2000,250,800
2025-01-21,Jaipur,26.9124,75.7873,0,1,1,20.7,0,179.65,0.153,61.03,1202,1,Agent,11,1500,180,600
2025-04-17,Manali,32.2432,77.1892,0,4,3,20.3,0,25.88,0.506,79.65,620,1,Web,16,1200,140,450
2024-07-15,Andaman,11.7401,92.6586,0,7,0,35.9,0,356.52,-0.407,90.39,377,1,Web,17,900,120,300
2025-02-13,Andaman,11.7401,92.6586,0,2,3,24.3,0,245.0,0.767,96.63,401,4,Agent,2,900,120,300
2024-01-15,Andaman,11.7401,92.6586,0,1,0,17.4,0,34.07,0.038,89.81,444,2,Kiosk,11,900,120,300
2025-03-03,Kerala,10.8505,76.2711,0,3,0,28.9,0,92.57,0.093,67.4,1031,2,Agent,14,1700,220,700
2025-08-27,Andaman,11.7401,92.6586,0,8,2,33.3,0,173.59,-0.295,82.9,223,3,Kiosk,2,900,120,300
2024-01-29,Manali,32.2432,77.1892,0,1,0,6.1,0,53.55,-0.579,79.31,699,1,Web,9,1200,140,450
2024-03-23,Manali,32.2432,77.1892,1,3,5,15.2,0,270.16,0.326,78.92,892,2,Kiosk,4,1200,140,450
2025-09-26,Kerala,10.8505,76.2711,0,9,4,28.3,0,715.88,-1.0,66.57,987,3,Web,17,1700,220,700
2025-03-06,Varanasi,25.3176,82.9739,0,3,3,28.0,0,88.14,-0.414,52.84,831,3,Web,8,1400,160,500
2024-10-16,Agra,27.1767,78.0081,0,10,2,21.7,0,277.48,0.164,51.77,615,3,Agent,17,1300,150,550
2024-06-26,Agra,27.1767,78.0081,0,6,2,36.1,0,425.35,1.0,62.01,870,2,Kiosk,4,1300,150,550
2024-11-25,Agra,27.1767,78.0081,0,11,0,18.7,0,391.29,-0.807,51.88,626,3,Web,5,1300,150,550
2025-04-01,Varanasi,25.3176,82.9739,0,4,1,31.6,0,1431.33,-0.152,55.59,1693,2,App,11,1400,160,500
2025-04-15,Agra,27.1767,78.0081,0,4,1,31.6,0,925.46,0.013,59.66,1611,2,Agent,21,1300,150,550
2024-04-01,Kerala,10.8505,76.2711,0,4,0,34.4,0,440.4,-0.052,69.08,1464,2,Agent,12,1700,220,700
2024-11-20,Manali,32.2432,77.1892,0,11,2,7.9,0,960.03,-0.006,68.02,907,2,Kiosk,5,1200,140,450
2024-04-05,Andaman,11.7401,92.6586,0,4,4,33.5,0,292.31,-0.533,92.71,411,2,Web,14,900,120,300
2025-02-18,Kerala,10.8505,76.2711,0,2,1,25.2,1,375.34,0.061,75.33,1115,2,Agent,15,1700,220,700
2025-01-17,Leh,34.1526,77.5771,0,1,4,3.2,0,389.8,-0.394,97.81,433,2,Web,2,600,90,220
2024-04-11,Kerala,10.8505,76.2711,0,4,3,34.1,0,467.87,0.103,67.94,1432,2,Web,20,1700,220,700
2025-03-26,Varanasi,25.3176,82.9739,0,3,2,26.6,0,349.96,0.081,60.21,913,2,Agent,4,1400,160,500
2024-06-15,Goa,15.2993,74.124,1,6,5,41.1,0,302.68,0.757,81.74,1198,3,Kiosk,6,2000,250,800
2025-09-26,Kerala,10.8505,76.2711,0,9,4,29.3,0,1168.58,-0.181,67.93,1122,1,App,20,1700,220,700
2025-04-07,Andaman,11.7401,92.6586,0,4,0,31.6,0,768.6,1.0,100.36,724,1,App,6,900,120,300
2025-05-05,Manali,32.2432,77.1892,0,5,0,21.6,0,744.42,0.42,79.04,1102,2,App,13,1200,140,450
2024-07-25,Andaman,11.7401,92.6586,0,7,3,39.1,0,271.86,-0.424,83.95,408,2,Kiosk,11,900,120,300
2024-07-21,Varanasi,25.3176,82.9739,1,7,6,36.8,0,369.87,0.158,53.36,598,1,Web,21,1400,160,500
2024-05-16,Andaman,11.7401,92.6586,0,5,3,35.2,0,613.92,0.549,84.48,617,2,Agent,29,900,120,300
2025-03-20,Varanasi,25.3176,82.9739,0,3,3,26.7,0,333.16,0.154,55.8,879,2,App,31,1400,160,500
2025-08-02,Jaipur,26.9124,75.7873,1,8,5,34.3,0,165.78,0.384,68.02,956,2,App,14,1500,180,600
2024-11-24,Goa,15.2993,74.124,1,11,6,21.5,0,156.09,0.227,79.92,1143,2,Web,2,2000,250,800
2025-09-22,Andaman,11.7401,92.6586,0,9,0,29.7,0,435.4,-0.114,85.01,415,2,App,31,900,120,300
2024-10-27,Agra,27.1767,78.0081,1,10,6,22.9,0,1054.0,-1.0,46.0,1062,2,Web,13,1300,150,550
2025-03-20,Manali,32.2432,77.1892,0,3,3,13.9,0,158.6,-0.513,72.24,624,2,Kiosk,9,1200,140,450
2024-01-31,Varanasi,25.3176,82.9739,0,1,2,17.6,0,189.84,0.411,52.38,1025,2,Kiosk,9,1400,160,500
2024-11-04,Goa,15.2993,74.124,0,11,0,21.5,0,436.21,0.849,82.38,1327,2,Agent,12,2000,250,800
2025-01-05,Andaman,11.7401,92.6586,1,1,6,18.1,0,498.13,0.73,89.11,829,2,App,1,900,120,300
2024-02-17,Agra,27.1767,78.0081,1,2,5,21.1,0,671.0,-0.065,65.87,1054,1,Agent,13,1300,150,550
2025-08-20,Andaman,11.7401,92.6586,0,8,2,32.4,0,98.39,0.017,89.0,324,2,App,7,900,120,300
2024-11-27,Manali,32.2432,77.1892,0,11,2,4.3,0,588.51,-0.631,62.54,635,2,Agent,20,1200,140,450
2024-01-11,Andaman,11.7401,92.6586,0,1,3,17.5,1,501.57,-0.106,90.48,443,2,Agent,5,900,120,300
2025-06-14,Andaman,11.7401,92.6586,1,6,5,38.3,0,1282.32,0.688,90.94,1112,1,App,33,900,120,300
2024-11-04,Manali,32.2432,77.1892,0,11,0,5.9,0,996.75,0.99,83.35,896,2,App,28,1200,140,450
2025-05-29,Jaipur,26.9124,75.7873,0,5,3,37.1,0,268.69,-0.028,69.0,978,2,Kiosk,36,1500,180,600
2024-12-03,Varanasi,25.3176,82.9739,0,12,1,17.3,0,994.41,-0.114,56.98,1129,2,Web,7,1400,160,500
2025-08-02,Agra,27.1767,78.0081,1,8,5,30.1,0,138.89,-0.015,54.84,816,2,Agent,11,1300,150,550
2025-05-04,Andaman,11.7401,92.6586,1,5,6,36.3,0,533.07,0.125,99.6,728,2,Web,5,900,120,300
2024-04-27,Kerala,10.8505,76.2711,1,4,5,34.1,0,376.94,0.558,63.72,1401,3,Agent,5,1700,220,700
2024-05-07,Kerala,10.8505,76.2711,0,5,1,38.1,0,1221.23,-0.134,76.26,2140,1,App,1,1700,220,700
2024-11-03,Kerala,10.8505,76.2711,1,11,6,21.8,0,522.78,0.197,64.6,1557,2,App,9,1700,220,700
2025-04-24,Manali,32.2432,77.1892,0,4,3,20.7,0,325.7,-0.128,81.43,822,2,Agent,22,1200,140,450
2025-08-03,Leh,34.1526,77.5771,1,8,6,15.8,0,774.83,0.062,93.98,597,2,Web,21,600,90,220
2025-08-08,Agra,27.1767,78.0081,0,8,4,32.1,1,246.67,0.188,52.41,517,1,Kiosk,11,1300,150,550
2024-12-03,Kerala,10.8505,76.2711,0,12,1,19.4,0,527.63,0.154,70.13,875,1,App,9,1700,220,700
2025-05-04,Varanasi,25.3176,82.9739,1,5,6,37.0,0,771.3,0.092,61.18,1520,2,App,14,1400,160,500
2025-03-10,Goa,15.2993,74.124,0,3,0,31.7,0,429.79,-0.048,90.16,1535,1,Agent,7,2000,250,800
2025-08-13,Kerala,10.8505,76.2711,0,8,2,34.5,0,150.39,0.015,63.94,732,3,App,35,1700,220,700
2024-09-28,Goa,15.2993,74.124,1,9,5,28.8,0,223.46,0.617,75.34,766,3,Web,14,2000,250,800
2024-02-09,Kerala,10.8505,76.2711,0,2,4,24.1,0,190.42,0.567,69.82,896,1,Agent,1,1700,220,700
2024-08-13,Andaman,11.7401,92.6586,0,8,1,33.0,0,24.81,-0.627,88.9,299,3,App,2,900,120,300
2024-07-10,Kerala,10.8505,76.2711,0,7,2,38.1,0,690.7,0.353,67.75,1279,4,Kiosk,29,1700,220,700
2025-05-24,Kerala,10.8505,76.2711,1,5,5,36.9,0,610.33,0.367,77.87,1373,3,Agent,7,1700,220,700
2025-06-10,Varanasi,25.3176,82.9739,0,6,1,35.3,0,276.62,0.181,46.59,839,1,Web,10,1400,160,500
2024-01-09,Kerala,10.8505,76.2711,0,1,1,20.6,0,824.32,0.57,74.17,1646,3,Kiosk,6,1700,220,700
2024-04-19,Kerala,10.8505,76.2711,0,4,4,34.1,0,94.47,-0.549,62.66,1224,1,Kiosk,20,1700,220,700
2024-07-07,Agra,27.1767,78.0081,1,7,6,35.5,0,359.79,0.83,59.49,998,2,Web,9,1300,150,550
2024-11-26,Kerala,10.8505,76.2711,0,11,1,20.1,0,397.21,-0.065,62.79,1079,3,Agent,14,1700,220,700
2024-06-26,Agra,27.1767,78.0081,0,6,2,37.8,0,826.27,0.478,53.77,934,2,Web,1,1300,150,550
2024-06-05,Varanasi,25.3176,82.9739,0,6,2,35.5,0,318.28,0.371,54.03,964,1,Web,1,1400,160,500
2024-02-13,Agra,27.1767,78.0081,0,2,1,21.1,0,288.31,-0.036,53.52,918,2,Agent,8,1300,150,550
2025-07-13,Jaipur,26.9124,75.7873,1,7,6,37.2,0,229.78,-0.135,60.61,976,3,Agent,8,1500,180,600
2024-12-09,Leh,34.1526,77.5771,0,12,0,0.2,0,1137.67,-0.645,99.91,469,3,App,8,600,90,220
2024-06-19,Jaipur,26.9124,75.7873,0,6,2,37.1,0,154.22,0.15,63.54,681,3,Agent,4,1500,180,600
2024-01-31,Jaipur,26.9124,75.7873,0,1,2,20.4,0,207.82,0.171,67.27,773,3,Web,6,1500,180,600
2025-06-19,Varanasi,25.3176,82.9739,0,6,3,37.3,1,303.48,-0.219,60.86,846,1,Agent,13,1400,160,500
2025-05-13,Agra,27.1767,78.0081,0,5,1,34.5,0,177.52,0.464,63.06,1025,2,App,32,1300,150,550
2025-04-06,Jaipur,26.9124,75.7873,1,4,6,34.0,0,259.8,0.185,62.56,1385,2,App,11,1500,180,600
2024-05-20,Kerala,10.8505,76.2711,0,5,0,37.9,0,711.73,0.406,67.41,1472,2,Kiosk,9,1700,220,700
2025-05-30,Andaman,11.7401,92.6586,0,5,4,36.2,0,190.01,0.372,106.01,477,2,Agent,3,900,120,300
2024-11-10,Goa,15.2993,74.124,1,11,6,20.9,0,703.65,0.634,68.18,1449,3,Web,1,2000,250,800
2024-01-13,Andaman,11.7401,92.6586,1,1,5,17.4,0,301.73,0.584,94.85,743,3,App,26,900,120,300
2024-02-13,Varanasi,25.3176,82.9739,0,2,1,21.4,0,145.49,0.094,55.56,827,1,Agent,9,1400,160,500
2025-07-28,Varanasi,25.3176,82.9739,0,7,0,35.4,0,654.17,0.614,59.63,1157,1,Web,15,1400,160,500
2024-08-04,Leh,34.1526,77.5771,1,8,6,13.5,1,228.6,-0.29,100.78,271,2,Kiosk,3,600,90,220
2024-05-16,Goa,15.2993,74.124,0,5,3,38.4,0,200.5,-0.962,86.51,1222,3,Agent,16,2000,250,800
2025-08-02,Andaman,11.7401,92.6586,1,8,5,33.0,0,205.39,0.077,93.89,384,2,Agent,14,900,120,300
2025-06-04,Jaipur,26.9124,75.7873,0,6,2,39.3,0,179.23,-0.127,64.26,761,3,Agent,12,1500,180,600
2024-09-13,Goa,15.2993,74.124,0,9,4,29.8,1,470.56,0.296,70.41,689,3,Agent,34,2000,250,800
2024-08-01,Agra,27.1767,78.0081,0,8,3,31.3,0,391.09,0.236,54.33,641,3,Agent,8,1300,150,550
2025-06-29,Varanasi,25.3176,82.9739,1,6,6,36.7,0,190.87,0.054,46.5,913,4,Kiosk,8,1400,160,500
2025-09-04,Andaman,11.7401,92.6586,0,9,3,28.9,0,133.7,0.079,94.19,311,1,Web,20,900,120,300
2024-01-09,Jaipur,26.9124,75.7873,0,1,1,18.5,0,185.36,0.821,56.07,1175,2,Agent,11,1500,180,600
2025-03-14,Jaipur,26.9124,75.7873,0,3,4,28.8,0,139.46,-0.11,64.58,788,1,Web,19,1500,180,600
2024-06-06,Agra,27.1767,78.0081,0,6,3,39.7,0,179.1,-0.167,63.8,851,1,App,5,1300,150,550
2024-06-02,Goa,15.2993,74.124,1,6,6,39.6,0,390.56,-0.39,90.1,1383,1,Agent,6,2000,250,800
2024-03-04,Kerala,10.8505,76.2711,0,3,0,26.7,0,103.59,0.102,77.98,1064,1,Kiosk,11,1700,220,700
2024-03-03,Jaipur,26.9124,75.7873,1,3,6,29.1,0,321.48,0.07,68.03,1138,3,Web,4,1500,180,600
2024-04-07,Manali,32.2432,77.1892,1,4,6,19.5,0,484.92,0.279,63.18,1227,3,App,27,1200,140,450
2024-04-26,Kerala,10.8505,76.2711,0,4,4,33.5,0,501.94,-0.28,73.07,1393,3,Kiosk,30,1700,220,700
2024-10-28,Goa,15.2993,74.124,0,10,0,26.9,0,1102.22,-0.061,78.41,1657,2,Web,24,2000,250,800
2025-01-19,Goa,15.2993,74.124,1,1,6,22.1,0,197.38,-0.001,78.58,1706,2,Web,5,2000,250,800
2024-11-28,Goa,15.2993,74.124,0,11,3,20.7,0,693.53,-0.431,68.19,1603,2,Web,6,2000,250,800
2025-09-29,Kerala,10.8505,76.2711,0,9,0,27.4,0,149.12,0.146,63.73,641,2,Kiosk,16,1700,220,700
2025-06-26,Kerala,10.8505,76.2711,0,6,3,39.5,0,1148.57,0.413,74.56,1999,1,Web,6,1700,220,700
2024-11-10,Agra,27.1767,78.0081,1,11,6,19.3,0,710.98,0.464,64.52,1202,2,Kiosk,4,1300,150,550
2025-01-16,Andaman,11.7401,92.6586,0,1,3,19.0,0,34.95,-0.922,96.54,432,2,App,16,900,120,300
2024-03-31,Manali,32.2432,77.1892,1,3,6,15.3,0,366.73,0.364,82.79,909,2,Agent,3,1200,140,450
2025-09-09,Andaman,11.7401,92.6586,0,9,1,27.5,0,159.36,0.71,84.91,348,2,Kiosk,2,900,120,300
2024-08-17,Goa,15.2993,74.124,1,8,5,35.2,0,104.12,0.374,87.94,1025,3,Agent,39,2000,250,800
2024-12-14,Agra,27.1767,78.0081,1,12,5,17.9,0,78.02,0.287,59.39,919,3,Web,23,1300,150,550
2024-03-02,Leh,34.1526,77.5771,1,3,5,10.7,0,214.61,0.045,109.97,427,1,Web,5,600,90,220
2025-05-22,Varanasi,25.3176,82.9739,0,5,3,36.8,0,745.91,0.558,59.23,1283,2,App,4,1400,160,500
2025-08-10,Leh,34.1526,77.5771,1,8,6,16.6,0,494.54,-0.03,94.79,439,2,Web,11,600,90,220
2025-06-01,Goa,15.2993,74.124,1,6,6,40.4,1,74.32,-0.398,85.42,1236,2,Agent,21,2000,250,800
2025-01-06,Leh,34.1526,77.5771,0,1,0,0.7,0,520.75,0.409,97.57,406,3,Kiosk,3,600,90,220
2024-08-12,Varanasi,25.3176,82.9739,0,8,0,33.3,0,239.03,-0.445,49.41,599,1,App,1,1400,160,500
2025-02-27,Leh,34.1526,77.5771,0,2,3,4.7,0,99.67,1.0,89.09,337,2,App,21,600,90,220
2024-03-25,Jaipur,26.9124,75.7873,0,3,0,26.3,0,109.44,-0.668,65.36,867,2,Kiosk,17,1500,180,600
2024-04-20,Jaipur,26.9124,75.7873,1,4,5,32.6,0,217.1,0.482,60.73,1173,3,App,13,1500,180,600
2025-06-16,Agra,27.1767,78.0081,0,6,0,38.8,0,564.3,-0.471,47.26,895,2,Agent,21,1300,150,550
2025-05-27,Manali,32.2432,77.1892,0,5,1,23.7,0,345.5,-0.105,75.69,904,2,Agent,5,1200,140,450
2025-07-30,Leh,34.1526,77.5771,0,7,2,18.0,0,288.69,-0.038,99.28,405,3,App,6,600,90,220
2024-09-06,Leh,34.1526,77.5771,0,9,4,11.4,0,665.5,-0.907,86.38,336,2,Kiosk,14,600,90,220
2024-08-12,Andaman,11.7401,92.6586,0,8,0,32.9,0,307.86,-0.869,95.02,415,3,Agent,25,900,120,300
2024-11-18,Leh,34.1526,77.5771,0,11,0,1.2,0,815.5,0.205,100.49,454,2,Web,8,600,90,220
2025-08-14,Agra,27.1767,78.0081,0,8,3,31.7,0,305.99,-0.177,57.3,584,3,App,12,1300,150,550
2024-03-10,Agra,27.1767,78.0081,1,3,6,26.3,0,505.94,-0.082,57.48,1562,2,App,13,1300,150,550
2024-11-02,Varanasi,25.3176,82.9739,1,11,5,20.4,0,892.87,0.147,48.51,1299,3,Web,11,1400,160,500
2024-02-25,Agra,27.1767,78.0081,1,2,6,21.4,0,356.34,0.472,54.96,1214,2,Web,4,1300,150,550
2025-03-15,Manali,32.2432,77.1892,1,3,5,14.2,0,367.74,0.16,75.61,736,1,Web,10,1200,140,450
2025-06-30,Manali,32.2432,77.1892,0,6,0,26.2,0,165.52,-1.0,81.78,702,2,Web,5,1200,140,450
2024-09-16,Varanasi,25.3176,82.9739,0,9,0,29.6,0,1057.35,-0.841,45.55,924,2,App,17,1400,160,500
2024-04-07,Agra,27.1767,78.0081,1,4,6,31.3,0,356.04,1.0,55.48,1385,2,Agent,19,1300,150,550
2024-02-04,Andaman,11.7401,92.6586,1,2,6,22.8,0,331.51,-0.204,100.25,593,2,App,10,900,120,300
2025-04-28,Goa,15.2993,74.124,0,4,0,34.9,0,33.0,0.297,77.26,1178,3,Kiosk,6,2000,250,800
2025-09-03,Andaman,11.7401,92.6586,0,9,2,26.1,0,372.5,0.492,92.89,416,2,Kiosk,12,900,120,300
2024-03-17,Andaman,11.7401,92.6586,1,3,6,27.9,0,414.83,0.269,87.74,658,2,Web,11,900,120,300
2024-06-02,Leh,34.1526,77.5771,1,6,6,20.8,0,518.2,0.648,101.24,813,3,Kiosk,7,600,90,220
2024-11-09,Leh,34.1526,77.5771,1,11,5,0.5,0,329.54,-0.291,109.64,419,2,Agent,8,600,90,220
2024-03-04,Agra,27.1767,78.0081,0,3,0,25.2,1,776.76,0.672,57.0,1128,3,App,2,1300,150,550
2024-12-29,Jaipur,26.9124,75.7873,1,12,6,18.5,0,664.57,0.362,67.01,1134,1,Kiosk,8,1500,180,600
2024-10-14,Varanasi,25.3176,82.9739,0,10,0,21.6,0,312.2,-0.151,44.22,851,1,Web,6,1400,160,500
2025-04-24,Goa,15.2993,74.124,0,4,3,34.7,0,647.53,-0.257,75.66,2095,2,Kiosk,8,2000,250,800
2024-01-12,Kerala,10.8505,76.2711,0,1,4,20.3,0,270.15,0.592,65.84,1279,2,Web,3,1700,220,700
2024-11-19,Andaman,11.7401,92.6586,0,11,1,18.7,0,1014.68,-0.181,93.6,642,3,Agent,4,900,120,300
2024-11-04,Jaipur,26.9124,75.7873,0,11,0,19.7,0,133.34,-0.398,61.41,941,2,Agent,8,1500,180,600
2025-08-03,Goa,15.2993,74.124,1,8,6,35.1,0,367.04,-0.062,76.75,980,2,Agent,5,2000,250,800
2025-06-03,Varanasi,25.3176,82.9739,0,6,1,36.3,1,889.51,-0.154,58.3,1067,2,Kiosk,8,1400,160,500
2025-04-16,Jaipur,26.9124,75.7873,0,4,2,35.6,0,367.78,0.331,66.47,1184,4,Agent,3,1500,180,600
2025-04-06,Varanasi,25.3176,82.9739,1,4,6,31.9,0,179.14,0.611,51.23,1198,2,Agent,29,1400,160,500
2024-08-13,Andaman,11.7401,92.6586,0,8,1,31.1,0,253.89,-0.215,94.22,437,2,Web,7,900,120,300
2025-09-04,Kerala,10.8505,76.2711,0,9,3,28.2,0,156.4,0.129,68.29,693,4,App,21,1700,220,700
2024-10-29,Jaipur,26.9124,75.7873,0,10,1,20.7,0,612.59,0.293,65.21,801,2,Kiosk,32,1500,180,600
2024-07-15,Varanasi,25.3176,82.9739,0,7,0,34.6,0,1121.87,0.684,49.66,1351,1,Web,7,1400,160,500
2025-05-22,Jaipur,26.9124,75.7873,0,5,3,38.0,0,486.19,0.409,58.45,1320,3,App,12,1500,180,600
2024-11-18,Varanasi,25.3176,82.9739,0,11,0,20.4,0,808.92,-0.481,53.09,1177,2,Web,26,1400,160,500
2025-07-18,Agra,27.1767,78.0081,0,7,4,34.6,0,252.52,-0.051,56.7,884,3,Agent,6,1300,150,550
2024-07-09,Varanasi,25.3176,82.9739,0,7,1,36.3,0,156.35,0.372,60.75,767,3,Agent,6,1400,160,500
2025-06-24,Goa,15.2993,74.124,0,6,1,41.8,0,469.61,0.437,80.96,1542,2,App,2,2000,250,800
2025-05-21,Andaman,11.7401,92.6586,0,5,2,36.1,0,782.92,0.081,102.36,838,2,Agent,16,900,120,300
2024-08-23,Jaipur,26.9124,75.7873,0,8,4,32.7,0,712.4,-0.007,65.56,1015,2,Kiosk,19,1500,180,600
2024-07-30,Andaman,11.7401,92.6586,0,7,1,35.4,0,514.46,0.254,94.6,559,2,App,6,900,120,300
2025-02-28,Varanasi,25.3176,82.9739,0,2,4,21.6,0,364.3,0.841,49.43,910,2,Kiosk,23,1400,160,500
2024-01-13,Goa,15.2993,74.124,1,1,5,22.0,0,52.32,-0.197,78.08,1474,1,Agent,5,2000,250,800
2024-01-21,Andaman,11.7401,92.6586,1,1,6,20.7,0,729.79,0.337,93.97,813,2,App,6,900,120,300
2024-11-30,Varanasi,25.3176,82.9739,1,11,5,18.3,0,1288.21,-0.807,50.28,1310,3,App,11,1400,160,500
2025-03-05,Goa,15.2993,74.124,0,3,2,31.6,0,189.62,0.224,81.2,989,3,Web,18,2000,250,800
2025-07-07,Leh,34.1526,77.5771,0,7,0,20.2,0,366.85,-0.067,105.15,332,3,App,34,600,90,220
2024-09-27,Varanasi,25.3176,82.9739,0,9,4,27.3,0,1277.53,0.545,45.71,1183,4,App,9,1400,160,500
2024-02-20,Andaman,11.7401,92.6586,0,2,1,22.0,0,530.16,0.282,90.65,598,3,Agent,10,900,120,300
2025-08-12,Jaipur,26.9124,75.7873,0,8,1,33.6,0,911.32,-0.043,63.14,927,3,Web,8,1500,180,600
2025-03-11,Jaipur,26.9124,75.7873,0,3,1,29.0,0,285.32,-0.231,59.07,1085,1,Kiosk,1,1500,180,600
2024-11-28,Leh,34.1526,77.5771,0,11,3,1.8,1,100.93,0.604,101.99,183,3,Web,12,600,90,220
2024-02-06,Kerala,10.8505,76.2711,0,2,1,23.5,0,825.6,0.012,72.27,1606,4,Agent,18,1700,220,700
2024-07-22,Varanasi,25.3176,82.9739,0,7,0,35.9,0,303.68,-0.804,56.56,680,2,Kiosk,29,1400,160,500
2024-01-16,Andaman,11.7401,92.6586,0,1,1,19.3,0,407.87,-1.0,96.65,533,2,Kiosk,7,900,120,300
2024-09-10,Manali,32.2432,77.1892,0,9,1,12.1,0,91.86,-0.008,69.7,416,2,App,20,1200,140,450
2024-02-28,Goa,15.2993,74.124,0,2,2,24.0,1,293.47,-0.136,88.18,1257,3,App,2,2000,250,800
2024-06-13,Kerala,10.8505,76.2711,0,6,3,38.1,0,387.34,0.637,65.66,1258,1,Kiosk,9,1700,220,700
2024-08-30,Varanasi,25.3176,82.9739,0,8,4,32.1,0,211.96,0.249,45.08,664,2,Web,3,1400,160,500
2024-11-07,Agra,27.1767,78.0081,0,11,3,17.1,0,386.19,-0.234,58.34,886,2,Kiosk,7,1300,150,550
2025-08-02,Andaman,11.7401,92.6586,1,8,5,34.1,0,110.58,-0.511,91.54,437,1,Kiosk,5,900,120,300
2024-10-20,Manali,32.2432,77.1892,1,10,6,9.1,0,241.87,1.0,71.9,791,2,App,3,1200,140,450
2024-12-23,Jaipur,26.9124,75.7873,0,12,0,17.3,0,303.46,0.009,63.49,919,2,Web,5,1500,180,600
2025-02-17,Kerala,10.8505,76.2711,0,2,0,24.2,0,190.76,0.022,73.48,962,3,Agent,2,1700,220,700
2024-11-19,Leh,34.1526,77.5771,0,11,1,0.5,0,1224.58,0.155,93.14,529,1,Web,23,600,90,220
2024-01-27,Goa,15.2993,74.124,1,1,5,22.3,0,144.04,-0.322,88.65,1244,2,App,7,2000,250,800
2024-03-25,Varanasi,25.3176,82.9739,0,3,0,26.5,0,319.25,0.127,52.27,765,1,Agent,15,1400,160,500
2024-03-15,Goa,15.2993,74.124,0,3,4,28.3,0,346.11,0.353,81.01,1501,3,App,28,2000,250,800
2024-04-09,Agra,27.1767,78.0081,0,4,1,32.5,0,714.07,0.238,60.12,1108,2,Agent,10,1300,150,550
2025-06-18,Manali,32.2432,77.1892,0,6,2,25.2,0,214.15,-0.434,73.81,868,2,Web,5,1200,140,450
2025-08-07,Jaipur,26.9124,75.7873,0,8,3,32.3,1,26.63,-0.038,55.51,654,1,Kiosk,16,1500,180,600
2025-08-15,Manali,32.2432,77.1892,0,8,4,20.9,0,77.32,-0.31,81.43,647,1,App,3,1200,140,450
2024-06-30,Manali,32.2432,77.1892,1,6,6,25.3,1,219.24,0.913,77.12,862,3,App,4,1200,140,450
2025-03-12,Manali,32.2432,77.1892,0,3,2,12.6,0,567.82,-0.163,78.31,872,2,Web,5,1200,140,450
2025-05-02,Jaipur,26.9124,75.7873,0,5,4,37.0,0,2229.63,0.446,61.04,2612,1,Kiosk,5,1500,180,600
2024-03-25,Jaipur,26.9124,75.7873,0,3,0,26.8,0,263.92,0.29,75.18,1069,4,Agent,11,1500,180,600
2025-04-17,Agra,27.1767,78.0081,0,4,3,31.5,0,171.54,0.649,56.01,552,1,Agent,1,1300,150,550
2025-04-24,Leh,34.1526,77.5771,0,4,3,16.1,0,458.15,-0.031,96.41,400,2,Web,23,600,90,220
2024-06-12,Agra,27.1767,78.0081,0,6,2,36.6,1,115.27,-0.706,61.69,756,3,Kiosk,24,1300,150,550
2024-10-03,Kerala,10.8505,76.2711,0,10,3,23.4,0,274.21,0.036,65.93,964,1,Agent,28,1700,220,700
2024-08-05,Agra,27.1767,78.0081,0,8,0,31.9,0,299.36,-0.625,59.97,700,2,Kiosk,7,1300,150,550
2024-07-02,Kerala,10.8505,76.2711,0,7,1,36.9,0,15.52,0.106,66.79,832,2,App,11,1700,220,700
2025-08-23,Jaipur,26.9124,75.7873,1,8,5,34.0,0,79.87,0.437,68.84,869,4,Kiosk,6,1500,180,600
2024-03-31,Leh,34.1526,77.5771,1,3,6,11.3,0,141.77,0.144,104.86,474,2,App,11,600,90,220
2024-07-22,Jaipur,26.9124,75.7873,0,7,0,37.2,0,511.9,0.135,58.57,994,2,Web,11,1500,180,600
2024-01-01,Varanasi,25.3176,82.9739,0,1,0,17.4,0,591.97,-0.016,55.71,1182,2,Web,25,1400,160,500
2025-08-22,Jaipur,26.9124,75.7873,0,8,4,33.8,0,142.51,0.55,58.18,591,1,Kiosk,3,1500,180,600
2024-08-03,Leh,34.1526,77.5771,1,8,5,14.5,0,598.28,0.427,97.9,452,2,Kiosk,25,600,90,220
2024-05-14,Agra,27.1767,78.0081,0,5,1,37.4,0,711.39,-0.417,60.49,1126,2,Web,20,1300,150,550
2024-08-31,Agra,27.1767,78.0081,1,8,5,31.4,0,614.69,1.0,48.9,952,2,Kiosk,1,1300,150,550
2025-05-31,Kerala,10.8505,76.2711,1,5,5,39.6,0,554.3,0.415,71.48,1654,2,Kiosk,22,1700,220,700
2025-01-25,Andaman,11.7401,92.6586,1,1,5,20.8,0,558.69,0.453,95.55,527,2,App,13,900,120,300
2025-04-30,Kerala,10.8505,76.2711,0,4,2,35.4,0,201.38,-0.059,78.38,1250,1,Agent,12,1700,220,700
2025-09-21,Varanasi,25.3176,82.9739,1,9,6,26.5,0,699.57,0.391,58.55,987,2,Web,11,1400,160,500
2025-06-11,Manali,32.2432,77.1892,0,6,2,24.9,1,365.6,-0.491,85.11,762,3,Web,23,1200,140,450
2024-11-20,Leh,34.1526,77.5771,0,11,2,0.4,0,1123.35,0.139,102.67,405,2,Kiosk,9,600,90,220
2024-09-30,Leh,34.1526,77.5771,0,9,0,10.0,0,1774.55,-0.323,95.21,374,2,Kiosk,3,600,90,220
2025-07-25,Kerala,10.8505,76.2711,0,7,4,39.3,0,784.38,0.339,65.08,1303,2,Web,7,1700,220,700
2024-02-15,Manali,32.2432,77.1892,0,2,3,9.6,0,398.48,-0.329,80.44,718,1,Agent,3,1200,140,450
2024-01-17,Varanasi,25.3176,82.9739,0,1,2,18.7,0,231.59,0.276,51.39,965,2,App,6,1400,160,500
2024-05-13,Jaipur,26.9124,75.7873,0,5,0,36.3,0,378.49,-0.146,54.52,1221,3,Agent,5,1500,180,600
2025-04-15,Jaipur,26.9124,75.7873,0,4,1,32.2,0,173.09,0.526,74.51,865,1,Kiosk,7,1500,180,600
2024-10-18,Kerala,10.8505,76.2711,0,10,4,23.1,0,744.23,-0.286,67.28,1305,2,Kiosk,6,1700,220,700
2024-08-28,Leh,34.1526,77.5771,0,8,2,15.1,1,130.54,-0.279,101.7,343,2,App,4,600,90,220
2024-10-07,Agra,27.1767,78.0081,0,10,0,21.5,0,234.05,-0.721,54.39,536,2,App,61,1300,150,550
2024-06-30,Goa,15.2993,74.124,1,6,6,40.2,0,692.37,-0.325,80.95,2233,3,Kiosk,11,2000,250,800
2025-04-21,Manali,32.2432,77.1892,0,4,0,20.4,1,789.04,-0.052,73.06,1197,1,App,21,1200,140,450
2024-06-16,Kerala,10.8505,76.2711,1,6,6,38.8,0,129.97,-0.658,67.48,1272,2,Web,13,1700,220,700
2024-08-05,Varanasi,25.3176,82.9739,0,8,0,32.3,0,87.94,-0.02,42.57,486,2,Kiosk,10,1400,160,500
2024-08-07,Varanasi,25.3176,82.9739,0,8,2,32.6,0,264.28,0.637,51.76,690,2,Web,13,1400,160,500
2025-06-21,Varanasi,25.3176,82.9739,1,6,5,36.7,0,92.68,-0.529,46.65,844,2,Web,15,1400,160,500
2024-01-12,Andaman,11.7401,92.6586,0,1,4,19.2,0,196.95,0.427,96.14,421,2,Web,30,900,120,300
2025-03-24,Goa,15.2993,74.124,0,3,0,28.5,0,413.74,-0.281,79.27,1207,2,Web,2,2000,250,800
2024-05-21,Varanasi,25.3176,82.9739,0,5,1,35.0,0,46.79,-0.053,58.87,798,3,App,4,1400,160,500
2025-04-26,Goa,15.2993,74.124,1,4,5,35.4,0,529.32,0.158,81.09,1947,2,Agent,10,2000,250,800
2024-06-07,Goa,15.2993,74.124,0,6,4,40.7,0,533.35,-0.284,74.43,1449,2,App,5,2000,250,800
2024-11-16,Goa,15.2993,74.124,1,11,5,21.4,1,1006.48,0.142,78.91,1494,2,Kiosk,27,2000,250,800
2024-01-20,Agra,27.1767,78.0081,1,1,5,18.0,0,336.49,-0.178,61.03,1003,1,Kiosk,5,1300,150,550
2024-05-05,Varanasi,25.3176,82.9739,1,5,6,35.4,0,376.84,0.866,59.86,1505,3,App,8,1400,160,500
2025-06-19,Leh,34.1526,77.5771,0,6,3,19.5,0,289.82,-0.255,103.38,503,2,Web,7,600,90,220
2025-05-11,Goa,15.2993,74.124,1,5,6,39.0,0,396.46,-0.248,82.64,1567,2,Web,5,2000,250,800
2025-05-08,Leh,34.1526,77.5771,0,5,3,18.5,1,766.61,0.389,101.62,378,2,Agent,17,600,90,220
2024-01-21,Andaman,11.7401,92.6586,1,1,6,21.5,0,721.59,-0.099,92.12,629,1,Kiosk,15,900,120,300
2025-02-02,Goa,15.2993,74.124,1,2,6,24.7,0,223.55,0.884,73.79,1879,3,Agent,5,2000,250,800
2024-03-31,Varanasi,25.3176,82.9739,1,3,6,25.7,0,271.79,-0.466,49.58,1153,2,Agent,6,1400,160,500
2025-05-29,Goa,15.2993,74.124,0,5,3,38.2,0,47.34,-0.234,88.06,1267,3,App,10,2000,250,800
2024-08-03,Jaipur,26.9124,75.7873,1,8,5,31.4,0,498.31,-0.031,55.33,964,2,Kiosk,5,1500,180,600
2024-09-06,Goa,15.2993,74.124,0,9,4,31.0,0,410.95,-0.091,76.69,976,2,Kiosk,4,2000,250,800
2025-02-04,Jaipur,26.9124,75.7873,0,2,1,22.7,0,80.63,0.16,60.99,818,2,Kiosk,1,1500,180,600
2025-03-15,Jaipur,26.9124,75.7873,1,3,5,28.5,0,405.46,0.401,60.26,1155,1,App,18,1500,180,600
2025-04-17,Andaman,11.7401,92.6586,0,4,3,31.8,0,345.87,-0.713,97.1,419,1,App,12,900,120,300
2024-01-31,Agra,27.1767,78.0081,0,1,2,19.2,0,536.01,0.362,52.24,1088,1,App,16,1300,150,550
2024-10-06,Manali,32.2432,77.1892,1,10,6,9.7,0,321.81,-0.232,69.77,815,3,Kiosk,18,1200,140,450
2024-10-30,Manali,32.2432,77.1892,0,10,2,9.4,0,142.08,0.525,69.56,378,2,App,3,1200,140,450
2025-08-22,Varanasi,25.3176,82.9739,0,8,4,34.2,0,910.27,-0.425,48.13,636,3,App,14,1400,160,500
2024-07-24,Agra,27.1767,78.0081,0,7,2,37.3,1,900.29,0.63,54.96,1034,4,Web,27,1300,150,550
2025-08-16,Goa,15.2993,74.124,1,8,5,34.0,0,289.08,-0.547,78.44,1127,2,App,20,2000,250,800
2024-09-28,Kerala,10.8505,76.2711,1,9,5,29.9,0,302.92,0.529,58.0,858,2,Web,7,1700,220,700
2024-07-01,Manali,32.2432,77.1892,0,7,0,24.3,0,543.54,0.443,81.08,938,2,Web,12,1200,140,450
2025-04-07,Varanasi,25.3176,82.9739,0,4,0,30.2,0,343.84,-0.083,53.74,1163,3,Agent,34,1400,160,500
2024-09-04,Agra,27.1767,78.0081,0,9,2,26.7,0,373.83,0.208,63.83,457,2,App,7,1300,150,550
2025-07-26,Varanasi,25.3176,82.9739,1,7,5,35.2,0,965.11,0.53,49.94,1390,3,Kiosk,10,1400,160,500
2025-08-12,Kerala,10.8505,76.2711,0,8,1,36.0,0,464.09,0.229,58.51,930,2,Kiosk,2,1700,220,700
2024-07-19,Manali,32.2432,77.1892,0,7,4,21.8,0,693.94,-0.209,74.7,1371,2,Agent,3,1200,140,450
2025-01-09,Goa,15.2993,74.124,0,1,3,22.1,0,590.27,-0.213,74.07,1147,2,Web,5,2000,250,800
2024-08-05,Varanasi,25.3176,82.9739,0,8,0,31.7,0,595.16,-0.063,48.86,563,2,Kiosk,9,1400,160,500
2024-11-25,Manali,32.2432,77.1892,0,11,0,5.5,0,1024.93,-0.407,68.29,849,2,Kiosk,9,1200,140,450
2024-12-29,Manali,32.2432,77.1892,1,12,6,4.2,0,410.28,-0.197,67.88,716,4,Agent,15,1200,140,450
2024-07-31,Goa,15.2993,74.124,0,7,2,37.5,0,972.06,0.408,85.38,1597,2,Agent,3,2000,250,800
2025-09-20,Agra,27.1767,78.0081,1,9,5,26.0,0,799.8,-0.73,58.24,1097,2,Web,2,1300,150,550
2024-02-28,Agra,27.1767,78.0081,0,2,2,21.0,0,180.78,-0.064,58.46,718,1,Kiosk,12,1300,150,550
2024-08-04,Jaipur,26.9124,75.7873,1,8,6,32.5,0,321.03,1.0,61.6,990,2,App,12,1500,180,600
2025-08-18,Jaipur,26.9124,75.7873,0,8,0,34.2,1,400.99,-0.191,73.44,554,2,App,7,1500,180,600
2024-06-28,Andaman,11.7401,92.6586,0,6,4,39.0,0,327.33,-0.822,101.44,423,3,App,4,900,120,300
2025-01-14,Leh,34.1526,77.5771,0,1,1,2.7,0,150.77,0.249,97.13,310,2,App,3,600,90,220
2024-10-06,Jaipur,26.9124,75.7873,1,10,6,23.6,0,114.07,-0.22,66.67,903,2,App,5,1500,180,600
2024-10-22,Manali,32.2432,77.1892,0,10,1,10.7,0,682.09,0.579,72.74,762,3,App,3,1200,140,450
2024-12-03,Kerala,10.8505,76.2711,0,12,1,17.2,0,160.68,0.107,75.36,998,3,Web,9,1700,220,700
2025-02-18,Agra,27.1767,78.0081,0,2,1,21.3,0,198.79,1.0,55.73,1045,2,Kiosk,19,1300,150,550
2025-06-22,Manali,32.2432,77.1892,1,6,6,25.1,0,236.04,1.0,67.08,1167,4,Agent,5,1200,140,450
2025-03-19,Varanasi,25.3176,82.9739,0,3,2,24.6,0,284.49,0.162,43.56,854,3,Web,10,1400,160,500
2024-08-25,Varanasi,25.3176,82.9739,1,8,6,31.4,0,401.02,-0.308,49.02,894,1,Kiosk,4,1400,160,500
2024-04-19,Kerala,10.8505,76.2711,0,4,4,33.3,0,1042.61,-0.259,70.18,1518,2,Kiosk,2,1700,220,700
2025-02-20,Andaman,11.7401,92.6586,0,2,3,21.8,0,1992.1,0.54,99.4,1047,2,Kiosk,32,900,120,300
2024-06-21,Goa,15.2993,74.124,0,6,4,41.3,0,442.54,-0.833,86.87,1308,2,Agent,14,2000,250,800
2024-09-28,Manali,32.2432,77.1892,1,9,5,16.0,0,106.98,-0.485,72.76,488,1,Web,20,1200,140,450
2025-01-19,Leh,34.1526,77.5771,1,1,6,-0.1,0,662.92,0.178,98.31,432,2,Agent,4,600,90,220
2024-08-20,Varanasi,25.3176,82.9739,0,8,1,31.6,0,119.98,-0.416,53.48,446,1,App,7,1400,160,500
2025-02-06,Kerala,10.8505,76.2711,0,2,3,23.7,0,300.7,0.508,71.95,784,1,App,22,1700,220,700
2024-08-26,Jaipur,26.9124,75.7873,0,8,0,31.9,0,543.26,-0.143,67.55,772,3,Web,7,1500,180,600
2025-01-09,Kerala,10.8505,76.2711,0,1,3,18.8,0,551.15,0.26,68.79,1220,1,App,3,1700,220,700
2025-04-06,Kerala,10.8505,76.2711,1,4,6,34.5,0,637.58,-0.556,81.51,2335,2,Kiosk,11,1700,220,700
2025-08-29,Kerala,10.8505,76.2711,0,8,4,33.8,0,1076.59,-0.474,67.19,1443,2,App,7,1700,220,700
2025-02-05,Andaman,11.7401,92.6586,0,2,2,22.9,0,252.26,-0.261,98.27,499,2,Agent,3,900,120,300
2024-01-04,Agra,27.1767,78.0081,0,1,3,19.1,0,88.73,0.099,52.9,741,2,Web,2,1300,150,550
2025-03-17,Leh,34.1526,77.5771,0,3,0,12.2,0,804.79,0.079,94.53,591,3,App,26,600,90,220
2025-07-31,Andaman,11.7401,92.6586,0,7,3,36.6,0,629.98,-0.181,90.49,568,3,Web,7,900,120,300
2024-08-14,Varanasi,25.3176,82.9739,0,8,2,31.6,0,264.39,1.0,42.38,831,3,Web,12,1400,160,500
2024-07-25,Agra,27.1767,78.0081,0,7,3,36.5,0,195.38,-0.631,58.01,722,2,Agent,25,1300,150,550
2024-05-10,Varanasi,25.3176,82.9739,0,5,4,34.1,0,361.89,-0.43,51.79,949,2,Agent,15,1400,160,500
2024-09-18,Varanasi,25.3176,82.9739,0,9,2,26.8,0,387.81,-0.75,51.13,639,1,Web,2,1400,160,500
2024-02-08,Goa,15.2993,74.124,0,2,3,26.8,0,451.49,0.179,87.79,1425,3,Agent,22,2000,250,800
2024-05-09,Leh,34.1526,77.5771,0,5,3,17.1,0,395.74,0.192,99.51,425,3,App,9,600,90,220
2025-07-01,Manali,32.2432,77.1892,0,7,1,24.0,0,654.16,-1.0,68.24,1051,3,App,16,1200,140,450
2024-09-14,Leh,34.1526,77.5771,1,9,5,9.2,0,582.69,0.978,99.64,358,3,Kiosk,8,600,90,220
2024-01-16,Manali,32.2432,77.1892,0,1,1,6.3,0,114.93,0.24,68.63,783,2,Kiosk,9,1200,140,450
2025-06-12,Kerala,10.8505,76.2711,0,6,3,39.7,0,525.55,0.09,66.87,1485,2,App,25,1700,220,700
2025-01-12,Leh,34.1526,77.5771,1,1,6,2.3,0,113.44,-0.638,89.18,337,3,App,15,600,90,220
2024-05-26,Goa,15.2993,74.124,1,5,6,38.5,0,44.14,-0.307,77.67,1083,2,Agent,11,2000,250,800
2024-12-09,Kerala,10.8505,76.2711,0,12,0,19.5,0,212.0,-0.322,70.64,957,3,Web,14,1700,220,700
2025-04-02,Agra,27.1767,78.0081,0,4,2,32.0,0,333.24,-0.092,61.99,1102,2,App,8,1300,150,550
2024-04-08,Goa,15.2993,74.124,0,4,0,35.1,0,226.21,-0.557,79.99,1413,3,Web,6,2000,250,800
2024-10-19,Andaman,11.7401,92.6586,1,10,5,23.8,0,322.66,0.167,89.82,500,3,App,7,900,120,300
2025-06-05,Jaipur,26.9124,75.7873,0,6,3,36.6,0,1304.63,0.312,55.93,1702,2,Web,11,1500,180,600
2024-09-25,Leh,34.1526,77.5771,0,9,2,8.4,0,532.81,-0.043,90.14,268,3,Agent,7,600,90,220
2024-08-14,Jaipur,26.9124,75.7873,0,8,2,31.5,0,37.7,-0.258,57.36,587,2,Web,3,1500,180,600
2024-09-19,Agra,27.1767,78.0081,0,9,3,28.4,0,392.94,0.689,53.82,662,2,Agent,23,1300,150,550
2025-01-27,Manali,32.2432,77.1892,0,1,0,7.4,0,325.91,0.05,74.28,697,3,Agent,11,1200,140,450
2025-08-09,Agra,27.1767,78.0081,1,8,5,30.6,0,943.52,0.032,55.71,1043,1,App,23,1300,150,550
2025-04-23,Agra,27.1767,78.0081,0,4,2,32.8,0,21.86,-0.384,69.11,784,2,Web,13,1300,150,550
2025-02-21,Andaman,11.7401,92.6586,0,2,4,25.4,0,392.43,0.536,96.97,654,1,Kiosk,1,900,120,300
2024-11-18,Agra,27.1767,78.0081,0,11,0,18.3,0,77.07,0.648,57.52,710,1,App,10,1300,150,550
2025-05-12,Agra,27.1767,78.0081,0,5,0,37.4,0,1274.73,-0.404,61.62,1428,3,Web,2,1300,150,550
2025-06-20,Kerala,10.8505,76.2711,0,6,4,39.6,0,284.61,-0.442,86.4,1287,2,Web,10,1700,220,700
2025-07-08,Andaman,11.7401,92.6586,0,7,1,37.7,1,791.38,-0.18,95.35,538,3,Web,12,900,120,300
2025-01-04,Kerala,10.8505,76.2711,1,1,5,19.7,0,203.47,-0.121,69.84,1578,1,Web,1,1700,220,700
2025-05-18,Leh,34.1526,77.5771,1,5,6,17.6,1,999.3,0.047,94.84,513,2,Web,14,600,90,220
2024-12-06,Manali,32.2432,77.1892,0,12,4,4.7,0,324.75,-0.293,71.97,709,2,Web,16,1200,140,450
2025-04-13,Kerala,10.8505,76.2711,1,4,6,36.0,1,314.53,0.222,71.27,1593,2,Web,16,1700,220,700
2024-12-05,Agra,27.1767,78.0081,0,12,3,17.5,0,535.87,0.08,64.76,1061,3,App,2,1300,150,550
2024-12-07,Leh,34.1526,77.5771,1,12,5,-0.7,0,378.3,0.79,92.02,472,2,Agent,5,600,90,220
2025-03-19,Varanasi,25.3176,82.9739,0,3,2,27.6,0,374.9,0.159,50.23,825,1,App,2,1400,160,500
2025-02-24,Manali,32.2432,77.1892,0,2,0,9.2,1,155.83,-0.612,81.18,395,2,App,5,1200,140,450
2025-03-05,Goa,15.2993,74.124,0,3,2,29.2,0,447.61,0.575,85.24,1660,1,App,4,2000,250,800
2025-06-15,Jaipur,26.9124,75.7873,1,6,6,38.2,0,498.51,-0.197,68.18,1202,1,App,3,1500,180,600
2025-01-01,Jaipur,26.9124,75.7873,0,1,2,21.0,0,349.84,0.479,64.27,1243,2,Agent,32,1500,180,600
2024-12-06,Manali,32.2432,77.1892,0,12,4,4.2,0,1380.69,-0.097,77.21,1027,1,Kiosk,11,1200,140,450
2025-05-18,Varanasi,25.3176,82.9739,1,5,6,33.9,0,186.82,-0.932,48.64,1058,3,Agent,17,1400,160,500
2024-02-25,Agra,27.1767,78.0081,1,2,6,21.6,0,443.23,0.59,68.13,1258,2,Kiosk,33,1300,150,550
2025-05-17,Kerala,10.8505,76.2711,1,5,5,38.0,0,2182.49,0.21,73.62,3551,4,App,8,1700,220,700
2024-09-19,Andaman,11.7401,92.6586,0,9,3,27.4,0,283.01,0.405,87.24,277,1,Web,6,900,120,300
2024-08-29,Manali,32.2432,77.1892,0,8,3,19.2,1,545.98,-0.367,75.84,762,3,Web,13,1200,140,450
2024-10-01,Agra,27.1767,78.0081,0,10,1,23.1,0,99.67,0.486,56.2,538,2,Kiosk,10,1300,150,550
2024-10-27,Manali,32.2432,77.1892,1,10,6,10.3,0,642.91,-0.208,71.25,783,2,Kiosk,3,1200,140,450
2025-02-25,Leh,34.1526,77.5771,0,2,1,5.1,0,163.04,-0.328,92.57,382,3,Web,5,600,90,220
2024-04-26,Jaipur,26.9124,75.7873,0,4,4,31.0,0,290.17,0.503,69.37,1127,3,Kiosk,7,1500,180,600
2024-05-29,Agra,27.1767,78.0081,0,5,2,35.7,0,299.68,0.655,63.34,1161,3,Kiosk,1,1300,150,550
2024-09-21,Andaman,11.7401,92.6586,1,9,5,26.8,0,238.42,0.244,84.48,503,2,Agent,13,900,120,300
2024-09-28,Agra,27.1767,78.0081,1,9,5,27.1,0,1105.81,-0.208,64.3,884,3,Agent,18,1300,150,550
2024-01-24,Leh,34.1526,77.5771,0,1,2,1.6,0,323.1,-0.296,97.55,354,1,App,20,600,90,220
2024-11-04,Leh,34.1526,77.5771,0,11,0,0.9,0,482.6,0.16,92.15,322,2,Kiosk,25,600,90,220
2025-07-04,Varanasi,25.3176,82.9739,0,7,4,34.5,0,268.13,0.228,55.97,924,1,App,33,1400,160,500
2024-03-10,Leh,34.1526,77.5771,1,3,6,10.9,0,347.87,0.446,95.51,435,3,Web,11,600,90,220
2025-08-22,Andaman,11.7401,92.6586,0,8,4,33.2,0,156.08,0.024,93.65,394,2,Agent,2,900,120,300
2024-11-06,Jaipur,26.9124,75.7873,0,11,2,19.4,0,122.62,0.226,66.62,778,1,Kiosk,18,1500,180,600
2024-10-07,Leh,34.1526,77.5771,0,10,0,5.2,0,645.42,-0.221,93.64,411,2,App,14,600,90,220
2024-12-24,Jaipur,26.9124,75.7873,0,12,1,18.0,0,696.66,-0.353,55.13,930,3,Web,14,1500,180,600
2024-03-12,Leh,34.1526,77.5771,0,3,1,9.4,0,204.97,0.478,99.86,396,1,Kiosk,5,600,90,220
2024-11-03,Varanasi,25.3176,82.9739,1,11,6,16.7,0,559.61,0.259,50.33,960,2,Kiosk,5,1400,160,500
2025-03-18,Andaman,11.7401,92.6586,0,3,1,27.5,0,866.79,0.408,92.94,813,1,Agent,21,900,120,300
2024-11-03,Agra,27.1767,78.0081,1,11,6,17.0,0,219.31,0.134,50.94,885,3,Web,19,1300,150,550
2024-08-21,Leh,34.1526,77.5771,0,8,2,14.6,0,872.44,1.0,101.65,449,2,App,7,600,90,220
2024-01-23,Jaipur,26.9124,75.7873,0,1,1,19.7,0,314.2,0.542,64.84,824,3,Agent,6,1500,180,600
2024-05-30,Andaman,11.7401,92.6586,0,5,3,37.4,0,244.38,0.361,82.72,543,2,Web,24,900,120,300
2025-04-05,Varanasi,25.3176,82.9739,1,4,5,30.5,0,225.4,-0.127,51.64,1126,3,Agent,12,1400,160,500
2024-07-08,Varanasi,25.3176,82.9739,0,7,0,35.4,0,524.5,-0.478,54.95,697,3,Kiosk,3,1400,160,500
2024-11-10,Leh,34.1526,77.5771,1,11,6,0.3,0,314.19,-0.315,86.68,385,3,App,32,600,90,220
2024-06-24,Kerala,10.8505,76.2711,0,6,0,40.5,0,124.85,-0.717,67.35,935,3,Web,27,1700,220,700
2024-07-27,Manali,32.2432,77.1892,1,7,5,23.7,1,285.98,0.797,75.51,808,4,Agent,27,1200,140,450
2025-08-30,Manali,32.2432,77.1892,1,8,5,19.6,0,528.94,0.616,78.1,991,2,Kiosk,9,1200,140,450
2024-05-20,Varanasi,25.3176,82.9739,0,5,0,36.4,0,398.66,0.247,55.31,1226,2,Kiosk,22,1400,160,500
2025-03-27,Kerala,10.8505,76.2711,0,3,3,28.6,0,102.81,0.042,64.99,1158,3,Kiosk,15,1700,220,700
2024-08-06,Goa,15.2993,74.124,0,8,1,34.6,0,171.62,1.0,82.07,988,3,Web,11,2000,250,800
2025-05-01,Varanasi,25.3176,82.9739,0,5,3,36.2,0,163.86,0.567,52.15,975,2,App,19,1400,160,500
2025-06-09,Kerala,10.8505,76.2711,0,6,0,38.5,0,533.84,-0.244,79.04,1479,2,App,6,1700,220,700
2024-11-15,Andaman,11.7401,92.6586,0,11,4,19.2,0,135.19,-0.298,87.68,341,2,Agent,16,900,120,300
2025-01-08,Agra,27.1767,78.0081,0,1,2,19.6,0,168.32,0.678,60.9,888,3,Kiosk,11,1300,150,550
2024-01-21,Andaman,11.7401,92.6586,1,1,6,18.1,0,749.1,-0.179,89.56,695,1,Kiosk,15,900,120,300
2024-10-19,Varanasi,25.3176,82.9739,1,10,5,21.6,0,339.97,-0.412,49.27,967,2,Web,6,1400,160,500
2025-09-06,Andaman,11.7401,92.6586,1,9,5,28.7,0,133.66,0.12,90.23,237,2,Web,8,900,120,300
2024-12-05,Manali,32.2432,77.1892,0,12,3,4.5,0,329.44,-0.054,67.85,737,2,Kiosk,3,1200,140,450
2025-08-05,Andaman,11.7401,92.6586,0,8,1,33.1,0,680.4,0.525,81.48,529,2,Web,18,900,120,300
2024-07-09,Leh,34.1526,77.5771,0,7,1,18.1,0,118.84,0.651,91.41,380,2,App,10,600,90,220
2024-01-29,Manali,32.2432,77.1892,0,1,0,6.9,1,179.47,-0.342,69.77,455,1,Kiosk,37,1200,140,450
2025-03-28,Jaipur,26.9124,75.7873,0,3,4,27.4,0,287.0,-0.038,68.99,413,2,Kiosk,28,1500,180,600
2024-06-08,Andaman,11.7401,92.6586,1,6,5,39.5,0,295.12,0.119,91.16,527,1,App,6,900,120,300
2024-12-01,Jaipur,26.9124,75.7873,1,12,6,16.6,0,599.92,1.0,64.18,1048,2,App,16,1500,180,600
2024-03-17,Varanasi,25.3176,82.9739,1,3,6,26.5,0,406.2,0.143,59.0,1488,2,Kiosk,3,1400,160,500
2025-06-16,Manali,32.2432,77.1892,0,6,0,24.7,0,1310.13,0.729,71.92,1570,3,Kiosk,2,1200,140,450
2025-01-14,Jaipur,26.9124,75.7873,0,1,1,19.6,0,178.86,0.171,61.32,967,2,Kiosk,7,1500,180,600
2024-05-30,Varanasi,25.3176,82.9739,0,5,3,36.5,0,540.67,0.353,47.17,930,2,Agent,13,1400,160,500
2025-04-13,Kerala,10.8505,76.2711,1,4,6,34.5,0,443.71,0.608,72.87,1710,2,Kiosk,17,1700,220,700
2024-12-23,Kerala,10.8505,76.2711,0,12,0,19.2,0,164.97,-0.342,64.29,970,2,App,11,1700,220,700
2025-05-13,Kerala,10.8505,76.2711,0,5,1,36.4,0,452.99,0.646,66.15,1403,2,Web,21,1700,220,700
2024-08-20,Leh,34.1526,77.5771,0,8,1,15.0,0,20.37,-0.502,96.76,224,1,Web,14,600,90,220
2025-05-13,Manali,32.2432,77.1892,0,5,1,24.5,0,59.48,-0.27,74.19,528,3,Kiosk,25,1200,140,450
2024-09-19,Andaman,11.7401,92.6586,0,9,3,28.4,0,277.22,0.804,86.56,287,2,Kiosk,7,900,120,300
2024-04-30,Goa,15.2993,74.124,0,4,1,32.8,0,479.29,0.218,78.34,1511,2,App,8,2000,250,800
2025-03-24,Agra,27.1767,78.0081,0,3,0,26.6,0,361.18,-0.274,50.41,933,2,Agent,7,1300,150,550
2024-05-28,Manali,32.2432,77.1892,0,5,1,22.5,0,559.33,0.178,73.87,796,3,Agent,8,1200,140,450
2025-05-20,Jaipur,26.9124,75.7873,0,5,1,38.4,0,241.83,-0.023,64.37,986,2,Agent,8,1500,180,600
2024-10-13,Goa,15.2993,74.124,1,10,6,24.5,0,56.91,-0.015,79.96,1375,1,Agent,4,2000,250,800
2025-07-28,Kerala,10.8505,76.2711,0,7,0,36.4,0,90.92,-0.067,65.72,939,2,Web,12,1700,220,700
2024-11-22,Kerala,10.8505,76.2711,0,11,4,20.0,1,423.93,-0.26,63.93,1041,2,Kiosk,28,1700,220,700
2025-06-04,Kerala,10.8505,76.2711,0,6,2,39.3,0,272.99,0.137,71.48,1142,3,Kiosk,3,1700,220,700
2025-06-08,Goa,15.2993,74.124,1,6,6,40.0,0,52.08,-0.344,75.65,1182,2,Web,19,2000,250,800
2024-06-23,Manali,32.2432,77.1892,1,6,6,26.3,0,200.77,-0.763,74.22,1114,2,Agent,11,1200,140,450
2025-03-01,Andaman,11.7401,92.6586,1,3,5,25.8,0,262.1,-0.14,91.42,605,3,Agent,20,900,120,300
2024-01-26,Goa,15.2993,74.124,0,1,4,23.0,0,695.92,0.523,80.21,1694,2,Agent,13,2000,250,800
2024-12-12,Leh,34.1526,77.5771,0,12,3,-1.2,0,562.92,-0.703,91.99,305,2,App,25,600,90,220
2024-12-11,Manali,32.2432,77.1892,0,12,2,5.2,0,295.07,-1.0,76.76,713,2,Kiosk,15,1200,140,450
2024-10-11,Andaman,11.7401,92.6586,0,10,4,22.4,0,120.1,0.606,86.14,319,2,Kiosk,13,900,120,300
2025-02-09,Kerala,10.8505,76.2711,1,2,6,24.6,0,249.06,0.502,66.21,1430,2,Agent,3,1700,220,700
2024-02-27,Jaipur,26.9124,75.7873,0,2,1,24.3,0,643.86,-0.289,62.67,1165,2,Web,4,1500,180,600
2024-01-31,Manali,32.2432,77.1892,0,1,2,7.9,0,715.13,-0.002,90.18,831,2,Web,2,1200,140,450
2025-03-21,Leh,34.1526,77.5771,0,3,4,9.9,0,442.54,-0.097,95.2,377,1,Web,10,600,90,220
2024-07-16,Jaipur,26.9124,75.7873,0,7,1,35.5,0,443.96,0.034,67.53,860,2,Agent,3,1500,180,600
2024-05-28,Leh,34.1526,77.5771,0,5,1,18.8,0,328.05,-0.032,103.79,467,4,Agent,9,600,90,220
2025-04-03,Agra,27.1767,78.0081,0,4,3,33.3,0,101.26,-0.352,72.21,705,2,Web,4,1300,150,550
2025-05-31,Kerala,10.8505,76.2711,1,5,5,37.2,0,492.21,-0.491,67.89,1316,1,Web,13,1700,220,700
2025-07-03,Andaman,11.7401,92.6586,0,7,3,37.2,0,538.81,-0.702,100.49,500,3,Kiosk,7,900,120,300
2025-03-27,Goa,15.2993,74.124,0,3,3,30.4,1,460.23,-0.93,88.45,1528,2,Kiosk,3,2000,250,800
2024-03-09,Jaipur,26.9124,75.7873,1,3,5,27.1,0,187.0,-0.955,62.54,1020,3,App,18,1500,180,600
2024-12-08,Jaipur,26.9124,75.7873,1,12,6,19.4,0,501.96,-0.198,59.83,996,2,Kiosk,7,1500,180,600
2025-02-17,Kerala,10.8505,76.2711,0,2,0,23.6,0,1203.33,0.507,72.75,1871,2,Web,14,1700,220,700
2025-09-01,Jaipur,26.9124,75.7873,0,9,0,27.9,0,220.92,-0.418,64.04,770,1,Web,19,1500,180,600
2025-03-30,Manali,32.2432,77.1892,1,3,6,16.1,0,183.72,0.388,71.86,833,2,App,17,1200,140,450
2025-02-09,Varanasi,25.3176,82.9739,1,2,6,21.7,1,227.34,-0.353,60.61,1019,3,App,19,1400,160,500
2024-01-10,Jaipur,26.9124,75.7873,0,1,2,18.7,0,772.09,0.11,66.07,1181,2,Kiosk,1,1500,180,600
2024-12-06,Varanasi,25.3176,82.9739,0,12,4,17.4,0,639.67,-0.247,48.07,1067,1,App,9,1400,160,500
2025-01-30,Goa,15.2993,74.124,0,1,3,20.7,0,338.66,0.111,82.79,1193,4,Web,9,2000,250,800
2024-09-22,Jaipur,26.9124,75.7873,1,9,6,27.1,0,112.23,-0.255,52.13,443,2,Kiosk,11,1500,180,600
2025-08-31,Leh,34.1526,77.5771,1,8,6,15.7,0,233.06,0.413,101.7,421,1,Agent,14,600,90,220
2025-03-23,Jaipur,26.9124,75.7873,1,3,6,27.4,0,219.33,0.109,63.64,1305,1,Agent,33,1500,180,600
2024-07-09,Jaipur,26.9124,75.7873,0,7,1,35.5,0,429.72,0.139,66.86,762,2,App,16,1500,180,600
2024-06-12,Agra,27.1767,78.0081,0,6,2,37.4,1,880.68,0.683,56.39,1094,1,App,5,1300,150,550
2025-07-09,Varanasi,25.3176,82.9739,0,7,2,35.0,1,63.94,0.209,56.15,580,3,App,38,1400,160,500
2024-01-29,Manali,32.2432,77.1892,0,1,0,6.5,0,473.93,0.286,78.92,870,3,Agent,19,1200,140,450
2024-08-29,Goa,15.2993,74.124,0,8,3,35.4,0,663.62,-0.504,89.34,1277,3,Agent,4,2000,250,800
2024-03-17,Varanasi,25.3176,82.9739,1,3,6,27.9,0,231.98,0.095,61.51,870,1,App,2,1400,160,500
2024-06-22,Leh,34.1526,77.5771,1,6,5,20.0,0,442.68,-0.218,95.33,557,2,Web,12,600,90,220
2024-11-28,Leh,34.1526,77.5771,0,11,3,2.0,0,810.24,-0.677,83.29,460,2,App,22,600,90,220
2025-08-12,Manali,32.2432,77.1892,0,8,1,21.1,0,117.66,-0.159,74.74,389,3,Web,12,1200,140,450
2024-12-27,Kerala,10.8505,76.2711,0,12,4,18.7,0,195.23,-0.242,70.02,952,1,App,6,1700,220,700
2024-10-15,Kerala,10.8505,76.2711,0,10,1,23.1,0,640.69,0.034,63.52,1168,3,App,9,1700,220,700
2024-05-04,Goa,15.2993,74.124,1,5,5,37.2,0,43.64,-0.501,88.54,1468,2,App,15,2000,250,800
2024-03-22,Kerala,10.8505,76.2711,0,3,4,29.7,0,378.03,0.848,72.7,1232,2,Agent,11,1700,220,700
2024-08-22,Andaman,11.7401,92.6586,0,8,3,29.9,1,477.16,-0.016,89.61,366,2,Web,19,900,120,300
2024-01-25,Jaipur,26.9124,75.7873,0,1,3,19.3,0,157.44,0.314,52.9,1011,1,App,16,1500,180,600
2024-09-17,Varanasi,25.3176,82.9739,0,9,1,27.2,0,375.48,-0.08,51.32,661,2,Web,28,1400,160,500
2025-07-26,Goa,15.2993,74.124,1,7,5,39.3,0,400.73,-0.358,86.63,1294,2,Web,9,2000,250,800
2025-08-01,Manali,32.2432,77.1892,0,8,4,20.4,0,285.97,0.292,70.39,512,3,Kiosk,2,1200,140,450
2024-12-02,Goa,15.2993,74.124,0,12,0,18.9,0,1090.75,-0.132,81.73,1583,2,App,8,2000,250,800
2024-03-17,Jaipur,26.9124,75.7873,1,3,6,27.6,0,64.98,0.081,61.98,1171,2,Web,10,1500,180,600
2024-03-01,Kerala,10.8505,76.2711,0,3,4,27.7,0,600.32,-0.837,71.21,1538,2,App,10,1700,220,700
2024-05-02,Jaipur,26.9124,75.7873,0,5,3,38.5,1,351.16,0.081,66.08,1260,2,App,16,1500,180,600
2024-03-11,Andaman,11.7401,92.6586,0,3,0,29.5,0,1374.96,-0.087,83.45,997,1,Agent,7,900,120,300
2024-04-29,Agra,27.1767,78.0081,0,4,0,30.7,0,1209.76,0.358,59.38,1415,3,Kiosk,17,1300,150,550
2024-02-04,Varanasi,25.3176,82.9739,1,2,6,22.6,0,209.06,0.144,53.89,1070,1,Kiosk,4,1400,160,500
2025-06-04,Goa,15.2993,74.124,0,6,2,41.1,0,577.35,-0.373,81.19,1407,1,Web,11,2000,250,800
2024-11-13,Jaipur,26.9124,75.7873,0,11,2,19.2,0,244.28,0.093,64.25,974,2,Kiosk,4,1500,180,600
2024-08-14,Goa,15.2993,74.124,0,8,2,35.1,0,316.11,-0.134,86.88,888,2,Agent,1,2000,250,800
2024-01-09,Agra,27.1767,78.0081,0,1,1,17.9,1,916.31,-0.104,62.4,1209,3,Kiosk,17,1300,150,550
2024-01-14,Agra,27.1767,78.0081,1,1,6,19.4,0,205.16,0.086,46.43,1111,1,Kiosk,5,1300,150,550
2025-08-22,Kerala,10.8505,76.2711,0,8,4,34.4,0,499.19,0.553,66.86,922,2,App,9,1700,220,700
2024-05-06,Varanasi,25.3176,82.9739,0,5,0,36.8,0,262.48,1.0,57.3,1184,1,Kiosk,18,1400,160,500
2025-07-03,Goa,15.2993,74.124,0,7,3,37.8,0,187.45,0.439,84.88,1042,3,Web,20,2000,250,800
2024-12-28,Goa,15.2993,74.124,1,12,5,19.9,0,431.97,-0.418,76.11,1540,3,Agent,5,2000,250,800
2024-11-18,Varanasi,25.3176,82.9739,0,11,0,16.9,0,1171.16,-0.302,47.59,1264,2,Kiosk,5,1400,160,500
2025-05-10,Leh,34.1526,77.5771,1,5,5,18.4,0,287.74,0.222,104.56,416,1,App,21,600,90,220
2025-01-29,Andaman,11.7401,92.6586,0,1,2,19.9,0,172.98,0.83,86.09,457,1,App,13,900,120,300
2024-05-27,Andaman,11.7401,92.6586,0,5,0,36.3,0,159.3,0.56,98.94,583,3,Web,1,900,120,300
2024-07-08,Goa,15.2993,74.124,0,7,0,40.6,0,148.14,0.02,83.12,889,1,Web,3,2000,250,800
2025-09-10,Agra,27.1767,78.0081,0,9,2,27.5,0,632.66,-0.468,44.9,701,1,Kiosk,11,1300,150,550
2024-11-16,Manali,32.2432,77.1892,1,11,5,6.0,0,176.03,-0.23,77.09,400,2,Agent,12,1200,140,450
2025-08-13,Varanasi,25.3176,82.9739,0,8,2,34.4,0,1771.84,-0.026,54.96,1256,2,Agent,11,1400,160,500
2024-04-08,Kerala,10.8505,76.2711,0,4,0,33.8,0,206.61,0.155,68.55,770,2,Agent,7,1700,220,700
2025-03-08,Varanasi,25.3176,82.9739,1,3,5,28.0,0,311.53,-0.255,45.53,1161,1,Web,7,1400,160,500
2025-07-10,Andaman,11.7401,92.6586,0,7,3,37.6,0,2086.56,0.061,89.3,842,4,App,9,900,120,300
2025-09-25,Goa,15.2993,74.124,0,9,3,29.5,1,368.81,0.768,86.63,793,3,App,16,2000,250,800
2025-07-22,Andaman,11.7401,92.6586,0,7,1,36.3,0,638.58,-0.006,87.72,390,1,Agent,11,900,120,300
2025-06-17,Leh,34.1526,77.5771,0,6,1,20.6,1,191.59,0.077,108.09,449,1,Agent,19,600,90,220
2025-06-25,Andaman,11.7401,92.6586,0,6,2,35.6,0,454.52,0.252,103.11,477,1,Web,2,900,120,300
2024-09-16,Agra,27.1767,78.0081,0,9,0,25.7,1,523.84,0.256,53.52,623,3,Agent,27,1300,150,550
2024-12-01,Manali,32.2432,77.1892,1,12,6,2.8,1,485.06,0.795,72.68,698,2,App,10,1200,140,450
2025-03-06,Leh,34.1526,77.5771,0,3,3,9.9,0,141.01,-0.342,96.63,253,3,App,6,600,90,220
2024-05-09,Jaipur,26.9124,75.7873,0,5,3,37.0,0,333.04,0.444,68.54,884,2,Web,4,1500,180,600
2024-02-07,Andaman,11.7401,92.6586,0,2,2,23.9,0,140.21,-0.589,93.43,473,3,App,10,900,120,300
2025-01-26,Andaman,11.7401,92.6586,1,1,6,20.2,0,252.29,0.397,83.25,554,2,Kiosk,31,900,120,300
2024-10-20,Leh,34.1526,77.5771,1,10,6,4.7,0,1873.48,-0.839,91.71,565,3,Kiosk,2,600,90,220
2024-11-27,Leh,34.1526,77.5771,0,11,2,1.4,0,204.33,-0.175,96.04,203,1,App,46,600,90,220
2024-08-18,Varanasi,25.3176,82.9739,1,8,6,31.9,1,161.83,0.328,43.37,593,2,Agent,37,1400,160,500
2025-07-09,Goa,15.2993,74.124,0,7,2,39.7,0,673.49,0.807,76.72,1320,2,Kiosk,46,2000,250,800
2024-10-05,Goa,15.2993,74.124,1,10,5,25.4,0,327.71,-0.523,79.18,1062,2,Kiosk,10,2000,250,800
2024-12-02,Agra,27.1767,78.0081,0,12,0,17.4,0,250.35,0.212,62.12,903,3,App,7,1300,150,550
2024-11-13,Varanasi,25.3176,82.9739,0,11,2,18.2,0,803.61,-0.371,49.95,1061,2,Agent,2,1400,160,500
2025-04-30,Manali,32.2432,77.1892,0,4,2,18.1,0,895.4,0.411,74.3,1260,1,App,5,1200,140,450
2025-02-24,Goa,15.2993,74.124,0,2,0,25.5,0,260.75,0.65,71.62,1042,3,Kiosk,12,2000,250,800
2024-11-19,Varanasi,25.3176,82.9739,0,11,1,17.0,0,268.0,0.32,48.68,830,3,Web,12,1400,160,500
2024-11-09,Kerala,10.8505,76.2711,1,11,5,19.3,0,903.68,-0.188,60.36,1477,3,App,5,1700,220,700
2024-01-03,Agra,27.1767,78.0081,0,1,2,20.3,0,76.24,0.577,63.05,778,1,App,6,1300,150,550
2024-07-23,Varanasi,25.3176,82.9739,0,7,1,34.3,0,295.81,0.23,40.89,776,2,Kiosk,21,1400,160,500
2024-05-01,Jaipur,26.9124,75.7873,0,5,2,36.4,0,442.23,-0.084,68.49,916,3,App,30,1500,180,600
2025-05-20,Goa,15.2993,74.124,0,5,1,37.5,0,192.11,-0.05,80.78,1239,2,Kiosk,22,2000,250,800
2024-12-20,Leh,34.1526,77.5771,0,12,4,0.4,0,1594.96,0.322,93.13,702,2,App,8,600,90,220
2025-05-17,Kerala,10.8505,76.2711,1,5,5,37.5,0,466.29,-0.436,70.55,1986,2,App,13,1700,220,700
2024-03-13,Varanasi,25.3176,82.9739,0,3,2,28.5,0,754.05,0.446,47.88,1392,5,App,21,1400,160,500
2024-01-13,Jaipur,26.9124,75.7873,1,1,5,19.0,0,670.54,0.075,55.93,1348,2,Web,21,1500,180,600
2025-01-14,Manali,32.2432,77.1892,0,1,1,6.2,0,165.83,-0.31,74.78,700,2,App,9,1200,140,450
2024-03-17,Andaman,11.7401,92.6586,1,3,6,26.5,0,154.83,0.89,99.14,663,2,Kiosk,9,900,120,300
2025-03-15,Agra,27.1767,78.0081,1,3,5,26.0,0,103.05,0.382,63.47,1136,2,Agent,18,1300,150,550
2024-04-11,Kerala,10.8505,76.2711,0,4,3,31.6,0,770.65,-0.146,67.51,1860,3,Web,3,1700,220,700
2024-11-23,Varanasi,25.3176,82.9739,1,11,5,19.8,0,205.94,-0.437,44.4,781,2,App,17,1400,160,500
2025-06-18,Jaipur,26.9124,75.7873,0,6,2,38.6,0,279.2,0.151,65.11,793,3,App,12,1500,180,600
2025-03-01,Leh,34.1526,77.5771,1,3,5,11.6,0,505.55,-0.152,94.9,528,3,App,3,600,90,220
2025-09-19,Varanasi,25.3176,82.9739,0,9,4,26.6,0,556.41,0.637,54.21,898,2,Web,3,1400,160,500
2025-08-31,Varanasi,25.3176,82.9739,1,8,6,32.8,0,596.61,0.437,52.79,826,2,Web,26,1400,160,500
2024-10-25,Leh,34.1526,77.5771,0,10,4,4.3,0,526.56,-0.575,101.16,294,2,App,12,600,90,220
2024-10-21,Manali,32.2432,77.1892,0,10,0,9.9,0,670.26,-0.221,77.17,500,1,Web,13,1200,140,450
2024-06-11,Jaipur,26.9124,75.7873,0,6,1,38.6,0,94.0,-0.678,58.58,887,2,App,8,1500,180,600
2025-04-02,Agra,27.1767,78.0081,0,4,2,32.3,0,1008.86,-0.135,56.71,1453,3,Agent,20,1300,150,550
2024-08-21,Leh,34.1526,77.5771,0,8,2,14.8,0,107.51,0.419,89.67,277,2,App,7,600,90,220
2025-08-14,Varanasi,25.3176,82.9739,0,8,3,31.7,0,525.97,-0.177,59.28,784,2,Web,6,1400,160,500
2024-06-08,Kerala,10.8505,76.2711,1,6,5,40.2,1,129.15,0.911,73.93,1160,3,Kiosk,38,1700,220,700
2024-02-02,Varanasi,25.3176,82.9739,0,2,4,22.2,0,494.24,-0.439,52.07,914,2,Agent,21,1400,160,500
2024-08-31,Andaman,11.7401,92.6586,1,8,5,34.2,0,370.32,0.262,83.56,474,1,Web,25,900,120,300
2025-03-31,Leh,34.1526,77.5771,0,3,0,10.8,0,266.55,1.0,101.71,386,3,Agent,11,600,90,220
2024-08-22,Agra,27.1767,78.0081,0,8,3,31.9,0,777.72,-0.259,53.34,894,2,Agent,10,1300,150,550
2024-07-15,Manali,32.2432,77.1892,0,7,0,22.5,1,728.59,-0.43,74.43,1189,1,Web,10,1200,140,450
2025-08-21,Kerala,10.8505,76.2711,0,8,3,33.6,0,142.54,-0.224,73.42,774,1,Agent,6,1700,220,700
2025-09-13,Leh,34.1526,77.5771,1,9,5,8.8,1,132.95,-0.114,95.9,271,1,Agent,8,600,90,220
2025-04-24,Agra,27.1767,78.0081,0,4,3,31.8,1,118.27,0.217,52.13,680,3,App,6,1300,150,550
2024-01-04,Andaman,11.7401,92.6586,0,1,3,19.6,0,86.89,-0.272,100.09,362,2,Kiosk,5,900,120,300
2025-03-23,Goa,15.2993,74.124,1,3,6,29.9,0,221.07,0.056,85.85,1691,3,Agent,4,2000,250,800
2025-04-14,Andaman,11.7401,92.6586,0,4,0,32.9,0,190.43,0.992,101.36,480,1,App,10,900,120,300
2024-12-23,Jaipur,26.9124,75.7873,0,12,0,16.6,0,186.31,0.44,60.46,1074,1,App,7,1500,180,600
2025-05-27,Leh,34.1526,77.5771,0,5,1,19.5,0,57.28,0.291,99.45,305,3,Web,11,600,90,220
2025-02-05,Varanasi,25.3176,82.9739,0,2,2,22.0,0,463.91,0.123,50.71,1059,1,App,8,1400,160,500
2024-03-16,Agra,27.1767,78.0081,1,3,5,28.8,0,598.39,0.209,52.22,1340,2,Kiosk,8,1300,150,550
2024-04-26,Manali,32.2432,77.1892,0,4,4,19.5,0,59.99,-0.052,75.19,687,3,Web,1,1200,140,450
2024-11-30,Jaipur,26.9124,75.7873,1,11,5,19.0,0,1159.91,0.735,68.99,1482,3,Kiosk,10,1500,180,600
2024-12-12,Kerala,10.8505,76.2711,0,12,3,18.7,0,328.73,-0.267,77.67,1192,2,Agent,7,1700,220,700
2025-02-07,Andaman,11.7401,92.6586,0,2,4,23.8,0,200.44,0.503,98.4,492,2,App,19,900,120,300
2024-08-07,Leh,34.1526,77.5771,0,8,2,13.9,1,932.55,-0.846,98.67,410,1,Kiosk,5,600,90,220
2025-06-19,Kerala,10.8505,76.2711,0,6,3,39.3,0,212.97,-0.337,75.7,858,1,Kiosk,9,1700,220,700
2024-09-30,Goa,15.2993,74.124,0,9,0,31.0,0,214.8,-0.21,83.85,832,3,Agent,8,2000,250,800
2024-08-23,Agra,27.1767,78.0081,0,8,4,30.8,0,389.69,-0.159,53.18,742,1,App,7,1300,150,550
2024-03-28,Andaman,11.7401,92.6586,0,3,3,25.9,0,774.37,0.056,91.06,666,2,App,11,900,120,300
2024-08-02,Varanasi,25.3176,82.9739,0,8,4,31.5,0,631.82,-0.199,53.89,786,3,Web,2,1400,160,500
2025-07-14,Leh,34.1526,77.5771,0,7,0,17.4,0,50.26,-0.342,110.24,349,1,Web,4,600,90,220
2024-10-13,Andaman,11.7401,92.6586,1,10,6,22.6,0,453.46,0.469,83.55,642,2,Kiosk,1,900,120,300
2024-01-08,Jaipur,26.9124,75.7873,0,1,0,19.2,0,445.86,0.282,68.22,1136,2,Web,5,1500,180,600
2025-05-28,Andaman,11.7401,92.6586,0,5,2,38.5,0,1054.57,0.087,91.66,798,2,Agent,19,900,120,300
2025-06-17,Manali,32.2432,77.1892,0,6,1,25.6,0,330.71,0.19,65.6,1068,2,Agent,15,1200,140,450
2025-09-11,Goa,15.2993,74.124,0,9,3,29.7,0,458.67,0.734,77.91,1064,1,Kiosk,6,2000,250,800
2024-02-03,Varanasi,25.3176,82.9739,1,2,5,22.5,0,358.46,0.151,55.95,1179,2,Agent,10,1400,160,500
2025-09-20,Jaipur,26.9124,75.7873,1,9,5,28.8,0,182.97,0.307,63.49,778,2,Agent,21,1500,180,600
2024-03-09,Leh,34.1526,77.5771,1,3,5,11.3,0,188.4,-0.245,99.51,369,3,Kiosk,37,600,90,220
2024-09-29,Leh,34.1526,77.5771,1,9,6,10.3,0,95.27,0.768,97.21,282,1,App,29,600,90,220
2024-03-28,Goa,15.2993,74.124,0,3,3,28.9,0,340.58,0.934,86.07,1306,2,Agent,12,2000,250,800
2024-04-10,Jaipur,26.9124,75.7873,0,4,2,32.9,0,714.24,0.07,68.26,1424,2,Web,9,1500,180,600
2024-01-10,Goa,15.2993,74.124,0,1,2,20.7,0,256.68,-0.174,85.06,1086,2,Kiosk,2,2000,250,800
2025-07-03,Andaman,11.7401,92.6586,0,7,3,35.7,0,454.28,0.356,98.21,447,2,Web,24,900,120,300
2025-05-07,Goa,15.2993,74.124,0,5,2,38.9,0,359.15,0.817,75.26,1015,2,Agent,15,2000,250,800
2025-06-13,Goa,15.2993,74.124,0,6,4,40.1,0,557.96,-0.218,79.21,1086,3,Agent,19,2000,250,800
2025-07-29,Andaman,11.7401,92.6586,0,7,1,37.3,1,278.76,-0.271,82.74,365,3,Web,7,900,120,300
2025-04-26,Jaipur,26.9124,75.7873,1,4,5,33.3,0,60.35,-0.234,64.03,1099,2,App,25,1500,180,600
2025-01-14,Varanasi,25.3176,82.9739,0,1,1,19.1,0,754.32,0.476,52.03,1637,3,Agent,19,1400,160,500
2024-06-05,Jaipur,26.9124,75.7873,0,6,2,38.0,0,216.3,-0.704,65.14,767,3,App,7,1500,180,600
2025-04-05,Leh,34.1526,77.5771,1,4,5,13.6,0,362.83,-0.19,104.79,531,2,Web,11,600,90,220
2024-02-18,Varanasi,25.3176,82.9739,1,2,6,22.5,0,551.89,0.165,45.09,1555,2,Agent,31,1400,160,500
2025-08-23,Goa,15.2993,74.124,1,8,5,35.0,0,268.0,-0.326,75.49,1060,2,Web,8,2000,250,800
2024-09-08,Jaipur,26.9124,75.7873,1,9,6,28.9,0,331.87,-0.393,64.94,631,2,Web,13,1500,180,600
2025-04-03,Agra,27.1767,78.0081,0,4,3,33.5,0,60.01,0.382,66.2,713,2,Kiosk,14,1300,150,550
2025-04-01,Andaman,11.7401,92.6586,0,4,1,32.6,0,649.76,-0.754,98.13,618,3,Agent,1,900,120,300
2024-02-20,Varanasi,25.3176,82.9739,0,2,1,19.8,0,262.53,-0.774,51.96,976,2,Agent,18,1400,160,500
2024-01-01,Manali,32.2432,77.1892,0,1,0,5.4,0,254.12,-0.603,79.25,654,4,App,20,1200,140,450
2025-08-21,Jaipur,26.9124,75.7873,0,8,3,31.6,0,620.75,0.078,61.11,947,1,Kiosk,10,1500,180,600
2025-05-25,Jaipur,26.9124,75.7873,1,5,6,37.2,0,421.98,-0.425,74.61,1339,1,Web,26,1500,180,600
2025-05-02,Varanasi,25.3176,82.9739,0,5,4,35.0,0,763.63,1.0,52.88,1341,3,Kiosk,2,1400,160,500
2024-08-04,Goa,15.2993,74.124,1,8,6,35.2,0,792.69,-0.42,82.99,1320,1,Web,6,2000,250,800
2025-09-01,Manali,32.2432,77.1892,0,9,0,15.0,0,595.47,0.104,75.65,638,2,App,10,1200,140,450
2025-02-03,Varanasi,25.3176,82.9739,0,2,0,20.2,0,192.27,-0.046,51.94,935,2,Web,3,1400,160,500
2025-05-10,Kerala,10.8505,76.2711,1,5,5,38.3,0,521.91,-0.02,71.32,1666,2,Agent,16,1700,220,700
2024-10-28,Kerala,10.8505,76.2711,0,10,0,23.9,0,342.32,-0.086,65.37,650,2,Agent,16,1700,220,700
2025-02-18,Manali,32.2432,77.1892,0,2,1,11.6,0,211.69,-0.4,71.17,645,3,Kiosk,5,1200,140,450
2025-04-30,Kerala,10.8505,76.2711,0,4,2,33.6,0,743.9,0.215,75.82,1266,2,Agent,21,1700,220,700
2024-05-19,Jaipur,26.9124,75.7873,1,5,6,36.4,0,1116.96,-0.246,58.71,2011,2,Agent,13,1500,180,600
2025-02-27,Leh,34.1526,77.5771,0,2,3,5.5,0,637.61,0.532,106.37,455,2,Web,25,600,90,220
2024-06-17,Andaman,11.7401,92.6586,0,6,0,38.4,0,317.92,-0.249,86.37,516,2,Kiosk,9,900,120,300
2025-03-04,Goa,15.2993,74.124,0,3,1,29.0,0,217.65,0.079,85.0,1282,2,App,7,2000,250,800
2024-05-08,Goa,15.2993,74.124,0,5,2,38.8,0,789.37,1.0,79.19,2155,2,Kiosk,27,2000,250,800
2024-03-17,Varanasi,25.3176,82.9739,1,3,6,25.0,0,811.16,-0.502,55.43,1524,2,App,14,1400,160,500
2025-04-26,Kerala,10.8505,76.2711,1,4,5,34.2,0,738.92,0.031,71.42,1828,3,Agent,57,1700,220,700
2024-06-22,Agra,27.1767,78.0081,1,6,5,38.4,0,139.24,0.638,58.28,1041,2,Agent,15,1300,150,550
2025-05-11,Jaipur,26.9124,75.7873,1,5,6,37.0,0,180.0,0.265,62.7,1066,1,Web,6,1500,180,600
2025-09-12,Leh,34.1526,77.5771,0,9,4,11.8,0,392.21,0.062,93.17,323,1,Kiosk,22,600,90,220
2025-05-11,Andaman,11.7401,92.6586,1,5,6,37.8,0,248.9,0.057,84.84,578,1,Kiosk,6,900,120,300
2024-02-18,Kerala,10.8505,76.2711,1,2,6,23.8,0,268.15,0.116,75.18,1068,2,Web,6,1700,220,700
2025-01-13,Kerala,10.8505,76.2711,0,1,0,19.0,0,841.92,0.025,66.16,1447,2,App,7,1700,220,700
2024-01-31,Agra,27.1767,78.0081,0,1,2,18.6,1,381.61,0.103,67.22,663,2,Kiosk,11,1300,150,550
2024-06-28,Goa,15.2993,74.124,0,6,4,39.9,0,251.61,0.349,81.8,1378,2,App,25,2000,250,800
2025-04-06,Agra,27.1767,78.0081,1,4,6,32.3,0,442.19,0.105,65.01,1571,3,Web,34,1300,150,550
2025-07-27,Goa,15.2993,74.124,1,7,6,39.0,1,460.27,0.249,79.45,1454,3,Web,21,2000,250,800
2025-01-11,Andaman,11.7401,92.6586,1,1,5,19.5,0,360.2,0.18,97.02,557,3,Kiosk,17,900,120,300
2025-08-07,Jaipur,26.9124,75.7873,0,8,3,33.9,0,147.16,-0.387,70.3,535,2,Kiosk,12,1500,180,600
2025-06-17,Agra,27.1767,78.0081,0,6,1,34.9,0,156.55,1.0,57.02,850,1,Kiosk,3,1300,150,550
2024-02-07,Varanasi,25.3176,82.9739,0,2,2,21.4,0,334.99,-0.179,53.5,907,1,Kiosk,20,1400,160,500
2024-12-26,Andaman,11.7401,92.6586,0,12,3,17.8,1,500.6,-0.235,82.8,505,2,App,5,900,120,300
2025-01-23,Manali,32.2432,77.1892,0,1,3,7.1,0,186.99,0.267,73.29,708,1,Web,4,1200,140,450
2024-03-09,Varanasi,25.3176,82.9739,1,3,5,26.3,0,809.83,0.657,56.21,1865,4,Web,40,1400,160,500
2024-07-11,Varanasi,25.3176,82.9739,0,7,3,36.3,0,282.55,-0.468,39.84,872,3,App,18,1400,160,500
2025-04-23,Varanasi,25.3176,82.9739,0,4,2,32.4,0,410.52,-0.188,50.26,1190,2,Agent,7,1400,160,500
2024-04-26,Kerala,10.8505,76.2711,0,4,4,33.7,0,553.4,0.964,74.77,1313,4,Agent,1,1700,220,700
2025-04-14,Agra,27.1767,78.0081,0,4,0,31.0,0,238.87,-0.087,64.11,1196,1,Web,2,1300,150,550
2025-09-15,Varanasi,25.3176,82.9739,0,9,0,25.4,0,303.32,-0.012,61.66,583,2,App,4,1400,160,500
2024-09-19,Andaman,11.7401,92.6586,0,9,3,27.7,1,205.78,-0.46,90.62,293,2,Kiosk,14,900,120,300
2024-11-11,Agra,27.1767,78.0081,0,11,0,17.1,0,356.63,-0.254,59.21,881,2,Agent,11,1300,150,550
2024-09-12,Andaman,11.7401,92.6586,0,9,3,28.4,0,111.0,0.815,90.18,370,3,Web,5,900,120,300
2024-05-30,Leh,34.1526,77.5771,0,5,3,19.2,0,213.56,0.153,88.78,372,2,Agent,13,600,90,220
2024-08-27,Agra,27.1767,78.0081,0,8,1,30.7,1,27.29,-0.352,55.71,465,3,Kiosk,9,1300,150,550
2024-04-10,Jaipur,26.9124,75.7873,0,4,2,33.3,0,304.63,-0.101,64.48,942,2,Agent,6,1500,180,600
2024-12-12,Jaipur,26.9124,75.7873,0,12,3,19.9,0,258.2,-0.376,58.51,876,2,Kiosk,30,1500,180,600
2025-01-19,Kerala,10.8505,76.2711,1,1,6,21.1,0,500.19,-0.301,65.11,1304,1,Agent,7,1700,220,700
2025-08-15,Kerala,10.8505,76.2711,0,8,4,34.4,0,287.34,-0.632,73.22,739,2,Web,6,1700,220,700
2025-05-01,Varanasi,25.3176,82.9739,0,5,3,35.7,0,708.63,0.243,49.06,1255,1,Web,14,1400,160,500
2025-09-27,Manali,32.2432,77.1892,1,9,5,16.8,0,190.92,0.211,68.76,519,3,Web,14,1200,140,450
2025-06-30,Kerala,10.8505,76.2711,0,6,0,39.5,0,174.08,0.466,75.73,1026,2,Kiosk,1,1700,220,700
2024-08-14,Kerala,10.8505,76.2711,0,8,2,35.3,1,116.94,-0.952,71.12,489,2,Agent,5,1700,220,700
2025-05-18,Jaipur,26.9124,75.7873,1,5,6,36.2,0,314.24,-0.384,68.28,1241,2,App,13,1500,180,600
2024-11-04,Leh,34.1526,77.5771,0,11,0,1.3,0,78.0,-0.455,100.4,223,2,Kiosk,7,600,90,220
2024-07-05,Leh,34.1526,77.5771,0,7,4,18.0,0,695.8,-0.006,95.38,541,2,App,22,600,90,220
2024-09-04,Varanasi,25.3176,82.9739,0,9,2,26.8,0,591.78,-0.029,43.92,832,2,Kiosk,8,1400,160,500
2024-01-23,Varanasi,25.3176,82.9739,0,1,1,19.3,0,545.49,0.379,54.27,1266,4,App,11,1400,160,500
2024-08-20,Jaipur,26.9124,75.7873,0,8,1,31.2,0,335.5,0.223,61.34,685,2,App,6,1500,180,600
2025-06-23,Agra,27.1767,78.0081,0,6,0,37.0,0,430.75,0.029,57.1,988,2,App,5,1300,150,550
2024-03-18,Varanasi,25.3176,82.9739,0,3,0,26.4,0,302.65,0.045,60.91,819,1,Agent,3,1400,160,500
2024-09-04,Varanasi,25.3176,82.9739,0,9,2,26.3,0,593.81,-0.186,40.21,807,4,Agent,15,1400,160,500
2025-09-01,Goa,15.2993,74.124,0,9,0,32.0,0,1080.65,-0.031,82.33,1094,2,Web,2,2000,250,800
2025-03-10,Kerala,10.8505,76.2711,0,3,0,29.4,0,355.44,0.634,68.27,1395,2,App,12,1700,220,700
2024-03-03,Manali,32.2432,77.1892,1,3,6,15.6,0,201.9,0.39,84.81,881,3,Agent,25,1200,140,450
2024-12-16,Leh,34.1526,77.5771,0,12,0,0.3,0,601.88,-0.623,100.91,390,2,Web,12,600,90,220
2024-09-18,Agra,27.1767,78.0081,0,9,2,28.0,1,166.1,-0.344,47.66,539,3,App,6,1300,150,550
2024-02-06,Kerala,10.8505,76.2711,0,2,1,23.1,0,87.35,-0.021,70.87,1228,2,Web,21,1700,220,700
2025-04-28,Varanasi,25.3176,82.9739,0,4,0,33.4,0,605.71,1.0,52.3,1149,3,Agent,10,1400,160,500
2025-02-26,Andaman,11.7401,92.6586,0,2,2,23.8,0,342.08,0.054,87.97,544,3,Agent,20,900,120,300
2024-06-30,Agra,27.1767,78.0081,1,6,6,37.0,0,740.08,0.136,56.5,1356,1,Web,8,1300,150,550
2025-06-30,Agra,27.1767,78.0081,0,6,0,38.0,0,441.04,0.636,59.13,658,1,Web,5,1300,150,550
2024-02-20,Leh,34.1526,77.5771,0,2,1,4.7,0,238.58,-0.21,103.66,364,3,Agent,12,600,90,220
2024-08-19,Manali,32.2432,77.1892,0,8,0,19.1,0,821.26,0.076,73.61,1073,2,App,5,1200,140,450
2024-10-05,Andaman,11.7401,92.6586,1,10,5,23.8,0,304.77,0.207,86.23,601,2,Kiosk,13,900,120,300
2025-01-12,Andaman,11.7401,92.6586,1,1,6,19.0,0,361.44,0.751,87.77,758,3,Agent,6,900,120,300
2025-01-31,Goa,15.2993,74.124,0,1,4,22.6,0,269.46,0.081,82.96,1445,3,App,11,2000,250,800
2025-05-06,Manali,32.2432,77.1892,0,5,1,24.4,0,237.34,0.117,61.93,710,2,Web,14,1200,140,450
2024-01-30,Varanasi,25.3176,82.9739,0,1,1,18.4,0,99.23,-0.331,46.49,896,3,App,11,1400,160,500
2024-02-14,Jaipur,26.9124,75.7873,0,2,2,23.6,1,551.12,-0.52,65.93,1133,1,Web,9,1500,180,600
2024-09-08,Leh,34.1526,77.5771,1,9,6,9.8,1,355.63,0.488,89.72,247,2,Web,19,600,90,220
2024-03-01,Agra,27.1767,78.0081,0,3,4,25.6,0,902.22,-0.044,61.1,1278,3,Web,22,1300,150,550
2024-06-27,Andaman,11.7401,92.6586,0,6,3,36.4,1,1172.62,-0.399,90.63,573,3,Web,16,900,120,300
2024-11-03,Goa,15.2993,74.124,1,11,6,20.8,0,764.5,-0.729,79.28,1395,1,Web,5,2000,250,800
2025-08-26,Manali,32.2432,77.1892,0,8,1,19.5,0,412.67,0.481,71.38,953,3,Web,13,1200,140,450
2024-04-25,Goa,15.2993,74.124,0,4,3,35.2,0,358.15,0.547,84.61,1475,2,App,6,2000,250,800
2025-03-10,Leh,34.1526,77.5771,0,3,0,9.7,0,803.29,-0.266,98.4,548,2,Agent,2,600,90,220
2024-09-17,Jaipur,26.9124,75.7873,0,9,1,25.8,1,908.4,-0.008,64.74,648,2,Kiosk,9,1500,180,600
2024-07-31,Varanasi,25.3176,82.9739,0,7,2,35.9,0,530.18,0.017,49.26,562,2,Kiosk,2,1400,160,500
2024-05-28,Goa,15.2993,74.124,0,5,1,39.5,0,450.29,-0.51,87.19,1249,3,Kiosk,19,2000,250,800
2025-01-24,Goa,15.2993,74.124,0,1,4,22.0,0,440.12,0.154,80.95,1397,3,Kiosk,7,2000,250,800
2024-10-26,Varanasi,25.3176,82.9739,1,10,5,22.0,0,502.6,0.154,58.28,784,2,App,11,1400,160,500
2024-01-08,Andaman,11.7401,92.6586,0,1,0,19.1,0,294.14,0.706,86.22,535,1,Web,2,900,120,300
2024-07-27,Agra,27.1767,78.0081,1,7,5,35.2,0,82.31,0.073,64.32,583,2,App,14,1300,150,550
2025-05-26,Manali,32.2432,77.1892,0,5,0,24.9,0,177.66,-0.415,84.9,632,2,App,9,1200,140,450
2024-09-13,Kerala,10.8505,76.2711,0,9,4,29.4,0,869.63,0.112,73.66,1059,3,Web,7,1700,220,700
2024-12-28,Goa,15.2993,74.124,1,12,5,21.5,0,62.55,0.168,80.2,1647,2,Kiosk,4,2000,250,800
2024-02-16,Goa,15.2993,74.124,0,2,4,25.6,1,102.33,1.0,85.91,783,3,Web,24,2000,250,800
2024-02-21,Manali,32.2432,77.1892,0,2,2,9.7,0,443.49,-0.076,75.4,652,2,App,8,1200,140,450
2024-08-21,Agra,27.1767,78.0081,0,8,2,33.1,0,601.94,0.431,56.5,723,2,Web,13,1300,150,550
2025-06-23,Goa,15.2993,74.124,0,6,0,38.7,0,979.43,0.592,69.14,1904,2,Kiosk,11,2000,250,800
2025-04-09,Leh,34.1526,77.5771,0,4,2,15.7,0,133.53,0.679,97.17,333,2,App,2,600,90,220
2024-12-15,Manali,32.2432,77.1892,1,12,6,5.6,0,516.2,0.666,66.76,1248,2,Kiosk,1,1200,140,450
2025-09-09,Jaipur,26.9124,75.7873,0,9,1,26.8,0,95.98,-0.02,60.76,612,3,Web,4,1500,180,600
2025-06-01,Jaipur,26.9124,75.7873,1,6,6,38.8,0,703.24,-1.0,60.57,1581,2,Kiosk,19,1500,180,600
2024-06-12,Jaipur,26.9124,75.7873,0,6,2,38.8,0,765.99,0.124,67.25,1438,2,Kiosk,15,1500,180,600
2025-01-08,Manali,32.2432,77.1892,0,1,2,6.7,0,404.6,0.118,73.99,851,1,App,2,1200,140,450
2024-10-20,Leh,34.1526,77.5771,1,10,6,5.6,0,302.19,-0.222,97.48,386,2,Web,12,600,90,220
2025-06-02,Agra,27.1767,78.0081,0,6,0,36.8,0,398.41,0.518,65.6,691,4,Kiosk,6,1300,150,550
2025-06-12,Jaipur,26.9124,75.7873,0,6,3,38.9,0,167.54,-0.248,53.75,830,2,Kiosk,16,1500,180,600
2025-07-25,Andaman,11.7401,92.6586,0,7,4,36.4,0,137.59,0.854,96.08,430,2,Kiosk,6,900,120,300
2024-03-15,Goa,15.2993,74.124,0,3,4,29.0,0,420.45,0.039,80.91,1338,3,Kiosk,6,2000,250,800
2024-10-27,Varanasi,25.3176,82.9739,1,10,6,20.6,0,779.32,0.195,42.18,1118,2,Web,10,1400,160,500
2024-12-17,Andaman,11.7401,92.6586,0,12,1,18.0,0,885.69,0.761,95.03,607,3,Kiosk,20,900,120,300
2024-11-19,Goa,15.2993,74.124,0,11,1,22.2,0,610.02,1.0,74.91,1190,3,App,8,2000,250,800
2024-10-16,Kerala,10.8505,76.2711,0,10,2,22.4,0,634.5,0.618,59.93,1169,3,Agent,6,1700,220,700
2025-04-20,Goa,15.2993,74.124,1,4,6,34.0,0,686.95,0.616,80.74,2390,2,Kiosk,9,2000,250,800
2024-09-24,Leh,34.1526,77.5771,0,9,1,9.5,0,219.88,-0.144,99.7,266,2,Kiosk,24,600,90,220
2024-09-18,Andaman,11.7401,92.6586,0,9,2,27.7,0,390.6,-0.203,92.52,283,2,Kiosk,3,900,120,300
2024-04-23,Manali,32.2432,77.1892,0,4,1,19.5,0,397.29,0.413,74.47,818,1,App,8,1200,140,450
2024-01-07,Goa,15.2993,74.124,1,1,6,22.4,0,1420.42,0.247,76.59,2963,2,Web,5,2000,250,800
2024-03-08,Leh,34.1526,77.5771,0,3,4,10.9,0,221.57,-0.415,101.28,428,2,App,4,600,90,220
2024-04-29,Kerala,10.8505,76.2711,0,4,0,34.7,0,351.05,-0.321,72.34,1056,2,App,24,1700,220,700
2025-01-27,Goa,15.2993,74.124,0,1,0,22.5,0,234.74,0.317,85.2,1280,3,Web,7,2000,250,800
2025-01-24,Jaipur,26.9124,75.7873,0,1,4,18.5,0,306.52,1.0,59.66,764,2,Web,4,1500,180,600
2025-08-20,Varanasi,25.3176,82.9739,0,8,2,31.4,1,253.29,-1.0,50.58,581,2,Kiosk,8,1400,160,500
2025-08-07,Goa,15.2993,74.124,0,8,3,33.8,0,457.94,-0.602,85.41,819,3,Agent,10,2000,250,800
2025-08-03,Jaipur,26.9124,75.7873,1,8,6,33.5,0,155.19,0.791,57.54,960,2,Kiosk,20,1500,180,600
2024-12-14,Leh,34.1526,77.5771,1,12,5,0.5,1,174.01,-0.408,85.59,298,3,Web,12,600,90,220
2024-08-25,Agra,27.1767,78.0081,1,8,6,30.5,1,252.11,-0.031,65.86,753,2,Web,11,1300,150,550
2025-05-24,Jaipur,26.9124,75.7873,1,5,5,36.1,0,90.81,0.128,63.78,1307,2,Kiosk,3,1500,180,600
2024-03-11,Jaipur,26.9124,75.7873,0,3,0,27.8,0,436.18,-0.015,62.81,1072,2,Kiosk,2,1500,180,600
2025-09-30,Varanasi,25.3176,82.9739,0,9,1,28.6,0,359.97,0.238,57.06,691,1,Agent,15,1400,160,500
2025-02-03,Jaipur,26.9124,75.7873,0,2,0,21.8,0,485.71,-0.535,68.99,1149,3,App,13,1500,180,600
2025-02-22,Kerala,10.8505,76.2711,1,2,5,22.9,0,77.34,-0.462,73.26,987,2,Agent,13,1700,220,700
2025-05-17,Leh,34.1526,77.5771,1,5,5,19.5,0,222.42,-0.047,109.13,464,2,Web,14,600,90,220
2024-12-07,Leh,34.1526,77.5771,1,12,5,0.0,0,30.45,-0.559,101.03,322,3,Web,46,600,90,220
2025-08-12,Leh,34.1526,77.5771,0,8,1,15.2,0,410.52,0.001,97.08,438,2,Web,8,600,90,220
2024-04-06,Manali,32.2432,77.1892,1,4,5,20.8,0,347.12,0.183,72.73,845,2,Agent,13,1200,140,450
2024-04-24,Manali,32.2432,77.1892,0,4,2,21.2,0,28.28,-0.047,86.3,686,1,Kiosk,2,1200,140,450
2025-03-21,Agra,27.1767,78.0081,0,3,4,28.9,0,299.68,0.32,74.38,926,1,Agent,2,1300,150,550
2025-05-01,Leh,34.1526,77.5771,0,5,3,19.7,0,555.18,-0.018,97.15,443,2,Kiosk,8,600,90,220
2024-05-01,Goa,15.2993,74.124,0,5,2,38.8,0,194.63,-0.099,86.99,1308,1,Kiosk,24,2000,250,800
2025-03-11,Agra,27.1767,78.0081,0,3,1,26.9,0,193.62,0.718,67.61,764,2,Web,35,1300,150,550
2024-12-31,Leh,34.1526,77.5771,0,12,1,0.9,0,185.41,1.0,96.28,328,1,Kiosk,14,600,90,220
2024-06-06,Leh,34.1526,77.5771,0,6,3,21.2,0,694.99,-0.073,104.28,619,2,Agent,3,600,90,220
2024-10-26,Leh,34.1526,77.5771,1,10,5,3.9,0,81.52,0.563,96.16,234,2,App,19,600,90,220
2024-10-28,Manali,32.2432,77.1892,0,10,0,10.2,0,323.91,0.488,70.91,609,2,Agent,7,1200,140,450
2024-12-22,Andaman,11.7401,92.6586,1,12,6,18.1,0,767.04,1.0,87.82,696,2,Agent,2,900,120,300
2025-09-09,Kerala,10.8505,76.2711,0,9,1,28.8,0,218.18,-0.187,69.86,767,3,Web,22,1700,220,700
2025-02-25,Jaipur,26.9124,75.7873,0,2,1,24.1,0,299.08,-0.836,65.64,1101,2,App,1,1500,180,600
2025-05-03,Manali,32.2432,77.1892,1,5,5,25.3,0,791.14,0.081,85.2,1235,1,Agent,1,1200,140,450
2025-01-28,Kerala,10.8505,76.2711,0,1,1,20.5,0,338.66,0.058,69.9,1243,2,App,4,1700,220,700
2025-07-23,Kerala,10.8505,76.2711,0,7,2,37.5,0,316.57,0.491,65.61,1023,2,App,11,1700,220,700
2024-04-29,Andaman,11.7401,92.6586,0,4,0,33.4,0,470.45,0.469,92.68,648,2,Agent,3,900,120,300
2025-01-17,Kerala,10.8505,76.2711,0,1,4,19.6,1,1112.04,0.103,61.5,1771,4,Agent,2,1700,220,700
2024-02-02,Manali,32.2432,77.1892,0,2,4,10.0,0,498.05,0.549,77.59,1003,1,Kiosk,43,1200,140,450
2025-04-23,Manali,32.2432,77.1892,0,4,2,20.4,0,529.15,1.0,74.44,885,1,App,7,1200,140,450
2024-01-11,Jaipur,26.9124,75.7873,0,1,3,18.3,0,332.6,0.102,65.01,1006,3,App,6,1500,180,600
2024-01-28,Jaipur,26.9124,75.7873,1,1,6,17.9,0,510.23,0.606,55.32,1374,2,Kiosk,2,1500,180,600
2025-06-04,Andaman,11.7401,92.6586,0,6,2,36.4,0,455.5,-0.088,92.4,466,2,Web,2,900,120,300
2025-04-02,Kerala,10.8505,76.2711,0,4,2,34.1,0,228.67,-0.614,69.22,1209,3,Kiosk,6,1700,220,700
2024-05-17,Kerala,10.8505,76.2711,0,5,4,36.8,0,345.22,0.075,70.08,1051,2,App,1,1700,220,700
2025-04-25,Kerala,10.8505,76.2711,0,4,4,35.0,0,1374.74,-0.453,78.51,2482,2,App,8,1700,220,700
2025-06-06,Agra,27.1767,78.0081,0,6,4,38.5,1,407.66,-0.21,57.52,880,2,App,4,1300,150,550
2024-01-23,Andaman,11.7401,92.6586,0,1,1,19.0,0,160.41,1.0,94.84,510,2,Kiosk,7,900,120,300
2024-09-22,Goa,15.2993,74.124,1,9,6,30.5,0,309.82,0.224,88.11,1101,1,Agent,4,2000,250,800
2025-01-10,Jaipur,26.9124,75.7873,0,1,4,19.5,0,1083.26,0.016,57.77,1527,1,Kiosk,22,1500,180,600
2025-09-13,Andaman,11.7401,92.6586,1,9,5,27.3,0,1162.45,0.195,91.5,797,1,Kiosk,13,900,120,300
2024-05-01,Jaipur,26.9124,75.7873,0,5,2,35.7,0,1166.39,0.694,63.97,2148,3,Web,11,1500,180,600
2025-03-30,Kerala,10.8505,76.2711,1,3,6,30.5,0,236.76,-0.334,65.74,1443,3,Kiosk,12,1700,220,700
2025-02-16,Kerala,10.8505,76.2711,1,2,6,24.3,0,548.86,0.179,68.3,1431,2,App,27,1700,220,700
2025-04-30,Varanasi,25.3176,82.9739,0,4,2,34.0,0,294.24,-0.13,46.11,709,3,Agent,13,1400,160,500
2024-05-17,Goa,15.2993,74.124,0,5,4,38.6,0,768.76,0.351,83.43,1682,2,Web,9,2000,250,800
2024-02-15,Manali,32.2432,77.1892,0,2,3,10.6,0,161.66,-0.35,80.47,876,2,App,4,1200,140,450
2024-03-23,Goa,15.2993,74.124,1,3,5,31.0,0,172.4,-0.35,89.43,1581,2,App,6,2000,250,800
2025-08-28,Kerala,10.8505,76.2711,0,8,3,34.3,0,325.11,-0.422,67.1,920,3,Web,22,1700,220,700
2025-09-09,Andaman,11.7401,92.6586,0,9,1,28.2,0,79.28,0.606,86.35,225,2,App,15,900,120,300
2025-08-09,Jaipur,26.9124,75.7873,1,8,5,32.7,0,991.63,-0.092,69.09,874,2,Web,6,1500,180,600
2025-04-27,Varanasi,25.3176,82.9739,1,4,6,33.3,0,792.23,0.032,54.99,1175,3,Agent,16,1400,160,500
2024-06-15,Jaipur,26.9124,75.7873,1,6,5,39.1,1,40.55,-0.533,67.44,836,3,Kiosk,8,1500,180,600
2024-07-22,Kerala,10.8505,76.2711,0,7,0,37.4,0,581.95,0.323,70.84,1062,2,Agent,1,1700,220,700
2025-08-11,Leh,34.1526,77.5771,0,8,0,16.1,1,194.37,-0.665,102.92,308,3,App,2,600,90,220
2025-05-09,Leh,34.1526,77.5771,0,5,4,18.6,0,1240.12,-0.318,96.13,648,3,App,5,600,90,220
2024-10-26,Kerala,10.8505,76.2711,1,10,5,22.7,0,290.43,0.612,64.82,1108,2,Kiosk,30,1700,220,700
2024-09-11,Jaipur,26.9124,75.7873,0,9,2,28.7,0,275.8,-0.761,45.86,865,3,Web,10,1500,180,600
2024-03-30,Kerala,10.8505,76.2711,1,3,5,29.0,0,298.88,0.511,70.14,1541,1,Web,1,1700,220,700
2024-11-12,Manali,32.2432,77.1892,0,11,1,5.3,0,503.43,-0.295,72.75,736,3,Agent,6,1200,140,450
2024-01-27,Jaipur,26.9124,75.7873,1,1,5,19.7,0,240.95,0.059,62.24,976,3,Web,8,1500,180,600
2024-02-08,Manali,32.2432,77.1892,0,2,3,10.1,0,131.05,-1.0,68.52,560,3,Agent,17,1200,140,450
2024-04-28,Goa,15.2993,74.124,1,4,6,34.7,0,1414.62,-0.197,82.15,1781,3,Agent,3,2000,250,800
2025-03-10,Jaipur,26.9124,75.7873,0,3,0,28.2,0,491.39,0.508,66.64,1068,2,Agent,7,1500,180,600
2024-05-01,Varanasi,25.3176,82.9739,0,5,2,36.6,0,731.2,0.378,55.51,1481,3,App,12,1400,160,500
2024-03-04,Varanasi,25.3176,82.9739,0,3,0,26.5,0,117.38,0.7,46.09,951,3,Agent,20,1400,160,500
2024-03-23,Varanasi,25.3176,82.9739,1,3,5,27.9,0,168.35,0.383,56.17,1322,2,Web,10,1400,160,500
2024-05-23,Agra,27.1767,78.0081,0,5,3,33.2,0,380.0,-0.237,60.72,1050,2,Agent,5,1300,150,550
2025-07-19,Kerala,10.8505,76.2711,1,7,5,38.9,0,558.19,0.173,66.7,1407,2,Web,14,1700,220,700
2024-02-17,Andaman,11.7401,92.6586,1,2,5,22.5,0,277.83,0.055,91.62,552,2,App,26,900,120,300
2025-03-01,Kerala,10.8505,76.2711,1,3,5,29.1,0,382.67,0.007,75.79,1706,2,Agent,11,1700,220,700
2024-09-24,Jaipur,26.9124,75.7873,0,9,1,27.2,0,238.9,0.481,54.64,622,2,Agent,8,1500,180,600
2024-11-08,Goa,15.2993,74.124,0,11,4,22.5,0,184.56,-0.398,81.74,1192,2,Kiosk,5,2000,250,800
2025-03-21,Leh,34.1526,77.5771,0,3,4,10.1,0,57.74,0.798,108.54,243,2,App,12,600,90,220
2024-04-05,Kerala,10.8505,76.2711,0,4,4,32.8,0,97.64,-0.958,70.33,1139,1,Agent,29,1700,220,700
2024-04-13,Andaman,11.7401,92.6586,1,4,5,32.9,0,35.45,0.11,98.02,645,1,Kiosk,20,900,120,300
2024-06-25,Manali,32.2432,77.1892,0,6,1,25.6,0,731.36,0.134,71.1,1052,1,Web,2,1200,140,450
2025-02-15,Manali,32.2432,77.1892,1,2,5,7.8,0,239.33,0.147,81.31,851,3,Kiosk,6,1200,140,450
2024-09-02,Varanasi,25.3176,82.9739,0,9,0,27.3,0,1424.31,-0.584,42.04,1067,1,App,13,1400,160,500
2025-09-05,Andaman,11.7401,92.6586,0,9,4,26.1,0,412.82,-0.701,99.15,267,2,Agent,3,900,120,300
2025-08-20,Goa,15.2993,74.124,0,8,2,35.1,0,430.17,0.036,76.33,1312,2,App,15,2000,250,800
2025-06-30,Leh,34.1526,77.5771,0,6,0,19.4,0,471.69,0.125,99.5,486,1,Kiosk,16,600,90,220
2024-11-18,Andaman,11.7401,92.6586,0,11,0,18.9,0,635.8,0.277,83.72,535,2,Kiosk,2,900,120,300
2024-05-19,Jaipur,26.9124,75.7873,1,5,6,36.3,0,1291.85,0.924,51.01,1955,2,Web,8,1500,180,600
2024-05-11,Leh,34.1526,77.5771,1,5,5,16.9,0,463.28,-0.089,94.29,570,3,Web,5,600,90,220
2025-08-18,Andaman,11.7401,92.6586,0,8,0,33.3,0,175.43,-0.695,89.54,365,2,Agent,9,900,120,300
2025-02-19,Jaipur,26.9124,75.7873,0,2,2,22.1,0,697.66,-0.081,70.25,1305,2,Kiosk,62,1500,180,600
2025-02-26,Goa,15.2993,74.124,0,2,2,24.0,0,798.22,0.042,84.76,2072,2,App,8,2000,250,800
2025-07-04,Andaman,11.7401,92.6586,0,7,4,36.8,1,260.86,0.048,89.16,409,1,Web,17,900,120,300
2025-07-04,Goa,15.2993,74.124,0,7,4,39.1,0,718.81,0.39,81.69,1083,3,Web,13,2000,250,800
2024-11-02,Leh,34.1526,77.5771,1,11,5,1.1,0,114.96,-1.0,103.43,252,4,Kiosk,3,600,90,220
2025-08-15,Varanasi,25.3176,82.9739,0,8,4,32.0,0,417.22,-0.908,56.02,822,2,Web,11,1400,160,500
2025-01-08,Agra,27.1767,78.0081,0,1,2,17.5,0,466.41,0.67,49.23,1134,3,Kiosk,11,1300,150,550
2025-09-29,Manali,32.2432,77.1892,0,9,0,17.0,0,457.25,0.435,73.86,415,2,Agent,5,1200,140,450
2024-01-15,Leh,34.1526,77.5771,0,1,0,2.2,0,664.05,-0.05,101.36,468,3,Web,7,600,90,220
2025-05-16,Varanasi,25.3176,82.9739,0,5,4,36.2,0,573.18,-0.52,61.81,1078,2,Agent,6,1400,160,500
2025-03-20,Jaipur,26.9124,75.7873,0,3,3,28.7,0,81.53,0.505,60.77,1270,2,Web,8,1500,180,600
2025-01-15,Goa,15.2993,74.124,0,1,2,22.3,0,752.62,0.005,82.39,1814,1,Kiosk,22,2000,250,800
2025-03-11,Andaman,11.7401,92.6586,0,3,1,27.5,0,379.58,0.834,93.65,628,3,Kiosk,7,900,120,300
2024-08-14,Manali,32.2432,77.1892,0,8,2,17.8,0,80.8,0.017,70.6,640,2,Agent,9,1200,140,450
2025-03-02,Leh,34.1526,77.5771,1,3,6,7.5,1,601.31,0.208,99.04,392,3,App,7,600,90,220
2025-09-20,Jaipur,26.9124,75.7873,1,9,5,29.4,0,533.83,1.0,63.86,1130,2,Agent,13,1500,180,600
2024-12-16,Andaman,11.7401,92.6586,0,12,0,17.9,0,120.93,0.174,81.44,441,2,Kiosk,30,900,120,300
2024-06-14,Kerala,10.8505,76.2711,0,6,4,38.5,0,405.13,-0.243,70.86,1108,3,App,1,1700,220,700
2025-07-14,Andaman,11.7401,92.6586,0,7,0,38.2,0,208.14,0.504,89.59,316,2,Kiosk,11,900,120,300
2024-01-18,Kerala,10.8505,76.2711,0,1,3,21.1,0,732.99,0.031,78.54,1100,2,Agent,13,1700,220,700
2025-05-01,Agra,27.1767,78.0081,0,5,3,35.4,0,460.57,0.351,60.32,961,3,Agent,8,1300,150,550
2024-03-22,Leh,34.1526,77.5771,0,3,4,9.5,1,370.06,-0.804,102.35,412,2,Agent,5,600,90,220
2024-09-20,Goa,15.2993,74.124,0,9,4,30.9,0,450.26,0.317,78.34,890,2,App,2,2000,250,800
2024-03-13,Jaipur,26.9124,75.7873,0,3,2,27.2,0,107.57,0.442,56.28,946,2,App,12,1500,180,600
2025-05-08,Andaman,11.7401,92.6586,0,5,3,37.6,0,140.49,-0.546,92.59,498,2,Kiosk,21,900,120,300
2024-09-21,Jaipur,26.9124,75.7873,1,9,5,27.4,0,532.97,-0.146,60.85,906,2,App,2,1500,180,600
2024-09-24,Manali,32.2432,77.1892,0,9,1,14.0,0,410.65,-0.014,74.74,560,1,Web,20,1200,140,450
2025-01-06,Varanasi,25.3176,82.9739,0,1,0,18.9,0,183.78,-0.169,50.29,737,2,App,2,1400,160,500
2024-05-12,Goa,15.2993,74.124,1,5,6,38.4,0,36.49,0.355,79.47,1038,1,App,15,2000,250,800
2024-02-20,Manali,32.2432,77.1892,0,2,1,11.9,0,147.81,0.535,65.59,704,3,Agent,5,1200,140,450
2024-03-25,Manali,32.2432,77.1892,0,3,0,15.9,0,240.61,0.691,74.73,783,2,Web,27,1200,140,450
2025-02-25,Varanasi,25.3176,82.9739,0,2,1,23.9,0,897.84,0.732,50.47,1315,2,Kiosk,5,1400,160,500
2025-09-21,Kerala,10.8505,76.2711,1,9,6,29.4,1,432.92,-0.744,69.81,695,1,Web,9,1700,220,700
2025-08-28,Jaipur,26.9124,75.7873,0,8,3,33.8,0,335.28,0.485,73.94,897,2,Web,6,1500,180,600
2025-03-08,Leh,34.1526,77.5771,1,3,5,8.9,0,126.25,1.0,106.02,375,2,App,1,600,90,220
2024-08-06,Goa,15.2993,74.124,0,8,1,33.8,0,376.73,0.06,72.81,911,2,App,13,2000,250,800
2024-12-07,Jaipur,26.9124,75.7873,1,12,5,18.4,0,80.14,-0.732,67.26,802,3,Kiosk,18,1500,180,600
2024-08-31,Kerala,10.8505,76.2711,1,8,5,32.8,0,278.34,0.11,64.43,962,1,Agent,11,1700,220,700
2025-09-01,Kerala,10.8505,76.2711,0,9,0,30.7,0,575.4,0.057,61.53,901,2,Agent,24,1700,220,700
2024-02-12,Varanasi,25.3176,82.9739,0,2,0,20.8,0,96.96,-0.187,53.83,644,2,App,22,1400,160,500
2024-12-20,Agra,27.1767,78.0081,0,12,4,15.4,0,368.5,-0.327,63.9,849,2,Agent,24,1300,150,550
2025-04-25,Andaman,11.7401,92.6586,0,4,4,34.5,0,261.67,-0.104,96.85,402,2,Agent,18,900,120,300
2024-07-25,Agra,27.1767,78.0081,0,7,3,35.9,0,48.01,0.825,62.25,500,2,Agent,9,1300,150,550
2025-06-06,Jaipur,26.9124,75.7873,0,6,4,36.8,0,385.45,0.511,60.09,1197,2,Web,5,1500,180,600
2024-11-13,Jaipur,26.9124,75.7873,0,11,2,18.4,0,357.22,0.473,62.83,821,3,Agent,7,1500,180,600
2024-03-28,Varanasi,25.3176,82.9739,0,3,3,27.9,0,589.79,-0.226,59.14,962,2,Agent,5,1400,160,500
2025-04-21,Jaipur,26.9124,75.7873,0,4,0,32.7,0,618.76,1.0,68.38,1197,3,App,10,1500,180,600
2025-07-23,Leh,34.1526,77.5771,0,7,2,17.7,1,222.67,0.051,103.26,352,2,Agent,15,600,90,220
2024-02-25,Agra,27.1767,78.0081,1,2,6,21.8,0,200.73,0.376,60.34,889,3,Agent,15,1300,150,550
2025-03-07,Leh,34.1526,77.5771,0,3,4,12.0,0,321.7,-0.974,96.39,379,1,Web,7,600,90,220
2024-10-30,Leh,34.1526,77.5771,0,10,2,7.5,0,336.98,-0.601,91.62,281,2,Agent,1,600,90,220
2025-01-31,Andaman,11.7401,92.6586,0,1,4,19.5,0,147.67,0.331,88.5,525,2,Agent,11,900,120,300
2024-08-20,Kerala,10.8505,76.2711,0,8,1,36.5,0,871.83,0.072,69.52,1196,3,App,19,1700,220,700
2025-05-01,Goa,15.2993,74.124,0,5,3,39.5,0,465.33,0.639,85.91,1120,2,Web,12,2000,250,800
2025-06-24,Kerala,10.8505,76.2711,0,6,1,38.5,1,234.49,-0.519,71.33,1145,3,Agent,11,1700,220,700
2024-01-26,Goa,15.2993,74.124,0,1,4,20.1,0,248.82,0.449,71.9,1544,3,Agent,3,2000,250,800
2024-01-25,Andaman,11.7401,92.6586,0,1,3,19.1,0,193.27,-0.193,99.94,414,3,Agent,8,900,120,300
2024-06-29,Leh,34.1526,77.5771,1,6,5,20.3,0,411.67,-0.636,96.13,481,2,App,18,600,90,220
2024-12-29,Manali,32.2432,77.1892,1,12,6,5.2,0,322.35,-0.632,73.31,866,2,Web,21,1200,140,450
2025-04-10,Goa,15.2993,74.124,0,4,3,35.1,0,353.41,-0.395,92.72,1581,1,Agent,13,2000,250,800
2024-06-18,Leh,34.1526,77.5771,0,6,1,20.6,0,352.94,0.435,90.4,535,3,Web,9,600,90,220
2025-05-22,Jaipur,26.9124,75.7873,0,5,3,38.6,0,639.94,0.115,72.1,1237,3,Agent,12,1500,180,600
2024-03-13,Jaipur,26.9124,75.7873,0,3,2,27.9,0,231.92,0.169,69.34,1010,2,Web,14,1500,180,600
2024-09-17,Jaipur,26.9124,75.7873,0,9,1,27.8,0,370.29,-0.138,57.8,754,3,App,1,1500,180,600
2024-04-15,Goa,15.2993,74.124,0,4,0,35.8,0,483.69,0.188,73.23,1675,2,Kiosk,3,2000,250,800
2025-04-14,Manali,32.2432,77.1892,0,4,0,20.8,0,770.25,-0.372,73.35,916,3,Agent,26,1200,140,450
2024-04-20,Jaipur,26.9124,75.7873,1,4,5,35.0,0,1212.78,-0.08,63.1,2194,1,Kiosk,2,1500,180,600
2025-09-11,Jaipur,26.9124,75.7873,0,9,3,25.9,0,55.72,-0.333,65.57,476,3,Kiosk,6,1500,180,600
2024-10-07,Goa,15.2993,74.124,0,10,0,24.5,0,54.16,-0.423,84.76,547,2,App,8,2000,250,800
2025-09-07,Varanasi,25.3176,82.9739,1,9,6,27.7,0,204.77,-0.289,47.21,652,2,Web,4,1400,160,500
2024-01-23,Kerala,10.8505,76.2711,0,1,1,21.0,0,105.98,0.089,73.14,1138,3,App,22,1700,220,700
2025-03-23,Jaipur,26.9124,75.7873,1,3,6,29.5,0,240.46,-0.377,61.42,1322,2,Kiosk,12,1500,180,600
2024-11-15,Kerala,10.8505,76.2711,0,11,4,20.6,0,892.95,0.01,62.22,1552,2,Agent,5,1700,220,700
2025-01-06,Leh,34.1526,77.5771,0,1,0,1.7,0,633.53,-0.322,101.26,443,3,Web,10,600,90,220
2024-02-06,Agra,27.1767,78.0081,0,2,1,21.3,0,618.01,0.712,51.91,1352,2,Kiosk,5,1300,150,550
2025-07-10,Manali,32.2432,77.1892,0,7,3,24.8,0,209.85,0.594,69.53,983,2,Kiosk,7,1200,140,450
2025-08-06,Kerala,10.8505,76.2711,0,8,2,34.4,0,165.55,-0.299,69.18,964,2,App,25,1700,220,700
2025-01-27,Varanasi,25.3176,82.9739,0,1,0,18.4,0,173.94,-0.019,46.2,897,2,Web,5,1400,160,500
2024-01-07,Leh,34.1526,77.5771,1,1,6,0.9,0,196.3,0.865,101.33,443,2,Agent,12,600,90,220
2025-08-06,Andaman,11.7401,92.6586,0,8,2,36.0,0,212.66,0.286,87.75,347,3,Web,2,900,120,300
2024-09-17,Manali,32.2432,77.1892,0,9,1,14.5,0,268.41,-0.948,78.0,419,2,Kiosk,10,1200,140,450
2024-08-18,Goa,15.2993,74.124,1,8,6,34.3,1,332.27,0.459,78.55,1050,4,Kiosk,1,2000,250,800
2024-08-23,Kerala,10.8505,76.2711,0,8,4,34.0,0,359.03,-0.043,65.6,683,2,Web,20,1700,220,700
2024-12-04,Goa,15.2993,74.124,0,12,2,17.8,0,1191.49,0.152,84.43,1798,2,Kiosk,23,2000,250,800
2024-01-26,Leh,34.1526,77.5771,0,1,4,0.7,0,251.28,0.814,96.32,366,1,App,32,600,90,220
2025-05-07,Goa,15.2993,74.124,0,5,2,38.2,0,167.35,0.194,85.35,952,2,App,7,2000,250,800
2025-08-17,Agra,27.1767,78.0081,1,8,6,31.7,0,586.75,-0.103,54.23,831,3,App,26,1300,150,550
2024-11-08,Andaman,11.7401,92.6586,0,11,4,19.7,1,560.02,0.265,89.04,504,3,Kiosk,6,900,120,300
2025-03-18,Varanasi,25.3176,82.9739,0,3,1,27.2,0,213.7,0.03,52.18,984,3,Agent,24,1400,160,500
2024-09-22,Varanasi,25.3176,82.9739,1,9,6,27.2,0,322.05,1.0,47.44,714,2,Web,3,1400,160,500
2025-06-27,Leh,34.1526,77.5771,0,6,4,20.3,0,149.23,0.124,100.35,461,1,Agent,2,600,90,220
2024-07-24,Leh,34.1526,77.5771,0,7,2,17.7,0,769.13,-0.159,101.66,455,2,Web,15,600,90,220
2024-01-30,Andaman,11.7401,92.6586,0,1,1,20.2,0,75.61,0.135,94.99,412,2,Agent,11,900,120,300
2024-12-06,Varanasi,25.3176,82.9739,0,12,4,17.2,0,181.4,0.468,55.11,912,2,Web,8,1400,160,500
2025-06-14,Andaman,11.7401,92.6586,1,6,5,37.8,1,509.65,-0.128,90.13,693,2,Kiosk,17,900,120,300
2024-11-20,Jaipur,26.9124,75.7873,0,11,2,19.6,0,883.82,0.074,68.81,1033,2,Agent,1,1500,180,600
2024-12-26,Kerala,10.8505,76.2711,0,12,3,18.5,0,174.21,0.986,68.86,1110,3,Kiosk,10,1700,220,700
2024-05-07,Agra,27.1767,78.0081,0,5,1,33.1,1,200.22,0.554,60.34,937,1,Kiosk,16,1300,150,550
2025-06-18,Varanasi,25.3176,82.9739,0,6,2,37.1,0,298.05,0.252,53.53,962,2,Agent,13,1400,160,500
2025-06-11,Leh,34.1526,77.5771,0,6,2,19.0,0,270.84,-0.156,95.04,383,1,Kiosk,4,600,90,220
2024-08-17,Agra,27.1767,78.0081,1,8,5,34.3,0,118.06,0.328,59.88,699,3,Agent,7,1300,150,550
2025-05-09,Kerala,10.8505,76.2711,0,5,4,38.2,0,1053.92,0.527,69.5,1743,2,Agent,15,1700,220,700
2025-04-24,Kerala,10.8505,76.2711,0,4,3,33.5,0,285.91,-0.037,69.24,1100,1,App,38,1700,220,700
2024-08-17,Goa,15.2993,74.124,1,8,5,34.1,0,444.29,-0.526,76.52,1340,2,Web,11,2000,250,800
2025-08-16,Varanasi,25.3176,82.9739,1,8,5,32.8,0,344.06,0.848,56.79,822,2,Agent,8,1400,160,500
2025-06-01,Kerala,10.8505,76.2711,1,6,6,39.1,0,241.4,-0.104,68.84,1373,1,Kiosk,13,1700,220,700
2024-11-28,Leh,34.1526,77.5771,0,11,3,1.2,0,335.93,0.295,108.72,281,3,Web,30,600,90,220
2024-04-16,Agra,27.1767,78.0081,0,4,1,32.4,0,202.04,-0.266,69.59,627,2,Web,9,1300,150,550
2024-06-09,Manali,32.2432,77.1892,1,6,6,23.2,0,550.74,-0.04,69.86,1365,2,Agent,19,1200,140,450
2024-12-23,Goa,15.2993,74.124,0,12,0,21.7,0,264.23,0.111,83.42,1171,4,Agent,8,2000,250,800
2024-02-10,Andaman,11.7401,92.6586,1,2,5,20.9,0,208.78,0.524,102.2,584,3,App,25,900,120,300
2024-02-03,Manali,32.2432,77.1892,1,2,5,11.2,0,607.5,0.519,78.35,926,1,Agent,8,1200,140,450
2024-06-16,Andaman,11.7401,92.6586,1,6,6,37.4,0,111.14,-0.626,89.11,350,2,Web,8,900,120,300
2024-11-16,Agra,27.1767,78.0081,1,11,5,17.0,0,656.75,0.59,60.8,1004,1,Web,9,1300,150,550
2025-02-25,Goa,15.2993,74.124,0,2,1,24.6,0,172.34,-0.99,78.23,857,1,App,15,2000,250,800
2025-09-15,Manali,32.2432,77.1892,0,9,0,16.2,0,211.48,-0.61,65.06,487,3,App,3,1200,140,450
2024-06-14,Jaipur,26.9124,75.7873,0,6,4,39.2,0,264.32,-0.644,58.51,743,2,Agent,40,1500,180,600
2025-05-22,Agra,27.1767,78.0081,0,5,3,34.9,0,1027.69,-0.676,61.17,1133,2,Web,17,1300,150,550
2025-07-24,Jaipur,26.9124,75.7873,0,7,3,36.0,0,476.68,0.183,62.59,921,2,Web,24,1500,180,600
2024-03-11,Kerala,10.8505,76.2711,0,3,0,31.8,0,494.45,0.509,71.21,1182,3,Web,17,1700,220,700
2025-07-26,Manali,32.2432,77.1892,1,7,5,23.8,0,394.67,-0.178,79.57,1167,2,Web,1,1200,140,450
2024-07-04,Jaipur,26.9124,75.7873,0,7,3,37.7,0,453.23,0.52,59.43,977,2,App,6,1500,180,600
2024-01-30,Jaipur,26.9124,75.7873,0,1,1,19.8,0,173.96,-0.752,66.85,1267,1,Web,8,1500,180,600
2024-07-02,Manali,32.2432,77.1892,0,7,1,22.6,0,996.64,-0.206,70.91,1329,2,Web,1,1200,140,450
2025-03-04,Goa,15.2993,74.124,0,3,1,29.2,0,692.22,0.138,85.29,2377,2,App,16,2000,250,800
2025-01-08,Andaman,11.7401,92.6586,0,1,2,19.6,1,549.66,0.261,92.72,390,2,Web,8,900,120,300
2024-04-27,Jaipur,26.9124,75.7873,1,4,5,32.2,0,762.79,0.561,59.12,1675,2,Web,20,1500,180,600
2024-02-20,Kerala,10.8505,76.2711,0,2,1,23.6,0,453.02,-0.024,70.34,727,2,App,19,1700,220,700
2025-03-30,Agra,27.1767,78.0081,1,3,6,27.1,0,109.42,-0.307,60.18,758,2,Agent,22,1300,150,550
2024-02-18,Jaipur,26.9124,75.7873,1,2,6,22.4,0,496.53,0.029,67.4,1121,2,App,15,1500,180,600
2024-01-11,Andaman,11.7401,92.6586,0,1,3,18.9,0,266.85,0.774,91.06,523,3,Agent,9,900,120,300
2025-02-22,Goa,15.2993,74.124,1,2,5,23.9,1,818.42,-0.093,81.9,1480,3,App,11,2000,250,800
2024-11-23,Jaipur,26.9124,75.7873,1,11,5,18.4,0,242.44,-0.089,50.42,1012,1,Web,21,1500,180,600
2024-10-14,Manali,32.2432,77.1892,0,10,0,10.1,0,185.84,-0.075,72.49,620,2,Kiosk,20,1200,140,450
2024-07-10,Andaman,11.7401,92.6586,0,7,2,38.2,0,961.65,1.0,98.21,644,1,Web,27,900,120,300
2025-04-24,Jaipur,26.9124,75.7873,0,4,3,32.7,0,275.01,-0.667,58.08,920,1,Web,3,1500,180,600
2025-07-26,Kerala,10.8505,76.2711,1,7,5,38.0,0,220.29,0.433,74.48,1059,4,App,6,1700,220,700
2024-11-11,Leh,34.1526,77.5771,0,11,0,3.3,0,476.13,-0.521,98.52,255,2,Agent,4,600,90,220
2025-02-25,Kerala,10.8505,76.2711,0,2,1,24.6,0,246.9,0.593,68.2,994,3,App,13,1700,220,700
2024-12-10,Manali,32.2432,77.1892,0,12,1,5.1,0,653.02,-0.216,69.06,774,1,Agent,17,1200,140,450
2025-05-17,Goa,15.2993,74.124,1,5,5,38.1,0,656.35,0.023,77.02,1789,2,Kiosk,11,2000,250,800
2025-06-18,Varanasi,25.3176,82.9739,0,6,2,36.8,0,46.93,0.497,51.03,682,2,Kiosk,10,1400,160,500
2025-06-21,Goa,15.2993,74.124,1,6,5,39.0,0,1302.39,0.294,72.29,2688,2,Web,2,2000,250,800
2025-03-14,Varanasi,25.3176,82.9739,0,3,4,26.3,0,117.59,0.848,49.73,943,1,Web,2,1400,160,500
2024-12-18,Agra,27.1767,78.0081,0,12,2,16.0,0,857.9,0.326,67.55,1108,2,Kiosk,14,1300,150,550
2025-03-11,Leh,34.1526,77.5771,0,3,1,9.6,0,140.79,0.377,101.91,319,2,App,30,600,90,220
2025-07-21,Manali,32.2432,77.1892,0,7,0,25.9,0,109.76,0.153,75.85,798,1,Kiosk,9,1200,140,450
2025-01-17,Agra,27.1767,78.0081,0,1,4,19.3,0,47.55,0.607,55.31,816,1,Web,2,1300,150,550
2024-08-09,Varanasi,25.3176,82.9739,0,8,4,33.5,1,297.98,0.134,52.42,454,3,Kiosk,2,1400,160,500
2024-07-19,Goa,15.2993,74.124,0,7,4,38.9,0,457.33,-0.593,82.27,892,3,Web,5,2000,250,800
2024-12-13,Andaman,11.7401,92.6586,0,12,4,18.6,0,683.89,0.15,92.67,660,3,Web,12,900,120,300
2024-01-20,Leh,34.1526,77.5771,1,1,5,1.2,0,1556.21,-0.142,100.04,661,3,Web,19,600,90,220
2024-11-09,Kerala,10.8505,76.2711,1,11,5,22.0,0,82.5,0.366,56.99,951,3,App,8,1700,220,700
2025-02-20,Manali,32.2432,77.1892,0,2,3,10.9,0,225.57,0.25,72.5,556,2,App,23,1200,140,450
2024-08-28,Agra,27.1767,78.0081,0,8,2,33.1,0,337.74,0.497,56.52,660,3,Kiosk,5,1300,150,550
2025-08-09,Kerala,10.8505,76.2711,1,8,5,32.4,0,234.16,0.489,68.79,1304,3,Kiosk,3,1700,220,700
2025-01-09,Jaipur,26.9124,75.7873,0,1,3,19.1,0,137.31,-0.141,61.56,965,2,Agent,5,1500,180,600
2024-01-15,Jaipur,26.9124,75.7873,0,1,0,18.8,0,334.68,0.469,68.03,1099,2,App,3,1500,180,600
2024-01-15,Kerala,10.8505,76.2711,0,1,0,20.8,0,374.57,0.365,67.88,967,3,Kiosk,5,1700,220,700
2024-02-02,Andaman,11.7401,92.6586,0,2,4,22.5,0,319.88,1.0,97.7,585,2,Web,4,900,120,300
2024-05-19,Kerala,10.8505,76.2711,1,5,6,37.7,0,1678.24,-0.399,81.21,2538,2,Web,19,1700,220,700
2024-05-13,Kerala,10.8505,76.2711,0,5,0,39.5,0,105.75,-0.64,71.76,1287,1,Web,8,1700,220,700
2025-08-01,Jaipur,26.9124,75.7873,0,8,4,31.4,0,33.12,-0.038,62.23,618,1,Agent,1,1500,180,600
2024-10-11,Andaman,11.7401,92.6586,0,10,4,24.4,0,542.56,-0.298,95.68,495,1,Kiosk,8,900,120,300
2024-02-06,Andaman,11.7401,92.6586,0,2,1,23.0,0,241.68,0.15,92.03,488,2,Kiosk,4,900,120,300
2025-05-04,Jaipur,26.9124,75.7873,1,5,6,38.1,0,332.46,0.513,68.91,1079,3,Agent,15,1500,180,600
2024-05-14,Goa,15.2993,74.124,0,5,1,39.0,1,467.14,-0.664,74.56,1753,3,App,20,2000,250,800
2024-07-27,Varanasi,25.3176,82.9739,1,7,5,37.8,0,810.57,0.384,53.23,1095,2,App,5,1400,160,500
2025-06-11,Andaman,11.7401,92.6586,0,6,2,37.9,0,437.91,0.027,93.01,491,1,Kiosk,5,900,120,300
2025-08-30,Jaipur,26.9124,75.7873,1,8,5,33.1,0,552.06,0.161,49.97,1225,2,App,14,1500,180,600
2024-10-19,Jaipur,26.9124,75.7873,1,10,5,23.1,0,164.74,0.044,56.01,994,2,Agent,21,1500,180,600
2024-04-19,Manali,32.2432,77.1892,0,4,4,18.9,0,674.51,-0.495,80.05,892,2,Web,9,1200,140,450
2024-06-01,Kerala,10.8505,76.2711,1,6,5,38.9,0,543.83,0.116,67.99,1231,3,Web,4,1700,220,700
2024-03-07,Agra,27.1767,78.0081,0,3,3,26.2,0,121.05,-0.541,60.0,740,3,Web,2,1300,150,550
2024-02-13,Varanasi,25.3176,82.9739,0,2,1,21.4,0,233.26,0.511,50.23,876,1,Web,11,1400,160,500
2025-09-04,Agra,27.1767,78.0081,0,9,3,26.0,0,130.69,0.062,51.03,576,3,Kiosk,12,1300,150,550
2025-09-03,Goa,15.2993,74.124,0,9,2,30.9,0,868.96,0.172,82.97,1218,1,App,14,2000,250,800
2025-03-16,Agra,27.1767,78.0081,1,3,6,25.1,0,71.82,0.092,58.43,994,2,App,8,1300,150,550
2024-02-10,Goa,15.2993,74.124,1,2,5,26.2,0,541.7,0.301,84.58,1552,3,App,5,2000,250,800
2024-07-12,Kerala,10.8505,76.2711,0,7,4,36.9,0,517.78,-0.241,74.25,1048,2,Web,35,1700,220,700
2025-04-03,Jaipur,26.9124,75.7873,0,4,3,31.8,0,242.37,0.634,59.66,922,1,Agent,3,1500,180,600
2024-04-21,Varanasi,25.3176,82.9739,1,4,6,31.0,0,296.87,-0.231,61.45,1059,2,Web,9,1400,160,500
2024-11-24,Goa,15.2993,74.124,1,11,6,22.2,0,77.05,-0.142,78.43,1088,3,App,22,2000,250,800
2024-02-18,Manali,32.2432,77.1892,1,2,6,11.1,0,203.02,-0.118,73.49,776,1,Web,15,1200,140,450
2024-02-11,Agra,27.1767,78.0081,1,2,6,20.7,0,1152.49,0.875,68.22,1054,3,App,2,1300,150,550
2024-01-03,Jaipur,26.9124,75.7873,0,1,2,18.2,0,222.98,0.847,66.02,991,1,Kiosk,15,1500,180,600
2024-09-07,Varanasi,25.3176,82.9739,1,9,5,27.8,1,224.75,0.064,50.89,712,3,App,5,1400,160,500
2025-03-31,Kerala,10.8505,76.2711,0,3,0,27.6,0,240.94,-0.402,64.92,1184,2,App,15,1700,220,700
2024-11-19,Jaipur,26.9124,75.7873,0,11,1,19.3,1,109.38,-0.157,68.42,727,2,App,5,1500,180,600
2025-03-18,Agra,27.1767,78.0081,0,3,1,27.7,0,655.59,0.849,52.29,1224,2,App,21,1300,150,550
2024-02-01,Manali,32.2432,77.1892,0,2,3,10.1,0,68.87,-0.209,76.52,510,3,Agent,8,1200,140,450
2025-02-22,Andaman,11.7401,92.6586,1,2,5,22.6,0,193.71,-0.287,96.24,412,3,App,21,900,120,300
2024-01-06,Leh,34.1526,77.5771,1,1,5,0.5,0,672.57,-0.431,96.78,590,2,Agent,1,600,90,220
2025-04-29,Agra,27.1767,78.0081,0,4,1,30.9,0,311.62,0.187,65.44,1024,1,Agent,8,1300,150,550
2025-05-21,Agra,27.1767,78.0081,0,5,2,35.1,0,733.96,1.0,53.75,1304,3,App,2,1300,150,550
2025-07-21,Agra,27.1767,78.0081,0,7,0,37.9,1,561.93,-0.075,59.05,754,2,App,17,1300,150,550
2025-07-01,Agra,27.1767,78.0081,0,7,1,36.5,0,248.73,-0.348,66.18,682,3,Web,9,1300,150,550
2024-06-20,Jaipur,26.9124,75.7873,0,6,3,37.6,0,794.27,0.507,60.15,1374,2,Kiosk,9,1500,180,600
2025-05-25,Andaman,11.7401,92.6586,1,5,6,36.5,0,455.28,-0.748,97.52,601,2,Kiosk,19,900,120,300
2024-02-10,Goa,15.2993,74.124,1,2,5,24.5,1,405.29,-0.501,87.48,1214,2,Kiosk,31,2000,250,800
2025-07-20,Goa,15.2993,74.124,1,7,6,37.6,0,449.77,-0.082,76.46,1556,3,Web,8,2000,250,800
2025-04-06,Manali,32.2432,77.1892,1,4,6,20.3,0,258.85,0.45,72.59,782,2,Web,14,1200,140,450
2025-02-18,Goa,15.2993,74.124,0,2,1,26.8,0,228.93,0.19,79.47,1003,2,Web,10,2000,250,800
2024-09-28,Kerala,10.8505,76.2711,1,9,5,29.1,0,411.2,0.477,65.3,1018,1,Agent,6,1700,220,700
2024-07-23,Varanasi,25.3176,82.9739,0,7,1,35.7,0,1011.92,-0.063,53.86,1032,2,App,8,1400,160,500
2025-09-01,Goa,15.2993,74.124,0,9,0,28.0,0,638.17,1.0,78.27,1025,1,App,16,2000,250,800
2025-04-21,Jaipur,26.9124,75.7873,0,4,0,33.7,0,448.35,0.851,67.04,1073,2,Agent,14,1500,180,600
2024-05-26,Jaipur,26.9124,75.7873,1,5,6,36.9,0,727.63,0.385,67.72,1838,2,Kiosk,24,1500,180,600
2024-04-05,Goa,15.2993,74.124,0,4,4,34.6,0,1006.97,-1.0,82.38,1907,3,App,15,2000,250,800
2024-10-12,Manali,32.2432,77.1892,1,10,5,9.5,0,220.86,0.041,71.4,726,3,Agent,3,1200,140,450
2024-09-05,Varanasi,25.3176,82.9739,0,9,3,25.8,0,824.62,-0.475,62.46,656,2,Web,9,1400,160,500
2024-02-19,Goa,15.2993,74.124,0,2,0,23.2,0,246.1,-0.419,85.03,1035,3,App,6,2000,250,800
2024-09-18,Goa,15.2993,74.124,0,9,2,31.1,0,584.8,0.526,84.5,1225,2,Kiosk,8,2000,250,800
2025-01-05,Agra,27.1767,78.0081,1,1,6,19.0,0,1237.56,0.536,58.71,1584,2,Web,3,1300,150,550
2024-06-23,Varanasi,25.3176,82.9739,1,6,6,37.3,0,277.88,-0.08,53.06,1182,3,Web,17,1400,160,500
2024-04-26,Andaman,11.7401,92.6586,0,4,4,32.1,0,203.35,0.172,85.73,506,3,Web,24,900,120,300
2025-03-14,Varanasi,25.3176,82.9739,0,3,4,28.2,0,536.92,0.218,44.86,1067,2,Kiosk,34,1400,160,500
2024-06-27,Agra,27.1767,78.0081,0,6,3,37.9,0,473.82,0.288,50.34,954,3,Kiosk,15,1300,150,550
2025-06-01,Jaipur,26.9124,75.7873,1,6,6,38.3,0,156.5,0.088,66.95,1213,3,Web,21,1500,180,600
2024-04-09,Jaipur,26.9124,75.7873,0,4,1,33.1,0,189.54,-0.542,72.73,904,2,Agent,9,1500,180,600
2025-03-23,Kerala,10.8505,76.2711,1,3,6,28.3,0,43.53,-0.096,71.02,1358,2,Kiosk,9,1700,220,700
2024-05-06,Varanasi,25.3176,82.9739,0,5,0,36.2,0,289.39,0.237,60.86,1085,2,Kiosk,13,1400,160,500
2025-01-11,Leh,34.1526,77.5771,1,1,5,2.7,0,651.95,-0.515,105.74,542,2,Kiosk,17,600,90,220
2025-07-14,Manali,32.2432,77.1892,0,7,0,23.9,0,309.41,0.289,82.96,901,2,App,12,1200,140,450
2025-08-04,Andaman,11.7401,92.6586,0,8,0,35.3,0,188.07,-0.42,77.33,335,2,Web,24,900,120,300
2025-04-12,Goa,15.2993,74.124,1,4,5,35.1,0,1037.44,-0.263,82.8,2486,1,Kiosk,15,2000,250,800
2024-03-15,Varanasi,25.3176,82.9739,0,3,4,27.0,0,262.69,-0.023,51.92,780,3,Agent,10,1400,160,500
2024-07-21,Agra,27.1767,78.0081,1,7,6,35.6,0,235.8,0.783,67.49,648,2,Web,23,1300,150,550
2024-07-07,Varanasi,25.3176,82.9739,1,7,6,33.6,1,99.98,0.691,53.33,742,2,Kiosk,7,1400,160,500
2024-12-17,Kerala,10.8505,76.2711,0,12,1,19.6,0,262.31,0.436,61.17,1002,2,Agent,29,1700,220,700
2024-09-23,Manali,32.2432,77.1892,0,9,0,14.2,0,555.36,-0.709,70.08,675,3,Kiosk,3,1200,140,450
2025-06-21,Varanasi,25.3176,82.9739,1,6,5,34.9,0,207.88,-0.136,49.99,989,1,Kiosk,24,1400,160,500
2025-08-17,Varanasi,25.3176,82.9739,1,8,6,30.4,0,307.28,-0.431,45.54,852,2,App,5,1400,160,500
2025-01-04,Manali,32.2432,77.1892,1,1,5,5.8,0,551.88,-0.495,78.35,1037,1,Web,6,1200,140,450
2024-03-13,Leh,34.1526,77.5771,0,3,2,10.9,0,476.31,-0.194,99.76,377,1,App,8,600,90,220
2025-03-13,Jaipur,26.9124,75.7873,0,3,3,26.6,0,107.4,0.282,63.64,874,3,Web,32,1500,180,600
2024-11-09,Agra,27.1767,78.0081,1,11,5,19.1,0,884.64,-0.521,48.78,1610,1,Web,3,1300,150,550
2024-01-17,Agra,27.1767,78.0081,0,1,2,18.3,0,268.35,0.545,60.85,994,2,Agent,14,1300,150,550
2024-10-05,Goa,15.2993,74.124,1,10,5,24.7,0,365.01,1.0,78.83,1279,3,Agent,22,2000,250,800
2025-06-18,Manali,32.2432,77.1892,0,6,2,25.0,0,227.01,0.021,73.5,633,2,Web,13,1200,140,450
2024-10-05,Manali,32.2432,77.1892,1,10,5,9.1,0,198.58,-0.138,66.03,607,2,Agent,16,1200,140,450
2025-03-25,Goa,15.2993,74.124,0,3,1,29.6,0,245.11,-0.17,90.98,1189,2,App,11,2000,250,800
2025-01-25,Leh,34.1526,77.5771,1,1,5,2.1,0,570.96,0.121,92.41,633,1,Kiosk,14,600,90,220
2024-02-19,Varanasi,25.3176,82.9739,0,2,0,20.5,0,118.47,-0.838,51.83,808,2,App,4,1400,160,500
2024-12-31,Varanasi,25.3176,82.9739,0,12,1,15.9,0,258.32,0.843,56.38,850,1,Kiosk,2,1400,160,500
2025-03-03,Leh,34.1526,77.5771,0,3,0,9.3,0,326.19,-0.197,96.95,298,1,Agent,29,600,90,220
2025-06-22,Manali,32.2432,77.1892,1,6,6,24.9,0,381.46,1.0,71.06,1444,3,Agent,10,1200,140,450
2024-10-24,Kerala,10.8505,76.2711,0,10,3,24.5,0,707.41,0.438,68.7,1132,2,Web,6,1700,220,700
2024-04-08,Varanasi,25.3176,82.9739,0,4,0,32.8,0,870.33,-0.122,47.46,1362,2,Kiosk,2,1400,160,500
2024-08-12,Varanasi,25.3176,82.9739,0,8,0,31.8,0,306.6,0.606,51.56,709,2,Kiosk,3,1400,160,500
2025-01-08,Jaipur,26.9124,75.7873,0,1,2,20.5,0,804.68,0.243,65.96,1104,2,Kiosk,16,1500,180,600
2024-12-09,Manali,32.2432,77.1892,0,12,0,4.5,0,265.28,-0.754,64.73,678,2,App,12,1200,140,450
2025-08-02,Leh,34.1526,77.5771,1,8,5,13.7,0,99.82,-0.408,89.99,361,3,App,8,600,90,220
2025-01-12,Leh,34.1526,77.5771,1,1,6,-0.2,0,588.84,-0.317,97.74,436,2,Kiosk,21,600,90,220
2024-02-10,Leh,34.1526,77.5771,1,2,5,6.0,0,305.1,0.485,103.17,410,2,App,4,600,90,220
2024-07-28,Jaipur,26.9124,75.7873,1,7,6,36.9,0,213.63,-0.395,74.88,991,2,Agent,15,1500,180,600
2024-07-11,Kerala,10.8505,76.2711,0,7,3,37.7,0,164.6,-0.346,66.55,762,2,App,7,1700,220,700
2024-01-28,Agra,27.1767,78.0081,1,1,6,18.8,0,408.94,-0.589,54.64,960,1,Web,25,1300,150,550
2024-04-29,Andaman,11.7401,92.6586,0,4,0,33.5,0,390.44,0.777,98.4,630,2,Kiosk,3,900,120,300
2024-06-05,Varanasi,25.3176,82.9739,0,6,2,36.3,0,133.71,-0.167,53.93,827,1,Web,1,1400,160,500
2024-06-12,Kerala,10.8505,76.2711,0,6,2,40.0,0,847.84,-0.703,72.1,1800,1,Agent,16,1700,220,700
2024-05-04,Varanasi,25.3176,82.9739,1,5,5,36.1,0,41.99,0.069,52.72,970,2,Agent,16,1400,160,500
2025-04-24,Varanasi,25.3176,82.9739,0,4,3,31.0,0,219.33,0.227,43.3,912,3,App,3,1400,160,500
2024-09-30,Manali,32.2432,77.1892,0,9,0,16.0,0,901.03,0.186,79.81,593,3,App,14,1200,140,450
2025-09-03,Andaman,11.7401,92.6586,0,9,2,27.0,0,948.8,-0.596,95.48,411,2,Agent,14,900,120,300
2025-08-01,Jaipur,26.9124,75.7873,0,8,4,31.3,0,186.01,-0.341,63.86,606,2,Web,7,1500,180,600
2024-08-15,Manali,32.2432,77.1892,0,8,3,20.4,0,703.54,0.784,74.55,661,2,App,19,1200,140,450
2025-06-08,Leh,34.1526,77.5771,1,6,6,18.9,0,276.87,1.0,86.73,474,2,Kiosk,14,600,90,220
2024-09-09,Manali,32.2432,77.1892,0,9,0,15.0,0,382.85,0.777,69.18,483,1,Web,3,1200,140,450
2024-10-13,Jaipur,26.9124,75.7873,1,10,6,23.9,0,731.59,0.096,60.82,1293,2,Kiosk,21,1500,180,600
2024-05-20,Manali,32.2432,77.1892,0,5,0,20.8,0,239.97,-0.489,74.71,702,2,Kiosk,1,1200,140,450
2024-11-12,Kerala,10.8505,76.2711,0,11,1,18.9,0,714.0,-0.715,66.41,1277,2,App,17,1700,220,700
2024-08-25,Andaman,11.7401,92.6586,1,8,6,35.1,0,420.07,-0.438,91.16,586,2,Web,35,900,120,300
2024-12-01,Jaipur,26.9124,75.7873,1,12,6,16.8,0,155.29,-0.228,59.72,1015,2,Kiosk,10,1500,180,600
2024-12-08,Goa,15.2993,74.124,1,12,6,19.6,0,1188.6,0.077,82.27,1748,2,Web,14,2000,250,800
2025-08-14,Leh,34.1526,77.5771,0,8,3,15.2,0,512.49,-0.02,96.89,463,4,Web,18,600,90,220
2025-08-15,Andaman,11.7401,92.6586,0,8,4,33.5,0,315.41,-0.124,85.24,503,3,Web,6,900,120,300
2025-01-23,Andaman,11.7401,92.6586,0,1,3,19.6,0,70.63,0.536,95.43,369,2,Kiosk,20,900,120,300
2025-08-23,Manali,32.2432,77.1892,1,8,5,20.5,0,420.25,-0.217,79.16,932,2,App,12,1200,140,450
2025-07-11,Varanasi,25.3176,82.9739,0,7,4,35.9,0,301.91,0.077,60.13,753,3,App,10,1400,160,500
2025-06-12,Goa,15.2993,74.124,0,6,3,40.0,0,96.18,-0.707,85.94,1088,2,Kiosk,6,2000,250,800
2025-07-08,Jaipur,26.9124,75.7873,0,7,1,36.6,1,263.14,0.199,69.75,1064,2,Web,5,1500,180,600
2025-05-22,Kerala,10.8505,76.2711,0,5,3,37.7,0,236.37,0.024,63.0,965,2,Kiosk,11,1700,220,700
2024-02-25,Goa,15.2993,74.124,1,2,6,24.8,1,953.4,0.082,89.28,1925,2,App,9,2000,250,800
2024-10-13,Andaman,11.7401,92.6586,1,10,6,22.4,0,1214.66,0.583,88.36,707,2,Web,33,900,120,300
2024-01-13,Leh,34.1526,77.5771,1,1,5,0.9,0,497.65,0.711,99.51,617,2,Agent,16,600,90,220
2024-07-18,Varanasi,25.3176,82.9739,0,7,3,35.1,0,560.12,0.297,54.73,902,2,App,6,1400,160,500
2025-06-11,Andaman,11.7401,92.6586,0,6,2,38.3,0,501.8,0.718,86.35,499,2,Agent,7,900,120,300
2024-04-20,Jaipur,26.9124,75.7873,1,4,5,33.3,1,477.4,-0.133,69.71,1476,3,App,14,1500,180,600
2025-05-11,Manali,32.2432,77.1892,1,5,6,23.1,0,414.24,-0.142,74.56,962,4,App,24,1200,140,450
2025-08-16,Varanasi,25.3176,82.9739,1,8,5,30.9,0,899.2,-0.864,53.62,1422,2,Web,13,1400,160,500
2024-05-04,Kerala,10.8505,76.2711,1,5,5,37.4,0,368.16,0.797,74.68,1602,2,App,8,1700,220,700
2024-03-31,Andaman,11.7401,92.6586,1,3,6,27.1,0,573.78,0.268,97.44,794,2,Kiosk,21,900,120,300
2024-02-04,Leh,34.1526,77.5771,1,2,6,3.7,0,125.32,-0.238,101.7,377,2,App,6,600,90,220
2025-04-17,Goa,15.2993,74.124,0,4,3,35.3,0,374.54,0.104,87.07,1336,3,App,1,2000,250,800
2024-12-03,Andaman,11.7401,92.6586,0,12,1,18.4,0,133.45,0.294,82.31,423,1,Kiosk,18,900,120,300
2025-06-12,Andaman,11.7401,92.6586,0,6,3,37.7,0,455.15,0.195,98.19,454,1,Agent,15,900,120,300
2024-01-25,Varanasi,25.3176,82.9739,0,1,3,19.5,0,984.37,-0.024,54.42,1343,2,Kiosk,7,1400,160,500
2024-09-26,Andaman,11.7401,92.6586,0,9,3,28.7,0,123.87,0.254,92.82,220,2,Kiosk,14,900,120,300
2025-07-30,Agra,27.1767,78.0081,0,7,2,35.9,0,331.61,0.117,59.01,549,2,Web,27,1300,150,550
2024-06-23,Varanasi,25.3176,82.9739,1,6,6,37.7,0,786.23,-0.649,58.02,1188,2,Agent,5,1400,160,500
2024-11-04,Goa,15.2993,74.124,0,11,0,20.6,0,98.88,0.354,80.43,1125,2,Kiosk,5,2000,250,800
2024-07-12,Andaman,11.7401,92.6586,0,7,4,37.5,0,951.08,0.911,93.57,674,2,Web,2,900,120,300
2024-02-12,Manali,32.2432,77.1892,0,2,0,11.0,0,408.82,0.307,82.79,705,2,App,13,1200,140,450
2025-03-07,Kerala,10.8505,76.2711,0,3,4,29.1,0,302.02,0.052,78.49,799,3,Agent,4,1700,220,700
2025-03-07,Kerala,10.8505,76.2711,0,3,4,31.6,0,357.44,0.016,81.43,1291,2,Agent,20,1700,220,700
2024-07-23,Leh,34.1526,77.5771,0,7,1,17.9,0,34.65,0.384,98.34,332,1,App,11,600,90,220
2024-01-03,Varanasi,25.3176,82.9739,0,1,2,16.9,1,960.74,-0.731,54.29,1048,3,Web,12,1400,160,500
2025-07-18,Leh,34.1526,77.5771,0,7,4,18.5,0,56.92,-0.014,95.66,238,2,Web,7,600,90,220
2025-08-07,Agra,27.1767,78.0081,0,8,3,29.7,0,318.93,1.0,53.42,816,1,Agent,25,1300,150,550
2024-03-02,Agra,27.1767,78.0081,1,3,5,26.8,0,202.73,0.152,55.67,1097,1,Web,7,1300,150,550
2025-04-25,Andaman,11.7401,92.6586,0,4,4,32.3,0,707.11,0.123,101.69,711,2,App,14,900,120,300
2025-05-27,Goa,15.2993,74.124,0,5,1,37.9,0,666.86,0.276,81.87,1325,2,App,10,2000,250,800
2025-01-18,Agra,27.1767,78.0081,1,1,5,18.7,0,310.8,-0.743,57.9,1038,3,Kiosk,10,1300,150,550
2024-11-04,Goa,15.2993,74.124,0,11,0,21.9,0,371.09,-0.162,69.69,966,1,Web,14,2000,250,800
2025-07-12,Kerala,10.8505,76.2711,1,7,5,38.5,0,117.16,0.703,65.99,1054,3,App,9,1700,220,700
2025-07-25,Manali,32.2432,77.1892,0,7,4,23.7,0,70.33,-0.187,83.77,585,3,Agent,9,1200,140,450
2025-02-15,Kerala,10.8505,76.2711,1,2,5,24.0,0,511.54,-0.536,78.97,1325,2,Web,14,1700,220,700
2024-01-12,Leh,34.1526,77.5771,0,1,4,1.1,0,1000.89,0.691,92.17,600,2,App,5,600,90,220
2025-06-25,Leh,34.1526,77.5771,0,6,2,20.4,0,406.2,-0.188,93.81,480,2,App,20,600,90,220
2024-12-03,Leh,34.1526,77.5771,0,12,1,0.1,0,424.2,0.656,97.82,404,2,App,11,600,90,220
2025-06-27,Agra,27.1767,78.0081,0,6,4,38.1,0,357.62,0.021,64.19,767,2,Agent,1,1300,150,550
2025-05-20,Manali,32.2432,77.1892,0,5,1,23.5,0,770.91,0.237,75.93,983,3,Web,2,1200,140,450
2024-06-30,Agra,27.1767,78.0081,1,6,6,36.8,0,1139.84,-0.122,57.16,2083,2,App,9,1300,150,550
2024-01-13,Kerala,10.8505,76.2711,1,1,5,21.2,0,566.57,0.821,73.43,1886,3,App,15,1700,220,700
2025-03-15,Varanasi,25.3176,82.9739,1,3,5,26.5,0,267.15,0.377,58.3,1044,1,Agent,1,1400,160,500
2024-07-12,Agra,27.1767,78.0081,0,7,4,33.9,1,510.11,0.39,60.47,678,2,Kiosk,4,1300,150,550
2024-05-02,Goa,15.2993,74.124,0,5,3,37.1,0,548.29,0.618,82.31,1402,2,Web,13,2000,250,800
2025-07-27,Goa,15.2993,74.124,1,7,6,39.0,0,473.01,-0.422,76.37,1591,3,Agent,3,2000,250,800
2024-05-10,Goa,15.2993,74.124,0,5,4,39.5,0,353.18,-0.503,87.75,1653,3,Agent,11,2000,250,800
2025-05-09,Varanasi,25.3176,82.9739,0,5,4,34.9,0,793.26,0.571,52.67,1309,2,Kiosk,21,1400,160,500
2024-12-24,Andaman,11.7401,92.6586,0,12,1,19.2,1,1018.71,0.267,91.62,553,3,App,8,900,120,300
2024-01-28,Varanasi,25.3176,82.9739,1,1,6,19.6,0,653.28,-0.211,46.6,1172,2,Web,30,1400,160,500
2024-06-30,Leh,34.1526,77.5771,1,6,6,20.5,0,53.55,0.07,104.26,489,2,Kiosk,13,600,90,220
2024-06-11,Andaman,11.7401,92.6586,0,6,1,39.3,0,536.31,-0.048,92.0,607,3,Agent,18,900,120,300
2025-03-11,Agra,27.1767,78.0081,0,3,1,27.0,0,224.63,0.786,61.09,769,2,Kiosk,12,1300,150,550
2025-09-20,Leh,34.1526,77.5771,1,9,5,9.2,0,456.06,0.128,106.91,286,1,Web,3,600,90,220
2024-10-11,Varanasi,25.3176,82.9739,0,10,4,22.9,0,221.41,-0.045,48.83,831,1,Web,47,1400,160,500
2025-01-01,Jaipur,26.9124,75.7873,0,1,2,20.9,0,570.36,0.486,68.84,1394,3,Web,49,1500,180,600
2024-06-01,Agra,27.1767,78.0081,1,6,5,39.4,0,476.51,0.691,57.54,1290,4,App,11,1300,150,550
2024-04-23,Andaman,11.7401,92.6586,0,4,1,34.0,0,884.65,-0.537,99.78,624,1,Kiosk,35,900,120,300
2024-01-27,Jaipur,26.9124,75.7873,1,1,5,19.1,0,364.23,-0.448,64.37,1411,3,Agent,24,1500,180,600
2025-09-14,Manali,32.2432,77.1892,1,9,6,16.5,0,391.05,0.738,71.33,617,3,Kiosk,4,1200,140,450
2024-12-03,Varanasi,25.3176,82.9739,0,12,1,16.2,0,795.25,0.337,54.96,1235,2,App,3,1400,160,500
2025-07-30,Jaipur,26.9124,75.7873,0,7,2,36.2,0,412.04,0.771,69.98,876,3,Web,22,1500,180,600
2024-01-05,Varanasi,25.3176,82.9739,0,1,4,19.4,0,260.69,0.318,52.15,1011,2,Web,27,1400,160,500
2025-07-21,Kerala,10.8505,76.2711,0,7,0,38.1,0,315.39,-0.469,70.08,1118,2,Web,15,1700,220,700
2024-03-02,Leh,34.1526,77.5771,1,3,5,10.0,0,386.33,-0.939,103.15,440,3,Web,11,600,90,220
2024-11-07,Andaman,11.7401,92.6586,0,11,3,20.5,0,194.24,-0.105,96.4,278,3,Agent,9,900,120,300
2024-03-01,Varanasi,25.3176,82.9739,0,3,4,26.6,0,298.83,-0.08,48.07,960,3,Web,4,1400,160,500
2024-02-01,Andaman,11.7401,92.6586,0,2,3,23.3,0,217.32,-0.079,100.22,452,1,App,4,900,120,300
2025-03-30,Agra,27.1767,78.0081,1,3,6,27.2,0,176.48,0.435,60.86,866,3,Kiosk,5,1300,150,550
2024-11-10,Andaman,11.7401,92.6586,1,11,6,20.6,0,132.59,0.694,91.01,421,2,Kiosk,9,900,120,300
2024-01-05,Varanasi,25.3176,82.9739,0,1,4,20.3,0,272.22,-0.291,54.88,991,2,App,1,1400,160,500
2024-07-17,Manali,32.2432,77.1892,0,7,2,23.6,0,244.76,-0.19,69.25,824,1,Kiosk,14,1200,140,450
2025-03-13,Goa,15.2993,74.124,0,3,3,29.5,0,468.23,0.269,81.01,1762,1,Kiosk,20,2000,250,800
2024-10-13,Kerala,10.8505,76.2711,1,10,6,24.7,0,328.36,-0.571,54.86,1125,2,Kiosk,22,1700,220,700
2024-01-29,Leh,34.1526,77.5771,0,1,0,3.1,0,341.27,0.748,97.71,363,3,Kiosk,9,600,90,220
2025-05-09,Varanasi,25.3176,82.9739,0,5,4,35.2,0,1117.59,-0.013,59.24,1201,2,App,4,1400,160,500
2025-09-07,Manali,32.2432,77.1892,1,9,6,14.1,0,180.04,0.673,72.17,620,2,Kiosk,10,1200,140,450
2025-05-31,Manali,32.2432,77.1892,1,5,5,22.8,0,279.93,-0.142,75.9,960,1,Agent,6,1200,140,450
2025-07-15,Goa,15.2993,74.124,0,7,1,40.0,1,157.42,-0.361,75.59,1111,2,Agent,12,2000,250,800
2024-12-07,Andaman,11.7401,92.6586,1,12,5,18.9,0,402.58,0.043,92.85,700,4,Kiosk,9,900,120,300
2025-08-28,Andaman,11.7401,92.6586,0,8,3,33.0,0,705.48,-0.178,85.8,478,2,Kiosk,2,900,120,300
2025-05-24,Andaman,11.7401,92.6586,1,5,5,37.3,0,332.87,0.057,91.02,604,3,App,11,900,120,300
2024-05-13,Goa,15.2993,74.124,0,5,0,39.0,0,278.61,0.067,84.48,1218,2,Agent,11,2000,250,800
2024-12-19,Kerala,10.8505,76.2711,0,12,3,17.4,0,190.0,-0.164,70.84,904,2,Kiosk,9,1700,220,700
2024-02-08,Kerala,10.8505,76.2711,0,2,3,22.9,0,327.35,0.025,77.98,1074,3,Agent,17,1700,220,700
2024-06-03,Manali,32.2432,77.1892,0,6,0,25.3,0,339.14,0.52,75.19,1019,2,Kiosk,12,1200,140,450
2024-11-12,Kerala,10.8505,76.2711,0,11,1,19.6,0,177.83,0.172,70.1,768,1,Kiosk,20,1700,220,700
2025-03-13,Andaman,11.7401,92.6586,0,3,3,28.2,0,195.52,-0.08,99.07,371,2,App,13,900,120,300
2025-05-14,Goa,15.2993,74.124,0,5,2,39.2,0,359.69,-0.78,84.85,1061,2,App,15,2000,250,800
2024-05-04,Jaipur,26.9124,75.7873,1,5,5,37.6,0,1133.72,0.292,65.43,2108,2,Kiosk,4,1500,180,600
2024-03-09,Andaman,11.7401,92.6586,1,3,5,28.4,0,320.68,-0.207,94.67,595,3,Kiosk,16,900,120,300
2025-06-10,Kerala,10.8505,76.2711,0,6,1,37.8,1,259.59,-0.187,59.57,1114,2,Web,9,1700,220,700
2025-08-03,Agra,27.1767,78.0081,1,8,6,30.5,0,74.54,-0.296,56.43,566,2,Web,27,1300,150,550
2024-01-10,Varanasi,25.3176,82.9739,0,1,2,19.3,0,423.08,-0.821,41.87,934,3,Kiosk,10,1400,160,500
2024-10-14,Jaipur,26.9124,75.7873,0,10,0,22.3,0,832.96,-0.476,55.48,1331,2,Kiosk,7,1500,180,600
2024-11-28,Kerala,10.8505,76.2711,0,11,3,20.6,0,930.27,0.746,66.78,1387,2,Kiosk,6,1700,220,700
2025-05-21,Kerala,10.8505,76.2711,0,5,2,36.7,0,276.03,-0.546,69.56,1336,1,App,14,1700,220,700
2024-04-28,Andaman,11.7401,92.6586,1,4,6,32.5,0,140.63,0.791,92.34,511,2,Web,8,900,120,300
2024-01-22,Kerala,10.8505,76.2711,0,1,0,19.5,0,82.82,-0.353,83.69,979,2,Web,21,1700,220,700
2024-07-28,Goa,15.2993,74.124,1,7,6,39.6,0,399.81,0.574,85.35,1347,3,App,14,2000,250,800
2024-09-30,Andaman,11.7401,92.6586,0,9,0,26.7,0,706.81,0.642,91.13,374,2,App,1,900,120,300
2025-02-08,Jaipur,26.9124,75.7873,1,2,5,23.3,0,290.42,0.255,66.27,1025,1,Agent,18,1500,180,600
2024-08-30,Varanasi,25.3176,82.9739,0,8,4,31.9,0,369.36,-0.122,50.46,865,2,Agent,23,1400,160,500
2025-08-18,Goa,15.2993,74.124,0,8,0,36.9,0,790.29,0.21,80.57,1306,3,Agent,6,2000,250,800
2025-08-20,Jaipur,26.9124,75.7873,0,8,2,33.4,0,185.25,0.978,64.24,553,1,Agent,6,1500,180,600
2025-08-15,Varanasi,25.3176,82.9739,0,8,4,31.8,0,199.85,-0.726,52.62,638,2,Agent,11,1400,160,500
2025-03-03,Manali,32.2432,77.1892,0,3,0,16.3,0,463.29,-0.131,87.52,704,2,Kiosk,4,1200,140,450
2024-10-15,Varanasi,25.3176,82.9739,0,10,1,22.0,0,111.57,0.195,59.97,670,2,Web,9,1400,160,500
2024-03-16,Manali,32.2432,77.1892,1,3,5,13.2,0,528.53,-0.221,72.92,930,1,Kiosk,8,1200,140,450
2024-10-22,Leh,34.1526,77.5771,0,10,1,5.9,0,388.07,-0.215,92.07,307,2,Kiosk,10,600,90,220
2024-03-26,Andaman,11.7401,92.6586,0,3,1,28.6,0,44.62,-0.699,91.25,335,2,Web,5,900,120,300
2024-11-11,Leh,34.1526,77.5771,0,11,0,2.1,0,325.27,0.48,105.47,317,2,Web,11,600,90,220
2025-05-01,Jaipur,26.9124,75.7873,0,5,3,35.8,0,654.89,0.452,61.39,1278,1,Kiosk,13,1500,180,600
2025-07-06,Andaman,11.7401,92.6586,1,7,6,38.2,1,787.1,-0.158,86.86,394,2,Kiosk,22,900,120,300
2024-08-28,Varanasi,25.3176,82.9739,0,8,2,31.2,0,41.24,-0.175,40.45,715,3,Agent,27,1400,160,500
2024-11-04,Kerala,10.8505,76.2711,0,11,0,19.1,0,1296.18,0.932,60.31,1596,2,Kiosk,4,1700,220,700
2025-07-10,Kerala,10.8505,76.2711,0,7,3,39.4,0,538.71,0.604,77.99,1172,2,App,2,1700,220,700
2024-06-05,Varanasi,25.3176,82.9739,0,6,2,35.9,0,249.45,0.405,55.4,878,2,Agent,1,1400,160,500
2024-07-26,Varanasi,25.3176,82.9739,0,7,4,35.9,0,424.29,-0.272,58.83,867,2,App,19,1400,160,500
2025-03-24,Kerala,10.8505,76.2711,0,3,0,28.2,0,48.23,0.219,70.0,1045,2,App,9,1700,220,700
2024-06-22,Andaman,11.7401,92.6586,1,6,5,38.5,0,173.89,0.425,94.08,604,2,Kiosk,4,900,120,300
2025-05-09,Andaman,11.7401,92.6586,0,5,4,37.2,0,254.57,-0.86,96.31,440,3,App,6,900,120,300
2025-02-22,Varanasi,25.3176,82.9739,1,2,5,21.2,0,245.65,-0.254,49.05,1081,3,App,10,1400,160,500
2024-11-25,Varanasi,25.3176,82.9739,0,11,0,18.0,0,180.07,0.962,57.86,742,1,Kiosk,15,1400,160,500
2025-05-22,Jaipur,26.9124,75.7873,0,5,3,35.9,0,496.86,0.704,64.49,1276,1,Web,3,1500,180,600
2025-08-02,Leh,34.1526,77.5771,1,8,5,13.5,0,335.07,-0.706,93.21,485,1,Web,4,600,90,220
2025-03-10,Agra,27.1767,78.0081,0,3,0,28.1,0,404.79,-0.471,56.65,898,2,Kiosk,2,1300,150,550
2024-05-06,Varanasi,25.3176,82.9739,0,5,0,36.2,0,164.38,-0.469,57.55,867,3,Kiosk,4,1400,160,500
2024-09-17,Leh,34.1526,77.5771,0,9,1,8.9,0,437.11,0.184,98.3,251,2,Kiosk,3,600,90,220
2024-02-04,Varanasi,25.3176,82.9739,1,2,6,22.2,0,305.16,-0.764,48.93,901,2,Web,7,1400,160,500
2025-09-19,Agra,27.1767,78.0081,0,9,4,26.6,0,49.45,-0.24,53.73,546,2,Kiosk,1,1300,150,550
2025-08-31,Goa,15.2993,74.124,1,8,6,35.4,0,285.81,-0.31,77.72,901,3,App,6,2000,250,800
2024-01-04,Agra,27.1767,78.0081,0,1,3,17.0,0,165.48,0.193,48.63,859,2,Agent,5,1300,150,550
2024-02-20,Agra,27.1767,78.0081,0,2,1,21.7,1,446.48,-0.205,49.57,646,2,App,11,1300,150,550
2025-04-25,Andaman,11.7401,92.6586,0,4,4,34.3,0,954.51,0.147,93.45,535,1,App,25,900,120,300
2025-03-17,Manali,32.2432,77.1892,0,3,0,15.1,0,304.68,0.298,82.87,684,2,Agent,15,1200,140,450
2024-02-04,Agra,27.1767,78.0081,1,2,6,23.3,0,463.49,0.489,60.65,1142,2,App,19,1300,150,550
2024-05-08,Leh,34.1526,77.5771,0,5,2,16.6,0,131.87,-0.171,98.15,281,3,Kiosk,5,600,90,220
2025-06-02,Jaipur,26.9124,75.7873,0,6,0,38.7,0,944.87,0.323,67.13,1728,2,Web,6,1500,180,600
2025-01-14,Kerala,10.8505,76.2711,0,1,1,19.4,0,214.33,0.449,71.59,823,2,Web,8,1700,220,700
2024-08-30,Leh,34.1526,77.5771,0,8,4,16.1,0,215.89,0.462,97.21,494,1,Kiosk,4,600,90,220
2024-02-02,Varanasi,25.3176,82.9739,0,2,4,22.5,0,151.91,-0.435,53.2,760,1,Kiosk,7,1400,160,500
2025-08-17,Leh,34.1526,77.5771,1,8,6,14.7,0,365.98,0.269,94.21,504,2,Kiosk,10,600,90,220
2025-06-07,Leh,34.1526,77.5771,1,6,5,20.2,0,130.0,-0.119,102.47,433,2,Web,21,600,90,220
2025-04-06,Kerala,10.8505,76.2711,1,4,6,34.4,0,80.8,0.53,75.0,1531,1,Web,12,1700,220,700
2025-03-29,Goa,15.2993,74.124,1,3,5,30.4,0,353.76,-0.046,82.92,1751,2,Kiosk,14,2000,250,800
2024-07-24,Varanasi,25.3176,82.9739,0,7,2,35.5,0,492.1,-0.083,44.34,746,2,Agent,4,1400,160,500
2025-04-23,Manali,32.2432,77.1892,0,4,2,20.2,0,744.2,0.653,85.65,1077,2,Agent,4,1200,140,450
2025-01-05,Leh,34.1526,77.5771,1,1,6,1.0,0,467.58,0.037,94.24,496,2,App,9,600,90,220
2025-08-31,Andaman,11.7401,92.6586,1,8,6,32.9,0,416.59,-0.995,84.29,452,2,Web,10,900,120,300
2025-04-06,Goa,15.2993,74.124,1,4,6,34.4,0,403.96,0.295,87.13,1622,3,Agent,9,2000,250,800
2024-03-22,Goa,15.2993,74.124,0,3,4,30.4,0,296.44,-0.232,84.51,1314,1,App,16,2000,250,800
2024-10-04,Manali,32.2432,77.1892,0,10,4,9.1,0,459.17,1.0,70.8,593,1,Kiosk,3,1200,140,450
2024-05-07,Leh,34.1526,77.5771,0,5,1,19.9,0,656.75,-0.725,94.31,442,1,Kiosk,8,600,90,220
2024-01-04,Agra,27.1767,78.0081,0,1,3,17.8,0,449.24,0.783,53.18,775,3,Kiosk,22,1300,150,550
2025-03-24,Manali,32.2432,77.1892,0,3,0,12.8,0,127.39,0.373,77.54,630,1,Agent,2,1200,140,450
2024-10-17,Agra,27.1767,78.0081,0,10,3,21.7,0,499.43,0.004,57.9,1090,2,Agent,4,1300,150,550
2024-02-11,Varanasi,25.3176,82.9739,1,2,6,22.5,0,924.08,0.063,58.21,1687,2,Agent,6,1400,160,500
2025-09-23,Kerala,10.8505,76.2711,0,9,1,28.8,0,614.32,0.019,64.75,975,2,Kiosk,38,1700,220,700
2025-01-07,Manali,32.2432,77.1892,0,1,1,5.5,0,524.47,-0.187,75.84,771,1,App,5,1200,140,450
2024-02-05,Kerala,10.8505,76.2711,0,2,0,24.0,0,527.06,0.142,78.82,1055,3,App,3,1700,220,700
2024-09-19,Andaman,11.7401,92.6586,0,9,3,30.0,0,149.71,0.464,80.84,330,3,Web,6,900,120,300
2024-02-01,Agra,27.1767,78.0081,0,2,3,23.3,0,604.18,-0.891,55.29,1089,2,Kiosk,15,1300,150,550
2024-03-29,Manali,32.2432,77.1892,0,3,4,14.0,0,518.22,0.684,76.34,1079,3,Agent,19,1200,140,450
2024-12-12,Jaipur,26.9124,75.7873,0,12,3,18.2,0,548.7,0.109,61.8,1100,2,Kiosk,1,1500,180,600
2024-01-06,Kerala,10.8505,76.2711,1,1,5,19.8,0,684.02,0.945,61.85,1964,2,App,10,1700,220,700
2024-07-12,Varanasi,25.3176,82.9739,0,7,4,35.5,1,606.76,-0.778,51.17,912,3,Agent,10,1400,160,500
2025-08-28,Kerala,10.8505,76.2711,0,8,3,34.0,0,160.76,-0.064,65.12,858,3,App,12,1700,220,700
2024-10-30,Goa,15.2993,74.124,0,10,2,24.7,0,272.99,0.05,78.78,1100,3,Agent,10,2000,250,800
2025-08-28,Andaman,11.7401,92.6586,0,8,3,32.9,0,257.16,-0.053,90.05,428,3,Agent,9,900,120,300
2024-05-27,Manali,32.2432,77.1892,0,5,0,24.4,0,440.45,0.119,82.12,532,2,Kiosk,8,1200,140,450
2024-12-22,Manali,32.2432,77.1892,1,12,6,5.7,0,353.61,0.359,62.11,915,3,App,9,1200,140,450
2024-08-28,Jaipur,26.9124,75.7873,0,8,2,34.5,0,42.78,0.18,73.03,460,3,Kiosk,3,1500,180,600
2024-09-28,Agra,27.1767,78.0081,1,9,5,27.0,0,386.78,-0.397,55.09,888,2,App,10,1300,150,550
2025-05-12,Agra,27.1767,78.0081,0,5,0,34.6,0,189.86,-0.229,52.42,763,3,Kiosk,34,1300,150,550
2024-05-04,Varanasi,25.3176,82.9739,1,5,5,35.8,0,362.16,0.012,58.99,1060,2,Web,10,1400,160,500
2025-07-01,Agra,27.1767,78.0081,0,7,1,35.2,0,143.04,-0.261,48.09,831,3,Web,5,1300,150,550
2024-08-17,Goa,15.2993,74.124,1,8,5,35.3,1,456.35,-0.673,81.26,914,3,Web,5,2000,250,800
2024-03-12,Agra,27.1767,78.0081,0,3,1,28.2,0,166.1,-0.524,55.68,1073,3,Web,18,1300,150,550
2024-09-29,Leh,34.1526,77.5771,1,9,6,9.1,0,455.73,-0.381,96.53,334,2,Web,7,600,90,220
2024-09-02,Andaman,11.7401,92.6586,0,9,0,27.9,0,33.28,0.136,85.09,318,3,Web,8,900,120,300
2025-06-17,Andaman,11.7401,92.6586,0,6,1,36.7,0,172.5,0.16,88.97,435,1,App,27,900,120,300
2024-03-03,Goa,15.2993,74.124,1,3,6,30.4,0,252.53,0.68,82.14,1290,2,App,14,2000,250,800
2024-08-08,Andaman,11.7401,92.6586,0,8,3,31.5,1,148.12,0.301,85.56,352,2,Agent,19,900,120,300
2024-06-03,Varanasi,25.3176,82.9739,0,6,0,36.8,0,115.13,-0.015,61.1,845,2,Web,4,1400,160,500
2024-02-09,Leh,34.1526,77.5771,0,2,4,5.0,0,405.31,-0.732,87.63,427,1,Agent,9,600,90,220
2024-03-18,Jaipur,26.9124,75.7873,0,3,0,27.6,0,220.91,-0.113,66.15,955,2,Agent,4,1500,180,600
2025-08-06,Jaipur,26.9124,75.7873,0,8,2,32.6,0,733.8,0.388,68.72,976,2,Agent,11,1500,180,600
2024-08-10,Varanasi,25.3176,82.9739,1,8,5,32.4,1,211.21,-0.279,52.9,752,3,Web,9,1400,160,500
2025-05-01,Andaman,11.7401,92.6586,0,5,3,37.0,0,199.85,0.04,104.27,413,1,App,23,900,120,300
2024-04-21,Agra,27.1767,78.0081,1,4,6,32.4,0,568.15,-0.184,58.42,1069,1,Kiosk,13,1300,150,550
2024-09-28,Jaipur,26.9124,75.7873,1,9,5,29.6,0,69.12,-0.069,64.51,633,2,Web,16,1500,180,600
2025-02-21,Goa,15.2993,74.124,0,2,4,24.7,0,237.16,0.394,82.33,1681,2,Agent,13,2000,250,800
2024-02-07,Varanasi,25.3176,82.9739,0,2,2,19.3,0,711.18,0.045,47.16,718,3,App,7,1400,160,500
2024-12-15,Andaman,11.7401,92.6586,1,12,6,18.6,0,268.28,0.798,85.68,651,2,Web,3,900,120,300
2024-05-08,Jaipur,26.9124,75.7873,0,5,2,35.8,0,776.87,-0.482,67.07,1236,2,Web,9,1500,180,600
2025-03-16,Agra,27.1767,78.0081,1,3,6,28.4,0,515.13,0.09,60.11,1221,3,Kiosk,36,1300,150,550
2025-07-16,Goa,15.2993,74.124,0,7,2,39.5,0,564.49,0.389,86.06,1054,2,App,3,2000,250,800
2025-01-22,Varanasi,25.3176,82.9739,0,1,2,16.5,0,628.91,0.806,53.76,952,2,App,27,1400,160,500
2024-04-30,Leh,34.1526,77.5771,0,4,1,14.9,0,362.53,0.046,100.69,400,2,Agent,15,600,90,220
2025-02-27,Leh,34.1526,77.5771,0,2,3,4.3,0,175.64,0.36,96.65,303,2,Kiosk,7,600,90,220
2025-01-11,Andaman,11.7401,92.6586,1,1,5,21.1,0,236.93,-0.19,97.63,613,3,Kiosk,16,900,120,300
2024-08-11,Varanasi,25.3176,82.9739,1,8,6,32.8,0,482.19,-0.335,53.53,798,3,Agent,8,1400,160,500
2025-09-19,Varanasi,25.3176,82.9739,0,9,4,26.1,0,301.92,0.526,59.54,496,1,Kiosk,19,1400,160,500
2024-04-15,Agra,27.1767,78.0081,0,4,0,30.7,0,1603.34,0.235,54.29,1770,3,Web,18,1300,150,550
2024-08-01,Jaipur,26.9124,75.7873,0,8,3,32.6,0,445.18,-0.189,56.33,751,1,Agent,16,1500,180,600
2025-08-18,Manali,32.2432,77.1892,0,8,0,20.6,1,117.07,0.722,71.09,639,3,Kiosk,3,1200,140,450
2025-07-18,Manali,32.2432,77.1892,0,7,4,23.5,0,386.64,0.157,72.88,689,1,Agent,15,1200,140,450
2025-05-19,Jaipur,26.9124,75.7873,0,5,0,36.0,0,237.47,0.124,61.06,866,1,Web,12,1500,180,600
2024-09-27,Jaipur,26.9124,75.7873,0,9,4,28.0,0,498.1,0.246,58.11,826,3,Kiosk,15,1500,180,600
2024-01-14,Manali,32.2432,77.1892,1,1,6,6.6,0,207.09,-0.153,67.83,763,2,Web,9,1200,140,450
2024-04-29,Manali,32.2432,77.1892,0,4,0,18.6,0,596.98,0.156,81.02,828,2,Kiosk,8,1200,140,450
2024-05-18,Manali,32.2432,77.1892,1,5,5,24.0,1,358.37,-0.297,76.81,493,3,Agent,3,1200,140,450
2024-02-27,Varanasi,25.3176,82.9739,0,2,1,22.5,0,495.77,0.304,53.64,715,3,Agent,9,1400,160,500
2024-12-13,Agra,27.1767,78.0081,0,12,4,17.0,0,172.93,-0.077,57.58,750,2,Kiosk,8,1300,150,550
2025-01-02,Manali,32.2432,77.1892,0,1,3,5.0,0,180.01,-0.085,62.54,757,3,Kiosk,9,1200,140,450
2024-12-13,Leh,34.1526,77.5771,0,12,4,-0.9,0,383.34,-0.445,99.24,256,1,App,16,600,90,220
2024-09-15,Agra,27.1767,78.0081,1,9,6,25.8,0,212.96,0.327,51.15,867,2,Web,2,1300,150,550
2024-02-12,Andaman,11.7401,92.6586,0,2,0,23.0,0,768.83,0.382,98.22,660,1,Kiosk,16,900,120,300
2024-10-06,Goa,15.2993,74.124,1,10,6,24.6,0,979.62,0.111,80.95,1771,2,Web,11,2000,250,800
2024-04-29,Agra,27.1767,78.0081,0,4,0,32.1,0,254.11,0.347,56.35,1215,3,Kiosk,5,1300,150,550
2024-08-13,Andaman,11.7401,92.6586,0,8,1,33.7,0,753.06,-0.411,88.71,417,2,Kiosk,11,900,120,300
2024-04-18,Andaman,11.7401,92.6586,0,4,3,32.0,0,564.06,-0.041,99.16,734,2,Agent,10,900,120,300
2024-12-02,Goa,15.2993,74.124,0,12,0,19.1,0,50.74,0.019,80.24,974,1,Web,10,2000,250,800
2025-02-24,Leh,34.1526,77.5771,0,2,0,5.8,0,182.44,-0.703,98.67,374,1,Agent,9,600,90,220
2025-09-28,Jaipur,26.9124,75.7873,1,9,6,26.3,0,475.37,-0.644,55.36,895,2,App,10,1500,180,600
2024-05-08,Jaipur,26.9124,75.7873,0,5,2,36.4,0,555.0,0.242,64.76,1584,2,App,2,1500,180,600
2024-11-10,Leh,34.1526,77.5771,1,11,6,1.9,0,177.2,-0.019,93.49,370,2,Kiosk,3,600,90,220
2025-03-21,Agra,27.1767,78.0081,0,3,4,27.9,0,85.4,0.026,55.87,643,3,App,10,1300,150,550
2024-09-13,Varanasi,25.3176,82.9739,0,9,4,27.6,0,159.03,0.29,55.43,537,2,Web,8,1400,160,500
2025-08-27,Jaipur,26.9124,75.7873,0,8,2,33.4,0,386.61,-1.0,60.0,1058,1,Kiosk,13,1500,180,600
2025-07-09,Jaipur,26.9124,75.7873,0,7,2,36.7,0,255.43,0.984,69.05,872,3,Agent,11,1500,180,600
2024-12-09,Leh,34.1526,77.5771,0,12,0,-0.2,0,485.61,-1.0,94.45,316,3,App,10,600,90,220
2024-11-17,Goa,15.2993,74.124,1,11,6,21.7,0,123.64,-0.286,72.84,903,1,Web,12,2000,250,800
2025-07-16,Manali,32.2432,77.1892,0,7,2,23.1,0,118.07,0.413,77.37,701,1,Kiosk,3,1200,140,450
2024-04-23,Kerala,10.8505,76.2711,0,4,1,34.0,0,614.55,-0.207,76.12,1384,2,App,17,1700,220,700
2025-02-25,Jaipur,26.9124,75.7873,0,2,1,23.0,0,759.06,0.625,71.75,1383,2,App,7,1500,180,600
2024-06-06,Manali,32.2432,77.1892,0,6,3,23.2,0,207.74,-0.339,77.33,1246,1,App,12,1200,140,450
2024-02-03,Jaipur,26.9124,75.7873,1,2,5,22.8,0,427.98,0.15,59.59,1360,1,Agent,8,1500,180,600
2025-01-05,Kerala,10.8505,76.2711,1,1,6,21.0,0,51.17,0.97,65.6,1242,3,Kiosk,24,1700,220,700
2025-03-06,Manali,32.2432,77.1892,0,3,3,14.7,0,308.33,0.251,78.25,744,2,App,7,1200,140,450
2024-05-06,Jaipur,26.9124,75.7873,0,5,0,36.4,0,781.94,0.008,61.38,956,1,Web,8,1500,180,600
2024-12-15,Kerala,10.8505,76.2711,1,12,6,17.9,1,148.58,-0.146,65.43,1018,2,Agent,16,1700,220,700
2025-05-31,Leh,34.1526,77.5771,1,5,5,18.0,0,1405.96,0.933,112.19,798,2,Agent,14,600,90,220
2025-09-17,Leh,34.1526,77.5771,0,9,2,11.5,0,521.78,0.025,93.75,260,2,App,31,600,90,220
2025-08-10,Andaman,11.7401,92.6586,1,8,6,34.2,0,836.53,0.469,91.76,443,3,Agent,2,900,120,300
2024-07-02,Jaipur,26.9124,75.7873,0,7,1,36.5,0,687.66,-0.454,61.65,1115,1,App,10,1500,180,600
2025-05-28,Goa,15.2993,74.124,0,5,2,38.2,0,1729.5,0.227,78.5,2640,2,Web,5,2000,250,800
2024-05-09,Agra,27.1767,78.0081,0,5,3,35.9,0,846.79,-0.194,66.42,1327,3,Web,34,1300,150,550
2025-02-19,Leh,34.1526,77.5771,0,2,2,5.2,0,740.35,0.699,104.79,422,2,Web,3,600,90,220
2025-07-12,Jaipur,26.9124,75.7873,1,7,5,35.9,0,295.71,0.905,66.64,998,2,Agent,19,1500,180,600
2025-04-21,Jaipur,26.9124,75.7873,0,4,0,31.9,0,252.85,0.256,68.09,1039,3,App,21,1500,180,600
2025-04-04,Kerala,10.8505,76.2711,0,4,4,33.8,0,658.7,0.585,73.69,1462,1,Kiosk,4,1700,220,700
2024-07-03,Kerala,10.8505,76.2711,0,7,2,37.0,0,367.15,0.83,69.19,776,2,App,15,1700,220,700
2025-09-09,Varanasi,25.3176,82.9739,0,9,1,27.2,0,215.56,0.687,56.7,577,3,Kiosk,20,1400,160,500
2025-07-19,Goa,15.2993,74.124,1,7,5,37.4,0,560.7,-0.6,79.24,1555,2,Kiosk,4,2000,250,800
2024-10-26,Kerala,10.8505,76.2711,1,10,5,23.5,0,199.62,-0.026,77.29,908,2,Kiosk,22,1700,220,700
2025-03-20,Goa,15.2993,74.124,0,3,3,29.1,0,351.77,-0.081,73.09,1078,2,Agent,3,2000,250,800
2024-06-12,Jaipur,26.9124,75.7873,0,6,2,38.9,0,112.4,0.191,58.8,954,3,App,20,1500,180,600
2024-08-14,Andaman,11.7401,92.6586,0,8,2,32.6,0,647.68,-0.291,88.84,294,2,Web,10,900,120,300
2024-08-14,Kerala,10.8505,76.2711,0,8,2,33.8,0,178.29,-0.84,62.83,666,3,Web,8,1700,220,700
2024-06-26,Andaman,11.7401,92.6586,0,6,2,38.2,1,392.12,-0.203,97.04,472,3,Web,19,900,120,300
2024-03-26,Varanasi,25.3176,82.9739,0,3,1,27.1,0,290.59,0.899,60.7,1156,2,Web,15,1400,160,500
2025-04-29,Jaipur,26.9124,75.7873,0,4,1,33.5,0,323.03,0.256,68.75,968,2,Kiosk,4,1500,180,600
2024-02-14,Jaipur,26.9124,75.7873,0,2,2,24.1,0,382.78,-0.357,66.11,1030,2,Agent,19,1500,180,600
2024-12-27,Andaman,11.7401,92.6586,0,12,4,18.8,0,495.47,-0.04,95.43,460,3,Agent,7,900,120,300
2025-08-06,Kerala,10.8505,76.2711,0,8,2,33.1,1,95.25,-0.19,66.39,745,3,Kiosk,1,1700,220,700
2024-04-17,Andaman,11.7401,92.6586,0,4,2,33.0,0,643.65,0.643,91.86,607,3,App,2,900,120,300
2024-12-22,Andaman,11.7401,92.6586,1,12,6,18.6,0,950.7,-0.343,88.8,630,2,App,9,900,120,300
2024-01-20,Kerala,10.8505,76.2711,1,1,5,20.6,1,378.28,0.001,70.63,1420,2,App,6,1700,220,700
2025-08-21,Andaman,11.7401,92.6586,0,8,3,32.6,0,417.59,-0.003,87.49,407,1,Agent,31,900,120,300
2025-03-25,Agra,27.1767,78.0081,0,3,1,26.1,0,603.4,0.82,59.18,881,3,App,2,1300,150,550
2024-02-09,Varanasi,25.3176,82.9739,0,2,4,21.2,0,208.98,-0.391,52.03,685,2,Agent,9,1400,160,500
2024-11-11,Jaipur,26.9124,75.7873,0,11,0,20.2,0,1835.57,-0.424,60.64,1909,1,Kiosk,4,1500,180,600
2024-09-20,Jaipur,26.9124,75.7873,0,9,4,27.5,0,142.74,0.541,60.71,432,2,Kiosk,2,1500,180,600
2025-08-25,Goa,15.2993,74.124,0,8,0,36.0,1,200.73,-0.62,74.2,755,2,Kiosk,15,2000,250,800
2025-02-15,Kerala,10.8505,76.2711,1,2,5,22.0,0,280.38,0.239,72.58,1410,3,Web,13,1700,220,700
2025-07-14,Jaipur,26.9124,75.7873,0,7,0,37.9,1,251.83,-0.104,67.86,721,2,Kiosk,14,1500,180,600
2024-06-09,Jaipur,26.9124,75.7873,1,6,6,37.2,0,611.17,0.402,60.86,1489,2,Agent,3,1500,180,600
2024-08-31,Jaipur,26.9124,75.7873,1,8,5,32.1,1,290.92,0.403,70.88,961,2,Agent,12,1500,180,600
2025-08-10,Agra,27.1767,78.0081,1,8,6,31.2,0,226.07,0.563,62.04,981,2,Kiosk,9,1300,150,550
2025-05-03,Manali,32.2432,77.1892,1,5,5,25.3,0,165.33,0.43,85.8,752,1,Kiosk,7,1200,140,450
2025-02-18,Goa,15.2993,74.124,0,2,1,24.9,0,210.84,0.152,89.53,1199,3,Web,6,2000,250,800
2024-10-21,Agra,27.1767,78.0081,0,10,0,22.0,0,492.18,0.743,60.11,739,1,Agent,2,1300,150,550
2025-04-10,Varanasi,25.3176,82.9739,0,4,3,33.1,0,268.27,-0.098,62.27,919,2,App,5,1400,160,500
2024-10-29,Goa,15.2993,74.124,0,10,1,24.5,0,125.26,-0.296,78.67,910,3,Agent,7,2000,250,800
2024-10-28,Goa,15.2993,74.124,0,10,0,25.0,0,539.11,-0.408,75.97,944,1,Web,21,2000,250,800
2024-08-02,Andaman,11.7401,92.6586,0,8,4,33.2,0,58.16,0.366,86.68,235,2,Web,43,900,120,300
2025-01-22,Jaipur,26.9124,75.7873,0,1,2,19.8,0,1344.81,0.703,65.46,1369,3,Agent,4,1500,180,600
2025-03-04,Kerala,10.8505,76.2711,0,3,1,29.4,0,186.82,0.354,67.73,1186,2,App,15,1700,220,700
2024-06-11,Andaman,11.7401,92.6586,0,6,1,38.5,0,396.07,1.0,96.01,449,2,Agent,19,900,120,300
2024-03-07,Agra,27.1767,78.0081,0,3,3,27.3,0,310.5,0.03,56.85,868,2,Kiosk,13,1300,150,550
2025-03-05,Leh,34.1526,77.5771,0,3,2,8.3,0,728.81,0.486,89.91,433,2,App,21,600,90,220
2025-06-14,Andaman,11.7401,92.6586,1,6,5,38.3,0,347.13,0.604,94.09,613,2,Kiosk,8,900,120,300
2024-06-21,Andaman,11.7401,92.6586,0,6,4,38.9,0,89.13,0.045,98.61,270,1,Web,8,900,120,300
2025-06-10,Goa,15.2993,74.124,0,6,1,39.2,0,447.16,-0.189,83.13,1445,3,Web,32,2000,250,800
2024-11-24,Goa,15.2993,74.124,1,11,6,20.8,0,363.1,-0.145,79.94,1193,1,Kiosk,6,2000,250,800
2024-05-24,Jaipur,26.9124,75.7873,0,5,4,36.6,0,359.16,0.009,70.3,993,1,Web,10,1500,180,600
2025-06-27,Varanasi,25.3176,82.9739,0,6,4,37.6,1,318.23,-0.412,55.54,984,2,Web,4,1400,160,500
2024-02-02,Agra,27.1767,78.0081,0,2,4,23.2,0,180.79,0.035,54.58,885,3,App,7,1300,150,550
2024-11-28,Agra,27.1767,78.0081,0,11,3,18.2,0,508.43,-0.643,62.6,691,4,App,14,1300,150,550
2024-01-20,Leh,34.1526,77.5771,1,1,5,-0.1,0,660.86,0.071,92.31,587,2,App,4,600,90,220
2024-03-04,Jaipur,26.9124,75.7873,0,3,0,27.9,0,87.08,0.32,65.17,1109,1,App,1,1500,180,600
2024-03-20,Jaipur,26.9124,75.7873,0,3,2,28.8,0,191.3,0.924,58.3,950,2,Agent,4,1500,180,600
2024-07-07,Manali,32.2432,77.1892,1,7,6,23.3,0,495.94,-0.07,79.61,1029,3,Kiosk,5,1200,140,450
2025-07-19,Jaipur,26.9124,75.7873,1,7,5,37.5,0,220.31,0.329,57.68,1278,3,Web,20,1500,180,600
2024-07-12,Kerala,10.8505,76.2711,0,7,4,38.2,0,65.41,-0.654,52.17,902,2,Agent,17,1700,220,700
2025-01-04,Leh,34.1526,77.5771,1,1,5,2.3,0,704.54,0.377,100.77,625,3,Kiosk,12,600,90,220
2025-05-27,Jaipur,26.9124,75.7873,0,5,1,35.5,0,362.84,0.096,69.09,1005,1,Agent,10,1500,180,600
2025-02-17,Agra,27.1767,78.0081,0,2,0,23.2,0,286.84,-0.266,57.59,696,2,Web,3,1300,150,550
2025-02-01,Varanasi,25.3176,82.9739,1,2,5,21.6,0,271.91,0.111,49.93,1201,2,App,4,1400,160,500
2025-01-28,Kerala,10.8505,76.2711,0,1,1,20.8,0,312.58,-0.126,66.44,1309,1,Kiosk,26,1700,220,700
2024-03-22,Kerala,10.8505,76.2711,0,3,4,28.2,0,83.18,-0.336,69.13,621,3,Kiosk,12,1700,220,700
2025-04-19,Jaipur,26.9124,75.7873,1,4,5,32.2,0,100.67,-0.225,73.28,1018,2,Agent,2,1500,180,600
2025-01-12,Goa,15.2993,74.124,1,1,6,22.9,0,450.8,0.056,84.75,1748,2,Web,14,2000,250,800
2024-02-03,Agra,27.1767,78.0081,1,2,5,19.7,0,525.07,-0.499,49.52,1429,3,App,4,1300,150,550
2025-07-28,Kerala,10.8505,76.2711,0,7,0,36.7,0,325.0,0.12,65.89,941,1,Web,16,1700,220,700
2025-01-17,Manali,32.2432,77.1892,0,1,4,7.4,0,889.5,-0.236,74.73,1056,2,Kiosk,8,1200,140,450
2024-07-22,Kerala,10.8505,76.2711,0,7,0,37.0,0,560.32,0.605,75.71,1208,1,Kiosk,26,1700,220,700
2024-08-26,Agra,27.1767,78.0081,0,8,0,31.5,0,86.31,0.066,51.75,691,2,Web,30,1300,150,550
2024-12-05,Varanasi,25.3176,82.9739,0,12,3,16.3,0,301.21,-0.276,51.05,789,3,Kiosk,7,1400,160,500
2024-04-19,Goa,15.2993,74.124,0,4,4,35.0,0,300.39,-0.119,79.6,1182,3,Kiosk,6,2000,250,800
2024-02-02,Agra,27.1767,78.0081,0,2,4,20.8,0,1027.42,0.65,62.56,1525,2,App,10,1300,150,550
2025-07-03,Jaipur,26.9124,75.7873,0,7,3,38.2,0,128.82,0.372,63.14,665,1,Kiosk,9,1500,180,600
2024-12-07,Andaman,11.7401,92.6586,1,12,5,17.9,0,395.3,0.614,89.9,592,3,Kiosk,13,900,120,300
2024-03-20,Leh,34.1526,77.5771,0,3,2,9.3,0,288.14,0.637,109.73,350,2,Kiosk,12,600,90,220
2025-08-13,Goa,15.2993,74.124,0,8,2,34.9,0,298.22,0.144,78.27,996,2,Kiosk,10,2000,250,800
2025-09-14,Jaipur,26.9124,75.7873,1,9,6,27.3,0,482.69,-0.131,65.62,939,4,Kiosk,8,1500,180,600
2025-09-12,Varanasi,25.3176,82.9739,0,9,4,26.0,0,247.12,0.158,53.92,592,1,Web,8,1400,160,500
2025-08-29,Varanasi,25.3176,82.9739,0,8,4,31.8,0,423.22,0.166,45.88,966,1,Web,1,1400,160,500
2024-10-05,Jaipur,26.9124,75.7873,1,10,5,23.0,0,1373.87,-0.115,51.36,1644,3,Agent,50,1500,180,600
2024-04-03,Varanasi,25.3176,82.9739,0,4,2,31.5,0,956.8,0.397,55.99,973,2,Agent,6,1400,160,500
2024-06-17,Manali,32.2432,77.1892,0,6,0,24.7,0,295.7,-0.231,79.46,996,1,Agent,14,1200,140,450
2025-02-27,Goa,15.2993,74.124,0,2,3,24.6,0,761.45,0.36,82.63,1401,2,Web,31,2000,250,800
2024-03-07,Leh,34.1526,77.5771,0,3,3,9.7,0,157.06,0.382,99.42,286,1,Web,9,600,90,220
2024-10-30,Agra,27.1767,78.0081,0,10,2,21.9,1,282.85,0.146,58.33,626,2,App,11,1300,150,550
2024-07-14,Goa,15.2993,74.124,1,7,6,37.4,0,202.31,0.382,81.4,1326,3,Agent,9,2000,250,800
2025-04-10,Agra,27.1767,78.0081,0,4,3,30.7,1,55.48,-1.0,60.7,878,3,Web,2,1300,150,550
2025-03-19,Andaman,11.7401,92.6586,0,3,2,27.3,0,275.07,-1.0,101.62,518,2,App,8,900,120,300
2024-02-01,Goa,15.2993,74.124,0,2,3,26.4,0,582.08,-0.015,85.58,1559,2,Agent,6,2000,250,800
2024-04-28,Jaipur,26.9124,75.7873,1,4,6,32.7,0,477.39,0.513,59.98,1508,3,Agent,4,1500,180,600
2024-03-20,Agra,27.1767,78.0081,0,3,2,27.3,0,431.95,1.0,67.78,1126,3,Agent,22,1300,150,550
2024-10-12,Varanasi,25.3176,82.9739,1,10,5,22.1,0,452.83,0.22,45.3,919,2,App,2,1400,160,500
2025-06-12,Kerala,10.8505,76.2711,0,6,3,38.4,0,487.26,-0.157,62.17,1342,2,Kiosk,9,1700,220,700
2024-01-11,Andaman,11.7401,92.6586,0,1,3,18.7,0,116.67,-0.334,101.52,504,2,Web,11,900,120,300
2024-11-04,Kerala,10.8505,76.2711,0,11,0,19.6,0,536.23,0.289,70.63,1005,2,Agent,1,1700,220,700
2025-08-10,Goa,15.2993,74.124,1,8,6,34.6,0,485.18,-0.424,84.39,1026,3,Agent,9,2000,250,800
2024-09-27,Leh,34.1526,77.5771,0,9,4,10.1,0,190.98,0.275,97.7,202,3,App,19,600,90,220
2024-05-14,Jaipur,26.9124,75.7873,0,5,1,38.3,0,524.92,0.566,65.6,1125,2,Kiosk,13,1500,180,600
2025-09-27,Varanasi,25.3176,82.9739,1,9,5,26.0,0,392.41,0.073,50.98,806,3,Kiosk,5,1400,160,500
2024-09-05,Leh,34.1526,77.5771,0,9,3,9.2,0,1368.27,0.247,97.81,327,1,Kiosk,7,600,90,220
2024-02-20,Kerala,10.8505,76.2711,0,2,1,24.8,1,168.63,-0.162,72.01,854,3,Web,8,1700,220,700
2024-09-16,Goa,15.2993,74.124,0,9,0,29.8,0,390.84,0.928,77.17,884,3,Web,5,2000,250,800
2025-05-22,Kerala,10.8505,76.2711,0,5,3,39.2,0,68.7,1.0,78.47,719,1,Agent,10,1700,220,700
2024-06-01,Varanasi,25.3176,82.9739,1,6,5,37.1,0,322.95,0.086,53.75,745,2,App,6,1400,160,500
2024-02-11,Varanasi,25.3176,82.9739,1,2,6,22.7,0,382.92,0.317,50.99,950,2,Agent,8,1400,160,500
2025-05-16,Leh,34.1526,77.5771,0,5,4,18.3,0,548.46,-0.762,85.26,376,3,Agent,8,600,90,220
2024-04-22,Andaman,11.7401,92.6586,0,4,0,34.7,0,981.23,-0.878,96.6,960,1,Kiosk,10,900,120,300
2025-06-02,Kerala,10.8505,76.2711,0,6,0,38.4,0,340.17,-0.24,66.28,919,3,Web,46,1700,220,700
2025-04-27,Manali,32.2432,77.1892,1,4,6,20.4,0,621.05,-0.516,73.72,1076,3,Kiosk,12,1200,140,450
2024-01-18,Kerala,10.8505,76.2711,0,1,3,21.8,0,40.79,0.774,62.68,1189,1,Web,4,1700,220,700
2024-08-05,Kerala,10.8505,76.2711,0,8,0,35.0,0,101.32,-0.245,72.55,775,3,Agent,13,1700,220,700
2024-02-20,Goa,15.2993,74.124,0,2,1,23.5,0,606.28,-0.474,79.82,1234,2,App,7,2000,250,800
2024-12-08,Leh,34.1526,77.5771,1,12,6,1.8,0,453.01,-0.47,90.91,363,3,Kiosk,35,600,90,220
2024-03-31,Jaipur,26.9124,75.7873,1,3,6,28.0,0,189.1,1.0,70.46,1386,3,Kiosk,23,1500,180,600
2025-04-20,Varanasi,25.3176,82.9739,1,4,6,30.3,0,131.92,-0.397,57.2,903,3,App,8,1400,160,500
2025-07-08,Kerala,10.8505,76.2711,0,7,1,37.9,0,142.2,-0.303,66.3,868,2,Agent,19,1700,220,700
2024-12-10,Kerala,10.8505,76.2711,0,12,1,18.7,0,393.68,-0.035,64.89,1366,3,App,15,1700,220,700
2024-08-16,Kerala,10.8505,76.2711,0,8,4,33.6,0,403.49,0.596,66.3,679,3,Kiosk,16,1700,220,700
2024-08-21,Varanasi,25.3176,82.9739,0,8,2,32.1,0,545.89,0.075,48.16,719,2,Kiosk,10,1400,160,500
2024-01-17,Jaipur,26.9124,75.7873,0,1,2,19.3,0,186.78,0.282,67.53,740,2,Web,12,1500,180,600
2024-07-19,Agra,27.1767,78.0081,0,7,4,37.9,1,400.3,0.144,51.99,957,2,Agent,4,1300,150,550
2024-11-18,Leh,34.1526,77.5771,0,11,0,1.8,0,165.96,-0.549,86.04,267,2,Kiosk,1,600,90,220
2024-01-21,Andaman,11.7401,92.6586,1,1,6,19.5,0,810.75,0.627,87.43,617,3,Agent,4,900,120,300
2024-06-01,Andaman,11.7401,92.6586,1,6,5,37.9,0,301.21,0.388,100.84,554,2,App,16,900,120,300
2025-01-13,Andaman,11.7401,92.6586,0,1,0,19.4,0,315.68,-0.421,91.61,466,2,App,12,900,120,300
2024-06-23,Goa,15.2993,74.124,1,6,6,38.7,1,154.56,-0.445,71.89,1172,2,Kiosk,23,2000,250,800
2025-06-18,Agra,27.1767,78.0081,0,6,2,37.7,0,423.38,0.052,61.64,985,1,Kiosk,5,1300,150,550
2025-01-06,Leh,34.1526,77.5771,0,1,0,0.8,0,567.48,0.006,95.0,477,3,Kiosk,3,600,90,220
2024-01-16,Jaipur,26.9124,75.7873,0,1,1,18.6,0,324.1,0.479,61.38,1240,2,App,5,1500,180,600
2024-03-20,Goa,15.2993,74.124,0,3,2,28.8,0,401.88,-0.131,63.86,1743,2,Agent,5,2000,250,800
2024-10-17,Andaman,11.7401,92.6586,0,10,3,22.2,0,670.34,0.255,93.98,387,3,Web,4,900,120,300
2025-06-18,Kerala,10.8505,76.2711,0,6,2,39.4,1,316.32,-0.143,78.61,830,2,App,15,1700,220,700
2024-05-18,Agra,27.1767,78.0081,1,5,5,36.1,0,367.67,-0.472,58.02,1394,1,App,14,1300,150,550
2024-02-27,Manali,32.2432,77.1892,0,2,1,9.2,0,158.99,0.011,74.99,582,3,App,12,1200,140,450
2025-05-01,Manali,32.2432,77.1892,0,5,3,23.0,0,1049.5,-0.507,83.23,1039,2,Kiosk,3,1200,140,450
2024-02-18,Manali,32.2432,77.1892,1,2,6,10.2,0,806.58,0.538,82.99,1066,2,App,25,1200,140,450
2025-03-05,Kerala,10.8505,76.2711,0,3,2,27.4,0,189.65,-0.039,77.79,836,2,App,18,1700,220,700
2025-03-19,Andaman,11.7401,92.6586,0,3,2,26.9,0,561.49,-0.47,97.77,649,1,Web,20,900,120,300
2024-08-04,Andaman,11.7401,92.6586,1,8,6,32.7,0,156.12,0.579,93.86,432,1,Kiosk,22,900,120,300
2024-03-19,Agra,27.1767,78.0081,0,3,1,25.9,1,594.32,0.099,57.32,931,2,Web,2,1300,150,550
2025-06-15,Agra,27.1767,78.0081,1,6,6,37.5,0,305.42,0.354,54.72,1064,1,Web,11,1300,150,550
2024-12-18,Andaman,11.7401,92.6586,0,12,2,18.1,0,1012.5,-0.607,100.01,585,3,Agent,11,900,120,300
2025-05-13,Leh,34.1526,77.5771,0,5,1,16.4,0,178.61,-0.792,103.06,457,2,Web,9,600,90,220
2025-06-01,Agra,27.1767,78.0081,1,6,6,36.3,0,73.25,-0.546,59.22,975,3,Agent,5,1300,150,550
2024-12-10,Kerala,10.8505,76.2711,0,12,1,17.4,0,75.65,0.157,68.9,844,1,App,1,1700,220,700
2024-07-18,Kerala,10.8505,76.2711,0,7,3,36.3,0,274.49,-0.735,64.69,864,3,Agent,32,1700,220,700
2024-05-18,Goa,15.2993,74.124,1,5,5,38.9,0,500.63,0.445,85.09,2147,2,Web,17,2000,250,800
2024-09-29,Agra,27.1767,78.0081,1,9,6,25.8,0,1208.92,0.592,55.7,1438,1,Kiosk,9,1300,150,550
2024-07-24,Goa,15.2993,74.124,0,7,2,38.7,0,166.6,-0.989,80.32,1231,2,Agent,2,2000,250,800
2025-03-18,Jaipur,26.9124,75.7873,0,3,1,28.0,0,573.56,0.173,64.05,1517,3,Web,10,1500,180,600
2024-10-20,Kerala,10.8505,76.2711,1,10,6,23.8,0,246.49,0.93,65.33,1292,1,App,22,1700,220,700
2024-07-07,Andaman,11.7401,92.6586,1,7,6,37.7,0,279.64,-0.02,87.24,412,2,Web,2,900,120,300
2025-07-28,Jaipur,26.9124,75.7873,0,7,0,38.5,1,241.38,-0.421,68.66,752,3,Web,2,1500,180,600
2024-02-17,Agra,27.1767,78.0081,1,2,5,23.3,0,365.23,0.704,55.52,763,2,Web,30,1300,150,550
2025-04-12,Varanasi,25.3176,82.9739,1,4,5,34.0,0,412.03,0.304,52.25,1175,2,App,8,1400,160,500
2025-08-13,Varanasi,25.3176,82.9739,0,8,2,32.4,0,433.95,0.803,50.33,828,1,Web,14,1400,160,500
2024-01-30,Jaipur,26.9124,75.7873,0,1,1,19.5,0,192.6,-0.559,66.65,828,2,Agent,16,1500,180,600
2024-02-02,Agra,27.1767,78.0081,0,2,4,21.3,0,220.56,0.614,66.63,878,3,Kiosk,15,1300,150,550
2024-07-17,Varanasi,25.3176,82.9739,0,7,2,35.3,0,254.21,0.409,55.1,739,3,Web,3,1400,160,500
2025-05-08,Andaman,11.7401,92.6586,0,5,3,37.2,0,600.04,0.537,94.75,738,2,Web,9,900,120,300
2025-01-15,Agra,27.1767,78.0081,0,1,2,19.1,0,57.84,0.15,60.84,930,2,Agent,2,1300,150,550
2024-09-09,Leh,34.1526,77.5771,0,9,0,9.5,0,484.09,-0.436,90.75,340,3,Kiosk,6,600,90,220
2024-05-10,Jaipur,26.9124,75.7873,0,5,4,37.4,0,431.56,-0.206,67.6,933,3,Agent,3,1500,180,600
2024-04-16,Leh,34.1526,77.5771,0,4,1,15.6,0,552.64,0.759,103.98,357,2,App,9,600,90,220
2025-01-07,Andaman,11.7401,92.6586,0,1,1,18.9,0,458.8,0.033,102.71,553,3,Kiosk,13,900,120,300
2024-09-10,Kerala,10.8505,76.2711,0,9,1,28.9,0,162.16,-0.013,68.39,522,2,Kiosk,4,1700,220,700
2024-07-16,Andaman,11.7401,92.6586,0,7,1,36.6,1,427.96,-0.087,95.51,413,3,Kiosk,7,900,120,300
2024-07-30,Leh,34.1526,77.5771,0,7,1,20.3,0,406.93,-0.475,105.36,483,3,Kiosk,3,600,90,220
2025-07-13,Agra,27.1767,78.0081,1,7,6,35.8,0,1198.15,-0.251,58.13,1170,3,App,11,1300,150,550
2024-03-08,Varanasi,25.3176,82.9739,0,3,4,27.6,0,421.17,-0.222,53.82,1063,1,Web,30,1400,160,500
2025-02-28,Andaman,11.7401,92.6586,0,2,4,23.1,0,195.68,0.413,91.01,478,3,Kiosk,10,900,120,300
2025-07-28,Leh,34.1526,77.5771,0,7,0,18.4,0,383.82,1.0,95.76,565,2,Kiosk,26,600,90,220
2025-02-22,Leh,34.1526,77.5771,1,2,5,5.1,0,345.92,-1.0,99.27,340,3,App,8,600,90,220
2025-05-17,Manali,32.2432,77.1892,1,5,5,25.8,0,309.37,-0.199,76.64,776,1,App,24,1200,140,450
2025-08-09,Agra,27.1767,78.0081,1,8,5,33.7,0,77.38,-0.366,50.33,624,2,Kiosk,16,1300,150,550
2024-08-16,Andaman,11.7401,92.6586,0,8,4,33.3,0,250.29,0.049,86.08,337,3,App,6,900,120,300
2025-03-04,Andaman,11.7401,92.6586,0,3,1,27.8,0,109.87,0.391,95.94,494,2,Kiosk,7,900,120,300
2024-04-10,Leh,34.1526,77.5771,0,4,2,14.7,0,140.63,0.148,108.17,321,3,App,17,600,90,220
2024-04-28,Goa,15.2993,74.124,1,4,6,35.2,0,247.0,-0.036,80.5,1790,2,Web,45,2000,250,800
2025-04-09,Kerala,10.8505,76.2711,0,4,2,34.1,0,170.19,0.043,63.86,1013,2,App,7,1700,220,700
2024-12-19,Andaman,11.7401,92.6586,0,12,3,19.8,0,195.63,-0.402,93.47,254,2,Kiosk,22,900,120,300
2024-06-01,Leh,34.1526,77.5771,1,6,5,19.9,0,1615.12,-1.0,102.61,1093,2,Agent,14,600,90,220
2024-12-21,Leh,34.1526,77.5771,1,12,5,-0.4,0,202.44,0.177,88.51,258,2,Web,3,600,90,220
2025-03-15,Leh,34.1526,77.5771,1,3,5,9.6,0,273.37,-0.658,99.16,454,2,App,1,600,90,220
2025-04-24,Goa,15.2993,74.124,0,4,3,35.7,0,941.24,0.46,79.48,2614,1,Kiosk,8,2000,250,800
2024-12-05,Jaipur,26.9124,75.7873,0,12,3,16.9,0,381.26,-0.234,60.46,1008,3,Web,4,1500,180,600
2025-03-13,Goa,15.2993,74.124,0,3,3,30.3,0,135.52,0.459,82.28,1022,2,Agent,10,2000,250,800
2024-10-01,Goa,15.2993,74.124,0,10,1,23.5,0,488.12,-0.044,78.58,977,2,Agent,27,2000,250,800
2024-10-14,Leh,34.1526,77.5771,0,10,0,4.1,0,154.75,0.24,99.44,267,3,Agent,26,600,90,220
2025-07-24,Jaipur,26.9124,75.7873,0,7,3,36.9,0,279.83,0.165,62.25,1047,1,App,20,1500,180,600
2025-03-01,Jaipur,26.9124,75.7873,1,3,5,27.7,0,103.88,0.408,72.14,838,1,Agent,12,1500,180,600
2025-09-11,Varanasi,25.3176,82.9739,0,9,3,28.0,0,765.0,-0.852,48.98,668,2,App,13,1400,160,500
2025-07-16,Leh,34.1526,77.5771,0,7,2,19.2,0,149.44,-0.526,100.55,367,4,Kiosk,12,600,90,220
2024-08-09,Jaipur,26.9124,75.7873,0,8,4,33.4,1,350.71,-0.123,58.4,842,1,Kiosk,13,1500,180,600
2025-08-09,Andaman,11.7401,92.6586,1,8,5,32.4,0,70.0,-0.332,93.8,319,3,App,4,900,120,300
2025-09-09,Manali,32.2432,77.1892,0,9,1,15.3,0,199.43,-0.282,73.29,447,2,Agent,7,1200,140,450
2025-04-15,Manali,32.2432,77.1892,0,4,1,19.9,0,159.88,0.463,78.08,635,4,Agent,10,1200,140,450
2025-01-03,Agra,27.1767,78.0081,0,1,4,19.4,0,282.95,0.094,48.93,946,3,Kiosk,7,1300,150,550
2024-02-23,Jaipur,26.9124,75.7873,0,2,4,20.8,0,427.27,0.156,62.6,1313,1,App,7,1500,180,600
2025-07-11,Kerala,10.8505,76.2711,0,7,4,36.5,0,150.97,-0.159,66.92,921,1,App,2,1700,220,700
2025-08-26,Manali,32.2432,77.1892,0,8,1,20.5,0,235.65,0.013,71.7,597,1,Kiosk,10,1200,140,450
2024-02-28,Varanasi,25.3176,82.9739,0,2,2,22.8,0,233.8,0.766,55.27,978,1,Agent,11,1400,160,500
2024-08-01,Goa,15.2993,74.124,0,8,3,33.5,0,329.57,0.83,74.13,969,2,Agent,2,2000,250,800
2025-04-11,Varanasi,25.3176,82.9739,0,4,4,32.2,0,35.04,0.103,48.78,636,2,Kiosk,18,1400,160,500
2024-06-02,Agra,27.1767,78.0081,1,6,6,38.6,0,952.64,0.661,51.08,1439,2,Agent,18,1300,150,550
2024-08-07,Varanasi,25.3176,82.9739,0,8,2,33.1,0,184.42,0.168,47.0,746,1,Web,6,1400,160,500
2024-10-25,Leh,34.1526,77.5771,0,10,4,4.1,0,518.21,0.797,92.4,370,2,Agent,7,600,90,220
2025-02-26,Kerala,10.8505,76.2711,0,2,2,25.2,0,171.24,0.001,81.54,851,3,Kiosk,28,1700,220,700
2024-03-08,Varanasi,25.3176,82.9739,0,3,4,26.1,0,289.58,-0.277,50.38,1606,2,Agent,10,1400,160,500
2024-04-21,Kerala,10.8505,76.2711,1,4,6,33.3,0,158.96,-0.15,76.16,1261,2,Kiosk,7,1700,220,700
2025-03-01,Leh,34.1526,77.5771,1,3,5,11.4,0,97.21,0.972,98.14,388,1,Agent,11,600,90,220
2024-07-28,Varanasi,25.3176,82.9739,1,7,6,34.1,0,529.16,-0.014,57.01,1258,1,Web,7,1400,160,500
2025-04-02,Agra,27.1767,78.0081,0,4,2,31.5,0,401.53,0.737,67.27,953,1,Agent,5,1300,150,550
2024-06-14,Manali,32.2432,77.1892,0,6,4,25.1,0,262.72,0.74,72.49,804,1,App,12,1200,140,450
2024-04-07,Manali,32.2432,77.1892,1,4,6,19.7,0,116.26,0.157,75.42,733,4,Web,2,1200,140,450
2024-02-08,Agra,27.1767,78.0081,0,2,3,23.2,0,107.05,0.202,55.83,529,2,Web,6,1300,150,550
2024-06-19,Kerala,10.8505,76.2711,0,6,2,39.2,0,284.0,0.021,62.46,1280,2,App,11,1700,220,700
2024-03-10,Goa,15.2993,74.124,1,3,6,29.8,0,732.66,0.105,73.76,2085,2,Agent,20,2000,250,800
2025-06-26,Agra,27.1767,78.0081,0,6,3,37.6,0,94.45,0.231,51.57,779,2,Web,4,1300,150,550
2024-02-12,Varanasi,25.3176,82.9739,0,2,0,22.5,0,929.48,0.193,53.7,1242,2,Agent,22,1400,160,500
2025-04-05,Jaipur,26.9124,75.7873,1,4,5,32.0,0,110.24,0.665,66.84,1302,2,App,11,1500,180,600
2025-09-22,Agra,27.1767,78.0081,0,9,0,26.8,0,501.76,-0.828,53.29,771,3,Agent,8,1300,150,550
2024-09-06,Goa,15.2993,74.124,0,9,4,29.4,1,203.34,0.854,85.31,756,1,Kiosk,19,2000,250,800
2024-04-14,Agra,27.1767,78.0081,1,4,6,31.4,0,396.06,-0.585,63.25,1337,3,Agent,5,1300,150,550
2024-10-23,Goa,15.2993,74.124,0,10,2,23.9,0,264.29,0.177,74.19,1004,2,Agent,4,2000,250,800
2024-12-06,Manali,32.2432,77.1892,0,12,4,5.1,1,230.65,-0.742,70.77,663,1,Agent,2,1200,140,450
2025-03-31,Leh,34.1526,77.5771,0,3,0,9.9,0,55.44,-0.558,111.91,292,2,Kiosk,6,600,90,220
2025-02-13,Kerala,10.8505,76.2711,0,2,3,25.0,0,762.97,0.253,74.57,1418,3,App,11,1700,220,700
2025-01-15,Leh,34.1526,77.5771,0,1,2,2.4,0,81.07,-0.157,98.53,272,3,Kiosk,5,600,90,220
2024-05-26,Andaman,11.7401,92.6586,1,5,6,37.1,0,249.76,-0.254,94.09,678,2,Kiosk,6,900,120,300
2024-07-26,Varanasi,25.3176,82.9739,0,7,4,35.8,0,819.14,0.802,49.85,1043,2,Agent,5,1400,160,500
2024-02-08,Agra,27.1767,78.0081,0,2,3,22.0,0,319.39,0.089,61.51,866,2,Kiosk,20,1300,150,550
2024-01-05,Goa,15.2993,74.124,0,1,4,20.2,0,111.94,-0.14,89.37,1457,2,App,12,2000,250,800
2025-09-25,Kerala,10.8505,76.2711,0,9,3,30.3,1,88.58,-0.666,61.26,673,1,App,10,1700,220,700
2025-09-22,Leh,34.1526,77.5771,0,9,0,8.8,0,188.77,0.076,105.31,232,2,Kiosk,12,600,90,220
2024-04-24,Leh,34.1526,77.5771,0,4,2,15.1,0,443.28,-0.612,94.11,301,3,Kiosk,5,600,90,220
2024-06-21,Andaman,11.7401,92.6586,0,6,4,38.2,1,234.87,0.097,95.38,472,2,App,27,900,120,300
2025-02-09,Jaipur,26.9124,75.7873,1,2,6,21.5,1,128.16,-0.047,65.49,1130,2,App,13,1500,180,600
2024-03-21,Leh,34.1526,77.5771,0,3,3,10.1,0,89.55,0.255,107.74,310,1,App,5,600,90,220
2024-03-01,Leh,34.1526,77.5771,0,3,4,11.6,0,144.09,0.592,103.77,267,2,Agent,20,600,90,220
2025-01-01,Leh,34.1526,77.5771,0,1,2,2.5,0,236.0,-0.405,103.01,449,1,App,16,600,90,220
2024-01-30,Manali,32.2432,77.1892,0,1,1,5.8,0,525.71,-1.0,69.75,972,2,Agent,21,1200,140,450
2024-11-02,Manali,32.2432,77.1892,1,11,5,5.9,0,795.78,-0.451,76.18,892,3,Kiosk,11,1200,140,450
2025-02-05,Jaipur,26.9124,75.7873,0,2,2,22.7,0,201.82,0.233,60.57,877,4,Agent,12,1500,180,600
2024-07-21,Jaipur,26.9124,75.7873,1,7,6,37.5,0,339.36,0.168,57.16,1089,2,Kiosk,6,1500,180,600
2024-10-09,Andaman,11.7401,92.6586,0,10,2,22.6,0,378.48,-0.347,84.56,393,1,Web,11,900,120,300
2024-05-12,Manali,32.2432,77.1892,1,5,6,21.5,0,458.2,0.071,71.73,916,3,App,5,1200,140,450
2025-08-02,Andaman,11.7401,92.6586,1,8,5,31.9,0,265.88,-0.181,99.75,415,1,Agent,4,900,120,300
2024-01-26,Leh,34.1526,77.5771,0,1,4,1.8,0,412.21,-0.122,95.41,324,3,Web,11,600,90,220
2024-09-24,Goa,15.2993,74.124,0,9,1,28.3,1,175.05,-0.363,86.02,742,2,App,19,2000,250,800
2024-04-15,Leh,34.1526,77.5771,0,4,0,15.6,0,191.52,-0.241,106.25,432,2,Kiosk,13,600,90,220
2025-01-19,Jaipur,26.9124,75.7873,1,1,6,19.1,0,303.53,0.194,65.95,1621,2,App,8,1500,180,600
2024-12-29,Jaipur,26.9124,75.7873,1,12,6,17.7,0,461.91,0.926,63.73,1095,2,Agent,3,1500,180,600
2024-10-04,Varanasi,25.3176,82.9739,0,10,4,23.2,0,470.51,-0.402,47.61,861,3,Kiosk,5,1400,160,500
2025-03-15,Leh,34.1526,77.5771,1,3,5,9.7,1,1064.04,-0.446,101.77,379,2,Web,4,600,90,220
2025-09-22,Jaipur,26.9124,75.7873,0,9,0,28.0,0,589.83,0.963,65.3,881,3,Kiosk,11,1500,180,600
2024-12-04,Goa,15.2993,74.124,0,12,2,18.7,0,642.82,0.515,86.58,1177,4,App,11,2000,250,800
2025-07-30,Kerala,10.8505,76.2711,0,7,2,36.4,1,99.12,0.193,73.47,691,3,Kiosk,7,1700,220,700
2024-03-14,Agra,27.1767,78.0081,0,3,3,27.6,0,445.03,-0.212,52.46,858,1,Kiosk,2,1300,150,550
2024-07-11,Kerala,10.8505,76.2711,0,7,3,38.5,0,111.46,-0.425,67.54,950,1,Kiosk,2,1700,220,700
2025-09-10,Agra,27.1767,78.0081,0,9,2,25.4,0,153.25,0.003,61.4,533,1,Agent,7,1300,150,550
2024-07-07,Kerala,10.8505,76.2711,1,7,6,39.0,0,103.41,0.279,67.24,889,3,App,5,1700,220,700
2024-08-20,Kerala,10.8505,76.2711,0,8,1,35.9,0,541.16,-0.151,75.88,1118,3,Web,1,1700,220,700
2025-01-10,Goa,15.2993,74.124,0,1,4,21.5,0,348.58,0.493,80.27,1441,3,Agent,14,2000,250,800
2024-07-05,Jaipur,26.9124,75.7873,0,7,4,36.2,0,185.79,0.138,64.65,848,2,App,15,1500,180,600
2024-08-31,Varanasi,25.3176,82.9739,1,8,5,32.4,0,939.0,0.897,48.84,1410,3,Web,19,1400,160,500
2024-04-11,Agra,27.1767,78.0081,0,4,3,31.3,0,42.9,0.746,55.3,733,3,Web,12,1300,150,550
2024-04-02,Jaipur,26.9124,75.7873,0,4,1,34.7,0,473.61,-0.073,72.49,1099,3,Web,13,1500,180,600
2024-02-14,Agra,27.1767,78.0081,0,2,2,22.3,0,79.56,-0.096,60.82,889,1,Kiosk,11,1300,150,550
2024-09-12,Jaipur,26.9124,75.7873,0,9,3,27.5,0,135.99,0.786,60.97,388,1,Kiosk,4,1500,180,600
2024-08-16,Jaipur,26.9124,75.7873,0,8,4,34.8,0,166.02,0.549,56.67,799,3,Web,18,1500,180,600
2025-03-20,Varanasi,25.3176,82.9739,0,3,3,27.7,0,112.85,0.094,61.46,610,1,Agent,9,1400,160,500
2025-07-07,Manali,32.2432,77.1892,0,7,0,24.6,0,849.52,0.316,78.88,1328,1,Web,7,1200,140,450
2025-05-04,Andaman,11.7401,92.6586,1,5,6,36.6,0,2065.03,0.415,93.68,1284,1,App,34,900,120,300
2025-08-06,Leh,34.1526,77.5771,0,8,2,14.6,0,275.2,0.042,100.03,410,3,Web,35,600,90,220
2025-05-13,Manali,32.2432,77.1892,0,5,1,25.1,0,94.54,-0.672,81.19,501,3,Kiosk,1,1200,140,450
2025-03-30,Jaipur,26.9124,75.7873,1,3,6,27.3,1,378.59,0.325,67.43,1216,2,Web,24,1500,180,600
2025-01-22,Jaipur,26.9124,75.7873,0,1,2,19.2,0,215.02,0.414,65.82,1139,2,Web,6,1500,180,600
2024-06-03,Manali,32.2432,77.1892,0,6,0,25.5,0,350.14,0.224,78.55,922,2,App,4,1200,140,450
2024-05-05,Jaipur,26.9124,75.7873,1,5,6,36.6,0,325.93,-0.591,64.48,1317,3,App,18,1500,180,600
2025-07-04,Kerala,10.8505,76.2711,0,7,4,38.0,0,406.19,0.167,60.25,966,1,Agent,21,1700,220,700
2024-06-27,Agra,27.1767,78.0081,0,6,3,36.9,0,903.76,0.609,62.75,1060,3,App,27,1300,150,550
2025-01-29,Agra,27.1767,78.0081,0,1,2,18.9,0,248.87,-0.534,62.02,730,3,Web,17,1300,150,550
2024-11-21,Andaman,11.7401,92.6586,0,11,3,19.8,0,324.66,-0.344,80.58,469,1,App,10,900,120,300
2024-04-07,Leh,34.1526,77.5771,1,4,6,15.7,1,475.74,0.423,108.93,479,2,App,5,600,90,220
2024-03-08,Leh,34.1526,77.5771,0,3,4,11.0,0,593.57,-0.371,97.53,363,2,Agent,6,600,90,220
2024-12-21,Agra,27.1767,78.0081,1,12,5,16.5,0,136.69,0.307,57.5,799,1,App,22,1300,150,550
2025-09-17,Kerala,10.8505,76.2711,0,9,2,30.2,0,559.23,0.211,63.87,1007,2,Agent,5,1700,220,700
2025-07-12,Agra,27.1767,78.0081,1,7,5,35.8,0,229.38,-0.116,54.4,854,2,Web,1,1300,150,550
2024-12-18,Leh,34.1526,77.5771,0,12,2,-1.5,0,320.09,1.0,97.85,400,1,Web,4,600,90,220
2024-11-11,Leh,34.1526,77.5771,0,11,0,1.6,0,293.43,0.333,97.0,293,1,Kiosk,16,600,90,220
2024-09-25,Andaman,11.7401,92.6586,0,9,2,27.7,1,170.58,-0.455,88.3,295,1,Agent,11,900,120,300
2024-08-05,Agra,27.1767,78.0081,0,8,0,33.2,1,268.44,-0.272,58.24,521,1,Web,7,1300,150,550
2025-02-26,Manali,32.2432,77.1892,0,2,2,8.7,0,236.6,0.156,85.84,530,2,Agent,12,1200,140,450
2025-05-23,Agra,27.1767,78.0081,0,5,4,36.6,0,173.79,-0.388,54.88,964,2,Web,2,1300,150,550
2025-09-28,Andaman,11.7401,92.6586,1,9,6,27.2,0,195.2,-1.0,98.8,322,4,Agent,16,900,120,300
2024-02-17,Agra,27.1767,78.0081,1,2,5,22.7,0,274.81,-0.661,60.36,947,1,Agent,13,1300,150,550
2024-01-07,Leh,34.1526,77.5771,1,1,6,0.4,0,574.66,0.564,100.73,616,1,Web,57,600,90,220
2025-04-06,Varanasi,25.3176,82.9739,1,4,6,33.7,0,201.57,0.257,52.39,1351,1,Agent,2,1400,160,500
2024-08-13,Andaman,11.7401,92.6586,0,8,1,32.1,0,491.25,0.359,102.22,375,2,Web,14,900,120,300
2024-08-02,Leh,34.1526,77.5771,0,8,4,16.6,0,1511.58,0.092,99.2,649,3,App,13,600,90,220
2024-01-04,Leh,34.1526,77.5771,0,1,3,1.4,0,252.52,-0.353,103.22,293,3,Web,6,600,90,220
2025-08-02,Andaman,11.7401,92.6586,1,8,5,33.7,0,707.54,0.242,98.48,400,2,Kiosk,7,900,120,300
2024-07-03,Manali,32.2432,77.1892,0,7,2,25.3,0,669.25,-0.321,70.28,1031,2,App,7,1200,140,450
2024-05-24,Agra,27.1767,78.0081,0,5,4,35.2,0,242.94,0.079,51.5,949,1,Kiosk,4,1300,150,550
2025-08-27,Varanasi,25.3176,82.9739,0,8,2,32.0,0,198.92,0.296,47.87,617,2,Agent,14,1400,160,500
2025-05-27,Kerala,10.8505,76.2711,0,5,1,37.5,0,613.4,0.118,71.87,1488,2,Kiosk,2,1700,220,700
2024-07-18,Jaipur,26.9124,75.7873,0,7,3,38.7,0,244.87,0.673,62.35,770,4,Kiosk,10,1500,180,600
2025-01-31,Andaman,11.7401,92.6586,0,1,4,19.7,0,141.17,0.791,84.83,456,3,Web,13,900,120,300
2024-05-17,Kerala,10.8505,76.2711,0,5,4,36.3,0,488.09,0.792,72.47,1503,2,Kiosk,8,1700,220,700
2024-02-20,Leh,34.1526,77.5771,0,2,1,3.8,0,349.99,-0.251,107.96,362,2,Web,20,600,90,220
2025-04-29,Andaman,11.7401,92.6586,0,4,1,31.8,0,495.86,0.784,95.3,545,2,Kiosk,21,900,120,300
2024-03-15,Jaipur,26.9124,75.7873,0,3,4,27.9,0,227.88,-0.206,73.01,847,4,Agent,4,1500,180,600
2024-04-21,Goa,15.2993,74.124,1,4,6,34.0,0,583.63,0.038,76.5,2360,2,Agent,48,2000,250,800
2024-07-09,Kerala,10.8505,76.2711,0,7,1,38.3,0,562.37,-0.614,74.86,1334,3,Agent,17,1700,220,700
2024-05-22,Agra,27.1767,78.0081,0,5,2,35.4,0,673.75,0.062,59.96,963,2,Agent,13,1300,150,550
2024-04-18,Agra,27.1767,78.0081,0,4,3,33.3,0,378.2,-0.224,54.14,1081,4,Kiosk,11,1300,150,550
2025-08-28,Manali,32.2432,77.1892,0,8,3,20.4,0,359.65,-0.191,73.38,638,2,Web,6,1200,140,450
2025-01-18,Varanasi,25.3176,82.9739,1,1,5,18.1,0,34.31,-0.481,56.09,877,3,Agent,7,1400,160,500
2025-01-07,Leh,34.1526,77.5771,0,1,1,0.9,0,787.45,-0.867,105.82,461,3,Agent,12,600,90,220
2024-06-22,Goa,15.2993,74.124,1,6,5,39.7,0,526.62,-0.215,72.11,1528,2,Kiosk,7,2000,250,800
2024-02-19,Leh,34.1526,77.5771,0,2,0,5.5,0,777.09,0.863,100.56,465,2,Kiosk,14,600,90,220
2024-11-15,Manali,32.2432,77.1892,0,11,4,7.3,0,277.95,-0.332,67.93,680,3,App,2,1200,140,450
2025-06-04,Jaipur,26.9124,75.7873,0,6,2,38.0,0,172.17,0.494,59.22,890,2,Web,7,1500,180,600
2024-08-19,Goa,15.2993,74.124,0,8,0,36.4,0,211.15,0.54,83.5,801,4,Kiosk,1,2000,250,800
2025-01-27,Agra,27.1767,78.0081,0,1,0,20.6,0,434.56,-0.622,68.91,881,2,Agent,15,1300,150,550
2024-10-04,Manali,32.2432,77.1892,0,10,4,8.3,0,175.05,0.017,74.29,546,2,Kiosk,6,1200,140,450
2024-03-21,Agra,27.1767,78.0081,0,3,3,27.4,0,330.87,0.529,62.94,1026,2,Agent,20,1300,150,550
2024-07-28,Agra,27.1767,78.0081,1,7,6,35.7,0,685.51,-0.372,47.25,944,1,Agent,31,1300,150,550
2024-10-26,Manali,32.2432,77.1892,1,10,5,10.3,0,645.92,0.664,68.37,755,2,Kiosk,10,1200,140,450
2025-01-26,Goa,15.2993,74.124,1,1,6,19.9,0,201.74,-0.252,86.46,1597,3,Agent,6,2000,250,800
2024-10-08,Varanasi,25.3176,82.9739,0,10,1,22.9,0,472.37,0.711,48.3,1059,2,Kiosk,10,1400,160,500
2025-04-02,Manali,32.2432,77.1892,0,4,2,19.2,0,192.47,0.396,72.1,888,3,Kiosk,23,1200,140,450
2024-05-17,Leh,34.1526,77.5771,0,5,4,19.5,0,381.19,-0.674,107.34,419,2,App,2,600,90,220
2024-05-24,Manali,32.2432,77.1892,0,5,4,23.4,0,335.25,-0.496,79.81,730,2,Web,24,1200,140,450
2025-08-11,Andaman,11.7401,92.6586,0,8,0,32.6,0,481.39,0.318,89.98,467,1,Agent,24,900,120,300
2025-06-20,Andaman,11.7401,92.6586,0,6,4,39.7,0,671.95,0.138,89.52,608,2,App,4,900,120,300
2024-07-05,Goa,15.2993,74.124,0,7,4,39.5,0,642.24,-0.584,78.9,1389,2,Web,25,2000,250,800
2024-11-14,Manali,32.2432,77.1892,0,11,3,6.3,0,290.35,-0.938,75.76,563,2,Agent,4,1200,140,450
2024-06-11,Andaman,11.7401,92.6586,0,6,1,37.2,0,91.87,-0.346,86.71,316,3,Web,5,900,120,300
2024-03-23,Kerala,10.8505,76.2711,1,3,5,30.0,0,541.7,0.636,69.03,2088,2,Kiosk,3,1700,220,700
2025-02-03,Jaipur,26.9124,75.7873,0,2,0,22.3,0,93.02,0.43,54.04,672,2,Web,21,1500,180,600
2024-05-20,Manali,32.2432,77.1892,0,5,0,25.2,0,293.17,0.639,67.21,619,1,Agent,21,1200,140,450
2025-05-30,Agra,27.1767,78.0081,0,5,4,35.3,0,510.24,-0.162,59.23,886,3,App,8,1300,150,550
2024-06-12,Andaman,11.7401,92.6586,0,6,2,39.9,0,248.93,-0.221,98.04,525,3,Agent,25,900,120,300
2024-11-23,Kerala,10.8505,76.2711,1,11,5,20.2,1,219.4,0.403,74.81,1140,2,Web,10,1700,220,700
2024-11-14,Agra,27.1767,78.0081,0,11,3,17.3,0,314.24,0.038,51.91,794,4,Web,2,1300,150,550
2024-10-21,Andaman,11.7401,92.6586,0,10,0,22.7,0,299.76,-0.155,88.36,391,3,Web,1,900,120,300
2024-04-26,Manali,32.2432,77.1892,0,4,4,21.2,0,1009.03,0.263,74.8,845,2,Web,5,1200,140,450
2024-07-23,Goa,15.2993,74.124,0,7,1,38.2,0,276.84,0.208,74.28,985,1,Web,4,2000,250,800
2025-01-11,Leh,34.1526,77.5771,1,1,5,0.9,0,472.06,0.096,102.49,489,2,Web,13,600,90,220
2025-05-01,Manali,32.2432,77.1892,0,5,3,25.3,0,387.92,-0.393,74.01,724,3,Web,12,1200,140,450
2024-01-10,Agra,27.1767,78.0081,0,1,2,18.8,0,350.29,0.509,53.06,879,2,App,8,1300,150,550
2025-01-25,Manali,32.2432,77.1892,1,1,5,5.9,0,167.22,0.988,69.6,661,2,Agent,4,1200,140,450
2024-01-15,Agra,27.1767,78.0081,0,1,0,19.2,0,99.26,0.039,57.9,825,1,App,8,1300,150,550
2025-05-21,Manali,32.2432,77.1892,0,5,2,22.5,1,119.59,-0.961,86.35,488,2,Agent,11,1200,140,450
2025-05-14,Leh,34.1526,77.5771,0,5,2,19.3,0,782.08,0.357,102.69,478,1,Web,8,600,90,220
2024-01-06,Manali,32.2432,77.1892,1,1,5,8.0,0,1309.87,0.121,74.37,1171,1,Web,12,1200,140,450
2024-01-26,Leh,34.1526,77.5771,0,1,4,-0.3,0,441.17,0.597,99.13,428,2,Kiosk,8,600,90,220
2024-10-21,Kerala,10.8505,76.2711,0,10,0,23.0,0,538.21,0.298,69.66,1166,3,Agent,5,1700,220,700
2024-06-09,Manali,32.2432,77.1892,1,6,6,25.4,0,408.71,-0.787,83.61,1086,2,App,6,1200,140,450
2024-12-26,Goa,15.2993,74.124,0,12,3,19.0,0,576.33,0.309,76.06,1325,3,Kiosk,18,2000,250,800
2024-11-02,Manali,32.2432,77.1892,1,11,5,6.0,0,50.59,-0.285,74.75,688,2,Kiosk,14,1200,140,450
2025-03-08,Agra,27.1767,78.0081,1,3,5,26.9,0,633.35,-0.053,67.91,1432,1,Agent,10,1300,150,550
2024-06-06,Agra,27.1767,78.0081,0,6,3,39.2,0,139.31,0.626,62.5,720,2,Kiosk,13,1300,150,550
2024-05-05,Leh,34.1526,77.5771,1,5,6,19.6,0,476.49,0.89,98.38,405,3,Web,14,600,90,220
2025-07-07,Kerala,10.8505,76.2711,0,7,0,37.8,0,153.35,1.0,69.25,871,2,App,3,1700,220,700
2024-09-12,Jaipur,26.9124,75.7873,0,9,3,29.5,0,10.71,-0.278,65.88,552,1,Agent,9,1500,180,600
2025-01-27,Varanasi,25.3176,82.9739,0,1,0,18.4,0,344.68,0.364,52.86,975,1,Agent,9,1400,160,500
2024-09-13,Agra,27.1767,78.0081,0,9,4,25.2,0,354.77,0.236,48.43,705,1,Agent,22,1300,150,550
2025-06-27,Agra,27.1767,78.0081,0,6,4,36.6,0,512.06,-0.188,59.84,983,3,Web,21,1300,150,550
2024-07-07,Kerala,10.8505,76.2711,1,7,6,37.9,0,763.44,-1.0,67.44,1530,1,App,14,1700,220,700
2025-03-30,Agra,27.1767,78.0081,1,3,6,25.5,0,743.02,0.577,57.41,1399,1,Agent,9,1300,150,550
2024-09-17,Agra,27.1767,78.0081,0,9,1,25.3,0,363.86,0.068,56.15,712,2,Web,18,1300,150,550
2025-05-12,Manali,32.2432,77.1892,0,5,0,23.4,1,201.32,0.001,88.67,639,2,App,32,1200,140,450
2024-10-13,Manali,32.2432,77.1892,1,10,6,9.0,0,334.4,-0.05,77.92,750,3,Web,2,1200,140,450
2025-05-07,Agra,27.1767,78.0081,0,5,2,34.5,0,424.52,-0.016,59.19,918,2,Agent,2,1300,150,550
2024-11-16,Manali,32.2432,77.1892,1,11,5,5.3,0,139.17,1.0,68.37,601,2,App,3,1200,140,450
2025-01-26,Manali,32.2432,77.1892,1,1,6,5.9,1,341.26,0.348,69.23,941,2,Kiosk,9,1200,140,450
2025-06-22,Agra,27.1767,78.0081,1,6,6,36.9,0,567.04,0.141,49.89,1128,2,App,7,1300,150,550
2025-04-10,Kerala,10.8505,76.2711,0,4,3,33.2,0,996.92,-0.186,76.08,1524,3,Web,12,1700,220,700
2024-03-14,Kerala,10.8505,76.2711,0,3,3,28.5,0,559.25,-0.65,68.98,1346,2,Web,7,1700,220,700
2024-06-19,Agra,27.1767,78.0081,0,6,2,38.4,1,135.48,-0.514,58.36,575,2,Kiosk,1,1300,150,550
2024-07-04,Goa,15.2993,74.124,0,7,3,38.7,0,163.22,0.188,94.71,812,3,Web,11,2000,250,800
2024-11-28,Kerala,10.8505,76.2711,0,11,3,20.0,0,640.09,-0.945,54.76,1329,3,Agent,11,1700,220,700
2024-01-03,Leh,34.1526,77.5771,0,1,2,1.5,0,117.18,-0.095,100.5,351,3,Agent,28,600,90,220
2025-01-01,Goa,15.2993,74.124,0,1,2,22.0,0,280.93,0.675,76.0,1296,2,App,30,2000,250,800
2024-10-28,Varanasi,25.3176,82.9739,0,10,0,22.6,0,137.78,-0.026,54.22,541,1,Agent,12,1400,160,500
2024-11-14,Agra,27.1767,78.0081,0,11,3,17.6,0,274.17,0.388,55.85,647,1,Web,20,1300,150,550
2024-01-26,Jaipur,26.9124,75.7873,0,1,4,21.3,0,599.42,0.359,59.25,990,3,Kiosk,26,1500,180,600
2025-05-28,Agra,27.1767,78.0081,0,5,2,35.4,0,320.12,0.264,58.97,940,2,Web,11,1300,150,550
2025-04-06,Goa,15.2993,74.124,1,4,6,34.7,0,323.11,0.55,76.09,1484,2,Web,13,2000,250,800
2024-05-26,Varanasi,25.3176,82.9739,1,5,6,34.5,0,278.47,0.487,40.77,1219,3,Web,6,1400,160,500
2025-08-17,Manali,32.2432,77.1892,1,8,6,20.4,0,173.69,-0.018,71.65,811,2,Web,6,1200,140,450
2025-08-18,Leh,34.1526,77.5771,0,8,0,15.5,0,59.81,-0.394,93.61,259,2,Web,5,600,90,220
2024-02-04,Goa,15.2993,74.124,1,2,6,25.8,0,228.01,0.649,86.92,1608,1,Web,3,2000,250,800
2025-07-19,Agra,27.1767,78.0081,1,7,5,35.3,0,118.74,0.078,59.09,758,2,Kiosk,14,1300,150,550
2024-04-19,Agra,27.1767,78.0081,0,4,4,34.0,0,439.12,0.223,56.5,1115,1,Agent,11,1300,150,550
2024-06-23,Jaipur,26.9124,75.7873,1,6,6,39.1,1,314.42,-0.547,64.63,854,3,Web,20,1500,180,600
2024-12-14,Andaman,11.7401,92.6586,1,12,5,20.5,0,354.53,-0.068,91.46,603,2,Web,25,900,120,300
2025-06-12,Andaman,11.7401,92.6586,0,6,3,38.7,1,224.89,1.0,92.97,342,2,Agent,1,900,120,300
2025-04-01,Goa,15.2993,74.124,0,4,1,34.8,0,363.71,-0.201,83.33,1375,2,Web,8,2000,250,800
2024-10-16,Agra,27.1767,78.0081,0,10,2,20.4,0,847.98,0.528,42.74,1077,2,Web,3,1300,150,550
2025-09-23,Andaman,11.7401,92.6586,0,9,1,28.6,0,499.18,0.956,87.6,397,2,Agent,8,900,120,300
2024-11-12,Manali,32.2432,77.1892,0,11,1,6.2,0,522.03,0.199,68.78,866,1,App,24,1200,140,450
2025-06-08,Jaipur,26.9124,75.7873,1,6,6,39.8,0,355.1,1.0,59.58,1340,2,Web,6,1500,180,600
2025-09-16,Agra,27.1767,78.0081,0,9,1,27.3,0,64.95,0.84,47.6,489,3,Agent,13,1300,150,550
2024-03-18,Andaman,11.7401,92.6586,0,3,0,29.4,0,303.54,1.0,99.12,603,2,Web,34,900,120,300
2025-01-09,Goa,15.2993,74.124,0,1,3,21.0,0,1515.46,-0.317,84.48,2841,3,Kiosk,9,2000,250,800
2025-03-22,Varanasi,25.3176,82.9739,1,3,5,26.6,0,456.23,0.116,52.74,1487,1,Kiosk,9,1400,160,500
2025-08-06,Kerala,10.8505,76.2711,0,8,2,35.8,0,241.91,-0.755,64.56,1032,2,Kiosk,3,1700,220,700
2024-12-24,Andaman,11.7401,92.6586,0,12,1,16.3,0,361.93,-0.704,92.69,468,1,App,10,900,120,300
2024-11-02,Jaipur,26.9124,75.7873,1,11,5,19.6,0,609.48,-0.923,65.04,1101,2,Kiosk,2,1500,180,600
2024-07-17,Andaman,11.7401,92.6586,0,7,2,36.0,0,787.23,0.887,97.22,586,3,Kiosk,22,900,120,300
2024-03-27,Manali,32.2432,77.1892,0,3,2,13.2,0,148.51,-0.022,71.57,770,1,Kiosk,16,1200,140,450
2024-03-09,Jaipur,26.9124,75.7873,1,3,5,29.5,0,347.41,0.046,58.47,1433,3,Agent,9,1500,180,600
2024-12-31,Manali,32.2432,77.1892,0,12,1,3.9,0,560.64,0.101,70.27,854,2,Kiosk,18,1200,140,450
2024-10-06,Goa,15.2993,74.124,1,10,6,24.1,0,914.7,0.019,82.88,1624,2,Agent,11,2000,250,800
2024-03-02,Jaipur,26.9124,75.7873,1,3,5,28.0,0,232.9,0.165,71.46,1280,2,App,12,1500,180,600
2024-10-11,Jaipur,26.9124,75.7873,0,10,4,24.6,1,205.18,-0.183,54.27,688,2,Kiosk,9,1500,180,600
2025-04-30,Agra,27.1767,78.0081,0,4,2,31.7,0,487.62,0.604,58.33,1053,3,Web,4,1300,150,550
2024-12-02,Leh,34.1526,77.5771,0,12,0,0.1,0,392.25,0.509,95.97,325,2,Agent,9,600,90,220
2024-04-06,Varanasi,25.3176,82.9739,1,4,5,31.4,0,624.98,-0.021,48.61,1764,4,Kiosk,6,1400,160,500
2024-12-20,Jaipur,26.9124,75.7873,0,12,4,17.8,0,183.43,-1.0,69.73,661,1,App,14,1500,180,600
2024-08-26,Agra,27.1767,78.0081,0,8,0,31.9,0,159.98,-0.708,54.88,598,2,Agent,35,1300,150,550
2025-07-05,Andaman,11.7401,92.6586,1,7,5,37.9,0,76.82,-0.581,94.87,409,2,Kiosk,15,900,120,300
2024-08-04,Kerala,10.8505,76.2711,1,8,6,33.2,1,260.9,-0.283,69.33,713,1,Kiosk,21,1700,220,700
2024-11-24,Jaipur,26.9124,75.7873,1,11,6,20.0,0,1011.21,0.07,59.18,1514,2,Kiosk,9,1500,180,600
2024-03-16,Varanasi,25.3176,82.9739,1,3,5,28.6,0,468.99,0.427,60.53,1567,2,Agent,16,1400,160,500
2024-09-27,Goa,15.2993,74.124,0,9,4,33.3,0,431.4,-0.28,75.64,1086,1,Kiosk,1,2000,250,800
2025-07-21,Agra,27.1767,78.0081,0,7,0,35.5,0,192.8,-0.312,63.15,639,3,Web,6,1300,150,550
2024-05-05,Goa,15.2993,74.124,1,5,6,39.0,0,305.93,-0.132,81.01,1486,1,Kiosk,15,2000,250,800
2025-06-16,Manali,32.2432,77.1892,0,6,0,25.4,0,222.35,0.242,64.98,670,2,Web,14,1200,140,450
2024-03-29,Varanasi,25.3176,82.9739,0,3,4,26.7,0,309.75,0.717,57.12,790,2,Web,42,1400,160,500
2025-07-21,Varanasi,25.3176,82.9739,0,7,0,35.2,0,239.4,0.151,49.31,585,3,Web,12,1400,160,500
2024-07-27,Agra,27.1767,78.0081,1,7,5,36.9,0,123.08,-1.0,62.06,592,3,App,13,1300,150,550
2024-08-02,Agra,27.1767,78.0081,0,8,4,32.4,0,392.82,-0.12,51.88,787,1,Web,7,1300,150,550
2025-08-25,Manali,32.2432,77.1892,0,8,0,19.8,0,308.64,0.344,72.76,773,2,Kiosk,20,1200,140,450
2024-03-16,Kerala,10.8505,76.2711,1,3,5,28.5,0,657.48,0.624,63.93,2316,1,Web,12,1700,220,700
2024-02-22,Goa,15.2993,74.124,0,2,3,25.8,0,392.07,0.347,79.24,1565,4,Agent,16,2000,250,800
2024-11-11,Varanasi,25.3176,82.9739,0,11,0,18.7,0,378.08,0.194,57.07,798,2,Kiosk,29,1400,160,500
2025-02-19,Agra,27.1767,78.0081,0,2,2,21.9,0,410.44,0.767,63.75,1093,2,Agent,15,1300,150,550
2024-03-06,Andaman,11.7401,92.6586,0,3,2,28.8,0,212.61,-0.357,95.3,500,3,Agent,18,900,120,300
2024-05-16,Andaman,11.7401,92.6586,0,5,3,35.5,0,305.46,0.526,89.11,542,1,Kiosk,27,900,120,300
2024-05-25,Andaman,11.7401,92.6586,1,5,5,38.2,0,292.38,0.858,102.08,550,2,Kiosk,7,900,120,300
2024-09-26,Andaman,11.7401,92.6586,0,9,3,26.7,0,519.38,-1.0,93.02,419,3,App,8,900,120,300
2025-07-25,Manali,32.2432,77.1892,0,7,4,24.4,1,532.69,0.232,78.03,814,2,Kiosk,14,1200,140,450
2024-03-22,Goa,15.2993,74.124,0,3,4,29.4,0,203.53,0.28,84.03,882,2,Agent,6,2000,250,800
2025-05-28,Jaipur,26.9124,75.7873,0,5,2,34.5,0,148.28,0.784,64.39,1127,2,App,10,1500,180,600
2024-06-17,Varanasi,25.3176,82.9739,0,6,0,37.4,0,698.59,0.562,46.43,1262,1,App,17,1400,160,500
2024-07-25,Goa,15.2993,74.124,0,7,3,38.8,0,416.17,0.513,72.51,1252,3,App,18,2000,250,800
2025-08-20,Goa,15.2993,74.124,0,8,2,35.1,0,161.72,0.175,77.45,1056,2,Agent,13,2000,250,800
2025-04-02,Andaman,11.7401,92.6586,0,4,2,34.2,0,509.95,-0.265,97.82,584,1,App,10,900,120,300
2025-05-31,Manali,32.2432,77.1892,1,5,5,22.7,0,229.53,-0.33,70.28,832,2,Kiosk,8,1200,140,450
2025-08-27,Leh,34.1526,77.5771,0,8,2,14.6,0,45.32,-0.31,91.98,243,1,App,1,600,90,220
2024-11-19,Andaman,11.7401,92.6586,0,11,1,19.3,0,862.56,-0.728,85.63,522,2,Kiosk,23,900,120,300
2024-04-24,Jaipur,26.9124,75.7873,0,4,2,34.2,0,784.22,-0.214,71.49,1252,2,App,22,1500,180,600
2024-10-14,Goa,15.2993,74.124,0,10,0,27.5,0,60.01,0.19,78.23,825,2,Kiosk,22,2000,250,800
2025-07-15,Varanasi,25.3176,82.9739,0,7,1,35.8,0,789.02,0.637,48.15,812,3,Agent,7,1400,160,500
2024-12-05,Manali,32.2432,77.1892,0,12,3,5.9,0,111.88,-0.635,73.62,500,2,App,13,1200,140,450
2024-06-13,Andaman,11.7401,92.6586,0,6,3,37.7,0,395.67,0.28,91.78,499,2,Web,8,900,120,300
2024-09-06,Manali,32.2432,77.1892,0,9,4,13.9,1,798.97,-0.304,69.32,527,2,Kiosk,29,1200,140,450
2025-04-03,Leh,34.1526,77.5771,0,4,3,15.7,0,225.87,0.169,101.37,341,2,Agent,14,600,90,220
2025-08-31,Agra,27.1767,78.0081,1,8,6,33.4,0,155.16,0.088,51.56,849,3,Agent,10,1300,150,550
2025-07-03,Leh,34.1526,77.5771,0,7,3,20.2,0,437.43,1.0,89.69,517,2,Agent,12,600,90,220
2024-04-09,Kerala,10.8505,76.2711,0,4,1,33.4,0,1016.71,0.305,73.99,2041,2,Agent,16,1700,220,700
2024-12-27,Andaman,11.7401,92.6586,0,12,4,17.5,0,1073.0,0.616,84.93,617,4,Agent,8,900,120,300
2025-08-08,Andaman,11.7401,92.6586,0,8,4,34.4,1,161.23,0.086,96.4,314,2,Web,10,900,120,300
2025-08-28,Jaipur,26.9124,75.7873,0,8,3,31.2,1,124.47,0.276,71.44,704,2,Kiosk,14,1500,180,600
2025-03-24,Andaman,11.7401,92.6586,0,3,0,29.2,1,560.6,0.273,103.5,695,3,Agent,23,900,120,300
2024-03-14,Goa,15.2993,74.124,0,3,3,30.1,0,1004.81,-0.089,80.49,1229,3,App,10,2000,250,800
2024-08-19,Leh,34.1526,77.5771,0,8,0,15.7,0,238.24,-0.152,96.89,397,2,Agent,1,600,90,220
2025-05-24,Goa,15.2993,74.124,1,5,5,39.3,0,237.29,0.045,80.15,1386,2,Agent,24,2000,250,800
2024-10-22,Leh,34.1526,77.5771,0,10,1,3.1,0,539.46,-0.652,101.37,424,2,Agent,6,600,90,220
2025-05-04,Andaman,11.7401,92.6586,1,5,6,36.8,0,210.04,0.817,88.14,624,2,Agent,4,900,120,300
2024-05-18,Andaman,11.7401,92.6586,1,5,5,36.6,0,429.49,0.306,105.97,606,2,App,33,900,120,300
2024-12-02,Varanasi,25.3176,82.9739,0,12,0,16.1,0,371.67,-0.313,34.01,787,3,Web,10,1400,160,500
2024-08-07,Jaipur,26.9124,75.7873,0,8,2,33.4,0,219.87,-1.0,61.46,827,3,Agent,4,1500,180,600
2024-06-16,Manali,32.2432,77.1892,1,6,6,26.0,0,1184.4,0.319,78.68,1546,3,Kiosk,5,1200,140,450
2025-09-01,Varanasi,25.3176,82.9739,0,9,0,26.8,0,509.23,0.246,51.27,705,2,Web,3,1400,160,500
2024-08-22,Varanasi,25.3176,82.9739,0,8,3,32.2,0,1050.88,-0.046,49.04,1000,2,App,5,1400,160,500
2025-03-06,Goa,15.2993,74.124,0,3,3,29.5,0,55.72,0.166,86.14,1111,2,App,11,2000,250,800
2024-10-04,Kerala,10.8505,76.2711,0,10,4,23.4,0,60.27,0.161,66.16,901,3,Kiosk,6,1700,220,700
2025-07-10,Goa,15.2993,74.124,0,7,3,37.3,0,437.66,-0.291,71.71,1000,1,Web,16,2000,250,800
2024-12-22,Leh,34.1526,77.5771,1,12,6,-1.2,1,469.27,0.323,96.07,404,3,Agent,4,600,90,220
2025-05-05,Goa,15.2993,74.124,0,5,0,39.3,0,432.3,0.407,88.8,1291,1,Kiosk,18,2000,250,800
2024-05-21,Manali,32.2432,77.1892,0,5,1,22.2,1,90.51,0.671,86.62,662,1,Kiosk,39,1200,140,450
2025-03-23,Leh,34.1526,77.5771,1,3,6,12.9,0,588.57,0.73,104.52,496,2,Web,16,600,90,220
2025-05-05,Goa,15.2993,74.124,0,5,0,39.3,0,24.0,-0.04,88.95,960,1,Kiosk,3,2000,250,800
2024-11-24,Varanasi,25.3176,82.9739,1,11,6,17.8,0,607.03,-0.441,52.09,1236,3,App,3,1400,160,500
2025-03-20,Manali,32.2432,77.1892,0,3,3,13.0,0,788.54,0.582,78.43,1121,2,Kiosk,3,1200,140,450
2024-06-11,Jaipur,26.9124,75.7873,0,6,1,37.6,1,97.94,-0.395,60.02,748,1,Web,3,1500,180,600
2024-12-27,Manali,32.2432,77.1892,0,12,4,4.6,0,174.44,0.042,74.56,572,2,Agent,7,1200,140,450
2025-01-06,Leh,34.1526,77.5771,0,1,0,0.7,0,83.75,0.327,91.27,328,2,Web,1,600,90,220
2024-05-12,Varanasi,25.3176,82.9739,1,5,6,35.7,0,387.2,0.984,45.84,1279,2,Agent,11,1400,160,500
2025-02-26,Goa,15.2993,74.124,0,2,2,26.3,0,274.66,0.104,79.25,1439,1,Kiosk,8,2000,250,800
2024-05-03,Jaipur,26.9124,75.7873,0,5,4,35.4,0,1256.53,1.0,64.99,1541,2,Web,9,1500,180,600
2025-08-10,Andaman,11.7401,92.6586,1,8,6,33.0,0,236.37,1.0,95.45,349,1,Agent,10,900,120,300
2024-06-29,Agra,27.1767,78.0081,1,6,5,35.9,0,1002.8,0.061,64.38,1201,1,Web,9,1300,150,550
2024-10-06,Agra,27.1767,78.0081,1,10,6,21.5,0,925.58,0.222,52.09,1093,2,Agent,17,1300,150,550
2024-07-28,Varanasi,25.3176,82.9739,1,7,6,35.7,0,177.34,1.0,53.08,592,2,Agent,14,1400,160,500
2024-05-09,Agra,27.1767,78.0081,0,5,3,35.3,0,311.84,0.019,52.5,886,2,Web,12,1300,150,550
2025-04-03,Agra,27.1767,78.0081,0,4,3,31.3,0,36.62,-0.83,52.05,481,2,App,1,1300,150,550
2025-08-20,Agra,27.1767,78.0081,0,8,2,30.6,0,69.96,0.045,60.79,362,3,Agent,10,1300,150,550
2024-02-07,Varanasi,25.3176,82.9739,0,2,2,22.8,0,348.99,0.083,42.97,1070,2,Web,6,1400,160,500
2025-04-01,Jaipur,26.9124,75.7873,0,4,1,32.7,0,864.12,0.578,64.99,1272,1,App,11,1500,180,600
2025-03-25,Goa,15.2993,74.124,0,3,1,29.2,0,743.81,-0.278,84.15,1341,2,Web,29,2000,250,800
2025-02-08,Varanasi,25.3176,82.9739,1,2,5,22.3,1,246.2,0.22,47.58,893,2,Agent,17,1400,160,500
2025-05-01,Andaman,11.7401,92.6586,0,5,3,36.3,0,420.79,0.078,99.4,587,2,Agent,6,900,120,300
2024-07-01,Jaipur,26.9124,75.7873,0,7,0,36.1,0,64.89,0.811,62.12,816,3,Agent,15,1500,180,600
2024-09-10,Agra,27.1767,78.0081,0,9,1,26.7,0,289.55,0.276,62.5,565,1,Kiosk,8,1300,150,550
2024-09-02,Agra,27.1767,78.0081,0,9,0,28.1,0,319.68,0.907,49.18,633,3,App,6,1300,150,550
2024-02-10,Leh,34.1526,77.5771,1,2,5,4.4,0,119.35,0.225,95.58,292,3,Agent,11,600,90,220
2024-05-18,Jaipur,26.9124,75.7873,1,5,5,37.3,0,672.35,0.863,64.92,1416,2,Web,3,1500,180,600
2024-04-01,Manali,32.2432,77.1892,0,4,0,20.7,0,369.55,0.868,86.22,894,1,Web,14,1200,140,450
2025-03-01,Jaipur,26.9124,75.7873,1,3,5,28.6,0,616.94,0.914,67.82,1616,1,App,1,1500,180,600
2024-06-23,Andaman,11.7401,92.6586,1,6,6,40.1,0,101.44,-0.19,94.61,599,2,App,13,900,120,300
2025-01-04,Goa,15.2993,74.124,1,1,5,20.7,0,113.09,-0.262,83.58,1427,3,Kiosk,4,2000,250,800
2024-01-15,Jaipur,26.9124,75.7873,0,1,0,19.9,0,185.32,0.715,65.66,1163,3,App,12,1500,180,600
2025-07-06,Manali,32.2432,77.1892,1,7,6,23.9,0,331.44,0.314,80.39,1057,3,Kiosk,1,1200,140,450
2025-07-24,Andaman,11.7401,92.6586,0,7,3,36.6,0,71.48,1.0,96.64,349,2,App,13,900,120,300
2025-03-05,Agra,27.1767,78.0081,0,3,2,27.1,1,355.31,1.0,58.81,1083,2,Agent,30,1300,150,550
2025-09-01,Jaipur,26.9124,75.7873,0,9,0,29.5,0,80.24,0.07,65.22,391,1,Agent,7,1500,180,600
2025-09-22,Kerala,10.8505,76.2711,0,9,0,29.1,0,986.17,0.81,72.33,953,2,Kiosk,1,1700,220,700
2024-05-07,Varanasi,25.3176,82.9739,0,5,1,36.2,0,124.72,0.081,51.33,838,2,Web,8,1400,160,500
2025-01-25,Varanasi,25.3176,82.9739,1,1,5,19.6,0,716.05,0.356,51.74,1659,2,App,5,1400,160,500
2025-09-01,Leh,34.1526,77.5771,0,9,0,9.0,0,177.6,0.308,100.18,213,3,App,27,600,90,220
2025-02-19,Andaman,11.7401,92.6586,0,2,2,24.3,0,492.31,0.993,93.84,525,2,Kiosk,7,900,120,300
2024-12-08,Goa,15.2993,74.124,1,12,6,21.4,1,221.45,-0.178,76.83,1063,3,Kiosk,13,2000,250,800
2025-04-03,Andaman,11.7401,92.6586,0,4,3,33.3,0,265.17,-0.393,97.54,501,2,Kiosk,5,900,120,300
2025-02-09,Varanasi,25.3176,82.9739,1,2,6,21.2,0,146.06,0.341,63.64,1130,2,Web,3,1400,160,500
2024-07-28,Leh,34.1526,77.5771,1,7,6,20.1,0,309.57,-0.496,105.17,450,1,Agent,8,600,90,220
2024-08-11,Jaipur,26.9124,75.7873,1,8,6,32.2,0,398.11,-0.004,62.19,796,1,Web,7,1500,180,600
2025-07-11,Manali,32.2432,77.1892,0,7,4,23.1,0,416.37,0.073,78.18,816,1,Agent,13,1200,140,450
2025-08-22,Goa,15.2993,74.124,0,8,4,35.9,0,490.29,0.749,74.52,991,2,Agent,10,2000,250,800
2024-01-20,Kerala,10.8505,76.2711,1,1,5,20.7,1,1428.03,0.132,68.48,2605,2,Web,24,1700,220,700
2025-04-04,Jaipur,26.9124,75.7873,0,4,4,35.0,0,327.88,0.188,65.54,1038,3,Web,3,1500,180,600
2024-05-25,Andaman,11.7401,92.6586,1,5,5,37.5,0,608.27,-0.041,94.38,800,2,Agent,6,900,120,300
2025-04-02,Agra,27.1767,78.0081,0,4,2,31.2,1,260.04,0.025,57.29,872,3,Kiosk,21,1300,150,550
2025-01-21,Jaipur,26.9124,75.7873,0,1,1,17.8,0,407.38,0.312,56.92,1182,2,Web,4,1500,180,600
2025-05-19,Goa,15.2993,74.124,0,5,0,39.7,0,207.9,0.201,85.63,1254,1,Web,2,2000,250,800
2024-12-27,Goa,15.2993,74.124,0,12,4,19.6,0,130.25,0.24,76.67,1236,3,App,14,2000,250,800
2024-02-06,Andaman,11.7401,92.6586,0,2,1,22.1,0,149.9,-0.47,88.0,409,1,Agent,33,900,120,300
2024-01-30,Goa,15.2993,74.124,0,1,1,21.2,0,527.62,-0.144,84.31,1316,2,Kiosk,7,2000,250,800
2025-01-04,Varanasi,25.3176,82.9739,1,1,5,17.0,0,247.81,-1.0,57.7,1295,2,Kiosk,12,1400,160,500
2024-12-11,Agra,27.1767,78.0081,0,12,2,16.8,0,180.65,-0.462,56.64,756,2,Web,13,1300,150,550
2025-07-13,Varanasi,25.3176,82.9739,1,7,6,36.2,0,861.26,0.112,58.42,1302,3,App,9,1400,160,500
2025-05-13,Andaman,11.7401,92.6586,0,5,1,37.6,0,363.19,0.148,99.37,488,1,Kiosk,13,900,120,300
2025-01-26,Jaipur,26.9124,75.7873,1,1,6,19.3,0,273.15,0.475,69.51,931,4,Kiosk,28,1500,180,600
2025-06-02,Varanasi,25.3176,82.9739,0,6,0,37.3,0,342.14,0.072,51.65,858,2,Kiosk,6,1400,160,500
2024-07-12,Leh,34.1526,77.5771,0,7,4,19.9,1,211.63,0.613,100.98,408,3,Web,11,600,90,220
2025-07-03,Andaman,11.7401,92.6586,0,7,3,37.0,0,459.29,0.146,88.81,455,2,Agent,1,900,120,300
2024-12-09,Leh,34.1526,77.5771,0,12,0,-0.1,0,207.58,-0.691,96.86,301,2,Web,6,600,90,220
2025-08-29,Andaman,11.7401,92.6586,0,8,4,34.2,0,335.41,0.086,91.0,395,2,Agent,2,900,120,300
2024-07-10,Kerala,10.8505,76.2711,0,7,2,37.4,0,461.15,-0.129,69.11,896,3,Kiosk,10,1700,220,700
2024-09-16,Agra,27.1767,78.0081,0,9,0,26.7,0,499.69,0.698,55.99,716,3,Web,6,1300,150,550
2025-06-18,Agra,27.1767,78.0081,0,6,2,35.9,1,748.91,0.827,60.73,815,3,Web,10,1300,150,550
2025-05-18,Andaman,11.7401,92.6586,1,5,6,35.3,0,569.89,-0.169,98.25,710,3,Kiosk,24,900,120,300
2024-10-19,Jaipur,26.9124,75.7873,1,10,5,24.2,0,349.83,0.712,59.6,901,2,App,21,1500,180,600
2024-01-29,Manali,32.2432,77.1892,0,1,0,5.7,0,95.81,0.499,76.17,651,2,Web,18,1200,140,450
2025-03-26,Goa,15.2993,74.124,0,3,2,27.7,0,828.34,0.483,85.06,2074,2,App,6,2000,250,800
2024-02-15,Kerala,10.8505,76.2711,0,2,3,22.6,0,512.98,-0.369,73.4,1227,2,Kiosk,3,1700,220,700
2024-09-12,Goa,15.2993,74.124,0,9,3,29.3,0,551.5,0.543,90.16,1002,3,Kiosk,2,2000,250,800
2025-07-08,Goa,15.2993,74.124,0,7,1,37.7,0,120.62,-0.565,85.98,979,2,App,6,2000,250,800
2024-12-28,Goa,15.2993,74.124,1,12,5,20.0,0,575.58,0.392,77.46,1381,2,Web,24,2000,250,800
2024-10-14,Goa,15.2993,74.124,0,10,0,25.4,0,157.18,-0.11,74.73,1045,3,Agent,4,2000,250,800
2024-07-23,Leh,34.1526,77.5771,0,7,1,20.2,1,308.33,0.15,107.23,361,2,Agent,4,600,90,220
2024-05-27,Varanasi,25.3176,82.9739,0,5,0,35.6,0,193.63,-0.716,49.3,665,3,Web,7,1400,160,500
2024-07-05,Agra,27.1767,78.0081,0,7,4,36.5,0,388.79,0.134,57.33,573,3,Agent,9,1300,150,550
2024-08-19,Jaipur,26.9124,75.7873,0,8,0,33.1,0,89.33,0.128,57.68,709,1,Agent,6,1500,180,600
2024-01-19,Andaman,11.7401,92.6586,0,1,4,21.6,0,216.29,-0.196,90.81,359,2,Web,22,900,120,300
2025-01-27,Agra,27.1767,78.0081,0,1,0,19.0,0,602.36,0.451,59.29,881,2,App,8,1300,150,550
2025-05-29,Agra,27.1767,78.0081,0,5,3,37.4,0,555.21,0.963,59.19,1025,2,Web,2,1300,150,550
2025-05-28,Andaman,11.7401,92.6586,0,5,2,37.2,0,349.1,0.323,96.41,466,1,Kiosk,16,900,120,300
2025-02-14,Kerala,10.8505,76.2711,0,2,4,25.7,0,394.49,0.056,69.67,1307,2,App,16,1700,220,700
2024-02-09,Jaipur,26.9124,75.7873,0,2,4,22.7,0,175.38,-0.157,64.46,809,1,Web,18,1500,180,600
2024-10-06,Agra,27.1767,78.0081,1,10,6,22.1,0,498.07,0.426,57.62,750,3,Web,14,1300,150,550
2025-05-25,Jaipur,26.9124,75.7873,1,5,6,37.2,0,190.9,0.197,65.93,1027,2,Kiosk,2,1500,180,600
2025-01-08,Andaman,11.7401,92.6586,0,1,2,21.4,0,338.44,-0.006,90.25,571,1,Kiosk,9,900,120,300
2024-02-14,Leh,34.1526,77.5771,0,2,2,4.7,0,721.08,-0.208,94.88,509,2,Agent,4,600,90,220
2024-11-25,Goa,15.2993,74.124,0,11,0,21.9,0,931.85,0.504,79.05,1651,1,App,12,2000,250,800
2024-09-06,Kerala,10.8505,76.2711,0,9,4,29.0,0,96.32,0.667,67.97,646,2,Kiosk,15,1700,220,700
2024-07-15,Andaman,11.7401,92.6586,0,7,0,37.0,1,513.54,0.406,90.28,469,2,Web,1,900,120,300
2024-06-10,Goa,15.2993,74.124,0,6,0,39.0,0,538.27,-0.29,83.24,1330,3,Web,6,2000,250,800
2025-06-02,Goa,15.2993,74.124,0,6,0,39.9,0,489.87,-0.558,77.72,1457,2,Web,44,2000,250,800
2025-01-27,Andaman,11.7401,92.6586,0,1,0,19.8,0,280.79,0.443,94.09,382,3,Web,13,900,120,300
2024-12-01,Agra,27.1767,78.0081,1,12,6,17.0,0,521.25,-0.337,57.77,1024,3,Web,11,1300,150,550
2024-03-21,Varanasi,25.3176,82.9739,0,3,3,27.3,0,97.97,-0.193,46.82,1117,2,App,4,1400,160,500
2024-03-17,Kerala,10.8505,76.2711,1,3,6,28.4,0,343.73,0.035,80.27,1300,4,Agent,7,1700,220,700
2025-07-20,Andaman,11.7401,92.6586,1,7,6,38.0,0,928.51,0.264,98.67,596,2,Agent,15,900,120,300
2024-10-17,Leh,34.1526,77.5771,0,10,3,4.3,0,386.48,0.092,93.65,283,4,Web,2,600,90,220
2025-01-04,Goa,15.2993,74.124,1,1,5,21.8,0,330.13,0.389,76.64,1477,1,App,1,2000,250,800
2025-03-07,Manali,32.2432,77.1892,0,3,4,14.9,0,198.95,-0.013,83.3,339,2,App,32,1200,140,450
2025-09-26,Andaman,11.7401,92.6586,0,9,4,27.1,0,303.6,-0.161,85.95,363,1,Kiosk,8,900,120,300
2025-08-04,Manali,32.2432,77.1892,0,8,0,20.1,0,306.87,-0.436,76.06,495,3,Agent,13,1200,140,450
2025-05-11,Agra,27.1767,78.0081,1,5,6,34.2,0,298.44,0.601,57.9,1339,2,Agent,18,1300,150,550
2024-08-04,Agra,27.1767,78.0081,1,8,6,31.4,0,632.31,-0.501,59.83,847,2,Kiosk,10,1300,150,550
2025-04-07,Agra,27.1767,78.0081,0,4,0,29.6,0,341.24,0.155,61.27,940,2,App,13,1300,150,550
2024-12-29,Andaman,11.7401,92.6586,1,12,6,17.6,0,830.06,1.0,94.89,894,2,Agent,5,900,120,300
2025-08-31,Varanasi,25.3176,82.9739,1,8,6,32.7,0,287.17,0.863,60.46,751,2,Web,3,1400,160,500
2025-08-29,Manali,32.2432,77.1892,0,8,4,19.9,1,820.51,-0.075,69.78,1054,3,Agent,3,1200,140,450
2025-07-11,Manali,32.2432,77.1892,0,7,4,24.4,1,104.95,0.175,78.08,697,2,App,17,1200,140,450
2024-04-14,Jaipur,26.9124,75.7873,1,4,6,30.9,0,863.41,-0.364,60.08,1881,3,Agent,14,1500,180,600
2025-07-07,Varanasi,25.3176,82.9739,0,7,0,34.4,0,100.23,-0.503,52.5,668,2,Web,10,1400,160,500
2024-04-24,Leh,34.1526,77.5771,0,4,2,15.6,0,216.19,-0.198,104.24,396,1,Kiosk,14,600,90,220
2024-03-25,Kerala,10.8505,76.2711,0,3,0,28.0,0,446.2,0.478,72.72,1434,1,Agent,4,1700,220,700
2025-05-11,Manali,32.2432,77.1892,1,5,6,23.7,0,302.78,-0.257,83.17,945,1,Agent,14,1200,140,450
2025-08-15,Kerala,10.8505,76.2711,0,8,4,33.1,0,268.69,-0.667,71.38,945,2,Agent,16,1700,220,700
2024-10-31,Andaman,11.7401,92.6586,0,10,3,23.4,0,1014.25,-0.046,94.64,643,2,Web,10,900,120,300
2024-07-01,Kerala,10.8505,76.2711,0,7,0,38.5,0,177.47,-0.794,69.4,660,3,Web,20,1700,220,700
2024-11-28,Agra,27.1767,78.0081,0,11,3,20.1,0,193.08,0.447,60.16,630,3,App,5,1300,150,550
2024-04-14,Kerala,10.8505,76.2711,1,4,6,34.3,0,902.86,0.862,74.97,2224,1,Web,2,1700,220,700
2024-08-31,Manali,32.2432,77.1892,1,8,5,19.9,0,298.39,0.384,76.4,980,1,Kiosk,10,1200,140,450
2024-01-03,Jaipur,26.9124,75.7873,0,1,2,19.3,0,465.56,0.286,59.15,1251,2,App,19,1500,180,600
2024-08-14,Manali,32.2432,77.1892,0,8,2,19.2,0,850.33,-0.021,69.14,995,2,Kiosk,4,1200,140,450
2025-01-30,Goa,15.2993,74.124,0,1,3,20.3,0,75.95,0.586,91.13,1240,2,Web,7,2000,250,800
2024-02-28,Agra,27.1767,78.0081,0,2,2,22.8,0,473.6,-0.126,55.22,780,2,Kiosk,6,1300,150,550
2025-05-26,Andaman,11.7401,92.6586,0,5,0,37.6,0,569.38,-0.737,97.09,716,3,Web,12,900,120,300
2025-07-07,Varanasi,25.3176,82.9739,0,7,0,36.2,0,184.13,-0.263,59.48,657,2,Web,15,1400,160,500
2025-05-20,Jaipur,26.9124,75.7873,0,5,1,35.9,0,603.84,0.916,69.78,1140,2,App,13,1500,180,600
2024-03-04,Agra,27.1767,78.0081,0,3,0,27.6,0,200.71,-0.262,55.7,666,1,Agent,23,1300,150,550
2024-10-29,Agra,27.1767,78.0081,0,10,1,21.2,0,32.3,0.209,55.97,516,2,Web,17,1300,150,550
2024-10-17,Leh,34.1526,77.5771,0,10,3,5.7,0,171.64,-0.358,92.28,257,2,Agent,19,600,90,220
2025-03-11,Manali,32.2432,77.1892,0,3,1,13.9,0,200.47,-0.032,81.89,742,2,App,25,1200,140,450
2024-03-09,Manali,32.2432,77.1892,1,3,5,15.2,0,147.55,0.155,60.02,943,2,Kiosk,7,1200,140,450
2024-03-22,Jaipur,26.9124,75.7873,0,3,4,28.9,0,367.1,-0.246,72.28,1136,2,App,12,1500,180,600
2025-02-23,Varanasi,25.3176,82.9739,1,2,6,23.4,0,182.07,-0.512,52.8,942,2,Agent,1,1400,160,500
2025-02-15,Manali,32.2432,77.1892,1,2,5,10.1,0,52.77,0.005,78.55,522,2,Kiosk,4,1200,140,450
2025-07-05,Agra,27.1767,78.0081,1,7,5,35.2,0,357.55,0.51,52.08,950,2,Agent,8,1300,150,550
2025-03-23,Varanasi,25.3176,82.9739,1,3,6,26.7,0,222.21,0.077,51.85,1085,1,Agent,7,1400,160,500
2024-03-17,Agra,27.1767,78.0081,1,3,6,27.5,0,987.76,-0.818,45.19,1636,3,Web,18,1300,150,550
2025-06-07,Jaipur,26.9124,75.7873,1,6,5,36.2,0,247.45,0.681,76.21,1298,3,Agent,12,1500,180,600
2025-03-11,Andaman,11.7401,92.6586,0,3,1,27.7,0,40.24,-0.573,92.63,416,1,Kiosk,3,900,120,300
2025-08-26,Leh,34.1526,77.5771,0,8,1,15.2,0,161.01,0.454,103.41,286,3,Kiosk,19,600,90,220
2025-03-30,Andaman,11.7401,92.6586,1,3,6,28.1,0,186.94,0.932,97.03,514,1,Web,10,900,120,300
2024-01-17,Andaman,11.7401,92.6586,0,1,2,20.0,0,178.78,-0.12,94.16,422,3,App,1,900,120,300
2024-05-13,Andaman,11.7401,92.6586,0,5,0,35.3,0,251.02,0.375,92.99,508,2,Kiosk,25,900,120,300
2024-08-08,Agra,27.1767,78.0081,0,8,3,31.1,0,334.87,-0.381,56.08,648,2,Web,33,1300,150,550
2024-03-31,Goa,15.2993,74.124,1,3,6,30.2,0,1049.62,0.517,84.55,2224,2,Agent,18,2000,250,800
2025-07-18,Agra,27.1767,78.0081,0,7,4,37.4,0,393.31,-0.322,64.65,785,1,Agent,2,1300,150,550
2024-03-13,Goa,15.2993,74.124,0,3,2,31.6,0,452.63,-0.666,80.74,1539,2,Agent,8,2000,250,800
2025-07-24,Agra,27.1767,78.0081,0,7,3,34.0,1,500.84,0.478,60.13,861,2,App,1,1300,150,550
2025-06-07,Agra,27.1767,78.0081,1,6,5,35.7,0,597.67,0.28,62.74,1291,4,Web,6,1300,150,550
2024-08-12,Goa,15.2993,74.124,0,8,0,36.1,1,543.35,-1.0,66.99,810,3,Kiosk,16,2000,250,800
2025-02-05,Goa,15.2993,74.124,0,2,2,24.9,0,307.92,-0.457,96.59,1143,3,Agent,12,2000,250,800
2025-02-14,Jaipur,26.9124,75.7873,0,2,4,21.0,0,553.65,0.113,63.46,1017,2,Agent,28,1500,180,600
2024-01-16,Agra,27.1767,78.0081,0,1,1,18.6,0,243.46,-0.048,43.31,738,2,Web,7,1300,150,550
2025-02-20,Manali,32.2432,77.1892,0,2,3,9.0,0,314.24,-0.108,76.22,713,1,Web,1,1200,140,450
2024-08-15,Leh,34.1526,77.5771,0,8,3,15.8,0,1860.14,0.384,92.55,763,3,Agent,1,600,90,220
2024-11-15,Manali,32.2432,77.1892,0,11,4,6.3,0,392.48,1.0,78.27,752,2,App,7,1200,140,450
2024-11-14,Jaipur,26.9124,75.7873,0,11,3,19.6,0,157.8,0.619,64.11,798,3,Agent,2,1500,180,600
2025-06-11,Jaipur,26.9124,75.7873,0,6,2,37.5,1,160.15,-0.052,66.58,739,2,Kiosk,6,1500,180,600
2024-07-22,Kerala,10.8505,76.2711,0,7,0,37.5,0,137.36,0.132,67.71,766,2,App,11,1700,220,700
2025-01-31,Manali,32.2432,77.1892,0,1,4,6.7,0,853.34,0.793,77.82,1045,2,Kiosk,4,1200,140,450
2024-11-23,Manali,32.2432,77.1892,1,11,5,5.6,0,508.0,0.23,83.2,504,2,Kiosk,7,1200,140,450
2024-04-19,Manali,32.2432,77.1892,0,4,4,22.4,0,136.46,0.521,76.35,705,1,Kiosk,2,1200,140,450
2024-05-04,Agra,27.1767,78.0081,1,5,5,35.7,0,177.3,-0.122,61.07,844,2,Kiosk,1,1300,150,550
2024-09-21,Manali,32.2432,77.1892,1,9,5,15.7,0,305.22,0.66,72.19,555,2,Kiosk,30,1200,140,450
2024-08-23,Manali,32.2432,77.1892,0,8,4,19.6,1,338.29,0.068,73.59,668,3,Agent,9,1200,140,450
2024-02-18,Kerala,10.8505,76.2711,1,2,6,22.8,0,1797.7,0.309,62.36,2173,1,Agent,18,1700,220,700
2025-02-02,Manali,32.2432,77.1892,1,2,6,9.5,0,496.19,-0.219,86.65,1135,2,App,15,1200,140,450
2024-06-19,Agra,27.1767,78.0081,0,6,2,37.5,1,254.54,-0.18,51.88,760,2,Kiosk,16,1300,150,550
2025-03-24,Andaman,11.7401,92.6586,0,3,0,26.4,0,1190.14,0.445,90.95,866,2,Kiosk,17,900,120,300
2024-06-06,Agra,27.1767,78.0081,0,6,3,37.6,1,888.99,-0.328,63.11,1051,3,Kiosk,12,1300,150,550
2024-11-20,Agra,27.1767,78.0081,0,11,2,18.7,0,146.84,-0.324,58.37,690,2,Agent,8,1300,150,550
2024-01-22,Leh,34.1526,77.5771,0,1,0,1.8,0,749.34,-0.032,84.54,482,1,Kiosk,6,600,90,220
2024-04-06,Manali,32.2432,77.1892,1,4,5,19.8,0,192.13,-0.226,79.82,1042,3,Web,15,1200,140,450
2024-12-26,Kerala,10.8505,76.2711,0,12,3,21.2,0,17.08,0.059,67.55,637,4,Kiosk,23,1700,220,700
2024-07-12,Leh,34.1526,77.5771,0,7,4,17.8,0,506.77,0.627,96.56,543,3,Web,19,600,90,220
2025-02-08,Jaipur,26.9124,75.7873,1,2,5,23.5,1,621.83,0.122,63.42,1269,2,Kiosk,11,1500,180,600
2025-03-12,Jaipur,26.9124,75.7873,0,3,2,27.5,0,242.3,0.005,68.27,766,3,Web,2,1500,180,600
2024-03-03,Varanasi,25.3176,82.9739,1,3,6,27.9,0,317.86,-0.796,59.37,1044,3,Agent,3,1400,160,500
2024-09-26,Jaipur,26.9124,75.7873,0,9,3,27.7,0,880.9,0.709,60.8,859,2,Kiosk,4,1500,180,600
2025-07-04,Varanasi,25.3176,82.9739,0,7,4,36.4,0,159.24,-0.537,44.85,819,2,Kiosk,9,1400,160,500
2024-12-18,Jaipur,26.9124,75.7873,0,12,2,18.9,0,877.08,0.613,58.03,922,1,Kiosk,1,1500,180,600
2024-07-22,Manali,32.2432,77.1892,0,7,0,25.0,0,280.4,-0.245,77.58,766,3,Agent,5,1200,140,450
2024-01-07,Kerala,10.8505,76.2711,1,1,6,22.8,0,35.38,-0.404,71.9,1283,2,Kiosk,8,1700,220,700
2024-01-15,Leh,34.1526,77.5771,0,1,0,1.4,0,284.3,-0.583,90.77,388,2,Agent,9,600,90,220
2025-01-31,Agra,27.1767,78.0081,0,1,4,18.5,0,700.08,-0.414,61.89,1178,2,Agent,16,1300,150,550
2024-11-07,Varanasi,25.3176,82.9739,0,11,3,17.5,0,463.39,0.892,57.33,910,2,Kiosk,3,1400,160,500
2025-06-10,Leh,34.1526,77.5771,0,6,1,22.3,1,188.33,-0.324,107.54,418,2,Kiosk,9,600,90,220
2024-06-19,Agra,27.1767,78.0081,0,6,2,36.6,0,437.81,-0.816,54.63,1101,2,Kiosk,4,1300,150,550
2025-06-08,Jaipur,26.9124,75.7873,1,6,6,39.2,0,146.23,-0.237,67.16,821,3,App,3,1500,180,600
2024-04-09,Leh,34.1526,77.5771,0,4,1,14.4,0,333.18,0.149,102.51,390,2,Kiosk,11,600,90,220
2024-01-24,Andaman,11.7401,92.6586,0,1,2,18.7,0,615.13,0.379,89.47,482,3,Web,3,900,120,300
2024-09-29,Jaipur,26.9124,75.7873,1,9,6,27.6,1,276.28,-0.893,64.75,684,3,Kiosk,12,1500,180,600
2024-11-12,Leh,34.1526,77.5771,0,11,1,0.8,1,726.21,-0.523,101.55,334,2,Kiosk,27,600,90,220
2024-07-30,Manali,32.2432,77.1892,0,7,1,23.8,0,789.23,0.091,73.78,1133,2,Web,23,1200,140,450
2024-12-05,Goa,15.2993,74.124,0,12,3,20.0,0,527.58,0.32,75.0,1590,2,Kiosk,1,2000,250,800
2025-07-01,Varanasi,25.3176,82.9739,0,7,1,37.1,0,778.8,0.234,51.39,1368,3,Kiosk,3,1400,160,500
2025-03-29,Leh,34.1526,77.5771,1,3,5,10.4,0,231.83,0.133,99.27,554,1,Agent,31,600,90,220
2025-03-11,Manali,32.2432,77.1892,0,3,1,14.8,0,346.29,0.807,83.7,642,1,Web,1,1200,140,450
2024-11-17,Jaipur,26.9124,75.7873,1,11,6,18.6,1,190.57,0.314,59.98,676,3,Agent,8,1500,180,600
2024-11-23,Goa,15.2993,74.124,1,11,5,23.5,0,881.41,0.519,84.64,1930,2,Agent,11,2000,250,800
2025-01-15,Agra,27.1767,78.0081,0,1,2,17.9,0,287.13,-0.174,55.99,990,1,Kiosk,2,1300,150,550
2024-10-12,Leh,34.1526,77.5771,1,10,5,5.4,0,753.06,0.504,92.88,494,1,App,20,600,90,220
2025-08-29,Kerala,10.8505,76.2711,0,8,4,32.9,0,490.25,0.333,64.36,1219,1,Agent,3,1700,220,700
2024-02-18,Varanasi,25.3176,82.9739,1,2,6,22.2,0,174.3,0.787,55.04,1028,1,Kiosk,6,1400,160,500
2025-07-17,Andaman,11.7401,92.6586,0,7,3,37.5,0,177.0,0.117,91.78,444,2,Agent,8,900,120,300
2024-04-27,Jaipur,26.9124,75.7873,1,4,5,33.1,0,1499.7,-0.664,68.54,2256,2,Agent,8,1500,180,600
2025-03-06,Jaipur,26.9124,75.7873,0,3,3,29.7,0,221.33,0.237,64.41,1321,2,App,16,1500,180,600
2024-01-28,Kerala,10.8505,76.2711,1,1,6,19.5,0,572.99,-0.565,63.87,1761,2,Kiosk,8,1700,220,700
2024-03-29,Andaman,11.7401,92.6586,0,3,4,28.6,0,19.35,-0.141,99.08,494,3,App,29,900,120,300
2024-08-03,Jaipur,26.9124,75.7873,1,8,5,32.3,0,183.3,0.193,67.47,850,2,App,14,1500,180,600
2025-03-20,Andaman,11.7401,92.6586,0,3,3,29.5,0,227.87,-0.203,98.03,464,2,Web,13,900,120,300
2025-02-23,Leh,34.1526,77.5771,1,2,6,5.5,0,979.79,0.418,104.64,745,3,Web,18,600,90,220
2024-07-22,Kerala,10.8505,76.2711,0,7,0,38.6,0,662.56,0.164,66.55,1173,2,App,15,1700,220,700
2025-01-12,Agra,27.1767,78.0081,1,1,6,18.2,0,121.8,-0.156,65.21,978,3,App,11,1300,150,550
2024-06-14,Leh,34.1526,77.5771,0,6,4,19.9,0,358.04,-0.194,108.4,495,2,Agent,11,600,90,220
2024-06-05,Manali,32.2432,77.1892,0,6,2,25.5,0,415.81,-0.08,77.41,903,2,Agent,9,1200,140,450
2024-12-13,Andaman,11.7401,92.6586,0,12,4,18.9,0,452.46,-0.016,84.82,406,1,Agent,3,900,120,300
2024-11-21,Andaman,11.7401,92.6586,0,11,3,17.3,0,1443.23,0.543,92.39,543,3,Web,2,900,120,300
2025-06-05,Andaman,11.7401,92.6586,0,6,3,38.9,0,562.99,0.156,98.93,631,2,Agent,9,900,120,300
2024-08-12,Agra,27.1767,78.0081,0,8,0,33.1,0,205.11,-0.601,63.48,511,2,App,5,1300,150,550
2024-05-26,Kerala,10.8505,76.2711,1,5,6,37.1,0,420.53,-0.565,76.01,1750,3,Kiosk,1,1700,220,700
2024-03-16,Varanasi,25.3176,82.9739,1,3,5,26.2,0,292.08,0.247,51.89,1279,3,Web,41,1400,160,500
2024-12-06,Goa,15.2993,74.124,0,12,4,19.6,1,375.85,0.387,79.44,1090,2,App,9,2000,250,800
2025-01-20,Agra,27.1767,78.0081,0,1,0,17.8,0,202.95,0.293,54.53,782,3,Web,3,1300,150,550
2024-02-14,Goa,15.2993,74.124,0,2,2,24.4,0,409.69,0.01,77.04,1217,2,App,13,2000,250,800
2025-09-27,Varanasi,25.3176,82.9739,1,9,5,27.8,0,654.52,0.528,59.73,979,2,Agent,5,1400,160,500
2024-11-30,Varanasi,25.3176,82.9739,1,11,5,17.1,0,829.44,0.005,43.79,1204,3,App,10,1400,160,500
2025-03-30,Kerala,10.8505,76.2711,1,3,6,30.5,0,630.86,-0.432,80.59,1200,3,App,9,1700,220,700
2025-02-24,Jaipur,26.9124,75.7873,0,2,0,24.3,0,13.38,0.047,64.87,782,2,Kiosk,22,1500,180,600
2025-08-09,Leh,34.1526,77.5771,1,8,5,14.9,1,398.58,-0.952,84.12,413,2,App,1,600,90,220
2024-01-07,Leh,34.1526,77.5771,1,1,6,3.4,0,770.16,-0.519,98.71,678,3,Kiosk,6,600,90,220
2024-04-25,Manali,32.2432,77.1892,0,4,3,19.2,0,654.5,0.354,80.08,973,2,App,3,1200,140,450
2024-07-05,Manali,32.2432,77.1892,0,7,4,23.5,0,553.36,-0.466,77.56,842,1,Kiosk,7,1200,140,450
2025-08-12,Goa,15.2993,74.124,0,8,1,34.9,0,220.22,-0.039,83.15,1082,2,Agent,9,2000,250,800
2025-08-03,Manali,32.2432,77.1892,1,8,6,19.8,0,122.1,-0.061,83.76,931,1,Agent,23,1200,140,450
2024-07-12,Kerala,10.8505,76.2711,0,7,4,36.0,0,521.76,-0.064,71.09,1048,2,Agent,7,1700,220,700
2024-03-14,Andaman,11.7401,92.6586,0,3,3,28.1,0,543.5,-0.297,98.95,642,2,Kiosk,12,900,120,300
2024-02-01,Leh,34.1526,77.5771,0,2,3,6.3,0,141.71,-0.3,101.59,248,1,Kiosk,10,600,90,220
2024-03-19,Andaman,11.7401,92.6586,0,3,1,25.1,0,539.78,-0.232,85.89,618,1,App,17,900,120,300
2025-08-20,Jaipur,26.9124,75.7873,0,8,2,33.6,1,385.48,0.012,57.96,778,2,Agent,11,1500,180,600
2024-07-20,Agra,27.1767,78.0081,1,7,5,35.7,1,372.51,-0.294,58.23,812,2,Web,17,1300,150,550
2025-05-20,Goa,15.2993,74.124,0,5,1,39.6,0,284.22,0.707,74.33,1217,3,Web,15,2000,250,800
2025-06-16,Andaman,11.7401,92.6586,0,6,0,39.9,0,380.02,-0.213,90.64,452,2,App,10,900,120,300
2024-01-21,Kerala,10.8505,76.2711,1,1,6,22.7,0,256.14,-0.528,65.28,1052,3,App,16,1700,220,700
2024-01-05,Manali,32.2432,77.1892,0,1,4,6.5,0,367.15,-0.434,66.36,894,1,App,14,1200,140,450
2025-01-28,Andaman,11.7401,92.6586,0,1,1,17.1,0,4.38,0.458,90.01,490,2,Agent,4,900,120,300
2025-04-07,Andaman,11.7401,92.6586,0,4,0,31.5,0,359.92,-0.368,103.24,642,2,Agent,28,900,120,300
2024-09-08,Varanasi,25.3176,82.9739,1,9,6,27.7,0,258.4,-0.301,55.18,702,1,Agent,1,1400,160,500
2025-03-02,Manali,32.2432,77.1892,1,3,6,14.2,0,401.66,0.132,75.84,846,1,Kiosk,34,1200,140,450
2024-07-31,Jaipur,26.9124,75.7873,0,7,2,38.1,0,344.65,-0.728,61.04,698,2,App,20,1500,180,600
2024-08-18,Manali,32.2432,77.1892,1,8,6,20.8,0,184.18,-0.316,72.19,661,2,Kiosk,48,1200,140,450
2025-01-17,Andaman,11.7401,92.6586,0,1,4,20.6,0,524.74,-0.449,86.81,497,1,Web,5,900,120,300
2024-11-25,Leh,34.1526,77.5771,0,11,0,1.4,0,1001.79,0.819,92.53,406,3,App,1,600,90,220
2024-09-04,Andaman,11.7401,92.6586,0,9,2,26.8,0,239.5,0.828,95.26,351,3,Web,12,900,120,300
2025-04-01,Jaipur,26.9124,75.7873,0,4,1,33.4,0,1678.77,-0.456,61.26,1750,3,App,5,1500,180,600
2024-04-08,Leh,34.1526,77.5771,0,4,0,14.6,0,845.12,0.294,106.73,563,3,Kiosk,4,600,90,220
2024-04-21,Varanasi,25.3176,82.9739,1,4,6,30.9,0,2339.08,-0.173,57.6,2546,1,Agent,5,1400,160,500
2024-05-03,Agra,27.1767,78.0081,0,5,4,36.2,0,194.71,0.111,51.26,1146,3,App,10,1300,150,550
2024-06-08,Agra,27.1767,78.0081,1,6,5,37.8,0,118.5,-0.455,60.61,773,2,Agent,24,1300,150,550
2025-01-13,Kerala,10.8505,76.2711,0,1,0,19.8,0,802.79,-0.544,65.48,1762,2,Kiosk,20,1700,220,700
2025-07-12,Andaman,11.7401,92.6586,1,7,5,34.9,0,84.46,0.097,91.13,438,2,App,9,900,120,300
2024-12-20,Leh,34.1526,77.5771,0,12,4,1.0,0,615.57,0.36,94.78,363,1,Agent,10,600,90,220
2025-02-11,Manali,32.2432,77.1892,0,2,1,9.9,0,565.05,-0.475,79.19,866,2,Kiosk,7,1200,140,450
2025-06-21,Goa,15.2993,74.124,1,6,5,40.3,0,110.13,-0.777,73.44,1163,2,App,4,2000,250,800
2025-08-30,Jaipur,26.9124,75.7873,1,8,5,32.9,0,44.17,-0.649,53.82,648,3,Web,13,1500,180,600
2025-07-27,Jaipur,26.9124,75.7873,1,7,6,37.0,0,78.3,-0.696,72.6,728,2,Kiosk,9,1500,180,600
2024-10-15,Goa,15.2993,74.124,0,10,1,24.5,0,1032.27,0.598,73.41,1785,1,App,24,2000,250,800
2024-09-30,Manali,32.2432,77.1892,0,9,0,16.8,0,786.79,0.013,69.07,562,4,Agent,3,1200,140,450
2024-09-07,Agra,27.1767,78.0081,1,9,5,29.1,0,558.1,1.0,58.8,844,3,Kiosk,8,1300,150,550
2024-03-01,Kerala,10.8505,76.2711,0,3,4,28.3,0,311.98,0.378,83.53,1174,2,App,12,1700,220,700
2024-11-12,Varanasi,25.3176,82.9739,0,11,1,20.5,0,224.73,0.118,51.83,780,2,Web,1,1400,160,500
2025-01-23,Kerala,10.8505,76.2711,0,1,3,18.8,0,1483.59,-0.22,59.6,2185,2,Kiosk,29,1700,220,700
2025-09-23,Manali,32.2432,77.1892,0,9,1,16.0,0,45.69,1.0,70.61,494,2,App,6,1200,140,450
2024-10-13,Goa,15.2993,74.124,1,10,6,25.2,0,1370.91,1.0,82.36,2551,4,App,14,2000,250,800
2024-04-29,Jaipur,26.9124,75.7873,0,4,0,33.9,0,126.46,0.367,59.34,913,3,App,3,1500,180,600
2024-06-12,Andaman,11.7401,92.6586,0,6,2,38.2,1,180.06,-0.495,90.71,412,3,Agent,26,900,120,300
2025-09-30,Kerala,10.8505,76.2711,0,9,1,28.0,0,541.29,0.203,61.17,1097,2,App,24,1700,220,700
2024-12-26,Andaman,11.7401,92.6586,0,12,3,18.4,0,159.66,0.392,83.97,371,2,Kiosk,25,900,120,300
2025-05-27,Jaipur,26.9124,75.7873,0,5,1,38.3,0,339.1,0.022,65.4,1082,2,Kiosk,3,1500,180,600
2025-07-21,Jaipur,26.9124,75.7873,0,7,0,36.6,1,167.0,-0.398,64.91,615,2,Web,13,1500,180,600
2024-07-20,Agra,27.1767,78.0081,1,7,5,37.3,0,830.57,-0.519,52.69,1025,2,Kiosk,1,1300,150,550
2025-09-27,Manali,32.2432,77.1892,1,9,5,15.0,0,701.72,0.122,69.79,714,4,Agent,1,1200,140,450
2024-02-04,Kerala,10.8505,76.2711,1,2,6,24.6,1,316.36,0.684,79.36,1309,1,Kiosk,9,1700,220,700
2025-08-17,Varanasi,25.3176,82.9739,1,8,6,33.8,0,645.63,0.282,52.2,1036,1,App,4,1400,160,500
2024-10-11,Kerala,10.8505,76.2711,0,10,4,25.7,0,540.66,1.0,67.51,1227,3,Kiosk,4,1700,220,700
2024-05-16,Manali,32.2432,77.1892,0,5,3,24.3,0,480.78,0.355,81.96,934,1,Web,10,1200,140,450
2025-01-03,Andaman,11.7401,92.6586,0,1,4,17.3,0,673.64,-0.127,101.11,540,2,Agent,12,900,120,300
2024-09-17,Jaipur,26.9124,75.7873,0,9,1,29.2,1,352.97,0.748,70.53,710,3,App,1,1500,180,600
2025-06-15,Kerala,10.8505,76.2711,1,6,6,37.6,0,1438.03,0.305,66.59,2592,1,Agent,14,1700,220,700
2025-01-12,Goa,15.2993,74.124,1,1,6,21.3,1,88.78,0.662,80.63,1243,1,Web,8,2000,250,800
2025-02-12,Kerala,10.8505,76.2711,0,2,2,22.7,0,545.45,0.105,70.51,1258,2,Agent,27,1700,220,700
2025-05-05,Andaman,11.7401,92.6586,0,5,0,35.8,0,421.27,0.026,95.68,480,2,Agent,30,900,120,300
2025-05-07,Kerala,10.8505,76.2711,0,5,2,38.5,0,536.26,0.22,68.74,1278,2,Kiosk,57,1700,220,700
2025-09-30,Manali,32.2432,77.1892,0,9,1,14.1,0,577.83,-0.217,69.02,461,2,Web,6,1200,140,450
2024-02-26,Manali,32.2432,77.1892,0,2,0,9.9,0,59.5,0.15,78.52,579,2,Kiosk,24,1200,140,450
2025-06-08,Manali,32.2432,77.1892,1,6,6,24.8,0,609.89,-0.861,61.31,1057,3,Web,13,1200,140,450
2025-01-23,Agra,27.1767,78.0081,0,1,3,16.7,0,520.35,0.28,60.49,958,3,Web,17,1300,150,550
2024-11-08,Manali,32.2432,77.1892,0,11,4,6.2,0,944.2,0.358,73.9,665,3,Kiosk,28,1200,140,450
2025-08-25,Kerala,10.8505,76.2711,0,8,0,34.8,0,308.18,-0.29,79.57,803,2,Agent,8,1700,220,700
2025-04-05,Varanasi,25.3176,82.9739,1,4,5,30.7,0,58.31,-0.012,52.63,1219,3,Web,7,1400,160,500
2024-05-02,Andaman,11.7401,92.6586,0,5,3,36.3,0,859.78,0.067,92.52,790,3,Web,10,900,120,300
2025-08-21,Jaipur,26.9124,75.7873,0,8,3,32.6,0,703.66,-0.675,69.12,731,2,Agent,48,1500,180,600
2025-03-08,Andaman,11.7401,92.6586,1,3,5,26.2,0,307.32,-0.107,97.55,498,1,Kiosk,13,900,120,300
2025-08-24,Kerala,10.8505,76.2711,1,8,6,33.0,0,107.71,0.205,66.82,1011,1,App,11,1700,220,700
2024-12-30,Jaipur,26.9124,75.7873,0,12,0,18.0,0,406.34,0.178,71.6,972,2,App,9,1500,180,600
2025-06-03,Kerala,10.8505,76.2711,0,6,1,40.2,0,620.22,-0.373,72.54,1108,3,Web,8,1700,220,700
2025-05-14,Kerala,10.8505,76.2711,0,5,2,39.3,0,155.84,0.48,64.94,1326,2,Kiosk,18,1700,220,700
2025-07-04,Kerala,10.8505,76.2711,0,7,4,38.6,0,362.02,-0.659,57.36,1051,1,App,9,1700,220,700
2024-12-08,Varanasi,25.3176,82.9739,1,12,6,16.1,0,131.62,0.249,44.48,1045,3,Agent,6,1400,160,500
2025-08-26,Jaipur,26.9124,75.7873,0,8,1,32.7,0,735.47,0.54,55.3,915,1,App,12,1500,180,600
2024-04-20,Andaman,11.7401,92.6586,1,4,5,30.7,0,256.24,-0.394,92.15,668,2,Web,3,900,120,300
2025-06-21,Kerala,10.8505,76.2711,1,6,5,39.8,0,76.35,-0.052,76.02,862,2,Agent,10,1700,220,700
2025-04-13,Leh,34.1526,77.5771,1,4,6,14.3,0,141.74,-0.007,105.19,281,1,Kiosk,8,600,90,220
2024-02-07,Andaman,11.7401,92.6586,0,2,2,22.8,0,389.44,0.004,97.25,473,2,Kiosk,21,900,120,300
2024-03-24,Kerala,10.8505,76.2711,1,3,6,27.7,0,787.08,0.298,66.62,2077,2,Web,15,1700,220,700
2024-12-27,Leh,34.1526,77.5771,0,12,4,-0.5,0,240.9,0.275,96.8,288,1,App,13,600,90,220
2024-07-05,Varanasi,25.3176,82.9739,0,7,4,35.4,0,307.03,0.227,53.1,699,3,Kiosk,28,1400,160,500
2025-05-16,Leh,34.1526,77.5771,0,5,4,18.7,0,847.21,0.351,99.07,586,2,Agent,4,600,90,220
2025-01-10,Varanasi,25.3176,82.9739,0,1,4,16.7,0,243.12,0.068,57.41,1092,1,Web,1,1400,160,500
2025-10-01,Leh,34.1526,77.5771,0,10,2,4.4,0,224.76,1.0,93.79,251,3,App,5,600,90,220
2024-05-21,Jaipur,26.9124,75.7873,0,5,1,36.7,0,510.27,0.477,68.03,1246,4,Kiosk,1,1500,180,600
2024-04-26,Leh,34.1526,77.5771,0,4,4,16.0,0,166.95,-0.032,95.81,203,2,Web,24,600,90,220
2024-09-03,Agra,27.1767,78.0081,0,9,1,27.6,0,608.58,-0.327,63.4,623,1,Kiosk,19,1300,150,550
2024-04-09,Manali,32.2432,77.1892,0,4,1,20.4,0,269.85,-0.101,80.05,699,2,Web,29,1200,140,450
2025-07-04,Goa,15.2993,74.124,0,7,4,40.2,1,861.91,1.0,80.14,1364,3,Web,2,2000,250,800
2024-12-09,Agra,27.1767,78.0081,0,12,0,16.1,0,267.11,0.049,57.99,702,3,Web,2,1300,150,550
2024-03-09,Agra,27.1767,78.0081,1,3,5,27.2,0,556.56,0.746,58.11,1299,2,Agent,3,1300,150,550
2025-04-12,Goa,15.2993,74.124,1,4,5,35.7,0,700.41,0.248,89.27,2181,2,Agent,7,2000,250,800
2024-05-25,Kerala,10.8505,76.2711,1,5,5,36.9,0,465.01,0.683,73.31,1442,2,Agent,4,1700,220,700
2024-07-29,Kerala,10.8505,76.2711,0,7,0,36.7,0,279.01,-0.788,72.23,930,2,Kiosk,32,1700,220,700
2024-04-25,Andaman,11.7401,92.6586,0,4,3,32.7,1,275.43,0.29,92.9,382,2,Kiosk,7,900,120,300
2024-11-26,Jaipur,26.9124,75.7873,0,11,1,20.1,0,577.59,0.191,61.91,1075,3,Agent,6,1500,180,600
2024-01-13,Manali,32.2432,77.1892,1,1,5,5.4,0,207.85,0.078,74.4,1015,4,Kiosk,7,1200,140,450
2024-07-01,Leh,34.1526,77.5771,0,7,0,20.1,0,232.89,-0.159,90.1,422,1,Web,6,600,90,220
2025-02-08,Jaipur,26.9124,75.7873,1,2,5,24.6,0,468.24,-0.035,60.05,1342,1,Web,13,1500,180,600
2025-04-12,Varanasi,25.3176,82.9739,1,4,5,31.3,0,1603.87,0.128,46.56,2494,2,Kiosk,10,1400,160,500
2024-01-20,Andaman,11.7401,92.6586,1,1,5,18.6,0,713.47,0.341,87.04,850,2,App,9,900,120,300
2024-05-27,Varanasi,25.3176,82.9739,0,5,0,36.1,0,234.72,0.398,56.89,909,2,Agent,3,1400,160,500
2025-07-22,Manali,32.2432,77.1892,0,7,1,21.7,0,150.11,0.389,69.18,760,2,App,27,1200,140,450
2025-03-04,Goa,15.2993,74.124,0,3,1,30.5,0,421.15,0.17,78.49,1429,2,Kiosk,7,2000,250,800
2025-05-13,Agra,27.1767,78.0081,0,5,1,36.1,0,588.52,0.196,58.46,1021,2,Web,6,1300,150,550
2024-08-18,Leh,34.1526,77.5771,1,8,6,12.7,0,533.86,0.781,90.89,619,2,App,3,600,90,220
2024-10-13,Jaipur,26.9124,75.7873,1,10,6,22.5,0,391.24,-0.114,62.33,958,4,Web,5,1500,180,600
2025-05-13,Goa,15.2993,74.124,0,5,1,37.5,0,471.46,1.0,84.35,1702,4,Agent,1,2000,250,800
2025-01-21,Agra,27.1767,78.0081,0,1,1,18.7,0,340.01,0.504,55.45,806,3,Web,20,1300,150,550
2025-07-12,Varanasi,25.3176,82.9739,1,7,5,34.4,1,513.16,-0.484,59.74,864,2,Agent,18,1400,160,500
2025-04-09,Jaipur,26.9124,75.7873,0,4,2,32.2,0,702.02,-0.21,62.46,1497,2,Web,9,1500,180,600
2024-10-14,Kerala,10.8505,76.2711,0,10,0,26.0,0,21.84,0.539,59.46,779,4,Web,4,1700,220,700
2024-02-05,Kerala,10.8505,76.2711,0,2,0,22.9,0,89.48,-0.364,69.84,856,2,Kiosk,9,1700,220,700
2025-09-16,Manali,32.2432,77.1892,0,9,1,16.2,1,92.64,0.15,72.13,430,4,App,5,1200,140,450
2025-06-09,Varanasi,25.3176,82.9739,0,6,0,36.0,0,422.89,0.521,56.7,839,1,App,5,1400,160,500
2025-09-27,Varanasi,25.3176,82.9739,1,9,5,27.3,0,361.48,-0.447,49.43,749,1,App,24,1400,160,500
2024-03-16,Jaipur,26.9124,75.7873,1,3,5,29.1,0,220.28,1.0,56.39,1429,1,Web,8,1500,180,600
2024-09-20,Leh,34.1526,77.5771,0,9,4,9.0,0,708.49,0.028,102.4,243,2,Agent,3,600,90,220
2025-05-02,Kerala,10.8505,76.2711,0,5,4,37.3,0,693.31,0.437,78.09,1304,3,Kiosk,14,1700,220,700
2024-09-28,Varanasi,25.3176,82.9739,1,9,5,27.4,1,47.52,0.225,52.82,743,2,App,6,1400,160,500
2024-10-12,Goa,15.2993,74.124,1,10,5,26.3,0,217.52,0.438,82.2,1362,2,App,9,2000,250,800
2024-07-26,Leh,34.1526,77.5771,0,7,4,17.9,0,495.71,0.459,96.52,457,2,Agent,17,600,90,220
2025-06-13,Agra,27.1767,78.0081,0,6,4,37.2,0,87.78,-0.082,53.31,808,3,Web,21,1300,150,550
2024-02-22,Manali,32.2432,77.1892,0,2,3,11.8,0,321.88,-0.264,70.94,738,2,App,2,1200,140,450
2024-07-25,Leh,34.1526,77.5771,0,7,3,18.9,0,820.13,0.742,94.24,649,1,Web,38,600,90,220
2025-03-14,Manali,32.2432,77.1892,0,3,4,13.4,0,1074.48,-0.171,72.78,1323,2,Agent,9,1200,140,450
2024-02-21,Varanasi,25.3176,82.9739,0,2,2,21.2,0,446.34,-0.017,54.25,899,2,Web,23,1400,160,500
2025-01-17,Goa,15.2993,74.124,0,1,4,23.5,1,396.1,-0.603,77.58,1082,2,App,11,2000,250,800
2024-05-29,Leh,34.1526,77.5771,0,5,2,18.9,0,357.68,-0.51,107.26,453,2,Agent,16,600,90,220
2024-11-27,Agra,27.1767,78.0081,0,11,2,19.1,0,134.33,0.287,57.7,691,2,Web,1,1300,150,550
2025-06-16,Kerala,10.8505,76.2711,0,6,0,40.5,0,456.43,-0.011,63.68,1018,1,App,24,1700,220,700
2025-06-09,Goa,15.2993,74.124,0,6,0,39.0,0,139.19,-0.434,85.28,974,3,App,13,2000,250,800
2024-05-16,Andaman,11.7401,92.6586,0,5,3,36.5,0,192.55,0.367,103.1,513,1,App,7,900,120,300
2025-08-18,Jaipur,26.9124,75.7873,0,8,0,35.0,0,436.82,0.16,62.42,877,2,App,8,1500,180,600
2024-12-01,Goa,15.2993,74.124,1,12,6,21.0,0,351.22,0.532,78.19,1785,3,App,13,2000,250,800
2025-01-06,Agra,27.1767,78.0081,0,1,0,19.5,0,256.41,0.854,62.44,796,3,App,6,1300,150,550
2024-12-03,Manali,32.2432,77.1892,0,12,1,6.1,0,432.73,-0.624,72.13,806,1,Kiosk,16,1200,140,450
2025-02-26,Manali,32.2432,77.1892,0,2,2,10.5,0,579.72,0.3,77.49,818,3,Agent,6,1200,140,450
2025-02-26,Andaman,11.7401,92.6586,0,2,2,24.9,0,801.25,-0.619,89.55,600,1,Web,15,900,120,300
2025-07-28,Jaipur,26.9124,75.7873,0,7,0,37.9,0,460.42,0.519,60.75,826,2,Web,1,1500,180,600
2025-08-20,Manali,32.2432,77.1892,0,8,2,20.7,0,312.25,-0.279,74.94,516,2,Kiosk,4,1200,140,450
2024-02-20,Leh,34.1526,77.5771,0,2,1,5.2,0,354.57,0.013,98.16,344,2,Agent,8,600,90,220
2025-04-28,Jaipur,26.9124,75.7873,0,4,0,32.3,1,665.84,-0.771,68.11,1228,2,Kiosk,24,1500,180,600
2024-12-29,Varanasi,25.3176,82.9739,1,12,6,18.2,0,198.58,0.386,38.28,907,2,Web,12,1400,160,500
2025-06-08,Agra,27.1767,78.0081,1,6,6,36.9,0,566.78,-0.138,56.21,804,2,Kiosk,17,1300,150,550
2024-06-06,Kerala,10.8505,76.2711,0,6,3,38.3,0,620.62,0.379,61.51,1392,3,Kiosk,2,1700,220,700
2024-01-13,Goa,15.2993,74.124,1,1,5,17.3,0,216.44,-0.008,75.16,1599,1,Kiosk,10,2000,250,800
2024-02-28,Jaipur,26.9124,75.7873,0,2,2,21.3,0,193.43,-0.669,63.92,709,3,Kiosk,9,1500,180,600
2024-12-11,Leh,34.1526,77.5771,0,12,2,-1.3,1,182.81,-0.14,97.33,229,2,App,5,600,90,220
2024-06-16,Manali,32.2432,77.1892,1,6,6,25.7,0,383.86,0.749,70.76,1605,2,Agent,4,1200,140,450
2024-11-09,Agra,27.1767,78.0081,1,11,5,20.3,0,585.21,-0.737,57.12,960,2,App,18,1300,150,550
2025-08-09,Manali,32.2432,77.1892,1,8,5,19.7,1,519.62,0.18,77.32,817,2,Web,2,1200,140,450
2024-04-24,Goa,15.2993,74.124,0,4,2,34.9,0,785.94,0.63,86.87,1756,1,Web,1,2000,250,800
2025-01-17,Manali,32.2432,77.1892,0,1,4,6.4,0,354.09,0.395,79.79,623,2,Kiosk,18,1200,140,450
2024-03-13,Manali,32.2432,77.1892,0,3,2,15.4,0,550.86,1.0,66.93,990,2,Agent,13,1200,140,450
2024-11-13,Leh,34.1526,77.5771,0,11,2,2.2,0,418.64,-0.911,93.64,350,1,Kiosk,1,600,90,220
2025-06-14,Varanasi,25.3176,82.9739,1,6,5,38.7,0,601.45,1.0,53.13,1152,2,Web,26,1400,160,500
2024-03-09,Kerala,10.8505,76.2711,1,3,5,28.8,1,97.73,-0.476,70.83,1254,2,Kiosk,6,1700,220,700
2025-07-13,Kerala,10.8505,76.2711,1,7,6,37.9,0,286.43,0.59,65.6,1032,2,Agent,8,1700,220,700
2024-02-11,Kerala,10.8505,76.2711,1,2,6,23.1,0,192.04,0.559,70.97,1183,3,Agent,5,1700,220,700
2025-01-20,Jaipur,26.9124,75.7873,0,1,0,19.5,0,456.7,0.494,65.04,959,1,App,7,1500,180,600
2025-05-16,Manali,32.2432,77.1892,0,5,4,22.7,0,74.31,-0.792,74.01,682,3,Agent,11,1200,140,450
2025-01-30,Andaman,11.7401,92.6586,0,1,3,20.2,0,68.0,0.251,88.87,472,2,Agent,15,900,120,300
2024-08-30,Goa,15.2993,74.124,0,8,4,34.0,1,43.62,-0.551,72.38,626,2,Agent,11,2000,250,800
2024-07-12,Andaman,11.7401,92.6586,0,7,4,37.1,0,436.8,0.572,93.3,413,2,App,13,900,120,300
2025-02-17,Manali,32.2432,77.1892,0,2,0,10.5,0,41.2,-1.0,70.18,604,1,Web,3,1200,140,450
2025-08-04,Leh,34.1526,77.5771,0,8,0,14.2,0,158.81,0.562,89.44,326,2,Kiosk,8,600,90,220
2024-01-07,Manali,32.2432,77.1892,1,1,6,6.0,0,447.14,-0.174,75.4,794,3,Agent,6,1200,140,450
2024-11-05,Varanasi,25.3176,82.9739,0,11,1,20.2,1,459.34,0.282,51.85,588,2,Web,6,1400,160,500
2024-08-29,Andaman,11.7401,92.6586,0,8,3,33.4,0,692.39,0.381,89.1,432,3,Web,7,900,120,300
2024-02-13,Agra,27.1767,78.0081,0,2,1,20.3,0,769.18,0.594,57.22,1199,2,App,10,1300,150,550
2024-11-27,Manali,32.2432,77.1892,0,11,2,6.7,0,775.72,-0.51,78.63,891,3,Agent,12,1200,140,450
2025-01-14,Varanasi,25.3176,82.9739,0,1,1,18.9,0,317.78,0.094,52.29,802,2,App,24,1400,160,500
2025-08-15,Manali,32.2432,77.1892,0,8,4,17.4,0,334.92,0.08,79.26,799,1,Agent,17,1200,140,450
2025-03-20,Goa,15.2993,74.124,0,3,3,30.9,0,293.24,0.462,79.82,1277,1,Kiosk,10,2000,250,800
2024-05-14,Agra,27.1767,78.0081,0,5,1,35.7,0,555.58,-0.259,55.29,1271,2,Web,4,1300,150,550
2025-04-10,Goa,15.2993,74.124,0,4,3,36.0,0,260.8,-0.189,88.87,1207,2,App,7,2000,250,800
2025-03-31,Varanasi,25.3176,82.9739,0,3,0,27.3,0,132.57,0.325,53.19,796,1,Web,10,1400,160,500
2025-05-17,Jaipur,26.9124,75.7873,1,5,5,37.7,1,122.69,0.193,63.98,981,2,Kiosk,17,1500,180,600
2025-07-22,Goa,15.2993,74.124,0,7,1,37.8,0,256.4,0.576,84.88,1162,2,Web,6,2000,250,800
2024-11-24,Andaman,11.7401,92.6586,1,11,6,18.5,0,192.76,0.429,94.87,521,3,App,4,900,120,300
2024-11-11,Kerala,10.8505,76.2711,0,11,0,21.3,0,88.36,-0.968,62.09,662,3,Web,14,1700,220,700
2025-01-17,Andaman,11.7401,92.6586,0,1,4,18.5,0,374.22,-0.653,91.58,515,2,Web,10,900,120,300
2024-07-25,Andaman,11.7401,92.6586,0,7,3,37.6,0,376.21,0.634,99.11,458,1,Agent,7,900,120,300
2024-10-31,Varanasi,25.3176,82.9739,0,10,3,21.9,0,529.38,0.83,54.04,859,2,Web,12,1400,160,500
2025-04-16,Leh,34.1526,77.5771,0,4,2,15.0,0,427.71,0.134,100.36,429,2,Agent,5,600,90,220
2025-02-08,Kerala,10.8505,76.2711,1,2,5,22.3,0,205.46,-0.032,65.44,1242,1,Web,17,1700,220,700
2024-02-25,Andaman,11.7401,92.6586,1,2,6,24.1,0,644.81,0.454,89.95,731,1,App,10,900,120,300
2025-03-24,Manali,32.2432,77.1892,0,3,0,16.2,0,166.51,0.308,82.06,708,3,Agent,3,1200,140,450
2024-02-05,Goa,15.2993,74.124,0,2,0,27.2,1,584.06,0.094,76.78,1530,2,Agent,24,2000,250,800
2025-01-06,Andaman,11.7401,92.6586,0,1,0,19.8,0,116.34,-0.318,91.55,400,3,App,34,900,120,300
2024-07-15,Varanasi,25.3176,82.9739,0,7,0,34.6,0,70.71,0.07,44.71,593,1,Agent,9,1400,160,500
2025-07-20,Leh,34.1526,77.5771,1,7,6,18.7,0,434.16,1.0,99.15,536,2,App,20,600,90,220
2024-12-07,Agra,27.1767,78.0081,1,12,5,17.7,0,125.64,0.116,51.1,1119,2,Kiosk,23,1300,150,550
2024-08-21,Agra,27.1767,78.0081,0,8,2,31.9,0,77.89,1.0,49.22,775,1,Web,10,1300,150,550
2025-09-12,Leh,34.1526,77.5771,0,9,4,9.5,0,513.04,0.248,85.56,284,2,App,16,600,90,220
2024-07-03,Goa,15.2993,74.124,0,7,2,37.1,1,478.93,-0.998,84.78,993,1,App,4,2000,250,800
2025-07-29,Kerala,10.8505,76.2711,0,7,1,36.9,0,1113.75,0.117,64.93,1425,1,Agent,3,1700,220,700
2024-02-19,Goa,15.2993,74.124,0,2,0,25.3,0,574.69,0.447,69.14,1354,2,App,9,2000,250,800
2024-06-16,Manali,32.2432,77.1892,1,6,6,23.0,0,558.9,-0.022,77.56,1397,2,Kiosk,6,1200,140,450
2025-06-25,Leh,34.1526,77.5771,0,6,2,21.7,0,255.64,0.883,100.55,537,2,App,3,600,90,220
2025-07-06,Manali,32.2432,77.1892,1,7,6,22.7,0,62.33,1.0,79.18,618,3,App,11,1200,140,450
2024-10-27,Kerala,10.8505,76.2711,1,10,6,24.1,0,1078.1,-0.398,63.48,1645,2,Web,9,1700,220,700
2024-06-23,Leh,34.1526,77.5771,1,6,6,20.2,0,179.6,0.468,107.98,488,2,App,2,600,90,220
2025-06-29,Kerala,10.8505,76.2711,1,6,6,39.7,0,257.24,1.0,72.14,1830,1,Web,21,1700,220,700
2024-01-25,Varanasi,25.3176,82.9739,0,1,3,17.3,0,248.45,0.12,57.18,938,2,Kiosk,4,1400,160,500
2025-07-16,Kerala,10.8505,76.2711,0,7,2,38.2,0,935.48,0.475,70.08,1304,3,Agent,1,1700,220,700
2024-05-28,Jaipur,26.9124,75.7873,0,5,1,37.1,0,1024.82,-0.129,66.28,1273,1,Agent,1,1500,180,600
2025-08-20,Kerala,10.8505,76.2711,0,8,2,33.1,0,623.28,-0.381,73.95,823,2,Agent,12,1700,220,700
2024-03-29,Goa,15.2993,74.124,0,3,4,30.6,0,235.68,-0.63,81.66,1314,2,Web,16,2000,250,800
2024-03-04,Andaman,11.7401,92.6586,0,3,0,26.0,0,372.04,0.242,98.74,594,2,Kiosk,13,900,120,300
2025-08-27,Jaipur,26.9124,75.7873,0,8,2,33.5,0,182.54,0.118,55.93,556,2,Web,7,1500,180,600
2024-04-30,Kerala,10.8505,76.2711,0,4,1,33.4,0,1701.18,0.176,71.54,2690,2,Web,3,1700,220,700
2024-06-16,Jaipur,26.9124,75.7873,1,6,6,38.3,0,576.1,0.39,65.76,1370,2,Web,15,1500,180,600
2025-01-18,Leh,34.1526,77.5771,1,1,5,1.5,0,923.16,0.878,101.07,695,1,App,27,600,90,220
2024-03-17,Varanasi,25.3176,82.9739,1,3,6,26.2,0,142.43,-0.107,59.99,894,2,Agent,7,1400,160,500
2024-10-31,Varanasi,25.3176,82.9739,0,10,3,22.3,0,665.41,-0.143,46.37,948,2,Web,17,1400,160,500
2024-08-31,Leh,34.1526,77.5771,1,8,5,14.5,1,831.15,0.004,83.85,607,1,Kiosk,17,600,90,220
2024-11-13,Andaman,11.7401,92.6586,0,11,2,18.6,0,491.9,-0.545,91.15,468,1,App,18,900,120,300
2025-01-06,Manali,32.2432,77.1892,0,1,0,8.3,0,432.9,0.143,76.31,638,1,Kiosk,1,1200,140,450
2024-09-14,Goa,15.2993,74.124,1,9,5,28.8,0,206.83,-0.079,82.1,1386,2,App,8,2000,250,800
2024-08-12,Kerala,10.8505,76.2711,0,8,0,34.3,1,259.59,-0.481,61.26,584,1,App,4,1700,220,700
2024-12-24,Jaipur,26.9124,75.7873,0,12,1,16.8,0,139.64,-0.011,62.4,857,3,App,19,1500,180,600
2024-01-22,Andaman,11.7401,92.6586,0,1,0,19.8,0,382.18,0.07,90.58,600,2,Web,33,900,120,300
2024-01-11,Varanasi,25.3176,82.9739,0,1,3,19.9,0,331.4,0.559,57.71,764,2,Web,16,1400,160,500
2024-01-30,Jaipur,26.9124,75.7873,0,1,1,20.2,0,182.91,0.636,50.27,903,2,App,23,1500,180,600
2025-06-14,Agra,27.1767,78.0081,1,6,5,35.1,0,521.05,-0.234,58.12,1022,2,Agent,25,1300,150,550
2024-04-07,Agra,27.1767,78.0081,1,4,6,32.1,0,832.38,0.024,61.6,1198,1,Agent,5,1300,150,550
2025-05-26,Andaman,11.7401,92.6586,0,5,0,37.9,0,166.87,0.036,97.46,467,2,Agent,13,900,120,300
2024-05-22,Manali,32.2432,77.1892,0,5,2,22.3,0,299.93,-0.85,81.71,756,3,App,7,1200,140,450
2025-02-07,Manali,32.2432,77.1892,0,2,4,8.1,0,542.57,0.399,69.41,529,3,Kiosk,7,1200,140,450
2024-10-08,Jaipur,26.9124,75.7873,0,10,1,20.5,0,288.43,0.869,61.98,1024,2,Agent,6,1500,180,600
2024-01-13,Manali,32.2432,77.1892,1,1,5,6.3,0,373.38,-1.0,86.08,788,2,Web,7,1200,140,450
2024-01-31,Goa,15.2993,74.124,0,1,2,21.8,0,477.95,0.842,84.52,1517,3,Kiosk,13,2000,250,800
2025-01-27,Goa,15.2993,74.124,0,1,0,21.0,0,329.88,0.008,74.99,1284,2,Agent,5,2000,250,800
2024-06-28,Jaipur,26.9124,75.7873,0,6,4,38.6,0,861.86,0.471,68.91,1402,2,App,17,1500,180,600
2025-05-17,Goa,15.2993,74.124,1,5,5,38.6,0,307.84,-0.226,80.2,1235,3,App,13,2000,250,800
2024-08-19,Manali,32.2432,77.1892,0,8,0,23.5,0,246.34,0.125,71.33,846,3,Agent,10,1200,140,450
2024-11-30,Varanasi,25.3176,82.9739,1,11,5,18.8,0,226.6,0.062,40.55,874,2,App,15,1400,160,500
2024-10-29,Manali,32.2432,77.1892,0,10,1,10.4,0,755.9,1.0,73.08,655,3,App,7,1200,140,450
2025-03-16,Varanasi,25.3176,82.9739,1,3,6,25.7,0,332.2,0.966,56.8,1461,2,App,11,1400,160,500
2024-03-19,Kerala,10.8505,76.2711,0,3,1,28.6,0,339.55,-0.037,71.32,891,2,Agent,4,1700,220,700
2024-11-01,Jaipur,26.9124,75.7873,0,11,4,20.1,0,58.33,0.722,62.84,853,1,Web,4,1500,180,600
2025-10-01,Goa,15.2993,74.124,0,10,2,26.7,0,215.95,0.195,85.79,953,3,Web,9,2000,250,800
2024-05-07,Manali,32.2432,77.1892,0,5,1,23.6,0,1061.44,0.394,70.55,1157,2,Agent,23,1200,140,450
2025-01-04,Andaman,11.7401,92.6586,1,1,5,16.7,0,348.69,0.576,95.57,719,3,App,8,900,120,300
2025-04-10,Leh,34.1526,77.5771,0,4,3,16.2,1,551.01,-0.785,111.87,361,1,Agent,19,600,90,220
2024-02-02,Leh,34.1526,77.5771,0,2,4,4.8,0,304.16,-0.278,98.14,311,3,Agent,27,600,90,220
2025-08-24,Jaipur,26.9124,75.7873,1,8,6,35.7,0,171.76,0.055,60.84,790,2,Kiosk,8,1500,180,600
2024-08-20,Kerala,10.8505,76.2711,0,8,1,33.1,0,101.64,0.194,69.93,848,1,Web,8,1700,220,700
2024-08-17,Varanasi,25.3176,82.9739,1,8,5,30.8,0,96.48,0.007,54.6,810,3,App,7,1400,160,500
2024-06-07,Andaman,11.7401,92.6586,0,6,4,37.3,0,810.62,0.34,100.92,552,2,Agent,5,900,120,300
2024-08-06,Andaman,11.7401,92.6586,0,8,1,32.4,0,600.03,-0.539,90.58,415,2,Kiosk,38,900,120,300
2024-11-23,Leh,34.1526,77.5771,1,11,5,2.9,0,237.28,0.197,91.47,363,2,Agent,5,600,90,220
2024-06-17,Manali,32.2432,77.1892,0,6,0,25.3,1,817.96,-0.459,78.82,995,1,Agent,6,1200,140,450
2024-08-29,Leh,34.1526,77.5771,0,8,3,13.8,0,223.58,0.732,91.97,304,1,Web,7,600,90,220
2024-08-23,Leh,34.1526,77.5771,0,8,4,15.1,0,367.27,-0.704,92.06,168,2,Web,7,600,90,220
2024-05-18,Manali,32.2432,77.1892,1,5,5,26.5,0,372.42,1.0,69.7,815,2,App,37,1200,140,450
2024-02-17,Agra,27.1767,78.0081,1,2,5,21.1,0,452.46,0.264,63.49,1335,2,Agent,7,1300,150,550
2024-08-11,Agra,27.1767,78.0081,1,8,6,31.3,0,421.98,0.489,54.83,856,2,Kiosk,11,1300,150,550
2024-04-24,Kerala,10.8505,76.2711,0,4,2,34.4,0,161.16,0.036,67.97,1263,2,Web,2,1700,220,700
2024-11-25,Jaipur,26.9124,75.7873,0,11,0,18.0,0,187.95,-0.012,68.39,652,4,Kiosk,4,1500,180,600
2024-11-29,Agra,27.1767,78.0081,0,11,4,17.0,0,349.5,-0.946,54.74,813,3,Web,5,1300,150,550
2025-03-26,Goa,15.2993,74.124,0,3,2,30.8,0,365.52,0.483,85.8,1251,2,Kiosk,5,2000,250,800
2025-05-13,Agra,27.1767,78.0081,0,5,1,38.0,0,508.3,-0.151,61.97,1246,2,Kiosk,7,1300,150,550
2025-08-11,Manali,32.2432,77.1892,0,8,0,20.0,0,152.87,1.0,73.69,454,3,Agent,7,1200,140,450
2024-01-19,Leh,34.1526,77.5771,0,1,4,1.0,0,686.37,-0.257,88.95,534,2,App,10,600,90,220
2025-02-20,Andaman,11.7401,92.6586,0,2,3,22.9,0,345.64,-0.822,94.06,488,2,Agent,8,900,120,300
2024-03-01,Manali,32.2432,77.1892,0,3,4,14.3,0,27.78,0.264,79.54,648,1,Agent,12,1200,140,450
2025-04-02,Manali,32.2432,77.1892,0,4,2,19.8,0,235.36,0.7,82.22,694,2,Agent,7,1200,140,450
2024-11-10,Jaipur,26.9124,75.7873,1,11,6,20.0,0,372.2,0.002,65.88,858,1,App,7,1500,180,600
2025-03-09,Kerala,10.8505,76.2711,1,3,6,27.9,0,448.31,-0.068,68.66,1185,3,App,1,1700,220,700
2025-05-23,Goa,15.2993,74.124,0,5,4,39.2,0,169.17,0.682,78.17,1380,2,Web,11,2000,250,800
2024-07-20,Manali,32.2432,77.1892,1,7,5,24.0,0,383.61,-0.781,71.85,1365,1,App,7,1200,140,450
2024-11-29,Varanasi,25.3176,82.9739,0,11,4,16.6,0,641.7,0.23,53.23,1148,2,Web,26,1400,160,500
2024-01-13,Leh,34.1526,77.5771,1,1,5,-0.1,0,97.6,0.35,97.25,351,2,App,15,600,90,220
2024-06-20,Kerala,10.8505,76.2711,0,6,3,39.3,0,234.33,0.38,60.86,1028,2,App,8,1700,220,700
2025-05-12,Andaman,11.7401,92.6586,0,5,0,35.7,0,176.98,1.0,96.21,425,2,Agent,15,900,120,300
2025-02-10,Kerala,10.8505,76.2711,0,2,0,23.5,0,353.23,0.194,68.77,1335,2,Kiosk,14,1700,220,700
2024-06-08,Andaman,11.7401,92.6586,1,6,5,36.1,0,182.84,-0.4,101.58,515,3,Web,19,900,120,300
2024-03-26,Goa,15.2993,74.124,0,3,1,29.8,0,194.81,-0.123,86.23,1248,2,Agent,11,2000,250,800
2025-05-06,Varanasi,25.3176,82.9739,0,5,1,34.6,0,340.83,1.0,52.34,1059,3,Web,3,1400,160,500
2025-06-18,Jaipur,26.9124,75.7873,0,6,2,37.4,1,126.6,0.64,64.61,928,2,Kiosk,5,1500,180,600
2024-06-25,Varanasi,25.3176,82.9739,0,6,1,36.8,0,169.62,-0.539,54.72,849,1,App,4,1400,160,500
2025-05-19,Jaipur,26.9124,75.7873,0,5,0,36.4,0,588.02,0.255,57.8,1164,3,App,13,1500,180,600
2025-01-14,Kerala,10.8505,76.2711,0,1,1,22.1,0,184.68,0.781,73.48,1381,2,Kiosk,11,1700,220,700
2024-06-24,Kerala,10.8505,76.2711,0,6,0,37.5,0,518.61,0.487,70.76,1233,1,App,2,1700,220,700
2024-01-06,Varanasi,25.3176,82.9739,1,1,5,16.8,0,292.96,-0.262,49.13,1031,3,Agent,4,1400,160,500
2025-01-08,Manali,32.2432,77.1892,0,1,2,5.8,0,252.38,0.679,70.69,641,3,Web,15,1200,140,450
2025-06-24,Manali,32.2432,77.1892,0,6,1,24.4,0,837.67,0.938,81.72,822,2,Agent,11,1200,140,450
2024-05-22,Andaman,11.7401,92.6586,0,5,2,35.5,0,44.11,-0.916,95.92,398,2,Web,6,900,120,300
2024-02-09,Varanasi,25.3176,82.9739,0,2,4,22.3,0,666.46,0.142,51.92,1303,2,Agent,18,1400,160,500
2025-10-01,Andaman,11.7401,92.6586,0,10,2,22.5,0,942.29,0.516,92.35,680,2,Agent,5,900,120,300
2025-03-18,Manali,32.2432,77.1892,0,3,1,14.4,0,150.44,-0.23,77.23,731,2,Kiosk,19,1200,140,450
2024-03-30,Kerala,10.8505,76.2711,1,3,5,27.5,0,128.98,-0.032,76.58,1215,2,Web,6,1700,220,700
2025-03-27,Agra,27.1767,78.0081,0,3,3,25.9,0,528.79,-0.516,50.49,875,3,Kiosk,10,1300,150,550
2024-10-25,Varanasi,25.3176,82.9739,0,10,4,23.2,0,617.34,0.638,59.33,1107,2,Web,13,1400,160,500
2024-10-23,Jaipur,26.9124,75.7873,0,10,2,22.8,0,151.4,-0.396,63.49,721,3,App,32,1500,180,600
2025-07-26,Jaipur,26.9124,75.7873,1,7,5,35.8,0,226.76,-0.41,66.25,929,2,Web,13,1500,180,600
2025-09-06,Jaipur,26.9124,75.7873,1,9,5,26.9,0,230.48,0.22,63.03,669,2,Kiosk,11,1500,180,600
2024-02-10,Agra,27.1767,78.0081,1,2,5,24.2,1,318.85,-0.022,56.41,942,2,Agent,11,1300,150,550
2025-07-20,Kerala,10.8505,76.2711,1,7,6,37.3,0,52.68,-0.207,67.22,1094,3,Kiosk,28,1700,220,700
2025-05-21,Agra,27.1767,78.0081,0,5,2,36.1,1,851.81,-0.085,64.42,1439,2,Kiosk,2,1300,150,550
2025-03-15,Goa,15.2993,74.124,1,3,5,29.7,0,268.68,1.0,83.8,1518,3,App,8,2000,250,800
2024-11-02,Goa,15.2993,74.124,1,11,5,20.4,0,385.72,0.916,72.4,1231,2,Agent,7,2000,250,800
2025-06-24,Goa,15.2993,74.124,0,6,1,40.4,0,187.22,0.659,73.24,1107,1,Web,5,2000,250,800
2024-12-18,Leh,34.1526,77.5771,0,12,2,0.4,0,696.96,0.9,89.24,328,3,Agent,11,600,90,220
2024-08-04,Goa,15.2993,74.124,1,8,6,34.2,0,158.41,-0.328,72.36,1062,2,Kiosk,15,2000,250,800
2025-08-20,Agra,27.1767,78.0081,0,8,2,32.2,0,502.91,0.798,67.73,795,2,Kiosk,13,1300,150,550
2024-08-11,Jaipur,26.9124,75.7873,1,8,6,31.8,0,152.55,-0.144,61.85,732,3,Web,12,1500,180,600
2025-04-07,Goa,15.2993,74.124,0,4,0,35.1,0,169.55,0.113,89.4,1341,2,Kiosk,3,2000,250,800
2024-08-29,Agra,27.1767,78.0081,0,8,3,32.7,0,563.85,0.936,54.62,698,3,Agent,21,1300,150,550
2025-05-16,Kerala,10.8505,76.2711,0,5,4,38.7,0,327.1,-1.0,73.52,897,1,App,2,1700,220,700
2024-07-23,Agra,27.1767,78.0081,0,7,1,34.0,0,441.05,0.039,56.31,805,3,Web,3,1300,150,550
2024-08-16,Goa,15.2993,74.124,0,8,4,33.6,0,118.91,-0.067,85.47,793,1,Agent,10,2000,250,800
2024-04-07,Andaman,11.7401,92.6586,1,4,6,33.0,0,428.12,-0.622,92.77,762,3,Kiosk,25,900,120,300
2024-06-06,Varanasi,25.3176,82.9739,0,6,3,38.1,0,140.36,0.95,49.4,909,2,App,11,1400,160,500
2024-01-26,Agra,27.1767,78.0081,0,1,4,18.7,0,270.84,-0.324,63.54,1016,2,Web,21,1300,150,550
2024-11-03,Agra,27.1767,78.0081,1,11,6,19.8,0,238.85,-0.141,52.54,971,2,Web,2,1300,150,550
2024-11-09,Kerala,10.8505,76.2711,1,11,5,19.8,0,551.46,-0.036,63.89,1337,2,Web,9,1700,220,700
2024-04-03,Manali,32.2432,77.1892,0,4,2,20.1,0,235.13,0.281,75.87,676,1,Web,9,1200,140,450
2024-10-03,Andaman,11.7401,92.6586,0,10,3,22.2,0,91.07,0.56,91.91,312,4,Agent,16,900,120,300
2025-06-10,Agra,27.1767,78.0081,0,6,1,37.3,0,228.78,0.615,58.77,984,3,Kiosk,22,1300,150,550
2024-03-15,Agra,27.1767,78.0081,0,3,4,27.5,1,203.05,-0.177,55.14,653,2,Kiosk,13,1300,150,550
2024-04-26,Goa,15.2993,74.124,0,4,4,35.6,0,915.53,0.611,79.68,1964,2,Agent,11,2000,250,800
2025-02-15,Varanasi,25.3176,82.9739,1,2,5,21.9,0,327.1,0.396,54.06,673,3,App,7,1400,160,500
2025-04-03,Goa,15.2993,74.124,0,4,3,34.3,0,360.98,0.459,78.89,1599,1,Kiosk,3,2000,250,800
2024-08-26,Leh,34.1526,77.5771,0,8,0,16.2,0,280.45,0.328,95.13,422,2,Kiosk,4,600,90,220
2024-02-25,Leh,34.1526,77.5771,1,2,6,5.5,0,288.28,0.813,100.86,461,2,Kiosk,9,600,90,220
2025-06-03,Goa,15.2993,74.124,0,6,1,40.0,0,43.19,0.584,78.8,958,3,App,2,2000,250,800
2024-08-18,Varanasi,25.3176,82.9739,1,8,6,30.9,1,153.56,0.185,55.55,700,2,Agent,14,1400,160,500
2024-08-16,Andaman,11.7401,92.6586,0,8,4,34.2,0,720.54,0.526,95.41,601,2,Web,15,900,120,300
2024-05-15,Leh,34.1526,77.5771,0,5,2,20.9,0,104.38,-0.015,90.3,366,2,Agent,7,600,90,220
2025-01-16,Leh,34.1526,77.5771,0,1,3,2.2,0,277.73,-0.389,94.44,359,2,Web,9,600,90,220
2024-06-24,Kerala,10.8505,76.2711,0,6,0,39.7,0,168.43,-0.169,73.52,877,2,App,2,1700,220,700
2025-01-12,Jaipur,26.9124,75.7873,1,1,6,17.7,0,456.52,0.176,70.92,1279,2,Kiosk,9,1500,180,600
2025-08-20,Varanasi,25.3176,82.9739,0,8,2,31.9,0,605.83,0.574,51.87,916,2,Kiosk,22,1400,160,500
2025-01-16,Varanasi,25.3176,82.9739,0,1,3,18.3,0,478.46,0.504,52.92,1250,3,Agent,14,1400,160,500
2025-02-02,Leh,34.1526,77.5771,1,2,6,6.2,0,212.37,-0.283,104.33,419,2,Kiosk,10,600,90,220
2025-05-27,Jaipur,26.9124,75.7873,0,5,1,36.4,0,242.66,0.602,61.89,1148,3,Kiosk,13,1500,180,600
2025-01-06,Jaipur,26.9124,75.7873,0,1,0,17.9,0,197.7,-0.444,64.57,948,2,Web,4,1500,180,600
2024-03-13,Kerala,10.8505,76.2711,0,3,2,30.5,0,705.57,0.118,71.64,1838,2,App,27,1700,220,700
2025-01-05,Goa,15.2993,74.124,1,1,6,23.3,0,165.68,0.079,83.72,1353,3,Kiosk,20,2000,250,800
2024-10-12,Jaipur,26.9124,75.7873,1,10,5,22.4,1,442.26,-0.476,66.75,1119,2,Kiosk,7,1500,180,600
2024-10-06,Goa,15.2993,74.124,1,10,6,23.8,0,93.69,-0.145,75.92,1091,4,Web,20,2000,250,800
2024-07-07,Varanasi,25.3176,82.9739,1,7,6,36.4,0,751.22,0.415,54.31,1705,3,App,7,1400,160,500
2025-02-09,Varanasi,25.3176,82.9739,1,2,6,22.4,0,624.03,1.0,54.07,993,2,Kiosk,3,1400,160,500
2024-10-11,Goa,15.2993,74.124,0,10,4,23.6,0,319.11,0.849,72.39,963,2,App,10,2000,250,800
2025-04-11,Kerala,10.8505,76.2711,0,4,4,33.9,0,272.51,-0.197,55.44,1110,2,Agent,13,1700,220,700
2024-09-20,Manali,32.2432,77.1892,0,9,4,15.8,0,460.76,-0.19,69.36,500,2,Web,12,1200,140,450
2024-05-19,Agra,27.1767,78.0081,1,5,6,37.6,0,328.95,-0.504,65.89,1169,3,Agent,9,1300,150,550
2024-06-15,Manali,32.2432,77.1892,1,6,5,24.4,0,320.26,-0.904,73.14,1056,1,Web,6,1200,140,450
2025-09-20,Manali,32.2432,77.1892,1,9,5,13.8,1,213.08,-0.123,69.96,501,3,Web,10,1200,140,450
2024-12-05,Kerala,10.8505,76.2711,0,12,3,20.0,0,160.6,0.374,59.5,1083,2,Web,17,1700,220,700
2025-01-20,Manali,32.2432,77.1892,0,1,0,6.3,0,197.27,-0.22,71.15,694,1,Web,6,1200,140,450
2024-02-03,Manali,32.2432,77.1892,1,2,5,11.0,0,437.53,0.357,73.96,796,1,Web,9,1200,140,450
2024-12-02,Manali,32.2432,77.1892,0,12,0,4.9,0,388.16,-0.028,69.78,856,2,Kiosk,7,1200,140,450
2025-01-29,Goa,15.2993,74.124,0,1,2,20.7,0,680.56,0.877,79.87,1853,2,Web,9,2000,250,800
2024-10-24,Leh,34.1526,77.5771,0,10,3,5.6,0,596.68,0.249,92.23,425,3,Web,7,600,90,220
2025-03-28,Manali,32.2432,77.1892,0,3,4,14.2,0,1254.71,-0.512,84.93,1035,1,Kiosk,16,1200,140,450
2024-01-28,Andaman,11.7401,92.6586,1,1,6,18.7,0,530.11,-0.04,93.91,631,2,Kiosk,19,900,120,300
2024-09-20,Agra,27.1767,78.0081,0,9,4,26.6,0,387.26,0.065,57.04,636,3,Web,13,1300,150,550
2025-04-08,Kerala,10.8505,76.2711,0,4,1,33.7,0,506.17,0.233,63.07,1465,1,Agent,5,1700,220,700
2024-10-30,Goa,15.2993,74.124,0,10,2,25.5,0,955.99,-0.284,81.86,1120,2,Agent,19,2000,250,800
2025-07-28,Jaipur,26.9124,75.7873,0,7,0,37.6,0,889.29,0.813,64.47,1264,3,Kiosk,13,1500,180,600
2024-11-03,Goa,15.2993,74.124,1,11,6,22.5,0,1063.65,0.272,88.15,1799,3,Web,12,2000,250,800
2024-10-29,Andaman,11.7401,92.6586,0,10,1,23.9,0,703.78,-0.064,82.44,446,3,App,15,900,120,300
2024-08-06,Andaman,11.7401,92.6586,0,8,1,32.7,0,268.87,0.42,84.12,330,2,Kiosk,21,900,120,300
2024-04-25,Manali,32.2432,77.1892,0,4,3,20.8,0,882.59,-0.32,88.42,956,3,Agent,5,1200,140,450
2024-12-07,Agra,27.1767,78.0081,1,12,5,16.5,0,211.43,-0.196,52.75,964,2,Kiosk,13,1300,150,550
2024-02-28,Varanasi,25.3176,82.9739,0,2,2,23.1,0,487.84,-0.712,47.19,762,4,App,4,1400,160,500
2025-07-16,Varanasi,25.3176,82.9739,0,7,2,36.9,0,218.91,0.764,40.43,674,1,Web,9,1400,160,500
2025-08-13,Kerala,10.8505,76.2711,0,8,2,35.2,0,70.98,0.638,69.58,598,3,Web,8,1700,220,700
2024-03-16,Manali,32.2432,77.1892,1,3,5,14.1,0,359.62,0.324,66.34,942,1,Kiosk,4,1200,140,450
2024-01-05,Varanasi,25.3176,82.9739,0,1,4,15.8,0,266.28,-0.696,53.53,874,3,Kiosk,13,1400,160,500
2025-03-02,Jaipur,26.9124,75.7873,1,3,6,26.2,0,141.1,-0.11,66.66,1004,1,Web,23,1500,180,600
2025-07-08,Manali,32.2432,77.1892,0,7,1,23.6,0,345.54,0.343,78.5,602,3,App,14,1200,140,450
2025-04-22,Leh,34.1526,77.5771,0,4,1,15.0,0,891.79,-0.724,104.62,563,3,Kiosk,21,600,90,220
2025-08-13,Andaman,11.7401,92.6586,0,8,2,34.8,0,715.29,-0.975,82.99,523,3,Kiosk,6,900,120,300
2025-02-13,Varanasi,25.3176,82.9739,0,2,3,23.2,0,297.2,-0.822,45.45,1096,2,Web,9,1400,160,500
2024-06-05,Andaman,11.7401,92.6586,0,6,2,35.9,1,344.92,-0.638,89.19,525,2,App,9,900,120,300
2024-04-23,Kerala,10.8505,76.2711,0,4,1,35.1,1,238.89,0.96,71.85,1329,2,Agent,3,1700,220,700
2024-03-11,Varanasi,25.3176,82.9739,0,3,0,27.8,1,233.36,0.062,57.79,874,2,Agent,21,1400,160,500
2025-04-12,Andaman,11.7401,92.6586,1,4,5,33.9,0,131.42,-0.333,96.01,558,2,App,13,900,120,300
2025-01-20,Manali,32.2432,77.1892,0,1,0,6.1,0,218.31,-0.026,72.9,741,2,Web,4,1200,140,450
2025-03-17,Andaman,11.7401,92.6586,0,3,0,26.7,0,899.8,0.013,99.24,570,2,Kiosk,2,900,120,300
2025-03-03,Manali,32.2432,77.1892,0,3,0,14.6,0,253.72,-0.06,75.15,908,3,App,4,1200,140,450
2025-02-25,Leh,34.1526,77.5771,0,2,1,6.9,0,567.66,0.234,103.51,399,2,Web,14,600,90,220
2025-03-01,Kerala,10.8505,76.2711,1,3,5,29.1,0,955.44,0.074,79.17,2117,2,Web,22,1700,220,700
2025-04-11,Kerala,10.8505,76.2711,0,4,4,35.5,0,382.94,0.222,62.8,1659,3,Web,7,1700,220,700
2025-06-01,Goa,15.2993,74.124,1,6,6,41.4,0,523.59,0.692,80.23,1535,1,Kiosk,27,2000,250,800
2025-03-10,Andaman,11.7401,92.6586,0,3,0,27.6,0,954.48,0.36,94.78,551,2,Kiosk,16,900,120,300
2024-03-19,Jaipur,26.9124,75.7873,0,3,1,28.9,0,383.07,0.626,65.99,1185,2,Kiosk,23,1500,180,600
2025-05-10,Andaman,11.7401,92.6586,1,5,5,36.8,0,474.72,0.126,97.62,700,1,Web,1,900,120,300
2025-04-14,Goa,15.2993,74.124,0,4,0,34.8,0,779.01,-0.44,79.83,1586,3,Kiosk,4,2000,250,800
2024-11-22,Goa,15.2993,74.124,0,11,4,20.1,0,708.32,0.837,73.23,1410,2,Web,8,2000,250,800
2024-06-20,Kerala,10.8505,76.2711,0,6,3,39.7,0,138.54,1.0,78.33,873,3,Web,3,1700,220,700
2025-07-03,Agra,27.1767,78.0081,0,7,3,35.6,0,250.91,0.009,57.61,562,2,Agent,5,1300,150,550
2024-10-11,Kerala,10.8505,76.2711,0,10,4,25.5,0,571.59,0.059,59.65,897,2,Agent,15,1700,220,700
2024-10-10,Manali,32.2432,77.1892,0,10,3,11.1,0,83.26,-0.103,73.59,423,2,Agent,13,1200,140,450
2025-01-05,Leh,34.1526,77.5771,1,1,6,1.6,0,349.05,-0.328,94.64,380,2,Kiosk,8,600,90,220
2024-01-17,Kerala,10.8505,76.2711,0,1,2,19.5,0,224.62,0.063,73.44,1101,3,Kiosk,3,1700,220,700
2025-02-10,Varanasi,25.3176,82.9739,0,2,0,20.9,0,396.99,0.572,52.41,1095,3,Web,18,1400,160,500
2025-09-21,Kerala,10.8505,76.2711,1,9,6,29.0,0,234.55,-0.474,68.05,935,3,Kiosk,6,1700,220,700
2024-06-14,Manali,32.2432,77.1892,0,6,4,25.5,0,91.35,0.796,75.45,551,3,Web,6,1200,140,450
2024-09-22,Manali,32.2432,77.1892,1,9,6,14.6,1,56.05,-0.711,84.31,375,3,Agent,9,1200,140,450
2025-02-01,Varanasi,25.3176,82.9739,1,2,5,20.6,0,55.41,-0.237,52.53,850,2,Agent,10,1400,160,500
2025-01-17,Leh,34.1526,77.5771,0,1,4,0.8,0,392.94,-0.04,106.63,442,2,Kiosk,15,600,90,220
2025-09-15,Leh,34.1526,77.5771,0,9,0,10.5,0,459.32,0.545,94.76,315,3,Kiosk,19,600,90,220
2025-09-08,Agra,27.1767,78.0081,0,9,0,27.0,0,526.37,0.129,51.81,729,2,Agent,6,1300,150,550
2025-01-25,Varanasi,25.3176,82.9739,1,1,5,16.9,1,324.16,0.475,47.31,819,1,Web,6,1400,160,500
2025-05-11,Agra,27.1767,78.0081,1,5,6,33.8,0,252.13,0.991,59.87,1304,2,Kiosk,24,1300,150,550
2025-05-12,Agra,27.1767,78.0081,0,5,0,36.0,0,115.12,-0.256,59.43,718,2,Agent,3,1300,150,550
2025-04-22,Manali,32.2432,77.1892,0,4,1,20.1,0,1165.26,-0.058,81.49,1064,2,Agent,3,1200,140,450
2025-08-15,Goa,15.2993,74.124,0,8,4,35.5,0,209.79,-0.346,77.94,958,3,Agent,22,2000,250,800
2025-03-23,Jaipur,26.9124,75.7873,1,3,6,28.6,0,94.22,-0.095,65.03,1146,3,Web,11,1500,180,600
2025-04-10,Andaman,11.7401,92.6586,0,4,3,32.3,0,30.86,0.02,96.5,406,2,Agent,10,900,120,300
2025-08-15,Manali,32.2432,77.1892,0,8,4,18.7,1,1356.41,-0.144,81.33,818,3,App,9,1200,140,450
2024-12-25,Agra,27.1767,78.0081,0,12,2,17.8,0,364.38,0.393,51.95,872,2,Kiosk,7,1300,150,550
2024-01-19,Jaipur,26.9124,75.7873,0,1,4,19.5,1,231.42,0.048,63.85,855,2,Kiosk,1,1500,180,600
2024-02-13,Leh,34.1526,77.5771,0,2,1,5.6,0,259.23,-0.321,97.77,291,2,Agent,8,600,90,220
2024-08-20,Varanasi,25.3176,82.9739,0,8,1,32.8,0,548.62,-0.1,49.95,724,1,Agent,1,1400,160,500
2024-11-03,Manali,32.2432,77.1892,1,11,6,6.1,0,447.14,0.152,71.47,639,1,Kiosk,15,1200,140,450
2024-11-24,Agra,27.1767,78.0081,1,11,6,17.8,0,672.09,-0.069,57.98,1204,3,Web,5,1300,150,550
2025-06-17,Andaman,11.7401,92.6586,0,6,1,38.1,0,119.5,0.564,80.74,574,2,Agent,2,900,120,300
2025-05-17,Goa,15.2993,74.124,1,5,5,40.4,0,371.31,0.236,79.93,1584,4,Kiosk,13,2000,250,800
2024-07-07,Kerala,10.8505,76.2711,1,7,6,36.3,0,232.73,0.99,66.26,931,2,Agent,9,1700,220,700
2024-09-28,Andaman,11.7401,92.6586,1,9,5,28.6,0,226.7,-0.279,95.51,388,2,App,16,900,120,300
2024-09-13,Kerala,10.8505,76.2711,0,9,4,28.3,0,304.09,-0.595,66.5,819,2,Web,1,1700,220,700
2025-04-09,Goa,15.2993,74.124,0,4,2,36.6,0,1506.35,-0.468,79.75,2156,2,Kiosk,5,2000,250,800
2025-09-26,Leh,34.1526,77.5771,0,9,4,8.1,1,240.7,-0.097,104.15,222,3,Web,17,600,90,220
2024-05-05,Agra,27.1767,78.0081,1,5,6,35.6,0,297.17,-0.571,57.19,951,2,Web,16,1300,150,550
2024-01-20,Andaman,11.7401,92.6586,1,1,5,19.2,0,376.88,-0.119,93.91,643,1,App,5,900,120,300
2024-07-10,Kerala,10.8505,76.2711,0,7,2,36.3,1,502.03,-0.248,67.18,805,3,Agent,12,1700,220,700
2024-06-14,Agra,27.1767,78.0081,0,6,4,37.3,0,728.51,-0.153,61.38,1021,2,Agent,5,1300,150,550
2025-02-05,Andaman,11.7401,92.6586,0,2,2,22.7,0,128.26,0.692,90.2,489,2,App,8,900,120,300
2024-01-05,Varanasi,25.3176,82.9739,0,1,4,18.0,0,269.92,0.209,49.38,1151,3,App,9,1400,160,500
2024-07-18,Andaman,11.7401,92.6586,0,7,3,37.1,1,596.44,-0.584,95.71,426,3,Agent,9,900,120,300
2025-03-25,Manali,32.2432,77.1892,0,3,1,16.0,0,202.12,-0.204,73.64,562,1,App,1,1200,140,450
2024-11-14,Goa,15.2993,74.124,0,11,3,20.1,0,736.18,0.491,77.74,1528,3,App,25,2000,250,800
2025-02-04,Kerala,10.8505,76.2711,0,2,1,23.6,0,189.15,0.401,73.23,1022,2,Kiosk,4,1700,220,700
2025-07-13,Andaman,11.7401,92.6586,1,7,6,36.5,0,367.24,-0.134,93.52,529,2,Agent,7,900,120,300
2024-10-10,Agra,27.1767,78.0081,0,10,3,20.4,0,5.88,0.117,58.19,608,2,Kiosk,2,1300,150,550
2025-02-14,Agra,27.1767,78.0081,0,2,4,23.1,0,311.79,0.376,60.2,804,1,Web,1,1300,150,550
2025-03-27,Andaman,11.7401,92.6586,0,3,3,27.2,0,188.71,-0.506,92.26,588,1,Web,2,900,120,300
2025-01-07,Jaipur,26.9124,75.7873,0,1,1,19.0,0,245.7,-0.461,58.4,725,2,Web,1,1500,180,600
2024-01-29,Jaipur,26.9124,75.7873,0,1,0,19.6,0,72.16,-0.879,59.15,846,2,Agent,15,1500,180,600
2024-10-09,Manali,32.2432,77.1892,0,10,2,10.5,0,359.99,-0.721,76.24,539,3,Agent,15,1200,140,450
2025-09-08,Andaman,11.7401,92.6586,0,9,0,28.3,0,385.16,-0.416,83.92,352,1,App,1,900,120,300
2025-01-24,Andaman,11.7401,92.6586,0,1,4,20.6,0,247.13,0.691,91.7,508,1,Web,9,900,120,300
2024-07-22,Jaipur,26.9124,75.7873,0,7,0,37.9,0,563.04,0.279,59.71,1149,3,Agent,2,1500,180,600
2024-07-25,Manali,32.2432,77.1892,0,7,3,23.5,1,475.27,-1.0,75.7,891,1,App,2,1200,140,450
2024-05-04,Goa,15.2993,74.124,1,5,5,40.9,0,611.24,-0.275,85.54,1689,1,Agent,30,2000,250,800
2024-07-03,Jaipur,26.9124,75.7873,0,7,2,36.3,0,152.42,-1.0,66.24,908,2,Agent,12,1500,180,600
2025-03-03,Varanasi,25.3176,82.9739,0,3,0,27.7,0,590.1,-0.047,55.73,1035,2,Web,20,1400,160,500
2025-02-27,Leh,34.1526,77.5771,0,2,3,4.9,0,280.56,-0.17,103.38,241,4,Kiosk,10,600,90,220
2024-04-26,Varanasi,25.3176,82.9739,0,4,4,32.3,0,459.08,0.033,54.83,1028,2,Web,13,1400,160,500
2024-10-19,Varanasi,25.3176,82.9739,1,10,5,21.9,0,252.32,-0.504,49.12,943,2,Agent,11,1400,160,500
2024-05-26,Goa,15.2993,74.124,1,5,6,37.7,0,274.36,0.192,89.96,1734,2,App,7,2000,250,800
2024-08-14,Leh,34.1526,77.5771,0,8,2,14.9,0,505.77,-0.411,93.83,402,1,App,24,600,90,220
2024-01-31,Jaipur,26.9124,75.7873,0,1,2,18.7,0,268.48,-0.3,66.72,1079,2,Kiosk,13,1500,180,600
2024-08-26,Manali,32.2432,77.1892,0,8,0,21.6,0,855.13,0.192,73.37,977,2,Web,2,1200,140,450
2025-06-13,Kerala,10.8505,76.2711,0,6,4,39.4,0,624.31,0.599,67.25,1347,1,App,21,1700,220,700
2024-03-15,Manali,32.2432,77.1892,0,3,4,13.3,0,554.85,-0.126,72.37,606,2,App,25,1200,140,450
2025-04-09,Manali,32.2432,77.1892,0,4,2,20.6,0,376.14,0.758,76.39,677,2,App,24,1200,140,450
2025-07-22,Andaman,11.7401,92.6586,0,7,1,35.8,0,515.48,0.311,92.56,529,3,Web,9,900,120,300
2024-04-20,Kerala,10.8505,76.2711,1,4,5,34.5,0,286.06,-0.308,72.89,1310,3,Web,1,1700,220,700
2025-03-01,Jaipur,26.9124,75.7873,1,3,5,28.4,0,343.33,-0.252,60.47,1352,2,Web,5,1500,180,600
2024-10-19,Leh,34.1526,77.5771,1,10,5,3.7,0,71.3,1.0,91.08,315,2,App,14,600,90,220
2025-07-28,Kerala,10.8505,76.2711,0,7,0,38.4,0,380.78,-0.254,57.84,1128,2,Kiosk,20,1700,220,700
2024-12-13,Kerala,10.8505,76.2711,0,12,4,17.5,0,276.11,-0.14,70.12,1032,2,Kiosk,5,1700,220,700
2024-02-01,Kerala,10.8505,76.2711,0,2,3,23.6,0,145.38,-0.165,72.75,979,1,Agent,8,1700,220,700
2024-01-27,Jaipur,26.9124,75.7873,1,1,5,18.4,0,166.43,-0.404,61.51,1340,3,Web,15,1500,180,600
2024-09-27,Leh,34.1526,77.5771,0,9,4,8.9,0,267.06,0.297,96.32,212,2,Kiosk,11,600,90,220
2025-02-11,Andaman,11.7401,92.6586,0,2,1,23.6,0,457.24,0.439,94.44,565,1,App,7,900,120,300
2025-08-13,Andaman,11.7401,92.6586,0,8,2,33.9,0,1017.17,-0.46,79.35,562,2,Agent,15,900,120,300
2024-01-20,Jaipur,26.9124,75.7873,1,1,5,18.3,0,650.14,-0.634,69.54,1314,3,Kiosk,7,1500,180,600
2025-04-19,Kerala,10.8505,76.2711,1,4,5,33.9,0,180.31,-0.956,75.49,1615,3,Web,3,1700,220,700
2024-01-28,Varanasi,25.3176,82.9739,1,1,6,16.1,0,267.83,0.133,55.78,973,2,Kiosk,5,1400,160,500
2025-08-25,Manali,32.2432,77.1892,0,8,0,19.9,0,677.77,0.245,67.43,864,1,Agent,13,1200,140,450
2024-07-07,Jaipur,26.9124,75.7873,1,7,6,35.8,0,775.53,-0.557,61.94,1393,2,App,13,1500,180,600
2024-09-04,Varanasi,25.3176,82.9739,0,9,2,25.9,0,136.17,-0.656,54.38,639,1,Web,11,1400,160,500
2024-07-07,Goa,15.2993,74.124,1,7,6,39.0,0,377.74,0.083,80.39,1401,4,Agent,18,2000,250,800
2025-06-20,Kerala,10.8505,76.2711,0,6,4,38.0,0,345.19,0.032,72.07,751,3,Web,15,1700,220,700
2024-01-28,Jaipur,26.9124,75.7873,1,1,6,20.5,0,326.65,0.079,62.43,1276,2,Web,1,1500,180,600
2025-08-30,Varanasi,25.3176,82.9739,1,8,5,31.8,0,437.73,0.497,52.99,848,2,App,1,1400,160,500
2025-05-28,Goa,15.2993,74.124,0,5,2,37.4,0,677.02,0.563,87.54,1576,2,Kiosk,8,2000,250,800
2025-02-03,Manali,32.2432,77.1892,0,2,0,9.9,0,654.69,0.77,73.72,880,2,Web,6,1200,140,450
2024-07-11,Andaman,11.7401,92.6586,0,7,3,38.3,0,333.21,0.289,97.12,333,2,Web,9,900,120,300
2024-12-30,Jaipur,26.9124,75.7873,0,12,0,17.7,0,112.55,0.225,60.57,877,3,Kiosk,13,1500,180,600
2024-11-11,Varanasi,25.3176,82.9739,0,11,0,16.5,0,686.2,0.17,45.51,1024,2,Web,8,1400,160,500
2024-09-15,Varanasi,25.3176,82.9739,1,9,6,29.4,0,925.53,-1.0,48.82,873,2,Web,3,1400,160,500
2025-03-07,Kerala,10.8505,76.2711,0,3,4,30.2,0,581.15,0.387,80.04,1193,2,Web,11,1700,220,700
2024-12-02,Jaipur,26.9124,75.7873,0,12,0,17.8,0,234.51,0.268,65.42,719,4,App,13,1500,180,600
2024-02-25,Kerala,10.8505,76.2711,1,2,6,22.6,0,68.52,0.449,76.03,1470,3,App,8,1700,220,700
2024-05-28,Jaipur,26.9124,75.7873,0,5,1,36.2,0,410.05,0.062,54.8,1185,1,Web,2,1500,180,600
2025-04-14,Varanasi,25.3176,82.9739,0,4,0,31.7,0,909.09,-0.032,42.98,1239,3,Agent,12,1400,160,500
2024-12-16,Agra,27.1767,78.0081,0,12,0,17.2,0,430.98,0.658,51.31,882,2,Kiosk,19,1300,150,550
2024-11-27,Manali,32.2432,77.1892,0,11,2,7.6,0,555.77,-0.402,67.09,768,3,Kiosk,17,1200,140,450
2024-03-26,Kerala,10.8505,76.2711,0,3,1,30.8,0,62.13,0.371,67.33,1181,2,Agent,12,1700,220,700
2024-10-01,Agra,27.1767,78.0081,0,10,1,20.0,0,503.52,-0.196,56.77,770,3,Kiosk,8,1300,150,550
2024-12-23,Andaman,11.7401,92.6586,0,12,0,16.9,0,715.17,-0.043,94.71,397,3,Web,4,900,120,300
2024-03-13,Goa,15.2993,74.124,0,3,2,32.3,0,633.24,-0.135,82.69,1635,2,Kiosk,8,2000,250,800
2025-03-11,Andaman,11.7401,92.6586,0,3,1,29.8,0,360.14,0.815,89.06,468,1,Agent,20,900,120,300
2024-12-16,Jaipur,26.9124,75.7873,0,12,0,18.5,0,322.21,0.136,67.01,1011,1,Kiosk,40,1500,180,600
2024-09-28,Goa,15.2993,74.124,1,9,5,29.9,1,135.07,0.025,82.38,633,1,Kiosk,7,2000,250,800
2025-09-07,Manali,32.2432,77.1892,1,9,6,16.3,0,191.33,0.234,72.54,492,3,Web,29,1200,140,450
2024-01-20,Agra,27.1767,78.0081,1,1,5,17.7,0,279.66,-0.098,56.14,889,2,Kiosk,3,1300,150,550
2025-04-27,Kerala,10.8505,76.2711,1,4,6,34.7,0,141.13,0.519,78.55,846,2,Kiosk,1,1700,220,700
2025-07-12,Agra,27.1767,78.0081,1,7,5,36.3,0,164.5,-0.5,66.59,821,2,Agent,9,1300,150,550
2024-02-15,Agra,27.1767,78.0081,0,2,3,23.6,0,570.39,-0.375,55.35,1136,1,App,13,1300,150,550
2024-12-28,Agra,27.1767,78.0081,1,12,5,15.7,0,91.15,0.214,49.07,640,4,Kiosk,5,1300,150,550
2024-01-23,Andaman,11.7401,92.6586,0,1,1,18.2,0,228.52,0.517,89.23,508,3,Kiosk,14,900,120,300
2025-01-20,Varanasi,25.3176,82.9739,0,1,0,20.4,0,889.01,-0.674,62.86,1438,3,Web,8,1400,160,500
2024-10-09,Kerala,10.8505,76.2711,0,10,2,23.8,0,669.35,0.308,76.27,1150,4,Kiosk,13,1700,220,700
2024-07-10,Leh,34.1526,77.5771,0,7,2,19.0,0,397.04,-0.869,94.08,412,2,App,13,600,90,220
2024-05-09,Leh,34.1526,77.5771,0,5,3,18.4,0,111.21,-0.037,101.63,291,1,Kiosk,14,600,90,220
2024-06-14,Goa,15.2993,74.124,0,6,4,39.3,1,516.88,-0.094,74.43,1525,2,Web,12,2000,250,800
2025-08-25,Kerala,10.8505,76.2711,0,8,0,34.1,0,944.64,-0.619,62.65,1309,2,Web,12,1700,220,700
2024-03-22,Leh,34.1526,77.5771,0,3,4,9.2,0,394.57,-0.145,92.48,477,2,Kiosk,10,600,90,220
2025-07-03,Andaman,11.7401,92.6586,0,7,3,37.6,0,463.05,0.393,94.95,464,2,App,6,900,120,300
2025-04-17,Goa,15.2993,74.124,0,4,3,35.6,0,474.21,0.043,82.54,1916,2,Agent,1,2000,250,800
2025-05-26,Jaipur,26.9124,75.7873,0,5,0,38.0,0,332.54,0.389,66.18,998,2,Agent,14,1500,180,600
2025-07-29,Jaipur,26.9124,75.7873,0,7,1,35.6,1,97.58,-0.833,60.89,545,1,Web,4,1500,180,600
2025-08-25,Kerala,10.8505,76.2711,0,8,0,34.4,0,628.57,0.646,73.26,1241,3,Web,7,1700,220,700
2024-12-13,Manali,32.2432,77.1892,0,12,4,3.5,0,803.39,0.668,77.63,988,2,Agent,30,1200,140,450
2024-09-08,Jaipur,26.9124,75.7873,1,9,6,26.4,0,1250.49,-0.024,62.57,1195,3,App,13,1500,180,600
2024-10-21,Leh,34.1526,77.5771,0,10,0,5.9,1,111.84,-0.595,96.18,268,2,Agent,9,600,90,220
2024-03-15,Agra,27.1767,78.0081,0,3,4,27.7,0,181.06,0.583,63.74,903,3,Web,11,1300,150,550
2024-02-15,Manali,32.2432,77.1892,0,2,3,11.0,0,366.7,-0.042,72.14,691,1,Kiosk,7,1200,140,450
2025-08-02,Andaman,11.7401,92.6586,1,8,5,32.8,0,313.51,0.137,94.7,476,2,Kiosk,8,900,120,300
2024-07-19,Goa,15.2993,74.124,0,7,4,38.5,0,729.24,-0.61,91.11,1264,3,Web,51,2000,250,800
2024-08-25,Varanasi,25.3176,82.9739,1,8,6,31.1,0,401.56,0.783,53.09,898,2,Web,3,1400,160,500
2025-02-26,Leh,34.1526,77.5771,0,2,2,3.9,1,310.37,-0.912,106.87,263,3,App,27,600,90,220
2025-03-23,Goa,15.2993,74.124,1,3,6,30.2,1,311.81,0.062,90.53,1606,2,App,10,2000,250,800
2024-10-13,Jaipur,26.9124,75.7873,1,10,6,22.9,0,252.88,0.012,58.45,865,3,Web,17,1500,180,600
2025-01-31,Leh,34.1526,77.5771,0,1,4,0.3,0,508.43,-0.004,102.55,327,2,Kiosk,20,600,90,220
2024-04-17,Jaipur,26.9124,75.7873,0,4,2,33.0,1,393.7,0.496,69.89,939,3,Agent,2,1500,180,600
2025-07-20,Andaman,11.7401,92.6586,1,7,6,37.4,0,428.23,0.993,83.57,430,2,Kiosk,22,900,120,300
2025-09-16,Leh,34.1526,77.5771,0,9,1,9.2,0,1630.12,0.243,89.25,380,2,App,3,600,90,220
2025-04-08,Manali,32.2432,77.1892,0,4,1,20.4,0,769.44,-0.097,77.84,781,1,Kiosk,4,1200,140,450
2025-04-15,Andaman,11.7401,92.6586,0,4,1,31.2,0,841.89,-0.262,104.44,626,3,App,30,900,120,300
2024-06-12,Kerala,10.8505,76.2711,0,6,2,40.2,0,159.96,-0.014,72.04,882,3,Web,3,1700,220,700
2024-12-05,Leh,34.1526,77.5771,0,12,3,-0.3,0,776.72,0.104,93.35,410,2,App,5,600,90,220
2025-06-27,Manali,32.2432,77.1892,0,6,4,25.2,0,63.15,1.0,74.27,776,2,Agent,3,1200,140,450
2024-08-26,Leh,34.1526,77.5771,0,8,0,14.3,0,173.03,-0.678,95.3,303,2,Web,11,600,90,220
2025-04-27,Varanasi,25.3176,82.9739,1,4,6,32.7,0,456.5,-0.268,50.04,1227,4,Kiosk,17,1400,160,500
2025-09-14,Varanasi,25.3176,82.9739,1,9,6,26.7,0,48.55,-0.727,43.93,463,2,Kiosk,13,1400,160,500
2024-02-18,Varanasi,25.3176,82.9739,1,2,6,22.7,0,507.21,0.47,54.0,1249,3,Agent,10,1400,160,500
2024-08-29,Leh,34.1526,77.5771,0,8,3,14.6,0,305.13,0.461,98.76,406,3,Web,4,600,90,220
2025-07-13,Andaman,11.7401,92.6586,1,7,6,35.9,0,91.48,-0.218,92.42,457,2,Kiosk,13,900,120,300
2025-07-26,Jaipur,26.9124,75.7873,1,7,5,38.8,0,472.53,-0.186,68.57,1014,3,Web,9,1500,180,600
2025-02-02,Goa,15.2993,74.124,1,2,6,26.7,0,227.53,-0.637,76.8,1489,3,Agent,3,2000,250,800
2025-08-15,Leh,34.1526,77.5771,0,8,4,13.3,0,131.42,0.601,98.67,295,3,Agent,1,600,90,220
2025-09-09,Jaipur,26.9124,75.7873,0,9,1,26.9,1,330.21,-0.317,57.19,566,2,App,4,1500,180,600
2025-01-28,Jaipur,26.9124,75.7873,0,1,1,20.5,0,36.32,-0.078,63.35,951,3,Kiosk,21,1500,180,600
2024-04-03,Kerala,10.8505,76.2711,0,4,2,33.7,0,1454.45,-0.017,70.44,1631,3,Web,4,1700,220,700
2024-01-23,Andaman,11.7401,92.6586,0,1,1,18.4,0,119.39,0.283,89.31,445,1,Kiosk,10,900,120,300
2025-09-09,Goa,15.2993,74.124,0,9,1,29.7,0,362.22,0.431,78.55,860,2,Agent,5,2000,250,800
2024-03-21,Kerala,10.8505,76.2711,0,3,3,28.3,0,158.82,-0.613,67.02,880,3,Kiosk,1,1700,220,700
2025-09-12,Varanasi,25.3176,82.9739,0,9,4,27.8,0,1015.38,0.253,49.29,786,1,Agent,9,1400,160,500
2024-09-12,Goa,15.2993,74.124,0,9,3,31.1,0,690.76,-0.053,80.69,906,2,App,34,2000,250,800
2024-08-14,Manali,32.2432,77.1892,0,8,2,20.6,0,907.6,-0.044,66.82,955,3,Web,11,1200,140,450
2025-09-25,Leh,34.1526,77.5771,0,9,3,9.4,1,234.95,0.312,87.25,253,2,Kiosk,7,600,90,220
2025-04-14,Varanasi,25.3176,82.9739,0,4,0,33.2,0,233.69,0.596,62.94,826,3,Web,12,1400,160,500
2024-05-09,Jaipur,26.9124,75.7873,0,5,3,37.4,0,618.71,-0.77,59.82,1153,4,Web,3,1500,180,600
2024-05-24,Varanasi,25.3176,82.9739,0,5,4,35.8,0,179.68,0.798,52.99,961,1,Agent,1,1400,160,500
2025-06-12,Manali,32.2432,77.1892,0,6,3,24.6,0,117.81,0.226,74.34,767,3,Agent,26,1200,140,450
2024-05-23,Kerala,10.8505,76.2711,0,5,3,38.0,0,449.59,-0.212,73.44,1324,2,Agent,23,1700,220,700
2024-11-24,Varanasi,25.3176,82.9739,1,11,6,17.1,0,407.25,-0.236,54.46,986,2,Kiosk,27,1400,160,500
2024-10-10,Agra,27.1767,78.0081,0,10,3,22.6,0,292.69,0.05,48.71,662,2,Kiosk,15,1300,150,550
2025-08-11,Manali,32.2432,77.1892,0,8,0,18.4,0,507.0,0.242,70.55,823,2,Agent,2,1200,140,450
2024-06-01,Andaman,11.7401,92.6586,1,6,5,38.1,0,107.19,-1.0,91.0,483,1,Web,12,900,120,300
2025-03-08,Leh,34.1526,77.5771,1,3,5,11.1,0,674.7,0.159,97.75,574,2,App,4,600,90,220
2025-01-21,Agra,27.1767,78.0081,0,1,1,17.6,0,112.65,0.95,55.5,842,1,Agent,9,1300,150,550
2025-03-24,Andaman,11.7401,92.6586,0,3,0,26.1,0,562.57,1.0,95.5,554,3,App,7,900,120,300
2024-11-13,Leh,34.1526,77.5771,0,11,2,-0.9,0,708.52,0.381,99.86,423,3,Web,51,600,90,220
2024-04-04,Leh,34.1526,77.5771,0,4,3,13.2,0,491.29,0.013,95.17,543,3,Kiosk,1,600,90,220
2025-06-14,Manali,32.2432,77.1892,1,6,5,24.6,0,104.1,0.723,79.93,1190,2,Web,19,1200,140,450
2025-05-23,Kerala,10.8505,76.2711,0,5,4,36.6,0,193.89,-0.267,69.38,1321,2,Web,4,1700,220,700
2024-07-16,Varanasi,25.3176,82.9739,0,7,1,34.9,0,348.6,0.077,48.64,953,1,Kiosk,9,1400,160,500
2024-03-29,Andaman,11.7401,92.6586,0,3,4,28.0,0,379.11,0.643,90.59,519,2,App,7,900,120,300
2025-03-14,Andaman,11.7401,92.6586,0,3,4,29.7,0,796.31,0.053,90.5,602,2,App,10,900,120,300
2024-04-03,Goa,15.2993,74.124,0,4,2,34.7,0,56.63,0.044,86.53,1268,2,Kiosk,16,2000,250,800
2024-09-03,Kerala,10.8505,76.2711,0,9,1,29.1,0,89.92,0.27,63.86,666,2,Agent,10,1700,220,700
2025-02-28,Kerala,10.8505,76.2711,0,2,4,24.2,0,169.72,0.653,63.03,1027,3,Web,3,1700,220,700
2024-01-15,Agra,27.1767,78.0081,0,1,0,18.6,0,794.7,-0.335,51.28,1076,2,Agent,11,1300,150,550
2024-02-07,Kerala,10.8505,76.2711,0,2,2,24.0,0,1096.11,0.467,71.65,1726,2,Web,37,1700,220,700
2025-06-10,Leh,34.1526,77.5771,0,6,1,20.1,1,371.71,0.202,97.08,428,2,App,20,600,90,220
2025-07-07,Leh,34.1526,77.5771,0,7,0,17.8,0,247.62,0.367,100.13,401,4,Kiosk,14,600,90,220
2024-07-05,Kerala,10.8505,76.2711,0,7,4,37.6,0,345.41,0.209,64.94,869,1,App,9,1700,220,700
2024-05-25,Agra,27.1767,78.0081,1,5,5,35.7,0,113.59,0.739,55.9,846,2,App,43,1300,150,550
2024-09-20,Manali,32.2432,77.1892,0,9,4,14.6,0,310.12,-0.064,80.16,464,2,Web,26,1200,140,450
2025-09-23,Varanasi,25.3176,82.9739,0,9,1,28.1,0,885.37,-0.247,53.83,705,1,Web,3,1400,160,500
2025-03-10,Manali,32.2432,77.1892,0,3,0,14.3,0,938.38,-0.041,80.17,956,1,Kiosk,5,1200,140,450
2024-11-03,Varanasi,25.3176,82.9739,1,11,6,17.4,0,1154.52,0.424,58.19,1814,1,App,6,1400,160,500
2025-09-29,Varanasi,25.3176,82.9739,0,9,0,27.8,0,412.82,0.043,42.28,724,2,App,10,1400,160,500
2024-01-24,Jaipur,26.9124,75.7873,0,1,2,19.8,0,331.43,0.237,63.31,1090,1,Web,11,1500,180,600
2024-10-28,Leh,34.1526,77.5771,0,10,0,4.7,0,547.8,0.027,82.85,300,2,Agent,2,600,90,220
2024-01-12,Jaipur,26.9124,75.7873,0,1,4,20.4,0,161.21,-0.037,61.7,1109,3,App,39,1500,180,600
2024-02-07,Leh,34.1526,77.5771,0,2,2,4.8,0,563.86,0.437,103.6,404,2,Agent,31,600,90,220
2025-02-20,Agra,27.1767,78.0081,0,2,3,21.6,0,308.6,0.409,60.99,593,2,Web,8,1300,150,550
2024-04-15,Varanasi,25.3176,82.9739,0,4,0,34.8,0,456.14,0.041,48.4,1140,1,Web,22,1400,160,500
2024-12-05,Agra,27.1767,78.0081,0,12,3,15.9,0,387.21,-0.176,55.68,653,2,Kiosk,22,1300,150,550
2025-08-08,Agra,27.1767,78.0081,0,8,4,32.7,0,273.59,0.016,54.2,731,2,Web,11,1300,150,550
2024-06-12,Leh,34.1526,77.5771,0,6,2,19.7,1,295.42,-0.553,94.94,334,2,Kiosk,12,600,90,220
2025-09-03,Andaman,11.7401,92.6586,0,9,2,27.8,1,330.86,-0.053,93.91,353,1,App,17,900,120,300
2024-01-28,Goa,15.2993,74.124,1,1,6,21.0,0,376.56,0.642,83.35,1541,2,Web,5,2000,250,800
2024-11-13,Andaman,11.7401,92.6586,0,11,2,19.2,0,518.79,0.595,90.83,509,3,Kiosk,5,900,120,300
2024-12-12,Andaman,11.7401,92.6586,0,12,3,18.0,0,8.11,-0.936,83.51,392,3,App,4,900,120,300
2025-07-11,Jaipur,26.9124,75.7873,0,7,4,36.3,0,919.09,0.189,61.24,1249,2,Kiosk,4,1500,180,600
2025-02-19,Leh,34.1526,77.5771,0,2,2,4.4,0,1055.84,1.0,104.55,481,1,Agent,9,600,90,220
2025-08-14,Agra,27.1767,78.0081,0,8,3,31.8,0,101.66,-0.419,56.13,591,1,App,21,1300,150,550
2024-06-22,Kerala,10.8505,76.2711,1,6,5,41.1,1,894.36,-0.58,65.29,1644,2,Agent,14,1700,220,700
2024-04-08,Agra,27.1767,78.0081,0,4,0,31.1,1,769.4,-0.305,63.52,1026,1,Web,8,1300,150,550
2024-07-17,Jaipur,26.9124,75.7873,0,7,2,37.5,0,243.76,0.664,65.96,965,2,Web,14,1500,180,600
2025-07-18,Varanasi,25.3176,82.9739,0,7,4,35.5,0,285.53,-1.0,58.92,832,3,Web,20,1400,160,500
2025-03-17,Agra,27.1767,78.0081,0,3,0,25.4,0,418.91,0.402,54.62,1091,2,App,6,1300,150,550
2025-07-10,Andaman,11.7401,92.6586,0,7,3,36.1,1,496.13,-0.037,94.71,399,2,Agent,14,900,120,300
2024-07-05,Agra,27.1767,78.0081,0,7,4,36.3,1,77.16,-0.464,59.62,641,3,App,8,1300,150,550
2025-07-24,Varanasi,25.3176,82.9739,0,7,3,35.4,0,426.96,-0.071,48.56,891,2,Kiosk,36,1400,160,500
2025-01-31,Kerala,10.8505,76.2711,0,1,4,18.1,0,396.63,-0.72,61.12,1435,2,Web,1,1700,220,700
2025-01-19,Manali,32.2432,77.1892,1,1,6,6.7,0,246.46,0.504,73.99,724,2,Agent,16,1200,140,450
2024-08-18,Jaipur,26.9124,75.7873,1,8,6,32.3,0,152.74,-0.304,53.17,927,3,Kiosk,7,1500,180,600
2024-05-03,Manali,32.2432,77.1892,0,5,4,24.0,0,1237.44,0.767,69.91,1219,2,Web,21,1200,140,450
2024-02-25,Leh,34.1526,77.5771,1,2,6,6.3,0,506.98,-0.832,99.45,398,2,Agent,12,600,90,220
2025-03-18,Andaman,11.7401,92.6586,0,3,1,29.2,0,150.84,-0.112,87.89,559,2,Web,15,900,120,300
2025-09-13,Varanasi,25.3176,82.9739,1,9,5,26.2,0,438.13,0.649,52.01,758,2,Agent,1,1400,160,500
2024-05-13,Andaman,11.7401,92.6586,0,5,0,35.5,0,180.2,0.624,95.52,381,2,App,8,900,120,300
2024-11-06,Goa,15.2993,74.124,0,11,2,22.6,0,213.42,0.383,75.38,1288,2,Agent,32,2000,250,800
2024-04-15,Jaipur,26.9124,75.7873,0,4,0,33.6,0,846.14,-0.426,63.11,1630,3,App,5,1500,180,600
2024-12-16,Leh,34.1526,77.5771,0,12,0,0.2,0,231.78,-0.206,98.86,291,2,Web,11,600,90,220
2024-12-25,Andaman,11.7401,92.6586,0,12,2,17.6,0,713.49,0.21,91.38,559,2,Agent,18,900,120,300
2025-06-29,Jaipur,26.9124,75.7873,1,6,6,39.7,0,370.16,0.081,64.24,1360,1,Kiosk,18,1500,180,600
2024-09-19,Jaipur,26.9124,75.7873,0,9,3,27.5,0,127.92,0.168,53.6,511,1,Agent,10,1500,180,600
2025-06-16,Andaman,11.7401,92.6586,0,6,0,37.8,0,163.96,0.812,90.9,435,1,App,8,900,120,300
2024-12-31,Manali,32.2432,77.1892,0,12,1,4.5,1,284.65,-0.52,69.09,537,1,App,4,1200,140,450
2025-04-14,Goa,15.2993,74.124,0,4,0,34.0,0,477.14,0.928,83.69,1809,2,Kiosk,36,2000,250,800
2025-02-22,Jaipur,26.9124,75.7873,1,2,5,24.1,0,254.27,0.324,64.56,1013,4,Web,6,1500,180,600
2025-08-15,Jaipur,26.9124,75.7873,0,8,4,32.4,1,720.73,-0.009,58.05,886,1,Web,32,1500,180,600
2024-04-19,Agra,27.1767,78.0081,0,4,4,30.1,1,744.68,0.139,62.32,1079,3,App,12,1300,150,550
2024-11-26,Agra,27.1767,78.0081,0,11,1,17.6,0,698.56,0.228,58.74,782,1,Kiosk,35,1300,150,550
2025-03-16,Varanasi,25.3176,82.9739,1,3,6,27.5,0,412.07,0.017,55.56,1117,1,Kiosk,10,1400,160,500
2024-06-14,Andaman,11.7401,92.6586,0,6,4,38.7,0,269.87,-0.227,95.9,371,2,Kiosk,4,900,120,300
2025-03-02,Kerala,10.8505,76.2711,1,3,6,27.5,0,336.05,0.755,64.66,1780,3,App,19,1700,220,700
2025-09-27,Agra,27.1767,78.0081,1,9,5,25.8,0,214.07,0.502,51.3,664,2,Web,24,1300,150,550
2025-07-22,Manali,32.2432,77.1892,0,7,1,22.7,0,1131.01,-0.344,76.99,1405,1,Kiosk,6,1200,140,450
2024-02-09,Kerala,10.8505,76.2711,0,2,4,24.2,0,243.16,-0.132,70.81,1430,1,App,4,1700,220,700
2025-09-07,Andaman,11.7401,92.6586,1,9,6,27.7,0,610.21,-0.979,90.02,483,1,Agent,1,900,120,300
2024-05-27,Goa,15.2993,74.124,0,5,0,40.8,0,339.12,0.345,76.51,1116,3,Web,2,2000,250,800
2024-09-10,Kerala,10.8505,76.2711,0,9,1,27.6,0,1720.78,-0.227,63.61,1071,2,App,19,1700,220,700
2025-09-26,Goa,15.2993,74.124,0,9,4,30.5,0,513.34,-0.35,81.18,901,2,Web,15,2000,250,800
2025-01-06,Kerala,10.8505,76.2711,0,1,0,19.7,0,824.52,0.441,69.47,1629,2,Web,6,1700,220,700
2025-09-19,Andaman,11.7401,92.6586,0,9,4,27.5,0,73.14,0.122,89.8,290,3,Agent,11,900,120,300
2024-05-28,Jaipur,26.9124,75.7873,0,5,1,37.0,0,627.94,0.321,59.36,1465,2,App,7,1500,180,600
2025-04-28,Goa,15.2993,74.124,0,4,0,35.5,0,877.02,-0.56,89.88,1739,2,App,11,2000,250,800
2024-08-13,Kerala,10.8505,76.2711,0,8,1,33.7,0,409.26,0.718,67.13,981,1,Kiosk,6,1700,220,700
2025-05-24,Jaipur,26.9124,75.7873,1,5,5,36.1,0,415.26,0.737,60.06,1614,1,Agent,5,1500,180,600
2024-03-25,Leh,34.1526,77.5771,0,3,0,9.5,0,783.21,-0.041,101.08,448,2,Kiosk,12,600,90,220
2024-02-29,Varanasi,25.3176,82.9739,0,2,3,21.8,0,301.24,-0.001,50.99,869,3,App,12,1400,160,500
2024-02-01,Kerala,10.8505,76.2711,0,2,3,25.1,0,114.43,0.359,64.66,1108,2,App,4,1700,220,700
2024-11-17,Agra,27.1767,78.0081,1,11,6,19.6,0,1014.79,0.748,51.24,1395,2,App,8,1300,150,550
2024-11-28,Goa,15.2993,74.124,0,11,3,21.3,0,545.93,-0.726,77.42,1344,3,Kiosk,2,2000,250,800
2025-02-17,Kerala,10.8505,76.2711,0,2,0,22.9,0,203.0,0.725,71.32,998,2,Agent,7,1700,220,700
2024-02-23,Leh,34.1526,77.5771,0,2,4,3.6,0,488.14,0.455,102.07,408,2,Web,11,600,90,220
2024-09-08,Leh,34.1526,77.5771,1,9,6,8.1,0,414.3,0.3,101.35,259,2,Agent,12,600,90,220
2025-03-09,Goa,15.2993,74.124,1,3,6,27.2,0,143.24,-0.268,82.74,1239,2,Web,11,2000,250,800
2025-04-09,Andaman,11.7401,92.6586,0,4,2,33.9,0,480.07,-0.026,90.33,653,2,Web,4,900,120,300
2025-03-26,Jaipur,26.9124,75.7873,0,3,2,26.9,0,582.63,0.279,59.17,1453,3,App,33,1500,180,600
2025-04-27,Goa,15.2993,74.124,1,4,6,35.8,0,414.71,0.096,88.33,2223,2,App,1,2000,250,800
2024-07-06,Jaipur,26.9124,75.7873,1,7,5,36.0,1,264.44,0.11,56.67,763,2,Web,18,1500,180,600
2025-02-20,Kerala,10.8505,76.2711,0,2,3,25.3,0,408.17,0.038,76.09,1023,2,Kiosk,9,1700,220,700
2024-06-13,Manali,32.2432,77.1892,0,6,3,26.3,0,291.35,1.0,72.35,1049,2,Agent,13,1200,140,450
2025-06-20,Manali,32.2432,77.1892,0,6,4,25.7,0,679.67,0.299,71.74,1197,2,Agent,2,1200,140,450
2025-02-28,Goa,15.2993,74.124,0,2,4,23.8,0,96.71,-0.362,73.81,1218,1,Kiosk,1,2000,250,800
2025-09-23,Varanasi,25.3176,82.9739,0,9,1,26.8,0,779.19,0.478,56.54,844,1,App,6,1400,160,500
2024-10-12,Leh,34.1526,77.5771,1,10,5,5.9,0,86.22,-0.03,94.93,350,3,Kiosk,15,600,90,220
2025-04-25,Goa,15.2993,74.124,0,4,4,35.0,0,414.52,0.073,87.05,1064,4,Kiosk,2,2000,250,800
2025-02-26,Leh,34.1526,77.5771,0,2,2,6.4,0,224.56,-0.513,104.16,338,3,App,4,600,90,220
2024-04-03,Manali,32.2432,77.1892,0,4,2,21.3,0,504.05,0.097,67.59,802,2,Agent,3,1200,140,450
2025-04-06,Manali,32.2432,77.1892,1,4,6,19.7,0,289.26,0.246,73.41,883,2,Kiosk,10,1200,140,450
2024-03-23,Goa,15.2993,74.124,1,3,5,30.3,0,743.88,-0.107,91.09,2201,3,Kiosk,7,2000,250,800
2025-05-10,Andaman,11.7401,92.6586,1,5,5,35.7,0,1193.36,-0.414,96.86,737,1,App,2,900,120,300
2024-12-19,Andaman,11.7401,92.6586,0,12,3,17.8,1,140.51,-0.131,89.64,374,2,Agent,5,900,120,300
2025-04-18,Andaman,11.7401,92.6586,0,4,4,33.1,0,134.57,-0.025,100.53,426,3,App,10,900,120,300
2024-09-25,Manali,32.2432,77.1892,0,9,2,14.7,0,54.89,-1.0,74.05,381,2,Kiosk,46,1200,140,450
2025-06-21,Goa,15.2993,74.124,1,6,5,38.2,0,699.76,0.654,81.6,1850,2,Agent,8,2000,250,800
2024-03-31,Andaman,11.7401,92.6586,1,3,6,28.1,0,291.39,-0.648,90.63,625,2,Web,45,900,120,300
2025-09-09,Agra,27.1767,78.0081,0,9,1,26.7,0,529.98,-0.231,47.33,681,2,Agent,11,1300,150,550
2024-05-12,Jaipur,26.9124,75.7873,1,5,6,37.1,0,584.3,0.077,63.66,1757,1,Kiosk,22,1500,180,600
2024-04-06,Manali,32.2432,77.1892,1,4,5,19.9,0,283.98,0.842,81.04,978,2,Kiosk,5,1200,140,450
2025-02-04,Agra,27.1767,78.0081,0,2,1,21.3,0,112.94,0.322,57.42,721,3,App,5,1300,150,550
2025-06-14,Agra,27.1767,78.0081,1,6,5,36.7,0,940.87,0.293,57.11,1322,1,Kiosk,5,1300,150,550
2025-02-14,Jaipur,26.9124,75.7873,0,2,4,23.2,0,229.45,-0.326,60.87,787,2,Agent,14,1500,180,600
2025-03-15,Kerala,10.8505,76.2711,1,3,5,28.3,0,325.71,0.254,73.78,1337,3,Kiosk,12,1700,220,700
2024-11-17,Varanasi,25.3176,82.9739,1,11,6,18.1,0,825.57,0.368,51.26,1422,3,Web,2,1400,160,500
2024-02-07,Goa,15.2993,74.124,0,2,2,24.2,0,127.46,0.51,80.04,1057,3,Kiosk,10,2000,250,800
2025-08-12,Leh,34.1526,77.5771,0,8,1,12.6,0,672.24,-0.504,95.54,428,2,Kiosk,33,600,90,220
2024-07-10,Andaman,11.7401,92.6586,0,7,2,35.8,1,257.52,-0.19,93.31,441,2,Agent,7,900,120,300
2024-01-01,Manali,32.2432,77.1892,0,1,0,6.9,0,518.25,0.405,82.36,828,3,Web,7,1200,140,450
2025-07-18,Jaipur,26.9124,75.7873,0,7,4,36.9,0,97.1,0.166,57.93,696,3,Agent,18,1500,180,600
2024-05-08,Varanasi,25.3176,82.9739,0,5,2,34.0,0,629.59,-0.212,66.19,1197,2,Kiosk,18,1400,160,500
2025-06-01,Goa,15.2993,74.124,1,6,6,38.9,1,333.35,-0.221,73.21,1507,3,Agent,12,2000,250,800
2025-07-23,Jaipur,26.9124,75.7873,0,7,2,36.1,0,969.46,0.242,55.74,1564,3,Web,4,1500,180,600
2024-06-15,Manali,32.2432,77.1892,1,6,5,24.3,0,435.7,0.704,79.32,1269,1,Agent,10,1200,140,450
2025-01-31,Goa,15.2993,74.124,0,1,4,22.9,0,267.19,-0.254,80.27,1482,3,Web,8,2000,250,800
2025-04-17,Andaman,11.7401,92.6586,0,4,3,32.9,0,169.67,0.068,98.55,425,2,Kiosk,11,900,120,300
2025-04-12,Goa,15.2993,74.124,1,4,5,35.1,0,388.25,0.164,80.8,1658,2,Kiosk,4,2000,250,800
2024-08-01,Leh,34.1526,77.5771,0,8,3,14.8,1,447.44,-0.881,95.36,344,2,Agent,12,600,90,220
2025-06-25,Jaipur,26.9124,75.7873,0,6,2,39.3,0,1336.32,0.626,61.71,1632,1,App,17,1500,180,600
2024-04-25,Agra,27.1767,78.0081,0,4,3,31.2,0,1975.32,-0.06,46.99,2814,2,Agent,11,1300,150,550
2024-09-12,Manali,32.2432,77.1892,0,9,3,14.1,0,593.71,-0.335,74.64,637,2,Web,15,1200,140,450
2024-07-03,Manali,32.2432,77.1892,0,7,2,24.3,0,302.92,1.0,73.8,744,2,Kiosk,10,1200,140,450
2024-01-31,Kerala,10.8505,76.2711,0,1,2,20.0,0,66.38,0.046,80.43,845,3,Agent,2,1700,220,700
2025-06-09,Leh,34.1526,77.5771,0,6,0,18.1,0,544.97,-0.724,98.02,488,2,Agent,22,600,90,220
2025-09-03,Manali,32.2432,77.1892,0,9,2,15.7,0,293.43,0.533,70.41,578,1,Agent,10,1200,140,450
2025-05-25,Andaman,11.7401,92.6586,1,5,6,37.3,0,133.11,-0.087,94.56,513,2,Web,21,900,120,300
2024-04-25,Agra,27.1767,78.0081,0,4,3,31.2,0,451.12,0.298,63.55,1089,2,Web,15,1300,150,550
2025-09-11,Varanasi,25.3176,82.9739,0,9,3,26.4,0,331.79,0.253,58.31,612,2,Web,35,1400,160,500
2025-05-14,Jaipur,26.9124,75.7873,0,5,2,35.6,0,406.59,-0.15,67.3,898,2,App,13,1500,180,600
2024-06-21,Andaman,11.7401,92.6586,0,6,4,38.7,0,261.63,0.142,97.17,580,2,App,16,900,120,300
2025-02-08,Varanasi,25.3176,82.9739,1,2,5,21.3,0,216.66,0.672,56.3,1295,1,Web,3,1400,160,500
2025-01-25,Andaman,11.7401,92.6586,1,1,5,21.2,1,189.15,0.227,87.76,482,1,Kiosk,9,900,120,300
2025-05-08,Agra,27.1767,78.0081,0,5,3,36.0,1,239.91,0.251,59.7,795,3,Kiosk,13,1300,150,550
2024-10-22,Goa,15.2993,74.124,0,10,1,24.0,0,866.05,0.438,71.21,1687,2,Web,12,2000,250,800
2024-07-27,Manali,32.2432,77.1892,1,7,5,24.1,0,166.74,0.657,76.1,993,1,Web,10,1200,140,450
2025-04-06,Varanasi,25.3176,82.9739,1,4,6,32.4,0,219.78,-0.832,50.9,1119,2,Web,10,1400,160,500
2024-09-26,Kerala,10.8505,76.2711,0,9,3,29.8,0,50.85,-0.287,70.45,739,2,Agent,1,1700,220,700
2025-08-02,Varanasi,25.3176,82.9739,1,8,5,30.8,0,668.15,-0.879,50.69,1058,2,Agent,14,1400,160,500
2024-01-29,Manali,32.2432,77.1892,0,1,0,4.7,0,1206.39,0.096,70.23,1096,2,App,17,1200,140,450
2024-12-28,Goa,15.2993,74.124,1,12,5,19.0,0,28.89,0.183,85.53,1097,1,Agent,1,2000,250,800
2024-07-20,Goa,15.2993,74.124,1,7,5,37.6,1,724.57,0.436,74.0,1470,3,Agent,9,2000,250,800
2024-05-16,Goa,15.2993,74.124,0,5,3,39.6,0,320.66,-0.437,80.02,983,3,Web,9,2000,250,800
2024-11-22,Kerala,10.8505,76.2711,0,11,4,22.1,0,542.26,-0.438,71.52,1191,2,Agent,21,1700,220,700
2024-12-13,Manali,32.2432,77.1892,0,12,4,3.2,0,123.46,1.0,67.67,542,1,Kiosk,15,1200,140,450
2024-08-09,Goa,15.2993,74.124,0,8,4,35.7,0,370.93,-0.132,84.61,898,2,Web,14,2000,250,800
2025-03-07,Manali,32.2432,77.1892,0,3,4,15.1,0,114.15,-0.075,73.66,634,2,Agent,1,1200,140,450
2024-04-05,Jaipur,26.9124,75.7873,0,4,4,32.1,0,811.0,0.384,67.51,1483,3,Web,9,1500,180,600
2025-09-13,Kerala,10.8505,76.2711,1,9,5,31.6,0,625.18,0.007,79.3,895,3,Web,7,1700,220,700
2024-04-01,Kerala,10.8505,76.2711,0,4,0,34.4,0,362.97,0.712,68.71,1441,3,Agent,5,1700,220,700
2025-06-01,Varanasi,25.3176,82.9739,1,6,6,38.4,0,270.81,0.698,52.4,1092,2,Kiosk,2,1400,160,500
2025-08-06,Jaipur,26.9124,75.7873,0,8,2,34.2,0,202.78,-0.078,72.36,648,2,App,7,1500,180,600
2025-06-24,Leh,34.1526,77.5771,0,6,1,19.2,0,455.01,1.0,92.89,520,3,App,27,600,90,220
2024-04-29,Jaipur,26.9124,75.7873,0,4,0,33.6,0,236.03,0.433,73.43,972,3,Agent,25,1500,180,600
2025-02-14,Leh,34.1526,77.5771,0,2,4,5.2,0,176.45,-0.781,102.46,318,2,Web,24,600,90,220
2025-07-18,Kerala,10.8505,76.2711,0,7,4,38.9,0,61.52,0.618,73.57,616,2,Kiosk,18,1700,220,700
2025-06-27,Agra,27.1767,78.0081,0,6,4,37.8,0,7.74,0.776,63.99,552,2,Kiosk,21,1300,150,550
2025-09-17,Agra,27.1767,78.0081,0,9,2,26.0,0,109.95,-0.123,54.9,593,2,Kiosk,11,1300,150,550
2024-06-11,Manali,32.2432,77.1892,0,6,1,25.8,0,111.28,-0.73,69.99,611,3,Agent,8,1200,140,450
2024-01-17,Andaman,11.7401,92.6586,0,1,2,19.2,0,303.95,1.0,95.45,589,1,Agent,9,900,120,300
2024-10-01,Andaman,11.7401,92.6586,0,10,1,23.3,0,492.35,0.553,90.67,524,3,App,1,900,120,300
2025-03-22,Jaipur,26.9124,75.7873,1,3,5,27.8,0,217.04,0.554,63.8,988,2,Web,31,1500,180,600
2024-09-26,Agra,27.1767,78.0081,0,9,3,27.5,0,564.27,1.0,63.43,1018,2,Agent,1,1300,150,550
2024-02-05,Jaipur,26.9124,75.7873,0,2,0,23.4,0,393.05,0.698,62.65,1102,2,App,19,1500,180,600
2025-05-27,Manali,32.2432,77.1892,0,5,1,23.9,0,191.52,0.136,72.77,818,1,Web,2,1200,140,450
2024-09-21,Varanasi,25.3176,82.9739,1,9,5,28.3,1,414.32,-0.482,58.94,610,2,Web,13,1400,160,500
2024-12-11,Kerala,10.8505,76.2711,0,12,2,19.5,0,402.21,-0.07,65.45,1034,3,App,14,1700,220,700
2024-04-17,Leh,34.1526,77.5771,0,4,2,14.4,0,193.49,0.127,94.98,285,2,App,5,600,90,220
2025-05-24,Manali,32.2432,77.1892,1,5,5,24.9,0,232.13,0.783,80.53,928,1,App,35,1200,140,450
2025-02-08,Kerala,10.8505,76.2711,1,2,5,26.6,0,791.28,-0.058,75.06,1520,2,App,6,1700,220,700
2025-07-09,Manali,32.2432,77.1892,0,7,2,25.3,0,324.33,-0.619,78.19,848,3,Agent,13,1200,140,450
2024-08-19,Kerala,10.8505,76.2711,0,8,0,36.0,0,858.62,-0.55,66.69,989,2,Agent,19,1700,220,700
2024-02-08,Goa,15.2993,74.124,0,2,3,25.7,0,131.32,0.752,82.14,959,2,Agent,20,2000,250,800
2025-06-15,Jaipur,26.9124,75.7873,1,6,6,38.3,0,53.67,-0.452,71.28,1171,1,Kiosk,9,1500,180,600
2024-09-19,Jaipur,26.9124,75.7873,0,9,3,28.5,0,229.93,-0.064,65.69,520,1,Web,11,1500,180,600
2024-07-13,Jaipur,26.9124,75.7873,1,7,5,36.1,1,181.62,-0.937,66.28,930,1,Web,3,1500,180,600
2024-01-04,Andaman,11.7401,92.6586,0,1,3,19.6,0,71.37,0.024,94.46,432,2,Web,3,900,120,300
2025-07-13,Varanasi,25.3176,82.9739,1,7,6,35.6,0,466.17,-0.295,60.29,1069,2,Agent,40,1400,160,500
2025-05-17,Varanasi,25.3176,82.9739,1,5,5,34.9,0,790.3,-0.596,55.56,1441,2,Kiosk,5,1400,160,500
2024-07-25,Jaipur,26.9124,75.7873,0,7,3,35.6,0,361.91,-0.716,73.5,928,2,Kiosk,9,1500,180,600
2024-09-22,Leh,34.1526,77.5771,1,9,6,10.1,0,199.86,0.464,108.34,248,4,Agent,1,600,90,220
2025-01-11,Andaman,11.7401,92.6586,1,1,5,19.5,1,746.21,0.592,89.11,737,1,Kiosk,1,900,120,300
2024-09-07,Jaipur,26.9124,75.7873,1,9,5,27.7,0,463.73,0.81,56.35,1179,2,Agent,27,1500,180,600
2024-02-10,Manali,32.2432,77.1892,1,2,5,9.5,0,307.55,0.503,77.03,641,1,Kiosk,14,1200,140,450
2025-06-15,Jaipur,26.9124,75.7873,1,6,6,36.8,0,295.13,0.923,59.47,1103,1,Kiosk,19,1500,180,600
2024-05-12,Andaman,11.7401,92.6586,1,5,6,38.5,0,40.33,-0.27,96.29,414,2,App,19,900,120,300
2024-02-16,Leh,34.1526,77.5771,0,2,4,6.0,0,348.35,-0.143,100.62,346,2,Kiosk,3,600,90,220
2025-03-04,Jaipur,26.9124,75.7873,0,3,1,26.3,0,179.58,-0.463,72.28,1072,3,Agent,6,1500,180,600
2024-09-04,Agra,27.1767,78.0081,0,9,2,25.5,0,394.29,0.382,58.1,561,2,Agent,4,1300,150,550
2025-02-25,Leh,34.1526,77.5771,0,2,1,4.9,0,673.27,-0.172,98.29,497,1,Agent,13,600,90,220
2025-05-04,Goa,15.2993,74.124,1,5,6,38.9,0,840.21,-0.529,80.77,2278,1,App,2,2000,250,800
2024-05-17,Kerala,10.8505,76.2711,0,5,4,37.1,0,902.95,0.49,72.02,1587,2,Agent,6,1700,220,700
2025-06-10,Manali,32.2432,77.1892,0,6,1,24.9,0,263.31,-0.912,72.52,839,3,Web,22,1200,140,450
2024-12-08,Kerala,10.8505,76.2711,1,12,6,19.2,0,843.73,0.342,71.1,1568,3,App,12,1700,220,700
2024-11-09,Kerala,10.8505,76.2711,1,11,5,21.5,0,688.78,-0.605,69.14,1100,3,Web,17,1700,220,700
2025-01-31,Manali,32.2432,77.1892,0,1,4,6.8,0,837.25,0.032,71.89,1065,2,Agent,8,1200,140,450
2024-01-04,Leh,34.1526,77.5771,0,1,3,1.6,0,74.42,0.104,97.52,307,3,App,19,600,90,220
2024-06-07,Varanasi,25.3176,82.9739,0,6,4,36.5,0,712.23,-0.38,55.69,1292,2,Web,10,1400,160,500
2025-05-12,Jaipur,26.9124,75.7873,0,5,0,36.9,0,599.8,0.078,67.66,1100,2,Agent,40,1500,180,600
2025-08-23,Goa,15.2993,74.124,1,8,5,34.7,0,528.61,0.884,68.59,1552,3,Agent,25,2000,250,800
2025-01-08,Leh,34.1526,77.5771,0,1,2,1.3,0,1198.36,1.0,101.7,471,3,Kiosk,11,600,90,220
2024-12-21,Goa,15.2993,74.124,1,12,5,20.7,0,28.79,0.136,83.38,1445,2,Kiosk,9,2000,250,800
2025-01-05,Leh,34.1526,77.5771,1,1,6,1.6,0,506.22,0.531,102.19,459,2,Agent,25,600,90,220
2025-07-20,Agra,27.1767,78.0081,1,7,6,35.3,0,523.17,0.12,48.35,969,2,App,14,1300,150,550
2025-09-12,Goa,15.2993,74.124,0,9,4,29.6,0,680.38,-0.708,79.65,1085,2,App,11,2000,250,800
2025-09-16,Manali,32.2432,77.1892,0,9,1,16.3,1,1737.49,0.53,72.78,1116,2,Web,9,1200,140,450
2024-03-29,Manali,32.2432,77.1892,0,3,4,14.0,0,937.75,1.0,78.68,1061,3,Web,3,1200,140,450
2024-06-29,Leh,34.1526,77.5771,1,6,5,19.7,0,327.72,-1.0,99.54,761,3,App,4,600,90,220
2025-03-15,Agra,27.1767,78.0081,1,3,5,25.7,0,438.84,0.061,48.64,1315,3,Web,33,1300,150,550
2025-02-23,Agra,27.1767,78.0081,1,2,6,22.5,0,149.6,-0.075,68.8,1011,4,Agent,36,1300,150,550
2024-03-31,Jaipur,26.9124,75.7873,1,3,6,27.5,0,526.57,0.457,71.24,1136,2,Agent,7,1500,180,600
2024-06-05,Varanasi,25.3176,82.9739,0,6,2,38.4,0,667.41,-0.886,51.61,1289,1,Kiosk,6,1400,160,500
2024-02-04,Kerala,10.8505,76.2711,1,2,6,23.8,0,552.93,0.082,71.29,1575,3,Web,30,1700,220,700
2025-08-22,Jaipur,26.9124,75.7873,0,8,4,32.9,0,212.52,0.221,62.14,864,1,Kiosk,12,1500,180,600
2024-01-04,Manali,32.2432,77.1892,0,1,3,6.8,1,520.54,-0.133,82.27,823,2,App,13,1200,140,450
2024-05-22,Varanasi,25.3176,82.9739,0,5,2,36.2,0,308.78,0.915,52.21,1029,2,App,10,1400,160,500
2024-12-25,Andaman,11.7401,92.6586,0,12,2,17.9,1,592.68,-0.275,91.9,526,2,Kiosk,2,900,120,300
2024-09-06,Jaipur,26.9124,75.7873,0,9,4,28.4,0,536.29,0.604,62.05,665,2,Kiosk,14,1500,180,600
2024-06-19,Manali,32.2432,77.1892,0,6,2,24.7,0,574.41,-0.975,65.81,929,1,Kiosk,1,1200,140,450
2024-05-29,Kerala,10.8505,76.2711,0,5,2,37.2,0,1595.95,0.885,74.77,2086,2,App,17,1700,220,700
2025-07-11,Agra,27.1767,78.0081,0,7,4,35.0,0,797.55,0.246,53.45,1358,2,Web,6,1300,150,550
2025-07-24,Agra,27.1767,78.0081,0,7,3,35.9,0,773.19,-0.151,54.66,981,1,Kiosk,9,1300,150,550
2024-07-16,Goa,15.2993,74.124,0,7,1,38.7,0,177.11,-0.376,80.37,965,2,Web,5,2000,250,800
2024-11-22,Goa,15.2993,74.124,0,11,4,22.1,0,172.37,-0.328,88.91,750,1,App,17,2000,250,800
2025-03-16,Kerala,10.8505,76.2711,1,3,6,27.8,0,182.93,-0.153,79.91,1574,1,Kiosk,9,1700,220,700
2025-08-22,Agra,27.1767,78.0081,0,8,4,31.8,1,514.01,0.596,54.73,727,1,Web,11,1300,150,550
2024-01-17,Jaipur,26.9124,75.7873,0,1,2,20.9,0,839.26,-0.488,66.77,945,2,Agent,9,1500,180,600
2025-06-07,Kerala,10.8505,76.2711,1,6,5,37.7,0,180.33,-0.566,69.98,779,2,App,14,1700,220,700
2024-10-14,Leh,34.1526,77.5771,0,10,0,4.0,0,801.82,0.015,100.2,342,3,Web,24,600,90,220
2024-06-26,Kerala,10.8505,76.2711,0,6,2,38.9,0,286.19,-0.08,67.48,1113,2,Web,9,1700,220,700
2024-10-30,Agra,27.1767,78.0081,0,10,2,20.8,0,444.75,0.102,69.65,668,3,Kiosk,8,1300,150,550
2024-02-24,Kerala,10.8505,76.2711,1,2,5,23.5,0,336.5,0.404,75.42,1593,1,App,11,1700,220,700
2024-08-05,Leh,34.1526,77.5771,0,8,0,16.0,0,479.52,-0.289,96.19,549,2,App,11,600,90,220
2025-09-15,Varanasi,25.3176,82.9739,0,9,0,28.1,0,72.03,-0.736,51.58,472,2,Web,12,1400,160,500
2025-07-03,Leh,34.1526,77.5771,0,7,3,20.1,0,250.16,0.058,93.82,425,1,Agent,6,600,90,220
2024-11-08,Leh,34.1526,77.5771,0,11,4,1.0,0,89.08,0.521,96.92,263,2,Agent,12,600,90,220
2025-07-13,Goa,15.2993,74.124,1,7,6,39.1,1,329.58,-0.432,80.35,1204,2,Kiosk,13,2000,250,800
2024-04-28,Leh,34.1526,77.5771,1,4,6,15.0,0,688.42,1.0,99.92,470,2,Web,11,600,90,220
2025-02-24,Varanasi,25.3176,82.9739,0,2,0,23.0,0,757.54,-0.39,51.95,1137,3,Kiosk,14,1400,160,500
2025-01-25,Varanasi,25.3176,82.9739,1,1,5,16.6,0,203.76,-0.396,54.08,990,3,Agent,10,1400,160,500
2025-02-10,Kerala,10.8505,76.2711,0,2,0,23.9,0,376.6,-0.412,73.89,887,1,App,31,1700,220,700
2024-05-26,Kerala,10.8505,76.2711,1,5,6,38.0,0,75.44,-0.05,64.8,1232,2,App,28,1700,220,700
2025-04-17,Manali,32.2432,77.1892,0,4,3,20.7,0,311.73,0.214,75.68,951,3,App,25,1200,140,450
2024-01-29,Jaipur,26.9124,75.7873,0,1,0,19.8,0,760.21,0.425,61.15,1081,3,App,9,1500,180,600
2025-09-04,Jaipur,26.9124,75.7873,0,9,3,27.3,0,554.63,0.68,58.7,796,2,Agent,11,1500,180,600
2025-07-04,Manali,32.2432,77.1892,0,7,4,25.4,0,738.65,0.661,75.76,1128,2,Agent,5,1200,140,450
2024-11-22,Varanasi,25.3176,82.9739,0,11,4,17.7,0,1624.09,0.163,45.54,1841,2,Kiosk,10,1400,160,500
2025-08-12,Varanasi,25.3176,82.9739,0,8,1,32.2,0,331.24,-0.02,49.75,564,2,Web,9,1400,160,500
2025-08-17,Kerala,10.8505,76.2711,1,8,6,34.0,0,186.38,0.166,73.45,824,2,Kiosk,8,1700,220,700
2024-11-04,Manali,32.2432,77.1892,0,11,0,7.3,0,414.58,-0.724,75.5,670,2,Web,3,1200,140,450
2024-09-27,Leh,34.1526,77.5771,0,9,4,9.2,0,547.23,-0.17,91.92,265,2,Agent,2,600,90,220
2025-01-24,Kerala,10.8505,76.2711,0,1,4,21.8,0,167.04,0.619,60.63,1015,1,Agent,5,1700,220,700
2025-04-24,Varanasi,25.3176,82.9739,0,4,3,30.4,0,863.72,-0.021,60.06,1757,2,Agent,9,1400,160,500
2025-02-26,Agra,27.1767,78.0081,0,2,2,22.2,0,199.06,0.202,48.61,876,2,Web,19,1300,150,550
2025-08-02,Kerala,10.8505,76.2711,1,8,5,34.2,0,190.35,0.472,77.66,1042,3,Agent,6,1700,220,700
2025-02-27,Jaipur,26.9124,75.7873,0,2,3,21.1,0,223.28,-0.566,67.17,938,2,Web,15,1500,180,600
2024-06-04,Agra,27.1767,78.0081,0,6,1,36.4,0,75.56,0.267,61.67,642,3,App,23,1300,150,550
2025-05-11,Agra,27.1767,78.0081,1,5,6,35.0,0,1012.36,1.0,43.97,1647,2,Web,13,1300,150,550
2025-05-21,Varanasi,25.3176,82.9739,0,5,2,36.7,0,678.13,-0.381,59.93,1120,3,Kiosk,2,1400,160,500
2025-02-21,Kerala,10.8505,76.2711,0,2,4,26.2,0,253.9,0.627,70.02,1196,2,Agent,6,1700,220,700
2025-09-24,Leh,34.1526,77.5771,0,9,2,9.3,0,413.29,-0.56,93.94,190,1,Kiosk,9,600,90,220
2025-08-10,Manali,32.2432,77.1892,1,8,6,20.6,0,62.22,-0.001,75.72,843,3,Agent,7,1200,140,450
2024-01-15,Kerala,10.8505,76.2711,0,1,0,21.7,1,84.48,-0.448,68.25,1039,1,Agent,11,1700,220,700
2024-04-29,Varanasi,25.3176,82.9739,0,4,0,32.7,0,2850.89,-0.388,54.52,2196,2,App,6,1400,160,500
2025-06-27,Andaman,11.7401,92.6586,0,6,4,37.6,1,83.24,0.21,94.27,305,2,Agent,9,900,120,300
2025-04-09,Leh,34.1526,77.5771,0,4,2,15.7,0,553.66,0.077,98.04,339,2,App,10,600,90,220
2025-01-19,Goa,15.2993,74.124,1,1,6,20.7,0,1052.47,1.0,71.3,2386,2,Kiosk,5,2000,250,800
2025-07-27,Manali,32.2432,77.1892,1,7,6,24.3,0,945.11,-0.55,76.67,1037,2,Kiosk,34,1200,140,450
2024-12-31,Andaman,11.7401,92.6586,0,12,1,16.5,0,640.85,0.504,95.19,510,2,Kiosk,9,900,120,300
2024-03-17,Andaman,11.7401,92.6586,1,3,6,28.3,0,332.11,0.466,87.09,794,1,Kiosk,5,900,120,300
2024-01-04,Goa,15.2993,74.124,0,1,3,22.7,0,432.99,0.602,79.63,1598,3,Web,18,2000,250,800
2024-09-30,Varanasi,25.3176,82.9739,0,9,0,27.6,0,82.86,0.236,53.94,630,2,Agent,3,1400,160,500
2024-08-23,Agra,27.1767,78.0081,0,8,4,32.0,1,712.32,-0.462,56.32,884,2,App,17,1300,150,550
2024-05-06,Manali,32.2432,77.1892,0,5,0,23.8,0,347.7,-0.768,74.84,882,2,App,5,1200,140,450
2024-08-23,Jaipur,26.9124,75.7873,0,8,4,33.9,0,205.86,-0.05,59.26,798,2,Agent,14,1500,180,600
2024-06-30,Goa,15.2993,74.124,1,6,6,39.2,0,632.57,-0.392,79.6,1704,2,Web,3,2000,250,800
2024-01-28,Kerala,10.8505,76.2711,1,1,6,20.9,0,448.65,0.061,71.11,1328,1,Web,7,1700,220,700
2024-04-25,Varanasi,25.3176,82.9739,0,4,3,33.2,0,191.95,-0.429,55.47,1043,2,Kiosk,7,1400,160,500
2024-11-18,Varanasi,25.3176,82.9739,0,11,0,18.5,0,299.73,0.372,52.06,841,2,Kiosk,9,1400,160,500
2025-06-15,Andaman,11.7401,92.6586,1,6,6,36.4,0,474.57,-0.576,86.33,680,1,Web,5,900,120,300
2024-01-08,Jaipur,26.9124,75.7873,0,1,0,20.5,0,634.22,0.236,68.85,1563,2,Kiosk,5,1500,180,600
2024-01-10,Manali,32.2432,77.1892,0,1,2,6.1,0,207.83,-0.044,82.12,708,1,App,9,1200,140,450
2025-07-29,Jaipur,26.9124,75.7873,0,7,1,36.6,0,224.4,0.291,66.55,812,1,Web,2,1500,180,600
2024-07-25,Andaman,11.7401,92.6586,0,7,3,37.2,0,325.69,0.804,89.7,480,3,Web,42,900,120,300
2025-08-10,Andaman,11.7401,92.6586,1,8,6,34.3,0,291.41,0.402,79.83,336,3,Agent,15,900,120,300
2025-04-22,Leh,34.1526,77.5771,0,4,1,16.0,1,537.85,0.268,100.87,417,1,Web,1,600,90,220
2024-07-20,Kerala,10.8505,76.2711,1,7,5,37.0,0,183.79,-0.213,66.51,1372,1,Kiosk,17,1700,220,700
2025-02-17,Leh,34.1526,77.5771,0,2,0,4.8,0,249.88,0.367,89.47,293,3,Agent,14,600,90,220
2025-08-30,Goa,15.2993,74.124,1,8,5,34.4,1,205.68,-0.085,73.82,798,3,Agent,11,2000,250,800
2024-11-13,Leh,34.1526,77.5771,0,11,2,1.2,0,568.29,-0.521,93.39,261,1,Kiosk,8,600,90,220
2024-12-19,Goa,15.2993,74.124,0,12,3,20.2,0,122.79,0.684,78.8,1077,2,Kiosk,22,2000,250,800
2024-07-05,Agra,27.1767,78.0081,0,7,4,36.7,0,336.24,0.257,53.92,952,3,Agent,18,1300,150,550
2025-09-15,Kerala,10.8505,76.2711,0,9,0,30.3,0,178.17,0.616,61.8,726,1,App,1,1700,220,700
2025-06-28,Andaman,11.7401,92.6586,1,6,5,38.8,0,296.0,-0.406,92.62,366,3,Agent,17,900,120,300
2024-01-17,Agra,27.1767,78.0081,0,1,2,20.3,0,593.41,0.681,62.39,1200,2,App,24,1300,150,550
2024-11-04,Andaman,11.7401,92.6586,0,11,0,20.3,0,527.45,-0.04,85.66,462,2,Web,9,900,120,300
2025-04-11,Andaman,11.7401,92.6586,0,4,4,32.1,0,574.39,-0.399,93.78,659,2,App,4,900,120,300
2025-03-25,Leh,34.1526,77.5771,0,3,1,9.9,0,192.26,-0.366,95.47,272,3,Agent,3,600,90,220
2024-09-15,Varanasi,25.3176,82.9739,1,9,6,27.9,0,170.47,1.0,46.48,633,3,Kiosk,5,1400,160,500
2024-01-29,Agra,27.1767,78.0081,0,1,0,17.3,0,867.56,0.371,55.19,1385,1,Agent,21,1300,150,550
2025-05-04,Kerala,10.8505,76.2711,1,5,6,38.1,0,194.85,0.024,79.34,1583,3,Web,11,1700,220,700
2025-04-16,Leh,34.1526,77.5771,0,4,2,14.7,0,179.49,-0.862,103.55,368,3,App,19,600,90,220
2024-05-27,Jaipur,26.9124,75.7873,0,5,0,37.3,0,246.78,-0.013,70.16,1134,2,Kiosk,8,1500,180,600
2024-08-13,Manali,32.2432,77.1892,0,8,1,18.5,0,879.99,-0.109,84.49,1081,3,App,11,1200,140,450
2025-07-23,Andaman,11.7401,92.6586,0,7,2,37.7,1,547.05,0.478,94.85,525,2,Agent,1,900,120,300
2024-08-18,Agra,27.1767,78.0081,1,8,6,33.1,0,345.46,-0.741,56.38,881,3,Kiosk,9,1300,150,550
2024-03-18,Goa,15.2993,74.124,0,3,0,30.6,0,147.74,1.0,89.3,1319,3,App,53,2000,250,800
2025-07-25,Jaipur,26.9124,75.7873,0,7,4,36.8,0,668.53,-0.462,61.99,781,2,App,6,1500,180,600
2025-08-20,Manali,32.2432,77.1892,0,8,2,19.9,1,866.27,0.649,67.81,1010,2,Web,11,1200,140,450
2024-09-07,Jaipur,26.9124,75.7873,1,9,5,28.0,0,314.61,0.482,58.42,807,3,Agent,39,1500,180,600
2024-05-23,Kerala,10.8505,76.2711,0,5,3,38.5,0,383.27,-0.096,67.62,1291,1,Kiosk,13,1700,220,700
2025-07-26,Kerala,10.8505,76.2711,1,7,5,38.0,0,378.0,0.419,66.71,1208,3,Web,6,1700,220,700
2024-02-27,Leh,34.1526,77.5771,0,2,1,4.4,0,366.46,-0.255,105.87,292,2,App,15,600,90,220
2024-10-21,Jaipur,26.9124,75.7873,0,10,0,23.5,0,827.11,-0.769,56.76,929,2,App,5,1500,180,600
2025-03-29,Andaman,11.7401,92.6586,1,3,5,29.7,0,530.11,-0.317,95.75,765,2,Kiosk,19,900,120,300
2024-06-06,Varanasi,25.3176,82.9739,0,6,3,34.7,0,574.11,0.334,52.82,880,2,Agent,17,1400,160,500
2024-08-27,Goa,15.2993,74.124,0,8,1,34.2,0,115.51,0.139,75.58,1122,2,App,2,2000,250,800
2025-08-26,Manali,32.2432,77.1892,0,8,1,21.0,1,139.34,0.197,68.41,640,3,App,27,1200,140,450
2024-05-02,Agra,27.1767,78.0081,0,5,3,33.7,0,347.2,0.276,59.89,907,2,Web,18,1300,150,550
2024-10-30,Agra,27.1767,78.0081,0,10,2,21.7,0,61.16,0.988,47.32,517,2,Agent,17,1300,150,550
2024-02-22,Varanasi,25.3176,82.9739,0,2,3,20.6,0,1105.98,0.017,57.49,1147,2,Web,28,1400,160,500
2024-10-10,Andaman,11.7401,92.6586,0,10,3,22.2,0,1195.85,0.383,95.4,445,3,App,13,900,120,300
2024-08-16,Manali,32.2432,77.1892,0,8,4,20.5,0,545.76,0.49,73.23,1030,4,Web,7,1200,140,450
2024-04-19,Manali,32.2432,77.1892,0,4,4,20.0,0,300.06,0.241,78.3,637,3,Web,4,1200,140,450
2025-09-16,Jaipur,26.9124,75.7873,0,9,1,27.6,0,105.19,-0.337,56.23,491,2,Web,10,1500,180,600
2025-08-22,Jaipur,26.9124,75.7873,0,8,4,33.6,0,369.11,-0.157,61.92,865,2,App,5,1500,180,600
2024-05-11,Kerala,10.8505,76.2711,1,5,5,38.7,0,651.97,0.042,66.05,1853,2,App,17,1700,220,700
2024-10-17,Jaipur,26.9124,75.7873,0,10,3,22.5,0,88.77,-0.056,54.48,790,1,Web,2,1500,180,600
2024-03-19,Goa,15.2993,74.124,0,3,1,30.2,0,178.64,-0.817,74.98,1374,3,App,5,2000,250,800
2025-01-11,Goa,15.2993,74.124,1,1,5,22.4,0,557.08,-0.666,79.87,1848,3,App,9,2000,250,800
2024-08-06,Goa,15.2993,74.124,0,8,1,34.8,0,71.75,1.0,77.64,970,2,Kiosk,38,2000,250,800
2025-08-17,Kerala,10.8505,76.2711,1,8,6,35.3,0,507.71,0.352,56.26,1184,1,App,2,1700,220,700
2025-03-06,Goa,15.2993,74.124,0,3,3,31.0,0,141.45,-0.262,81.9,1388,2,Kiosk,23,2000,250,800
2024-03-23,Goa,15.2993,74.124,1,3,5,31.6,1,458.28,-0.591,82.64,1512,3,Agent,8,2000,250,800
2025-08-30,Manali,32.2432,77.1892,1,8,5,20.4,0,364.04,0.647,78.51,871,2,Web,19,1200,140,450
2025-09-26,Jaipur,26.9124,75.7873,0,9,4,25.8,1,200.56,-0.442,61.61,509,1,App,22,1500,180,600
2024-07-04,Varanasi,25.3176,82.9739,0,7,3,36.0,1,185.48,-0.326,53.46,771,3,Web,7,1400,160,500
2024-01-16,Goa,15.2993,74.124,0,1,1,20.7,0,443.42,-0.317,80.59,1389,1,Web,19,2000,250,800
2024-05-31,Manali,32.2432,77.1892,0,5,4,25.4,0,29.41,0.747,86.82,756,2,Agent,5,1200,140,450
2024-04-15,Leh,34.1526,77.5771,0,4,0,15.2,0,924.19,-0.008,101.63,595,3,Web,24,600,90,220
2024-10-06,Goa,15.2993,74.124,1,10,6,25.3,1,664.87,-0.489,75.36,924,2,App,4,2000,250,800
2024-12-31,Agra,27.1767,78.0081,0,12,1,17.9,0,166.86,0.08,52.34,793,3,Kiosk,2,1300,150,550
2025-07-03,Agra,27.1767,78.0081,0,7,3,36.1,0,768.4,0.04,63.0,689,4,App,25,1300,150,550
2025-06-07,Andaman,11.7401,92.6586,1,6,5,38.2,0,108.14,-0.319,94.19,470,2,Agent,10,900,120,300
2024-10-20,Manali,32.2432,77.1892,1,10,6,11.4,0,363.85,1.0,73.65,760,3,App,11,1200,140,450
2024-08-19,Agra,27.1767,78.0081,0,8,0,32.6,0,811.11,0.164,55.2,808,1,Kiosk,18,1300,150,550
2024-08-14,Agra,27.1767,78.0081,0,8,2,33.1,0,442.87,-0.288,47.43,704,2,Web,20,1300,150,550
2024-07-13,Jaipur,26.9124,75.7873,1,7,5,36.4,0,263.85,0.268,69.03,983,2,Kiosk,10,1500,180,600
2024-06-20,Leh,34.1526,77.5771,0,6,3,20.6,0,919.84,0.831,93.43,806,2,Kiosk,9,600,90,220
2025-01-14,Kerala,10.8505,76.2711,0,1,1,19.9,0,459.96,-0.186,72.5,1048,2,Web,4,1700,220,700
2024-02-06,Goa,15.2993,74.124,0,2,1,24.1,0,316.01,0.884,81.23,1155,1,App,9,2000,250,800
2025-09-18,Kerala,10.8505,76.2711,0,9,3,29.3,0,29.18,0.252,65.3,668,3,Web,1,1700,220,700
2025-05-05,Jaipur,26.9124,75.7873,0,5,0,35.3,0,203.34,-0.12,63.58,844,3,Agent,20,1500,180,600
2024-09-09,Andaman,11.7401,92.6586,0,9,0,27.6,0,258.15,1.0,91.67,189,2,App,5,900,120,300
2025-09-14,Goa,15.2993,74.124,1,9,6,30.7,0,183.28,0.416,68.94,1125,2,Web,26,2000,250,800
2025-09-25,Manali,32.2432,77.1892,0,9,3,16.3,0,375.34,-0.512,79.2,456,2,Web,9,1200,140,450
2024-09-06,Agra,27.1767,78.0081,0,9,4,27.0,0,423.71,0.684,56.42,640,1,Web,19,1300,150,550
2024-12-13,Andaman,11.7401,92.6586,0,12,4,19.4,0,347.72,-0.128,87.94,558,2,Web,19,900,120,300
2024-05-26,Kerala,10.8505,76.2711,1,5,6,38.6,0,1327.02,0.403,71.92,2557,2,App,2,1700,220,700
2025-02-24,Agra,27.1767,78.0081,0,2,0,20.8,0,735.98,-0.006,61.72,1073,3,App,17,1300,150,550
2025-07-20,Jaipur,26.9124,75.7873,1,7,6,35.4,0,328.25,0.574,64.71,1099,2,Kiosk,12,1500,180,600
2025-07-06,Leh,34.1526,77.5771,1,7,6,18.2,0,346.5,0.444,105.55,440,2,Web,49,600,90,220
2024-07-28,Manali,32.2432,77.1892,1,7,6,22.9,0,118.74,0.448,76.12,888,2,App,23,1200,140,450
2025-05-01,Agra,27.1767,78.0081,0,5,3,33.9,0,125.06,0.738,61.54,808,1,Kiosk,13,1300,150,550
2024-08-16,Leh,34.1526,77.5771,0,8,4,15.1,0,860.51,-0.295,99.52,345,1,Agent,16,600,90,220
2024-09-13,Goa,15.2993,74.124,0,9,4,28.0,0,434.24,-0.427,77.06,855,2,Web,1,2000,250,800
2024-03-07,Leh,34.1526,77.5771,0,3,3,10.4,0,909.82,-0.204,99.47,511,2,App,27,600,90,220
2024-11-13,Manali,32.2432,77.1892,0,11,2,7.1,0,611.8,0.505,73.3,914,3,Web,21,1200,140,450
2025-03-17,Leh,34.1526,77.5771,0,3,0,9.7,0,68.62,0.145,105.19,291,2,Web,6,600,90,220
2024-03-12,Agra,27.1767,78.0081,0,3,1,28.3,0,661.78,-0.913,63.42,1297,3,Kiosk,17,1300,150,550
2025-06-14,Kerala,10.8505,76.2711,1,6,5,38.7,0,410.21,0.116,63.15,1472,1,Web,4,1700,220,700
2024-11-07,Andaman,11.7401,92.6586,0,11,3,20.3,0,113.32,0.15,90.46,337,2,Agent,5,900,120,300
2024-01-09,Jaipur,26.9124,75.7873,0,1,1,19.8,1,763.19,-0.165,60.56,1492,1,Agent,9,1500,180,600
2024-07-03,Varanasi,25.3176,82.9739,0,7,2,34.7,0,48.65,0.621,54.74,612,2,App,6,1400,160,500
2024-01-03,Leh,34.1526,77.5771,0,1,2,1.2,0,287.58,-0.606,95.36,460,2,Web,24,600,90,220
2024-08-01,Agra,27.1767,78.0081,0,8,3,32.3,0,600.49,0.233,53.81,698,2,App,22,1300,150,550
2024-01-21,Leh,34.1526,77.5771,1,1,6,1.1,0,252.05,-0.323,93.16,380,1,Web,22,600,90,220
2024-11-26,Manali,32.2432,77.1892,0,11,1,6.4,1,422.5,-0.266,75.37,468,2,Kiosk,14,1200,140,450
2025-04-01,Goa,15.2993,74.124,0,4,1,35.0,0,90.36,-0.238,80.2,1342,3,Agent,8,2000,250,800
2025-08-09,Kerala,10.8505,76.2711,1,8,5,34.8,0,680.79,0.858,69.9,1335,3,Web,14,1700,220,700
2024-12-05,Leh,34.1526,77.5771,0,12,3,-0.1,0,261.88,0.85,96.47,345,3,Agent,4,600,90,220
2025-01-12,Agra,27.1767,78.0081,1,1,6,18.9,0,400.11,0.156,57.81,1139,3,App,24,1300,150,550
2024-03-04,Kerala,10.8505,76.2711,0,3,0,27.6,0,526.85,0.661,77.65,1602,2,App,4,1700,220,700
2025-08-22,Agra,27.1767,78.0081,0,8,4,30.8,0,426.13,0.285,49.05,920,3,Agent,34,1300,150,550
2025-03-07,Agra,27.1767,78.0081,0,3,4,27.8,0,1360.43,0.116,71.05,1405,2,Kiosk,38,1300,150,550
2024-09-23,Varanasi,25.3176,82.9739,0,9,0,27.6,0,101.38,0.052,61.48,558,3,Kiosk,1,1400,160,500
2024-01-29,Manali,32.2432,77.1892,0,1,0,5.6,0,134.5,0.65,85.4,804,1,Kiosk,7,1200,140,450
2024-06-13,Leh,34.1526,77.5771,0,6,3,18.4,0,698.5,0.698,107.3,706,2,Kiosk,6,600,90,220
2024-02-09,Andaman,11.7401,92.6586,0,2,4,23.1,0,337.43,0.541,91.42,516,3,Web,1,900,120,300
2025-06-01,Manali,32.2432,77.1892,1,6,6,24.3,0,672.97,0.041,66.62,1806,1,Web,9,1200,140,450
2024-02-10,Andaman,11.7401,92.6586,1,2,5,22.4,1,158.44,-0.016,96.42,401,2,Agent,36,900,120,300
2024-01-17,Varanasi,25.3176,82.9739,0,1,2,20.4,0,255.83,-0.285,41.0,1119,2,Kiosk,1,1400,160,500
2025-01-29,Leh,34.1526,77.5771,0,1,2,1.6,0,339.21,0.088,92.45,437,3,Agent,15,600,90,220
2025-03-08,Kerala,10.8505,76.2711,1,3,5,28.3,0,700.75,-0.507,65.82,1367,3,Web,13,1700,220,700
2025-04-17,Agra,27.1767,78.0081,0,4,3,31.5,0,221.8,-0.166,59.35,977,2,Web,15,1300,150,550
2025-07-19,Goa,15.2993,74.124,1,7,5,37.9,0,564.77,-0.745,83.82,1622,2,Kiosk,7,2000,250,800
2025-02-06,Leh,34.1526,77.5771,0,2,3,5.7,0,538.18,-0.323,98.07,369,2,Kiosk,3,600,90,220
2025-01-17,Andaman,11.7401,92.6586,0,1,4,19.1,0,422.63,-0.169,93.0,478,3,Kiosk,2,900,120,300
2024-04-19,Agra,27.1767,78.0081,0,4,4,32.8,0,162.34,-0.008,56.73,986,3,Web,48,1300,150,550
2025-02-08,Andaman,11.7401,92.6586,1,2,5,22.6,0,368.95,-0.146,84.78,566,2,App,4,900,120,300
2024-01-01,Kerala,10.8505,76.2711,0,1,0,20.1,0,232.53,-0.098,67.53,669,2,Kiosk,23,1700,220,700
2025-05-06,Varanasi,25.3176,82.9739,0,5,1,35.8,0,720.61,-0.533,54.44,1270,3,App,3,1400,160,500
2024-09-14,Goa,15.2993,74.124,1,9,5,29.8,0,247.42,0.262,82.78,837,3,App,2,2000,250,800
2024-06-10,Agra,27.1767,78.0081,0,6,0,38.5,1,819.13,0.733,64.43,1086,1,App,27,1300,150,550
2025-05-15,Leh,34.1526,77.5771,0,5,3,19.3,0,383.87,0.715,97.89,308,2,Kiosk,14,600,90,220
2024-09-12,Agra,27.1767,78.0081,0,9,3,27.0,0,755.02,-0.334,58.23,876,3,Agent,5,1300,150,550
2024-06-25,Manali,32.2432,77.1892,0,6,1,24.2,0,341.9,0.234,73.94,911,2,Web,7,1200,140,450
2025-05-24,Agra,27.1767,78.0081,1,5,5,33.9,0,112.44,0.595,64.34,1185,3,App,5,1300,150,550
2024-06-05,Manali,32.2432,77.1892,0,6,2,24.6,0,856.59,-0.939,74.68,1080,3,App,8,1200,140,450
2025-03-10,Andaman,11.7401,92.6586,0,3,0,28.3,0,54.3,0.768,92.49,511,3,Web,14,900,120,300
2024-03-31,Leh,34.1526,77.5771,1,3,6,9.9,0,650.31,-0.031,104.14,516,3,Agent,29,600,90,220
2024-05-27,Leh,34.1526,77.5771,0,5,0,19.3,0,346.44,-0.218,100.9,369,3,Web,22,600,90,220
2025-04-08,Manali,32.2432,77.1892,0,4,1,19.5,0,1356.91,0.47,78.11,1511,2,Agent,2,1200,140,450
2025-02-08,Andaman,11.7401,92.6586,1,2,5,23.0,0,608.0,0.149,99.93,828,2,Web,18,900,120,300
2024-08-12,Jaipur,26.9124,75.7873,0,8,0,33.8,0,444.27,0.012,64.64,694,1,Agent,1,1500,180,600
2024-09-09,Leh,34.1526,77.5771,0,9,0,10.2,1,793.08,0.752,97.92,351,2,Web,10,600,90,220
2025-01-04,Andaman,11.7401,92.6586,1,1,5,19.7,0,486.56,0.025,98.38,468,3,Web,3,900,120,300
2024-07-16,Varanasi,25.3176,82.9739,0,7,1,36.5,0,379.71,-0.284,50.18,748,3,Kiosk,10,1400,160,500
2024-12-28,Andaman,11.7401,92.6586,1,12,5,17.8,0,764.1,-0.952,89.16,688,3,Web,14,900,120,300
2025-03-29,Goa,15.2993,74.124,1,3,5,30.8,0,205.5,-0.036,83.95,1501,1,Agent,20,2000,250,800
2025-07-09,Andaman,11.7401,92.6586,0,7,2,34.8,0,366.42,0.018,90.32,460,2,App,18,900,120,300
2024-06-03,Manali,32.2432,77.1892,0,6,0,26.4,0,513.51,0.188,82.16,971,2,Kiosk,22,1200,140,450
2025-07-31,Goa,15.2993,74.124,0,7,3,36.2,1,186.2,-0.325,81.1,694,2,Agent,50,2000,250,800
2025-04-15,Leh,34.1526,77.5771,0,4,1,16.5,0,541.8,1.0,100.93,448,2,App,8,600,90,220
2025-05-20,Leh,34.1526,77.5771,0,5,1,17.7,0,128.81,0.039,90.34,350,3,Agent,12,600,90,220
2024-07-17,Manali,32.2432,77.1892,0,7,2,22.9,0,563.23,-0.047,73.87,1246,3,Kiosk,2,1200,140,450
2024-11-30,Manali,32.2432,77.1892,1,11,5,6.9,0,371.83,0.537,70.28,864,3,Kiosk,9,1200,140,450
2024-06-25,Andaman,11.7401,92.6586,0,6,1,38.6,0,159.35,0.267,94.2,564,2,App,6,900,120,300
2024-07-25,Kerala,10.8505,76.2711,0,7,3,39.2,0,161.32,-0.884,70.21,713,2,Kiosk,38,1700,220,700
2025-02-28,Jaipur,26.9124,75.7873,0,2,4,21.8,0,408.79,-0.721,57.76,981,1,App,7,1500,180,600
2024-05-03,Leh,34.1526,77.5771,0,5,4,17.4,0,464.93,-0.246,94.65,384,4,Agent,14,600,90,220
2024-01-27,Kerala,10.8505,76.2711,1,1,5,19.3,0,145.77,0.577,75.25,972,3,Web,8,1700,220,700
2025-05-30,Manali,32.2432,77.1892,0,5,4,24.3,0,148.38,0.286,83.37,535,2,Web,20,1200,140,450
2024-01-21,Varanasi,25.3176,82.9739,1,1,6,17.2,0,540.96,1.0,55.23,1241,2,Kiosk,3,1400,160,500
2024-11-24,Kerala,10.8505,76.2711,1,11,6,21.1,0,662.78,0.24,57.79,1416,2,App,2,1700,220,700
2025-09-24,Agra,27.1767,78.0081,0,9,2,28.2,0,347.43,0.287,66.19,751,1,Web,1,1300,150,550
2024-10-16,Goa,15.2993,74.124,0,10,2,26.2,0,290.6,0.738,75.84,1342,2,App,9,2000,250,800
2024-05-15,Andaman,11.7401,92.6586,0,5,2,37.6,0,511.39,-0.802,99.86,442,2,Web,16,900,120,300
2024-05-27,Manali,32.2432,77.1892,0,5,0,24.9,0,348.36,0.471,72.68,681,2,App,5,1200,140,450
2025-04-29,Leh,34.1526,77.5771,0,4,1,14.3,0,1024.46,0.277,101.0,711,3,Web,14,600,90,220
2025-04-22,Goa,15.2993,74.124,0,4,1,34.9,0,630.73,0.146,79.41,1998,2,Web,7,2000,250,800
2025-03-08,Jaipur,26.9124,75.7873,1,3,5,27.8,0,32.36,0.385,72.97,1076,2,App,10,1500,180,600
2025-07-06,Varanasi,25.3176,82.9739,1,7,6,35.5,0,466.54,1.0,46.12,798,2,App,17,1400,160,500
2024-04-24,Manali,32.2432,77.1892,0,4,2,20.6,0,369.72,0.292,81.33,863,2,Agent,11,1200,140,450
2024-10-12,Kerala,10.8505,76.2711,1,10,5,24.5,0,213.16,-0.853,70.86,1181,2,Kiosk,20,1700,220,700
2025-04-01,Manali,32.2432,77.1892,0,4,1,19.6,0,160.8,-0.335,82.44,615,2,Agent,3,1200,140,450
2024-12-16,Jaipur,26.9124,75.7873,0,12,0,20.3,0,372.72,0.244,64.35,943,2,App,4,1500,180,600
2025-09-08,Kerala,10.8505,76.2711,0,9,0,29.0,1,769.84,0.723,73.86,786,1,Agent,8,1700,220,700
2024-02-07,Agra,27.1767,78.0081,0,2,2,22.5,0,212.37,0.26,59.25,740,2,Web,2,1300,150,550
2024-07-03,Andaman,11.7401,92.6586,0,7,2,35.8,0,76.11,0.587,84.27,322,3,App,11,900,120,300
2025-02-13,Andaman,11.7401,92.6586,0,2,3,24.8,0,230.18,0.62,91.73,504,2,Web,21,900,120,300
2024-01-14,Jaipur,26.9124,75.7873,1,1,6,20.7,0,130.84,1.0,68.3,992,2,Kiosk,1,1500,180,600
2024-10-19,Agra,27.1767,78.0081,1,10,5,22.3,0,312.66,-0.655,51.31,905,2,App,1,1300,150,550
2024-03-19,Andaman,11.7401,92.6586,0,3,1,28.1,0,661.79,-0.023,98.22,715,4,Web,3,900,120,300
2024-07-01,Leh,34.1526,77.5771,0,7,0,19.2,0,395.42,0.438,97.61,417,2,Kiosk,13,600,90,220
2024-03-23,Goa,15.2993,74.124,1,3,5,31.3,0,271.94,-0.402,77.24,1528,1,App,18,2000,250,800
2025-03-17,Manali,32.2432,77.1892,0,3,0,13.3,0,310.71,-0.3,74.08,371,3,Agent,7,1200,140,450
2024-04-21,Leh,34.1526,77.5771,1,4,6,15.1,1,502.92,-0.068,100.03,525,1,Kiosk,1,600,90,220
2025-04-20,Goa,15.2993,74.124,1,4,6,36.1,0,467.56,0.656,78.86,2004,3,Web,6,2000,250,800
2025-08-07,Goa,15.2993,74.124,0,8,3,35.4,0,176.5,0.059,78.25,678,1,Agent,19,2000,250,800
2024-09-16,Goa,15.2993,74.124,0,9,0,31.0,1,745.47,-0.423,74.3,809,2,Web,1,2000,250,800
2024-05-22,Agra,27.1767,78.0081,0,5,2,35.0,0,277.08,-0.576,63.84,1125,3,Agent,9,1300,150,550
2024-09-26,Varanasi,25.3176,82.9739,0,9,3,28.6,0,641.4,0.372,49.9,711,2,Agent,3,1400,160,500
2024-06-25,Varanasi,25.3176,82.9739,0,6,1,38.0,0,555.14,-0.207,40.24,1037,2,Web,6,1400,160,500
2024-04-08,Agra,27.1767,78.0081,0,4,0,30.6,0,249.12,1.0,56.94,956,2,Kiosk,9,1300,150,550
2024-05-13,Jaipur,26.9124,75.7873,0,5,0,35.0,0,56.26,0.224,63.18,910,2,Web,5,1500,180,600
2024-09-26,Goa,15.2993,74.124,0,9,3,30.4,0,225.31,-1.0,80.01,768,3,Kiosk,3,2000,250,800
2024-01-02,Varanasi,25.3176,82.9739,0,1,1,18.3,0,246.11,1.0,56.63,998,2,Web,9,1400,160,500
2024-08-14,Andaman,11.7401,92.6586,0,8,2,34.0,0,292.19,-0.521,97.48,338,2,App,12,900,120,300
2025-05-07,Goa,15.2993,74.124,0,5,2,37.6,0,372.24,0.206,81.76,1346,2,Kiosk,6,2000,250,800
2024-10-09,Varanasi,25.3176,82.9739,0,10,2,22.2,0,306.47,-0.459,49.09,623,2,Kiosk,10,1400,160,500
2024-10-11,Agra,27.1767,78.0081,0,10,4,22.8,0,366.11,-0.509,47.62,665,1,Kiosk,6,1300,150,550
2025-02-03,Leh,34.1526,77.5771,0,2,0,5.9,0,121.99,0.105,103.73,327,2,Kiosk,11,600,90,220
2025-07-23,Varanasi,25.3176,82.9739,0,7,2,35.7,0,108.65,-0.266,50.44,789,2,Web,12,1400,160,500
2025-07-26,Leh,34.1526,77.5771,1,7,5,17.4,0,498.93,0.119,100.29,436,3,App,26,600,90,220
2024-04-20,Kerala,10.8505,76.2711,1,4,5,35.3,0,536.92,-0.15,71.07,2339,2,Web,3,1700,220,700
2024-08-24,Agra,27.1767,78.0081,1,8,5,31.9,0,393.0,0.175,50.9,999,1,App,7,1300,150,550
2024-10-08,Agra,27.1767,78.0081,0,10,1,22.6,0,292.5,0.555,65.03,709,2,Agent,2,1300,150,550
2024-10-17,Andaman,11.7401,92.6586,0,10,3,23.0,0,1119.02,0.596,83.17,681,2,App,6,900,120,300
2025-08-20,Jaipur,26.9124,75.7873,0,8,2,34.0,0,393.96,0.115,63.6,914,3,Web,11,1500,180,600
2025-06-15,Kerala,10.8505,76.2711,1,6,6,38.7,0,493.22,-0.251,71.32,1792,1,Web,14,1700,220,700
2025-06-08,Manali,32.2432,77.1892,1,6,6,24.0,1,88.12,0.789,72.33,817,2,Agent,3,1200,140,450
2024-11-11,Manali,32.2432,77.1892,0,11,0,5.5,0,409.65,-0.804,73.89,536,2,Web,3,1200,140,450
2024-10-06,Kerala,10.8505,76.2711,1,10,6,22.6,0,395.26,0.481,69.54,1067,1,Kiosk,20,1700,220,700
2024-12-22,Andaman,11.7401,92.6586,1,12,6,17.0,0,211.33,0.364,89.96,418,1,Web,9,900,120,300
2024-02-25,Agra,27.1767,78.0081,1,2,6,21.8,0,208.31,0.15,58.81,1157,2,App,7,1300,150,550
2025-06-13,Varanasi,25.3176,82.9739,0,6,4,36.3,1,467.28,-0.007,48.35,820,2,Agent,7,1400,160,500
2024-10-24,Andaman,11.7401,92.6586,0,10,3,23.8,0,1165.33,0.928,87.33,793,4,App,8,900,120,300
2024-08-28,Kerala,10.8505,76.2711,0,8,2,34.1,0,325.79,0.581,74.62,894,2,Agent,20,1700,220,700
2025-07-03,Leh,34.1526,77.5771,0,7,3,18.3,0,791.56,-0.535,103.32,633,2,Agent,11,600,90,220
2024-10-23,Varanasi,25.3176,82.9739,0,10,2,23.2,0,357.13,0.743,52.33,960,4,Web,18,1400,160,500
2024-11-04,Agra,27.1767,78.0081,0,11,0,19.2,0,182.96,0.24,48.47,764,3,App,18,1300,150,550
2025-08-12,Leh,34.1526,77.5771,0,8,1,15.6,0,538.34,-0.156,99.16,251,2,App,37,600,90,220
2024-09-15,Agra,27.1767,78.0081,1,9,6,26.6,0,507.07,1.0,60.2,785,2,Web,25,1300,150,550
2024-07-14,Kerala,10.8505,76.2711,1,7,6,36.2,0,834.63,0.085,67.23,1515,2,App,6,1700,220,700
2024-03-20,Jaipur,26.9124,75.7873,0,3,2,27.3,0,137.25,0.416,65.14,973,2,Kiosk,5,1500,180,600
2025-01-05,Kerala,10.8505,76.2711,1,1,6,21.8,0,330.67,0.129,81.2,1767,2,Web,9,1700,220,700
2025-05-03,Varanasi,25.3176,82.9739,1,5,5,35.2,0,70.37,-0.092,56.92,882,2,App,15,1400,160,500
2025-05-18,Andaman,11.7401,92.6586,1,5,6,36.5,0,1340.9,-0.141,96.29,992,1,Kiosk,15,900,120,300
2025-05-28,Manali,32.2432,77.1892,0,5,2,22.7,0,155.64,0.44,70.97,660,2,App,3,1200,140,450
2025-07-03,Goa,15.2993,74.124,0,7,3,38.0,0,299.68,-0.185,75.39,1213,1,Agent,20,2000,250,800
2024-05-29,Goa,15.2993,74.124,0,5,2,39.2,0,471.58,-0.158,88.37,1462,3,Kiosk,11,2000,250,800
2024-08-26,Kerala,10.8505,76.2711,0,8,0,34.8,0,176.02,-0.426,69.33,678,2,App,17,1700,220,700
2024-07-03,Jaipur,26.9124,75.7873,0,7,2,37.0,0,182.69,0.281,60.6,849,3,Web,16,1500,180,600
2024-09-26,Leh,34.1526,77.5771,0,9,3,9.3,1,719.45,-0.543,91.99,188,3,Web,5,600,90,220
2025-05-25,Andaman,11.7401,92.6586,1,5,6,36.0,0,1191.72,-0.883,85.52,902,2,App,8,900,120,300
2024-05-07,Varanasi,25.3176,82.9739,0,5,1,35.9,0,465.8,-0.069,53.79,951,2,Web,12,1400,160,500
2025-05-26,Goa,15.2993,74.124,0,5,0,39.1,0,310.57,1.0,77.97,1197,1,Kiosk,11,2000,250,800
2025-04-27,Andaman,11.7401,92.6586,1,4,6,33.2,0,757.65,1.0,92.26,879,3,App,2,900,120,300
2025-08-02,Varanasi,25.3176,82.9739,1,8,5,32.5,0,207.62,0.148,48.66,619,1,Web,10,1400,160,500
2024-04-18,Agra,27.1767,78.0081,0,4,3,30.3,0,742.99,0.314,60.28,1089,4,App,11,1300,150,550
2025-08-01,Jaipur,26.9124,75.7873,0,8,4,33.9,0,362.95,0.744,58.75,867,2,Web,2,1500,180,600
2024-10-16,Leh,34.1526,77.5771,0,10,2,4.4,0,505.17,-0.847,93.15,253,3,Web,6,600,90,220
2024-02-18,Goa,15.2993,74.124,1,2,6,23.6,0,524.23,-0.413,80.05,1688,1,Agent,16,2000,250,800
2025-05-04,Andaman,11.7401,92.6586,1,5,6,35.2,0,643.72,0.824,94.24,752,1,App,2,900,120,300
2024-05-25,Andaman,11.7401,92.6586,1,5,5,35.3,0,567.72,-0.009,92.08,829,2,Kiosk,6,900,120,300
2024-03-07,Jaipur,26.9124,75.7873,0,3,3,27.8,0,728.16,0.595,68.1,1138,1,App,12,1500,180,600
2024-03-29,Goa,15.2993,74.124,0,3,4,29.1,0,539.81,-0.065,84.1,1416,2,Kiosk,14,2000,250,800
2025-07-05,Andaman,11.7401,92.6586,1,7,5,36.5,0,589.38,0.29,96.67,543,2,Web,14,900,120,300
2024-09-06,Goa,15.2993,74.124,0,9,4,29.6,0,532.99,-0.424,77.3,1106,4,App,2,2000,250,800
2025-03-06,Agra,27.1767,78.0081,0,3,3,25.7,0,220.69,0.174,54.83,762,2,Agent,3,1300,150,550
2025-06-11,Agra,27.1767,78.0081,0,6,2,37.5,0,191.31,0.089,51.34,733,2,Web,12,1300,150,550
2024-01-29,Jaipur,26.9124,75.7873,0,1,0,19.6,0,367.06,0.663,68.2,969,3,App,5,1500,180,600
2024-01-25,Goa,15.2993,74.124,0,1,3,21.8,0,481.42,-0.424,80.33,1538,3,Kiosk,38,2000,250,800
2025-09-12,Varanasi,25.3176,82.9739,0,9,4,24.8,0,212.18,-0.242,48.86,442,3,Web,8,1400,160,500
2024-11-07,Manali,32.2432,77.1892,0,11,3,7.3,0,260.53,0.988,68.4,710,2,App,15,1200,140,450
2024-09-07,Jaipur,26.9124,75.7873,1,9,5,28.6,0,363.73,-0.098,57.57,735,2,Kiosk,19,1500,180,600
2024-05-22,Leh,34.1526,77.5771,0,5,2,19.6,0,383.93,-0.157,103.6,317,2,Web,11,600,90,220
2025-08-25,Andaman,11.7401,92.6586,0,8,0,34.5,0,464.23,0.915,98.5,486,3,Kiosk,10,900,120,300
2024-02-15,Andaman,11.7401,92.6586,0,2,3,21.1,0,167.74,0.252,95.87,360,1,Agent,9,900,120,300
2024-02-19,Varanasi,25.3176,82.9739,0,2,0,21.1,0,63.93,-1.0,57.74,676,3,App,9,1400,160,500
2024-08-12,Andaman,11.7401,92.6586,0,8,0,31.1,0,123.56,0.854,84.38,375,2,Agent,11,900,120,300
2025-09-06,Manali,32.2432,77.1892,1,9,5,15.9,0,337.86,-0.592,67.45,445,2,App,6,1200,140,450
2025-02-04,Leh,34.1526,77.5771,0,2,1,6.2,0,310.38,0.726,100.44,346,3,Kiosk,16,600,90,220
2024-07-28,Kerala,10.8505,76.2711,1,7,6,38.0,0,145.16,0.925,68.48,1098,2,Agent,10,1700,220,700
2024-12-09,Agra,27.1767,78.0081,0,12,0,17.8,0,640.21,0.325,62.97,944,2,Web,18,1300,150,550
2025-05-04,Manali,32.2432,77.1892,1,5,6,23.9,1,370.11,-0.156,82.62,877,2,Kiosk,6,1200,140,450
2024-06-05,Goa,15.2993,74.124,0,6,2,39.4,0,1045.91,0.389,83.2,1650,1,Web,50,2000,250,800
2025-05-14,Goa,15.2993,74.124,0,5,2,39.1,0,142.21,-0.159,80.36,1478,1,Kiosk,3,2000,250,800
2025-08-13,Leh,34.1526,77.5771,0,8,2,15.1,0,321.56,-0.766,104.48,401,2,Agent,8,600,90,220
2025-04-19,Varanasi,25.3176,82.9739,1,4,5,32.7,0,522.18,0.407,49.88,1719,1,App,3,1400,160,500
2025-03-05,Agra,27.1767,78.0081,0,3,2,27.4,0,95.53,0.317,57.28,528,3,App,6,1300,150,550
2025-07-27,Jaipur,26.9124,75.7873,1,7,6,37.0,0,1002.38,0.216,72.43,1289,2,Kiosk,1,1500,180,600
2024-06-16,Manali,32.2432,77.1892,1,6,6,25.1,0,227.84,-0.536,73.87,925,2,Web,14,1200,140,450
2025-05-22,Manali,32.2432,77.1892,0,5,3,22.8,1,575.26,-0.013,76.82,651,2,Agent,12,1200,140,450
2025-05-23,Leh,34.1526,77.5771,0,5,4,19.3,0,218.64,-0.272,98.25,328,1,App,15,600,90,220
2024-04-18,Jaipur,26.9124,75.7873,0,4,3,31.8,1,28.75,0.408,61.49,1122,3,Agent,5,1500,180,600
2024-04-20,Varanasi,25.3176,82.9739,1,4,5,31.2,0,277.81,-0.106,55.66,1174,2,Kiosk,6,1400,160,500
2024-12-25,Goa,15.2993,74.124,0,12,2,18.1,0,962.49,0.411,80.32,1522,2,Kiosk,11,2000,250,800
2024-10-05,Andaman,11.7401,92.6586,1,10,5,25.1,0,39.07,0.564,93.61,355,3,Kiosk,3,900,120,300
2025-07-20,Andaman,11.7401,92.6586,1,7,6,37.1,0,454.7,-0.615,88.38,574,3,Agent,2,900,120,300
2024-09-06,Manali,32.2432,77.1892,0,9,4,14.6,0,581.57,0.581,78.29,473,2,Kiosk,12,1200,140,450
2024-10-07,Kerala,10.8505,76.2711,0,10,0,26.6,0,374.76,0.306,79.21,824,2,Agent,10,1700,220,700
2025-04-11,Varanasi,25.3176,82.9739,0,4,4,34.4,1,670.13,0.852,52.1,1258,2,Agent,14,1400,160,500
2025-05-19,Jaipur,26.9124,75.7873,0,5,0,37.1,0,199.03,0.347,60.66,988,2,Kiosk,5,1500,180,600
2024-10-27,Manali,32.2432,77.1892,1,10,6,7.7,0,407.7,0.016,63.64,979,3,Agent,46,1200,140,450
2024-01-27,Varanasi,25.3176,82.9739,1,1,5,17.9,0,277.23,-0.545,55.05,1274,2,App,12,1400,160,500
2025-05-25,Jaipur,26.9124,75.7873,1,5,6,36.6,0,901.05,0.246,58.33,1848,2,App,26,1500,180,600
2024-01-31,Manali,32.2432,77.1892,0,1,2,9.0,1,116.61,-0.285,77.41,441,1,Kiosk,6,1200,140,450
2025-05-27,Andaman,11.7401,92.6586,0,5,1,36.0,0,285.26,0.364,99.42,596,1,Web,3,900,120,300
2025-08-02,Goa,15.2993,74.124,1,8,5,33.6,0,710.08,-0.596,71.67,1618,2,Agent,20,2000,250,800
2024-08-02,Leh,34.1526,77.5771,0,8,4,13.6,0,176.98,-1.0,99.41,282,1,Kiosk,14,600,90,220
2024-12-28,Kerala,10.8505,76.2711,1,12,5,18.6,0,185.96,0.284,60.87,1137,1,Agent,11,1700,220,700
2024-07-05,Manali,32.2432,77.1892,0,7,4,24.0,0,234.7,-0.086,76.37,807,1,Kiosk,5,1200,140,450
2025-07-10,Varanasi,25.3176,82.9739,0,7,3,34.9,0,78.83,0.486,51.63,559,2,App,10,1400,160,500
2025-05-05,Jaipur,26.9124,75.7873,0,5,0,36.1,0,763.08,-0.065,76.26,908,2,Kiosk,4,1500,180,600
2024-05-18,Varanasi,25.3176,82.9739,1,5,5,33.1,0,111.29,0.754,50.24,1136,2,Web,8,1400,160,500
2024-12-29,Varanasi,25.3176,82.9739,1,12,6,17.3,0,370.71,-0.588,59.61,762,2,Web,2,1400,160,500
2024-01-30,Leh,34.1526,77.5771,0,1,1,1.3,0,647.91,-0.041,91.63,433,2,Kiosk,12,600,90,220
2024-10-19,Varanasi,25.3176,82.9739,1,10,5,22.5,0,514.93,0.376,43.25,1038,2,Kiosk,5,1400,160,500
2024-11-06,Goa,15.2993,74.124,0,11,2,21.1,0,379.73,0.682,81.77,1019,2,App,5,2000,250,800
2025-04-10,Manali,32.2432,77.1892,0,4,3,18.4,0,45.41,0.739,75.64,706,2,Web,16,1200,140,450
2025-01-20,Manali,32.2432,77.1892,0,1,0,6.4,0,19.04,-0.236,82.41,619,3,Agent,9,1200,140,450
2025-03-01,Jaipur,26.9124,75.7873,1,3,5,28.8,0,548.29,-0.518,63.58,1538,2,Agent,18,1500,180,600
2024-06-13,Manali,32.2432,77.1892,0,6,3,23.8,0,854.36,-0.293,73.42,1211,3,Web,8,1200,140,450
2024-02-28,Leh,34.1526,77.5771,0,2,2,5.6,0,320.01,-0.365,102.37,357,2,Agent,9,600,90,220
2025-03-22,Andaman,11.7401,92.6586,1,3,5,28.2,0,114.74,-0.208,87.13,583,3,Kiosk,15,900,120,300
2024-08-12,Leh,34.1526,77.5771,0,8,0,16.9,1,534.57,0.298,105.28,464,2,Kiosk,10,600,90,220
2024-01-20,Goa,15.2993,74.124,1,1,5,23.2,0,192.36,-0.787,81.86,1160,2,Kiosk,6,2000,250,800
2024-07-12,Kerala,10.8505,76.2711,0,7,4,37.0,0,310.96,0.66,68.61,1121,1,Agent,17,1700,220,700
2024-10-16,Andaman,11.7401,92.6586,0,10,2,22.1,0,667.95,-0.34,98.73,549,2,Web,18,900,120,300
2024-01-28,Kerala,10.8505,76.2711,1,1,6,17.3,0,386.16,-0.203,75.76,1512,2,Web,17,1700,220,700
2024-12-06,Kerala,10.8505,76.2711,0,12,4,16.6,0,261.12,-0.26,66.73,912,3,App,15,1700,220,700
2024-07-25,Kerala,10.8505,76.2711,0,7,3,36.5,0,137.9,0.277,67.63,912,2,App,7,1700,220,700
2025-09-24,Varanasi,25.3176,82.9739,0,9,2,26.5,1,684.35,-0.704,51.95,541,1,Kiosk,12,1400,160,500
2025-05-06,Jaipur,26.9124,75.7873,0,5,1,37.2,0,165.82,-0.076,62.26,586,2,Web,1,1500,180,600
2024-09-24,Kerala,10.8505,76.2711,0,9,1,29.0,0,289.48,-0.478,69.14,591,3,Agent,12,1700,220,700
2025-06-19,Agra,27.1767,78.0081,0,6,3,37.8,0,118.18,0.078,64.82,686,1,Web,7,1300,150,550
2024-05-11,Andaman,11.7401,92.6586,1,5,5,37.5,0,1241.53,-0.084,93.7,861,2,Web,2,900,120,300
2025-04-12,Varanasi,25.3176,82.9739,1,4,5,32.1,0,733.66,-0.308,52.22,1673,2,Agent,10,1400,160,500
2025-01-17,Agra,27.1767,78.0081,0,1,4,17.9,0,203.28,0.099,58.68,728,3,Kiosk,6,1300,150,550
2024-10-06,Kerala,10.8505,76.2711,1,10,6,24.7,0,1831.19,0.291,62.52,2620,2,Kiosk,8,1700,220,700
2025-07-07,Kerala,10.8505,76.2711,0,7,0,38.3,0,100.93,-0.345,71.43,763,3,Agent,21,1700,220,700
2025-05-27,Goa,15.2993,74.124,0,5,1,39.4,0,297.19,-0.42,82.04,1516,2,Agent,4,2000,250,800
2024-12-07,Jaipur,26.9124,75.7873,1,12,5,18.4,1,99.3,0.818,60.87,860,2,Web,2,1500,180,600
2025-06-02,Manali,32.2432,77.1892,0,6,0,24.4,0,259.46,-0.202,72.83,651,4,Agent,14,1200,140,450
2025-05-16,Jaipur,26.9124,75.7873,0,5,4,36.1,0,486.96,0.99,60.22,1285,2,Web,4,1500,180,600
2025-06-17,Agra,27.1767,78.0081,0,6,1,37.3,0,842.44,0.112,54.99,1306,4,App,5,1300,150,550
2025-09-28,Jaipur,26.9124,75.7873,1,9,6,28.3,0,629.43,-0.277,62.05,951,3,Web,7,1500,180,600
2025-04-15,Leh,34.1526,77.5771,0,4,1,15.5,0,390.83,-0.424,97.23,373,2,Web,8,600,90,220
2025-06-13,Varanasi,25.3176,82.9739,0,6,4,36.9,0,230.44,0.323,54.76,1037,2,Agent,4,1400,160,500
2024-08-28,Manali,32.2432,77.1892,0,8,2,20.4,0,1146.89,-0.427,71.9,936,3,Kiosk,16,1200,140,450
2025-07-28,Goa,15.2993,74.124,0,7,0,36.3,0,793.53,-0.442,77.05,1700,2,Agent,8,2000,250,800
2025-01-24,Kerala,10.8505,76.2711,0,1,4,19.3,0,418.4,-0.324,68.25,959,3,Kiosk,3,1700,220,700
2024-05-11,Andaman,11.7401,92.6586,1,5,5,36.3,0,436.62,0.203,87.14,565,3,Web,25,900,120,300
2024-03-07,Agra,27.1767,78.0081,0,3,3,26.7,0,325.41,-0.558,59.65,525,3,Agent,7,1300,150,550
2025-06-05,Agra,27.1767,78.0081,0,6,3,37.2,1,281.97,-0.08,62.16,782,2,Agent,21,1300,150,550
2024-09-05,Kerala,10.8505,76.2711,0,9,3,28.3,0,374.16,-0.249,74.63,823,2,App,11,1700,220,700
2024-11-11,Andaman,11.7401,92.6586,0,11,0,19.2,0,163.34,0.149,94.71,371,3,Agent,5,900,120,300
2024-09-24,Goa,15.2993,74.124,0,9,1,30.0,0,101.55,-0.6,77.09,758,1,App,6,2000,250,800
2024-11-14,Varanasi,25.3176,82.9739,0,11,3,19.4,0,759.48,0.26,50.7,988,2,Agent,10,1400,160,500
2024-07-11,Leh,34.1526,77.5771,0,7,3,19.6,0,517.42,-0.202,99.71,452,2,App,23,600,90,220
2024-07-12,Goa,15.2993,74.124,0,7,4,40.2,0,1053.99,-0.136,84.69,1692,1,Web,1,2000,250,800
2025-03-22,Leh,34.1526,77.5771,1,3,5,10.3,0,245.16,0.498,94.88,484,2,App,28,600,90,220
2024-03-13,Andaman,11.7401,92.6586,0,3,2,28.1,0,1298.31,0.258,93.75,862,2,Kiosk,5,900,120,300
2024-06-29,Andaman,11.7401,92.6586,1,6,5,37.5,1,79.2,0.75,91.28,478,2,Agent,23,900,120,300
2025-09-21,Andaman,11.7401,92.6586,1,9,6,25.8,0,891.07,0.53,97.74,571,2,App,6,900,120,300
2024-02-23,Andaman,11.7401,92.6586,0,2,4,23.9,0,207.61,-0.489,86.69,359,1,Web,15,900,120,300
2025-08-23,Leh,34.1526,77.5771,1,8,5,17.2,0,1229.82,-0.018,89.12,655,2,Kiosk,10,600,90,220
2024-01-01,Agra,27.1767,78.0081,0,1,0,19.3,0,543.16,-0.311,58.81,1110,2,Kiosk,27,1300,150,550
2025-01-07,Goa,15.2993,74.124,0,1,1,21.6,0,87.1,0.616,84.32,1118,1,Kiosk,18,2000,250,800
2025-01-06,Agra,27.1767,78.0081,0,1,0,19.1,0,477.03,0.599,53.87,878,1,Web,2,1300,150,550
2025-05-06,Andaman,11.7401,92.6586,0,5,1,35.3,0,174.74,-0.466,97.28,487,2,Agent,2,900,120,300
2025-05-31,Kerala,10.8505,76.2711,1,5,5,34.9,1,240.73,-0.034,64.37,1281,3,Kiosk,10,1700,220,700
2024-10-18,Manali,32.2432,77.1892,0,10,4,9.1,0,639.41,0.092,75.81,615,3,App,15,1200,140,450
2024-09-22,Leh,34.1526,77.5771,1,9,6,10.4,0,77.63,-0.497,97.08,272,4,Web,2,600,90,220
2024-08-28,Kerala,10.8505,76.2711,0,8,2,33.3,0,128.15,-0.208,70.49,667,1,Agent,11,1700,220,700
2025-08-03,Goa,15.2993,74.124,1,8,6,33.8,0,726.88,0.07,69.92,1159,2,Agent,8,2000,250,800
2025-03-30,Manali,32.2432,77.1892,1,3,6,14.8,0,370.75,0.074,79.65,919,2,Web,51,1200,140,450
2024-06-27,Andaman,11.7401,92.6586,0,6,3,39.0,0,205.49,0.365,91.81,395,1,Agent,20,900,120,300
2024-12-28,Goa,15.2993,74.124,1,12,5,20.4,0,274.62,0.451,77.0,1715,2,Web,8,2000,250,800
2024-07-02,Goa,15.2993,74.124,0,7,1,39.1,0,230.03,0.115,75.81,978,3,App,6,2000,250,800
2024-07-19,Agra,27.1767,78.0081,0,7,4,35.0,0,245.19,-0.26,57.1,802,3,App,13,1300,150,550
2025-03-28,Varanasi,25.3176,82.9739,0,3,4,27.1,0,285.77,-0.658,46.32,938,2,Web,5,1400,160,500
2024-10-24,Varanasi,25.3176,82.9739,0,10,3,21.3,0,125.33,-0.171,46.49,589,2,Kiosk,13,1400,160,500
2025-02-06,Leh,34.1526,77.5771,0,2,3,4.4,0,752.55,0.139,99.58,494,2,Web,14,600,90,220
2025-03-27,Manali,32.2432,77.1892,0,3,3,15.4,0,612.25,0.988,75.68,1110,1,Kiosk,2,1200,140,450
2025-04-19,Agra,27.1767,78.0081,1,4,5,32.2,0,193.17,-0.547,57.99,809,2,Web,8,1300,150,550
2024-08-21,Kerala,10.8505,76.2711,0,8,2,33.3,1,267.28,0.184,72.74,758,2,Web,13,1700,220,700
2024-01-06,Goa,15.2993,74.124,1,1,5,21.5,0,127.08,-0.405,91.95,1450,1,App,19,2000,250,800
2024-02-03,Jaipur,26.9124,75.7873,1,2,5,24.9,0,161.78,0.142,70.87,1153,3,Web,10,1500,180,600
2025-05-25,Agra,27.1767,78.0081,1,5,6,34.7,0,114.91,-0.148,47.4,1117,1,Agent,4,1300,150,550
2025-05-28,Goa,15.2993,74.124,0,5,2,40.4,0,295.1,-0.022,81.86,1111,3,Agent,2,2000,250,800
2024-04-07,Kerala,10.8505,76.2711,1,4,6,32.1,0,646.49,-0.76,75.74,1632,1,App,6,1700,220,700
2024-04-16,Jaipur,26.9124,75.7873,0,4,1,34.1,0,446.5,0.503,63.49,993,2,Kiosk,12,1500,180,600
2024-08-15,Andaman,11.7401,92.6586,0,8,3,32.7,0,218.6,-0.136,95.24,298,2,Agent,26,900,120,300
2024-06-27,Varanasi,25.3176,82.9739,0,6,3,39.8,0,257.24,0.068,51.25,976,1,Web,12,1400,160,500
2024-05-04,Kerala,10.8505,76.2711,1,5,5,37.2,0,178.9,0.645,66.97,1444,2,Kiosk,8,1700,220,700
2025-01-06,Varanasi,25.3176,82.9739,0,1,0,18.8,0,164.7,0.37,51.89,777,3,Agent,12,1400,160,500
2024-09-17,Varanasi,25.3176,82.9739,0,9,1,25.8,0,85.71,0.12,49.39,526,1,Web,17,1400,160,500
2024-03-11,Varanasi,25.3176,82.9739,0,3,0,26.3,0,71.14,-0.268,58.02,652,2,Kiosk,49,1400,160,500
2024-11-04,Goa,15.2993,74.124,0,11,0,20.8,0,400.73,0.183,74.83,1566,2,Web,7,2000,250,800
2025-05-25,Varanasi,25.3176,82.9739,1,5,6,35.4,1,410.57,-0.297,51.48,1117,1,Agent,5,1400,160,500
2024-02-19,Agra,27.1767,78.0081,0,2,0,20.3,0,373.84,0.243,53.85,669,1,App,9,1300,150,550
2024-12-08,Goa,15.2993,74.124,1,12,6,19.8,0,160.15,0.426,75.59,1137,2,Web,8,2000,250,800
2025-08-19,Goa,15.2993,74.124,0,8,1,35.0,0,260.89,0.167,84.93,969,2,Web,19,2000,250,800
2024-08-29,Kerala,10.8505,76.2711,0,8,3,34.1,0,371.89,0.288,77.98,773,3,Agent,12,1700,220,700
2024-02-22,Varanasi,25.3176,82.9739,0,2,3,22.7,1,388.24,0.713,54.43,922,3,Web,3,1400,160,500
2025-03-22,Andaman,11.7401,92.6586,1,3,5,27.9,0,362.28,0.503,96.94,565,1,App,9,900,120,300
2024-11-24,Goa,15.2993,74.124,1,11,6,20.3,0,235.66,-0.065,82.56,1234,3,App,16,2000,250,800
2024-02-23,Kerala,10.8505,76.2711,0,2,4,23.7,1,300.46,0.129,77.23,1038,3,Agent,6,1700,220,700
2025-05-14,Manali,32.2432,77.1892,0,5,2,23.7,0,216.04,0.321,76.52,810,3,Web,15,1200,140,450
2024-09-14,Jaipur,26.9124,75.7873,1,9,5,28.0,0,449.64,0.23,60.29,868,2,Agent,13,1500,180,600
2024-03-22,Manali,32.2432,77.1892,0,3,4,14.9,0,217.43,0.622,71.83,661,2,Agent,7,1200,140,450
2024-02-18,Leh,34.1526,77.5771,1,2,6,6.5,0,407.97,0.973,101.11,416,1,App,1,600,90,220
2025-07-19,Manali,32.2432,77.1892,1,7,5,23.6,1,755.31,-0.052,83.36,878,2,Kiosk,19,1200,140,450
2024-07-05,Manali,32.2432,77.1892,0,7,4,23.2,0,1477.85,-0.529,67.34,1349,3,Agent,15,1200,140,450
2024-02-24,Varanasi,25.3176,82.9739,1,2,5,22.7,0,86.35,0.603,42.74,880,2,Agent,11,1400,160,500
2024-09-06,Kerala,10.8505,76.2711,0,9,4,29.8,0,509.29,-0.423,63.12,934,2,Kiosk,8,1700,220,700
2024-08-10,Jaipur,26.9124,75.7873,1,8,5,32.4,0,327.6,0.046,67.3,939,3,App,12,1500,180,600
2024-06-24,Jaipur,26.9124,75.7873,0,6,0,38.1,0,376.82,0.413,63.39,921,4,Kiosk,10,1500,180,600
2025-01-12,Agra,27.1767,78.0081,1,1,6,19.5,0,1086.67,0.068,59.72,1566,1,Web,13,1300,150,550
2025-08-02,Varanasi,25.3176,82.9739,1,8,5,31.8,0,686.64,0.359,41.97,783,2,Agent,15,1400,160,500
2024-09-13,Leh,34.1526,77.5771,0,9,4,9.4,0,267.62,-0.203,94.9,158,1,Kiosk,12,600,90,220
2024-07-06,Kerala,10.8505,76.2711,1,7,5,37.5,0,278.98,-0.449,64.44,1128,3,Agent,5,1700,220,700
2025-05-11,Andaman,11.7401,92.6586,1,5,6,35.4,0,736.4,0.431,91.33,965,2,Kiosk,52,900,120,300
2024-06-26,Kerala,10.8505,76.2711,0,6,2,40.5,0,379.34,-0.181,74.67,1009,2,Agent,25,1700,220,700
2025-02-15,Kerala,10.8505,76.2711,1,2,5,24.9,0,183.0,0.191,82.66,1223,3,Agent,23,1700,220,700
2025-09-26,Kerala,10.8505,76.2711,0,9,4,29.5,0,331.84,-0.066,61.34,673,2,Web,8,1700,220,700
2024-02-20,Jaipur,26.9124,75.7873,0,2,1,20.5,0,461.91,-0.297,58.01,1027,2,Agent,20,1500,180,600
2024-05-30,Jaipur,26.9124,75.7873,0,5,3,36.0,0,555.62,0.977,60.89,1300,2,App,6,1500,180,600
2024-03-02,Andaman,11.7401,92.6586,1,3,5,27.6,0,1101.98,0.027,95.66,740,1,Kiosk,8,900,120,300
2025-02-09,Varanasi,25.3176,82.9739,1,2,6,22.6,0,511.71,0.634,58.92,1184,2,Agent,9,1400,160,500
2024-06-04,Jaipur,26.9124,75.7873,0,6,1,38.0,0,826.24,-0.615,66.83,1176,2,App,16,1500,180,600
2025-09-26,Kerala,10.8505,76.2711,0,9,4,29.5,1,526.16,-0.443,71.88,756,3,Kiosk,23,1700,220,700
2024-05-30,Varanasi,25.3176,82.9739,0,5,3,35.7,0,525.97,0.602,56.39,1255,2,Agent,10,1400,160,500
2025-07-16,Kerala,10.8505,76.2711,0,7,2,36.8,0,989.77,0.182,73.55,1203,3,Kiosk,8,1700,220,700
2024-05-03,Manali,32.2432,77.1892,0,5,4,23.0,0,33.12,-0.588,85.24,670,2,Agent,12,1200,140,450
2025-03-15,Manali,32.2432,77.1892,1,3,5,14.9,0,364.57,0.401,72.97,1040,1,Web,2,1200,140,450
2025-09-10,Leh,34.1526,77.5771,0,9,2,8.5,0,206.35,-0.264,99.97,211,2,Kiosk,5,600,90,220
2025-03-01,Kerala,10.8505,76.2711,1,3,5,28.5,0,206.0,0.466,75.82,1257,2,App,9,1700,220,700
2024-04-16,Agra,27.1767,78.0081,0,4,1,31.7,0,622.72,0.49,64.48,1182,2,Kiosk,13,1300,150,550
2024-06-01,Agra,27.1767,78.0081,1,6,5,37.2,0,872.78,-0.013,64.02,1461,2,App,28,1300,150,550
2024-10-11,Jaipur,26.9124,75.7873,0,10,4,22.5,0,672.41,0.522,50.44,1011,2,Agent,23,1500,180,600
2024-01-20,Goa,15.2993,74.124,1,1,5,21.5,0,103.8,-0.044,78.87,1426,3,App,8,2000,250,800
2024-07-16,Kerala,10.8505,76.2711,0,7,1,38.9,0,348.88,0.171,70.08,1094,2,Kiosk,12,1700,220,700
2025-05-08,Leh,34.1526,77.5771,0,5,3,18.8,0,710.03,-0.059,101.73,423,3,Kiosk,1,600,90,220
2024-02-25,Manali,32.2432,77.1892,1,2,6,9.5,0,1182.95,0.17,71.82,1511,3,Agent,18,1200,140,450
2024-07-03,Goa,15.2993,74.124,0,7,2,38.4,1,729.37,-1.0,77.88,983,2,Kiosk,20,2000,250,800
2025-08-20,Leh,34.1526,77.5771,0,8,2,14.0,0,130.44,0.801,98.83,296,3,Agent,11,600,90,220
2024-06-19,Agra,27.1767,78.0081,0,6,2,36.4,0,318.09,-0.425,60.21,605,1,App,15,1300,150,550
2024-02-16,Kerala,10.8505,76.2711,0,2,4,24.6,0,486.94,-0.463,74.02,1316,3,Web,35,1700,220,700
2025-06-10,Manali,32.2432,77.1892,0,6,1,26.8,0,245.97,0.345,65.81,832,2,App,8,1200,140,450
2025-01-28,Goa,15.2993,74.124,0,1,1,21.5,0,385.34,0.423,82.59,1245,2,App,11,2000,250,800
2025-09-26,Andaman,11.7401,92.6586,0,9,4,27.8,0,287.85,-0.172,82.47,288,1,Agent,6,900,120,300
2024-03-06,Manali,32.2432,77.1892,0,3,2,13.9,0,402.69,-0.629,72.3,750,3,App,24,1200,140,450
2024-01-10,Varanasi,25.3176,82.9739,0,1,2,19.4,0,956.37,-0.263,47.09,1382,3,Web,15,1400,160,500
2025-03-16,Agra,27.1767,78.0081,1,3,6,25.8,0,1206.84,-0.084,60.14,1850,3,App,6,1300,150,550
2025-03-26,Varanasi,25.3176,82.9739,0,3,2,27.1,0,350.78,0.27,49.38,1113,2,Web,23,1400,160,500
2024-08-11,Agra,27.1767,78.0081,1,8,6,32.1,0,930.97,-0.186,43.24,1400,2,Web,19,1300,150,550
2024-10-24,Agra,27.1767,78.0081,0,10,3,21.0,0,407.31,-0.517,57.9,676,2,Agent,1,1300,150,550
2024-07-18,Jaipur,26.9124,75.7873,0,7,3,36.0,0,34.75,0.082,57.72,782,1,App,14,1500,180,600
2024-10-26,Jaipur,26.9124,75.7873,1,10,5,22.3,0,200.41,0.177,58.61,717,3,Agent,25,1500,180,600
2025-03-09,Manali,32.2432,77.1892,1,3,6,15.2,0,392.22,0.685,84.9,1023,1,Kiosk,4,1200,140,450
2025-02-04,Agra,27.1767,78.0081,0,2,1,20.9,0,224.54,0.385,57.14,784,2,Web,21,1300,150,550
2025-02-02,Varanasi,25.3176,82.9739,1,2,6,22.0,0,150.73,-0.078,55.96,971,2,Kiosk,7,1400,160,500
2024-07-14,Manali,32.2432,77.1892,1,7,6,22.0,0,175.74,0.046,77.81,692,3,App,25,1200,140,450
2024-12-20,Andaman,11.7401,92.6586,0,12,4,18.1,0,187.3,0.387,83.57,522,3,Agent,13,900,120,300
2024-01-25,Andaman,11.7401,92.6586,0,1,3,19.4,0,530.28,-0.05,97.31,692,3,Agent,11,900,120,300
2025-07-12,Jaipur,26.9124,75.7873,1,7,5,36.0,0,782.6,1.0,61.29,1735,2,Agent,3,1500,180,600
2024-07-03,Andaman,11.7401,92.6586,0,7,2,37.0,1,128.62,0.315,95.49,363,3,Kiosk,13,900,120,300
2025-01-05,Goa,15.2993,74.124,1,1,6,22.5,0,356.53,0.692,72.15,1444,3,Kiosk,10,2000,250,800
2024-12-29,Andaman,11.7401,92.6586,1,12,6,17.5,1,157.13,-0.202,93.46,414,2,Kiosk,17,900,120,300
2024-05-26,Agra,27.1767,78.0081,1,5,6,36.7,0,928.11,0.784,62.21,1759,1,Agent,21,1300,150,550
2024-10-26,Agra,27.1767,78.0081,1,10,5,21.4,0,595.98,-0.423,56.94,1141,2,Agent,17,1300,150,550
2024-01-25,Jaipur,26.9124,75.7873,0,1,3,18.7,0,207.74,-0.009,62.67,1157,2,Agent,2,1500,180,600
2025-07-14,Jaipur,26.9124,75.7873,0,7,0,36.3,1,65.87,0.374,63.19,645,1,App,11,1500,180,600
2024-04-13,Goa,15.2993,74.124,1,4,5,34.5,0,1230.45,0.203,84.32,2754,2,App,25,2000,250,800
2025-07-22,Manali,32.2432,77.1892,0,7,1,24.2,0,123.94,-0.33,80.15,840,2,Agent,2,1200,140,450
2024-11-03,Agra,27.1767,78.0081,1,11,6,18.5,0,520.38,-0.2,61.41,881,1,App,3,1300,150,550
2024-11-02,Agra,27.1767,78.0081,1,11,5,18.3,0,109.54,0.052,63.8,721,1,Agent,13,1300,150,550
2025-09-09,Goa,15.2993,74.124,0,9,1,30.2,0,559.71,-0.429,79.61,970,2,Web,32,2000,250,800
2025-01-07,Leh,34.1526,77.5771,0,1,1,1.4,0,277.23,-0.486,97.58,304,4,App,4,600,90,220
2025-04-26,Andaman,11.7401,92.6586,1,4,5,35.5,0,363.35,0.633,95.37,714,2,Kiosk,24,900,120,300
2024-12-16,Manali,32.2432,77.1892,0,12,0,5.2,0,283.31,0.812,73.77,736,2,Web,42,1200,140,450
2025-08-07,Agra,27.1767,78.0081,0,8,3,31.3,0,619.63,0.631,59.82,753,3,Agent,17,1300,150,550
2024-11-27,Agra,27.1767,78.0081,0,11,2,18.6,0,213.02,0.342,58.36,830,2,Kiosk,4,1300,150,550
2025-08-16,Agra,27.1767,78.0081,1,8,5,31.8,1,117.32,0.423,65.17,545,2,Web,9,1300,150,550
2025-01-31,Andaman,11.7401,92.6586,0,1,4,19.1,0,208.56,0.242,99.06,559,2,App,8,900,120,300
2024-05-24,Manali,32.2432,77.1892,0,5,4,24.0,0,392.98,0.115,74.98,847,4,Agent,7,1200,140,450
2025-06-12,Agra,27.1767,78.0081,0,6,3,36.7,1,327.66,0.4,54.92,894,3,Agent,5,1300,150,550
2025-07-14,Kerala,10.8505,76.2711,0,7,0,37.8,0,172.36,0.536,60.73,956,3,App,6,1700,220,700
2024-04-06,Andaman,11.7401,92.6586,1,4,5,33.4,0,143.56,-1.0,93.23,531,2,Agent,1,900,120,300
2024-05-19,Agra,27.1767,78.0081,1,5,6,34.4,1,554.62,0.154,63.65,1216,3,Kiosk,11,1300,150,550
2024-07-20,Jaipur,26.9124,75.7873,1,7,5,35.9,0,460.98,0.444,69.05,1054,2,Agent,6,1500,180,600
2024-11-08,Andaman,11.7401,92.6586,0,11,4,20.2,0,238.72,-0.191,98.27,436,3,Agent,8,900,120,300
2025-09-19,Manali,32.2432,77.1892,0,9,4,13.9,0,249.04,0.153,80.64,445,2,App,2,1200,140,450
2024-06-29,Goa,15.2993,74.124,1,6,5,39.0,1,348.58,0.602,81.85,1296,3,Kiosk,7,2000,250,800
2024-06-16,Leh,34.1526,77.5771,1,6,6,20.8,0,392.73,-0.863,99.92,462,2,Kiosk,11,600,90,220
2025-07-06,Andaman,11.7401,92.6586,1,7,6,37.4,0,286.9,0.048,93.73,505,2,Agent,4,900,120,300
2025-04-17,Kerala,10.8505,76.2711,0,4,3,34.6,0,352.26,0.668,70.82,1393,1,Kiosk,11,1700,220,700
2025-08-03,Manali,32.2432,77.1892,1,8,6,20.7,1,218.11,0.233,71.92,659,3,App,10,1200,140,450
2025-07-28,Manali,32.2432,77.1892,0,7,0,22.5,0,306.73,0.875,69.59,796,2,Kiosk,13,1200,140,450
2024-04-27,Varanasi,25.3176,82.9739,1,4,5,32.5,0,623.48,0.39,49.18,1546,2,App,3,1400,160,500
2024-01-17,Leh,34.1526,77.5771,0,1,2,1.0,0,282.23,0.195,95.98,300,3,Agent,3,600,90,220
2024-05-24,Goa,15.2993,74.124,0,5,4,38.6,0,417.6,0.647,84.67,1583,3,App,7,2000,250,800
2024-10-11,Leh,34.1526,77.5771,0,10,4,6.4,0,231.3,-0.203,97.02,293,1,Web,2,600,90,220
2024-01-22,Varanasi,25.3176,82.9739,0,1,0,18.9,0,824.93,-1.0,53.04,962,1,Kiosk,5,1400,160,500
2024-09-06,Agra,27.1767,78.0081,0,9,4,26.4,0,721.7,0.691,53.8,749,2,Web,8,1300,150,550
2025-06-23,Agra,27.1767,78.0081,0,6,0,37.4,0,306.18,0.137,63.1,702,2,App,13,1300,150,550
2024-05-19,Goa,15.2993,74.124,1,5,6,37.6,0,851.99,0.529,83.0,2383,3,App,11,2000,250,800
2024-07-21,Jaipur,26.9124,75.7873,1,7,6,37.0,0,274.6,0.729,67.88,1084,3,Agent,3,1500,180,600
2024-09-03,Goa,15.2993,74.124,0,9,1,30.9,0,271.08,0.39,70.27,901,2,Agent,2,2000,250,800
2025-06-29,Manali,32.2432,77.1892,1,6,6,27.2,0,659.6,-0.129,72.34,1745,2,Kiosk,6,1200,140,450
2025-08-13,Agra,27.1767,78.0081,0,8,2,30.5,0,449.32,-0.171,53.31,645,1,Web,23,1300,150,550
2024-06-25,Manali,32.2432,77.1892,0,6,1,26.5,0,293.75,-0.126,81.31,955,2,App,12,1200,140,450
2025-09-24,Kerala,10.8505,76.2711,0,9,2,29.7,0,221.14,-0.199,74.11,591,2,Agent,1,1700,220,700
2025-04-30,Jaipur,26.9124,75.7873,0,4,2,34.8,0,782.25,1.0,64.75,1277,3,Web,6,1500,180,600
2024-06-02,Andaman,11.7401,92.6586,1,6,6,37.9,0,560.86,0.704,90.58,583,2,Kiosk,5,900,120,300
2024-05-29,Andaman,11.7401,92.6586,0,5,2,36.9,0,314.49,0.598,93.55,696,2,App,6,900,120,300
2025-07-09,Varanasi,25.3176,82.9739,0,7,2,38.2,0,74.27,0.582,50.25,425,2,Agent,10,1400,160,500
2024-07-17,Varanasi,25.3176,82.9739,0,7,2,36.3,1,1525.7,-0.654,44.79,1413,3,Agent,12,1400,160,500
2024-08-09,Andaman,11.7401,92.6586,0,8,4,31.8,1,171.27,-0.251,93.3,324,2,App,4,900,120,300
2024-07-06,Manali,32.2432,77.1892,1,7,5,22.6,0,200.81,1.0,76.16,790,2,App,8,1200,140,450
2024-06-16,Jaipur,26.9124,75.7873,1,6,6,39.4,0,1884.9,-0.095,62.44,2246,1,App,13,1500,180,600
2025-02-13,Kerala,10.8505,76.2711,0,2,3,24.7,0,452.29,0.264,63.52,1045,3,Agent,9,1700,220,700
2025-08-01,Kerala,10.8505,76.2711,0,8,4,34.5,0,355.39,-0.678,66.41,964,3,App,8,1700,220,700
2024-09-20,Manali,32.2432,77.1892,0,9,4,13.7,0,507.05,-0.847,62.81,593,1,Agent,7,1200,140,450
2025-03-31,Manali,32.2432,77.1892,0,3,0,14.5,0,180.16,0.513,75.52,753,3,Kiosk,1,1200,140,450
2025-01-04,Andaman,11.7401,92.6586,1,1,5,18.7,0,109.82,-0.152,86.55,658,2,App,10,900,120,300
2025-03-03,Andaman,11.7401,92.6586,0,3,0,28.4,0,121.69,0.148,94.58,546,4,Web,16,900,120,300
2024-05-27,Andaman,11.7401,92.6586,0,5,0,37.4,0,323.7,0.741,86.45,675,1,Agent,12,900,120,300
2025-09-27,Goa,15.2993,74.124,1,9,5,30.1,0,244.46,-0.548,82.86,948,3,Agent,17,2000,250,800
2025-05-12,Kerala,10.8505,76.2711,0,5,0,36.6,0,330.16,0.116,69.26,1071,2,Web,2,1700,220,700
2025-02-18,Leh,34.1526,77.5771,0,2,1,2.6,0,183.22,0.237,100.2,367,2,App,8,600,90,220
2024-04-11,Kerala,10.8505,76.2711,0,4,3,32.6,0,250.07,-0.176,74.25,1241,3,Web,24,1700,220,700
2025-08-19,Jaipur,26.9124,75.7873,0,8,1,33.1,0,107.92,0.081,62.6,587,3,Web,16,1500,180,600
2024-02-15,Jaipur,26.9124,75.7873,0,2,3,23.0,0,384.64,-0.584,59.06,1146,2,Web,4,1500,180,600
2025-02-12,Andaman,11.7401,92.6586,0,2,2,23.9,0,124.4,0.056,96.99,441,2,Kiosk,9,900,120,300
2025-04-21,Leh,34.1526,77.5771,0,4,0,15.0,0,581.65,0.177,109.88,450,2,Kiosk,22,600,90,220
2025-07-25,Kerala,10.8505,76.2711,0,7,4,38.3,0,159.34,1.0,69.15,1214,2,Kiosk,9,1700,220,700
2025-05-18,Goa,15.2993,74.124,1,5,6,37.8,0,353.98,0.709,81.67,1626,2,App,4,2000,250,800
2025-08-07,Kerala,10.8505,76.2711,0,8,3,34.6,0,424.6,0.059,65.41,1085,2,Web,10,1700,220,700
2024-03-09,Varanasi,25.3176,82.9739,1,3,5,28.3,0,473.74,0.936,47.58,1188,2,Kiosk,4,1400,160,500
2025-04-20,Andaman,11.7401,92.6586,1,4,6,32.9,0,831.3,-0.436,91.5,828,2,Web,26,900,120,300
2024-11-28,Agra,27.1767,78.0081,0,11,3,20.4,0,397.88,0.216,54.06,810,1,Kiosk,1,1300,150,550
2025-06-06,Jaipur,26.9124,75.7873,0,6,4,39.1,0,134.3,1.0,71.71,763,2,App,18,1500,180,600
2024-06-09,Manali,32.2432,77.1892,1,6,6,24.3,0,342.39,-0.069,75.24,1082,2,Kiosk,16,1200,140,450
2025-01-05,Jaipur,26.9124,75.7873,1,1,6,19.7,0,252.78,0.308,64.81,1289,1,Web,16,1500,180,600
2024-05-14,Manali,32.2432,77.1892,0,5,1,22.4,0,520.97,-0.489,74.87,878,1,App,45,1200,140,450
2025-09-13,Jaipur,26.9124,75.7873,1,9,5,27.8,0,720.22,0.091,55.9,956,2,Kiosk,10,1500,180,600
2024-06-04,Agra,27.1767,78.0081,0,6,1,37.1,0,247.23,0.734,59.74,852,2,Web,14,1300,150,550
2024-03-07,Andaman,11.7401,92.6586,0,3,3,30.2,0,629.66,0.441,95.83,739,2,App,24,900,120,300
2024-10-13,Leh,34.1526,77.5771,1,10,6,4.9,0,557.74,0.107,93.77,329,2,App,9,600,90,220
2024-04-05,Kerala,10.8505,76.2711,0,4,4,34.3,0,50.53,1.0,74.41,905,2,Kiosk,11,1700,220,700
2024-05-29,Varanasi,25.3176,82.9739,0,5,2,35.2,0,1177.0,0.124,55.64,1518,2,Kiosk,6,1400,160,500
2025-03-01,Leh,34.1526,77.5771,1,3,5,9.9,0,508.77,0.303,108.14,441,1,Kiosk,9,600,90,220
2025-03-27,Manali,32.2432,77.1892,0,3,3,12.9,0,430.89,-0.071,72.11,801,2,Kiosk,20,1200,140,450
2024-06-22,Kerala,10.8505,76.2711,1,6,5,37.2,0,109.07,0.099,76.97,1060,2,Kiosk,4,1700,220,700
2024-03-23,Goa,15.2993,74.124,1,3,5,28.0,0,67.39,0.793,91.02,1397,1,Kiosk,5,2000,250,800
2025-03-11,Manali,32.2432,77.1892,0,3,1,14.3,0,647.57,-0.239,79.05,1002,3,Kiosk,21,1200,140,450
2024-10-28,Manali,32.2432,77.1892,0,10,0,9.6,0,23.63,-0.017,72.01,412,2,App,22,1200,140,450
2024-01-17,Leh,34.1526,77.5771,0,1,2,1.5,0,494.55,-0.009,94.64,428,1,App,14,600,90,220
2025-02-11,Kerala,10.8505,76.2711,0,2,1,23.8,0,242.35,-0.313,76.36,1096,2,Agent,2,1700,220,700
2024-10-12,Jaipur,26.9124,75.7873,1,10,5,23.6,0,1076.26,0.493,64.0,1627,2,Web,11,1500,180,600
2024-09-25,Andaman,11.7401,92.6586,0,9,2,27.1,1,211.75,-0.079,94.19,201,2,Agent,6,900,120,300
2025-08-21,Agra,27.1767,78.0081,0,8,3,31.7,0,47.35,0.541,54.43,549,4,App,8,1300,150,550
2025-03-05,Manali,32.2432,77.1892,0,3,2,16.4,0,412.79,0.316,73.26,865,2,App,15,1200,140,450
2024-04-06,Jaipur,26.9124,75.7873,1,4,5,32.3,0,245.89,0.017,68.03,1381,2,Web,20,1500,180,600
2024-01-30,Agra,27.1767,78.0081,0,1,1,17.1,0,567.5,0.948,51.17,1167,2,App,7,1300,150,550
2025-05-24,Jaipur,26.9124,75.7873,1,5,5,38.3,0,665.16,-0.319,58.52,1603,3,App,5,1500,180,600
2024-05-22,Goa,15.2993,74.124,0,5,2,38.2,1,384.93,1.0,92.27,1349,2,Kiosk,11,2000,250,800
2025-01-29,Agra,27.1767,78.0081,0,1,2,19.7,0,282.63,0.666,55.54,902,2,App,18,1300,150,550
2024-02-27,Agra,27.1767,78.0081,0,2,1,21.9,0,408.76,0.758,58.71,1024,2,App,1,1300,150,550
2025-03-09,Andaman,11.7401,92.6586,1,3,6,28.5,0,25.29,-0.5,87.25,523,1,Agent,19,900,120,300
2024-06-10,Leh,34.1526,77.5771,0,6,0,19.4,0,185.85,0.374,88.05,433,3,Kiosk,16,600,90,220
2025-09-28,Andaman,11.7401,92.6586,1,9,6,28.0,0,151.08,0.556,88.41,404,3,Agent,2,900,120,300
2025-07-12,Jaipur,26.9124,75.7873,1,7,5,36.4,0,76.63,-0.058,63.58,875,3,Kiosk,19,1500,180,600
2025-04-01,Varanasi,25.3176,82.9739,0,4,1,31.6,0,435.63,0.725,55.07,1058,2,App,6,1400,160,500
2024-11-29,Goa,15.2993,74.124,0,11,4,20.4,0,733.44,0.145,78.86,1293,2,Agent,9,2000,250,800
2025-06-08,Andaman,11.7401,92.6586,1,6,6,37.6,0,594.76,0.422,96.42,533,3,Kiosk,15,900,120,300
2024-09-07,Agra,27.1767,78.0081,1,9,5,27.1,0,135.46,0.463,58.42,644,2,Kiosk,6,1300,150,550
2024-12-19,Goa,15.2993,74.124,0,12,3,17.5,0,287.51,-0.066,81.54,1084,2,App,4,2000,250,800
2025-08-13,Jaipur,26.9124,75.7873,0,8,2,32.9,0,184.03,0.573,60.45,859,2,Web,21,1500,180,600
2024-01-13,Goa,15.2993,74.124,1,1,5,23.0,0,419.94,-0.283,81.97,1056,3,App,41,2000,250,800
2024-08-01,Manali,32.2432,77.1892,0,8,3,19.5,0,264.74,0.17,79.34,633,2,Agent,2,1200,140,450
2025-07-18,Kerala,10.8505,76.2711,0,7,4,36.7,0,715.17,-0.191,66.43,1000,1,App,16,1700,220,700
2025-03-19,Goa,15.2993,74.124,0,3,2,29.2,0,175.95,0.348,83.94,1440,3,Kiosk,5,2000,250,800
2024-07-22,Manali,32.2432,77.1892,0,7,0,23.0,0,771.6,-0.056,75.02,1160,2,Web,4,1200,140,450
2024-12-17,Agra,27.1767,78.0081,0,12,1,16.8,0,22.91,1.0,62.55,860,2,Kiosk,7,1300,150,550
2024-03-24,Leh,34.1526,77.5771,1,3,6,11.8,0,266.32,-0.455,96.42,544,2,Web,38,600,90,220
2025-03-08,Leh,34.1526,77.5771,1,3,5,10.6,0,693.93,-0.333,94.18,508,2,App,8,600,90,220
2024-05-11,Agra,27.1767,78.0081,1,5,5,34.8,0,405.96,0.085,56.94,1414,2,Agent,6,1300,150,550
2025-09-29,Manali,32.2432,77.1892,0,9,0,15.4,0,681.98,-0.51,74.91,558,2,Agent,16,1200,140,450
2025-09-22,Andaman,11.7401,92.6586,0,9,0,27.4,0,523.08,0.647,92.38,519,1,Kiosk,17,900,120,300
2024-02-15,Agra,27.1767,78.0081,0,2,3,23.9,0,227.24,-0.902,55.36,965,3,App,6,1300,150,550
2024-01-02,Jaipur,26.9124,75.7873,0,1,1,19.9,0,228.12,0.13,66.64,942,1,Web,23,1500,180,600
2025-06-07,Jaipur,26.9124,75.7873,1,6,5,40.0,0,213.29,0.222,54.13,1153,1,Agent,31,1500,180,600
2024-12-12,Manali,32.2432,77.1892,0,12,3,4.0,0,145.23,-0.057,83.49,576,2,Kiosk,5,1200,140,450
2025-06-22,Manali,32.2432,77.1892,1,6,6,24.6,0,418.31,-0.102,80.58,1069,2,Kiosk,16,1200,140,450
2024-03-06,Agra,27.1767,78.0081,0,3,2,26.1,0,269.19,0.701,53.08,664,3,Agent,4,1300,150,550
2024-08-05,Leh,34.1526,77.5771,0,8,0,15.7,1,268.66,-0.39,98.63,337,3,Kiosk,12,600,90,220
2024-04-27,Jaipur,26.9124,75.7873,1,4,5,32.1,0,338.41,-0.244,62.34,961,1,Kiosk,13,1500,180,600
2024-03-27,Andaman,11.7401,92.6586,0,3,2,27.6,0,186.46,0.568,97.9,535,2,Web,20,900,120,300
2024-09-24,Leh,34.1526,77.5771,0,9,1,9.9,0,974.44,0.743,92.57,345,3,App,16,600,90,220
2025-02-06,Varanasi,25.3176,82.9739,0,2,3,21.3,0,303.98,-0.282,57.86,931,2,Web,20,1400,160,500
2025-02-12,Jaipur,26.9124,75.7873,0,2,2,22.4,0,857.64,-0.083,53.7,1411,1,Agent,16,1500,180,600
2025-04-09,Agra,27.1767,78.0081,0,4,2,32.7,0,119.55,-0.223,53.15,948,3,Kiosk,13,1300,150,550
2024-06-01,Goa,15.2993,74.124,1,6,5,39.0,1,203.17,0.129,83.08,1183,1,Web,9,2000,250,800
2025-09-08,Leh,34.1526,77.5771,0,9,0,9.9,0,581.98,-0.299,97.69,214,2,App,15,600,90,220
2024-03-25,Varanasi,25.3176,82.9739,0,3,0,26.6,0,87.7,-0.113,61.55,697,2,Kiosk,8,1400,160,500
2024-02-12,Leh,34.1526,77.5771,0,2,0,4.3,0,656.99,0.835,101.72,452,2,Agent,6,600,90,220
2025-05-09,Manali,32.2432,77.1892,0,5,4,23.0,0,257.89,0.088,80.34,775,1,Kiosk,8,1200,140,450
2024-07-12,Agra,27.1767,78.0081,0,7,4,36.5,0,218.98,-0.043,63.04,945,3,App,9,1300,150,550
2024-01-26,Andaman,11.7401,92.6586,0,1,4,18.3,1,227.84,0.437,95.19,483,3,Web,12,900,120,300
2024-11-13,Leh,34.1526,77.5771,0,11,2,2.8,0,208.3,0.488,95.76,233,3,Web,22,600,90,220
2024-06-04,Manali,32.2432,77.1892,0,6,1,26.7,0,1434.07,-0.058,79.03,1857,3,Agent,14,1200,140,450
2024-10-26,Andaman,11.7401,92.6586,1,10,5,23.6,0,936.24,-0.03,81.72,697,3,Web,28,900,120,300
2024-11-12,Jaipur,26.9124,75.7873,0,11,1,20.4,0,676.19,0.354,62.01,1229,2,Kiosk,7,1500,180,600
2024-06-26,Manali,32.2432,77.1892,0,6,2,23.7,0,470.51,-0.349,74.17,845,3,Web,2,1200,140,450
2025-04-02,Kerala,10.8505,76.2711,0,4,2,33.5,0,182.17,0.146,74.05,1235,3,App,3,1700,220,700
2025-02-05,Jaipur,26.9124,75.7873,0,2,2,21.8,0,181.45,0.801,72.26,758,2,Agent,41,1500,180,600
2025-02-16,Varanasi,25.3176,82.9739,1,2,6,22.9,0,530.41,0.558,56.35,1419,2,Agent,5,1400,160,500
2025-03-09,Manali,32.2432,77.1892,1,3,6,14.4,0,508.53,-0.122,74.66,836,2,App,20,1200,140,450
2025-02-12,Agra,27.1767,78.0081,0,2,2,22.5,0,157.84,0.432,47.52,830,3,Web,15,1300,150,550
2025-01-26,Manali,32.2432,77.1892,1,1,6,7.0,0,572.32,0.244,77.23,1076,3,Web,18,1200,140,450
2025-01-31,Manali,32.2432,77.1892,0,1,4,6.5,0,513.59,0.322,73.09,939,2,Agent,7,1200,140,450
2025-02-22,Andaman,11.7401,92.6586,1,2,5,25.6,0,219.31,0.518,91.9,475,3,Kiosk,3,900,120,300
2024-04-18,Manali,32.2432,77.1892,0,4,3,19.7,0,749.42,-0.123,74.65,939,1,Web,4,1200,140,450
2025-01-03,Jaipur,26.9124,75.7873,0,1,4,17.8,0,129.29,-0.119,59.97,1019,2,Web,15,1500,180,600
2025-02-21,Varanasi,25.3176,82.9739,0,2,4,23.1,0,311.15,-0.256,55.83,975,1,Kiosk,15,1400,160,500
2025-08-13,Leh,34.1526,77.5771,0,8,2,14.0,0,678.98,0.586,93.99,421,3,App,2,600,90,220
2025-06-26,Manali,32.2432,77.1892,0,6,3,26.2,1,161.39,-0.138,77.62,770,2,App,13,1200,140,450
2024-07-26,Goa,15.2993,74.124,0,7,4,39.4,1,94.48,-0.358,76.78,776,2,Agent,24,2000,250,800
2025-07-18,Goa,15.2993,74.124,0,7,4,37.8,0,203.27,0.633,75.9,1193,3,Agent,38,2000,250,800
2024-10-25,Manali,32.2432,77.1892,0,10,4,9.9,0,491.1,0.548,64.11,657,2,App,7,1200,140,450
2024-03-08,Jaipur,26.9124,75.7873,0,3,4,28.6,0,365.95,0.119,64.32,1083,1,App,4,1500,180,600
2024-12-11,Andaman,11.7401,92.6586,0,12,2,17.4,0,611.99,0.459,90.49,666,2,Web,12,900,120,300
2024-10-14,Goa,15.2993,74.124,0,10,0,24.7,0,297.29,0.679,79.37,873,2,Web,1,2000,250,800
2024-04-08,Leh,34.1526,77.5771,0,4,0,16.1,0,685.79,-0.632,97.75,303,3,Kiosk,3,600,90,220
2025-08-19,Varanasi,25.3176,82.9739,0,8,1,31.2,0,380.88,0.375,47.37,631,2,App,8,1400,160,500
2024-01-09,Varanasi,25.3176,82.9739,0,1,1,18.3,0,248.49,-0.053,54.29,1055,3,Agent,7,1400,160,500
2025-03-16,Jaipur,26.9124,75.7873,1,3,6,28.4,0,216.42,-0.422,56.96,1160,2,Web,1,1500,180,600
2024-02-01,Jaipur,26.9124,75.7873,0,2,3,24.0,0,270.92,0.701,73.96,1032,1,Agent,4,1500,180,600
2025-01-05,Agra,27.1767,78.0081,1,1,6,18.1,0,182.52,0.522,61.57,769,2,Kiosk,23,1300,150,550
2024-10-04,Manali,32.2432,77.1892,0,10,4,11.2,0,674.29,-0.549,71.35,762,1,App,9,1200,140,450
2024-09-18,Andaman,11.7401,92.6586,0,9,2,27.1,0,731.65,-0.26,85.08,455,1,Kiosk,20,900,120,300
2025-09-28,Varanasi,25.3176,82.9739,1,9,6,27.2,0,589.12,0.523,50.44,963,2,Kiosk,19,1400,160,500
2024-01-03,Varanasi,25.3176,82.9739,0,1,2,19.0,0,645.34,-0.325,43.2,1126,3,Web,9,1400,160,500
2024-01-11,Varanasi,25.3176,82.9739,0,1,3,18.9,0,251.28,-0.859,56.0,647,2,Web,16,1400,160,500
2025-04-01,Andaman,11.7401,92.6586,0,4,1,32.4,0,371.27,0.108,96.65,535,2,Web,26,900,120,300
2024-05-06,Leh,34.1526,77.5771,0,5,0,16.9,0,181.58,-0.149,98.56,236,3,App,1,600,90,220
2024-08-05,Agra,27.1767,78.0081,0,8,0,30.7,0,336.53,0.269,59.46,657,2,Kiosk,10,1300,150,550
2024-07-05,Jaipur,26.9124,75.7873,0,7,4,37.1,0,595.72,0.079,62.27,840,2,Web,12,1500,180,600
2025-07-10,Jaipur,26.9124,75.7873,0,7,3,38.4,1,265.47,0.137,66.56,739,2,Kiosk,10,1500,180,600
2024-01-12,Manali,32.2432,77.1892,0,1,4,5.2,0,356.62,0.709,76.83,752,1,App,9,1200,140,450
2025-08-18,Jaipur,26.9124,75.7873,0,8,0,32.6,0,186.15,0.326,59.29,699,2,Kiosk,13,1500,180,600
2025-03-19,Varanasi,25.3176,82.9739,0,3,2,27.5,0,310.53,-0.701,57.92,1014,1,App,10,1400,160,500
2025-02-19,Kerala,10.8505,76.2711,0,2,2,23.4,0,36.45,0.176,62.77,916,3,Web,39,1700,220,700
2024-02-10,Leh,34.1526,77.5771,1,2,5,3.9,0,234.64,0.484,100.68,367,2,Web,12,600,90,220
2024-06-23,Varanasi,25.3176,82.9739,1,6,6,38.4,0,141.6,0.317,52.52,1043,2,Web,9,1400,160,500
2024-11-13,Manali,32.2432,77.1892,0,11,2,7.3,0,895.51,0.134,76.4,894,1,Kiosk,16,1200,140,450
2025-09-18,Goa,15.2993,74.124,0,9,3,29.7,0,567.08,-0.552,80.8,892,2,Web,13,2000,250,800
2025-08-30,Varanasi,25.3176,82.9739,1,8,5,32.1,0,59.44,0.668,56.58,970,1,App,13,1400,160,500
2025-02-14,Varanasi,25.3176,82.9739,0,2,4,21.5,0,704.91,-0.193,40.16,1292,2,App,3,1400,160,500
2025-02-13,Goa,15.2993,74.124,0,2,3,23.7,0,734.46,-0.193,82.76,1740,2,App,11,2000,250,800
2024-12-03,Goa,15.2993,74.124,0,12,1,19.8,0,108.4,-0.079,81.01,1305,2,Agent,11,2000,250,800
2025-06-10,Leh,34.1526,77.5771,0,6,1,20.4,1,183.65,-0.094,107.27,319,2,Kiosk,5,600,90,220
2024-08-10,Leh,34.1526,77.5771,1,8,5,15.3,0,273.26,0.209,98.37,418,3,App,8,600,90,220
2024-01-26,Jaipur,26.9124,75.7873,0,1,4,19.5,0,371.13,-0.721,66.44,987,3,Agent,14,1500,180,600
2024-07-28,Kerala,10.8505,76.2711,1,7,6,37.0,0,292.86,0.627,74.01,1269,3,Agent,8,1700,220,700
2024-08-11,Manali,32.2432,77.1892,1,8,6,18.9,0,434.95,0.408,76.89,1169,2,Kiosk,18,1200,140,450
2024-01-07,Varanasi,25.3176,82.9739,1,1,6,20.0,0,135.1,0.045,49.13,974,2,Kiosk,6,1400,160,500
2024-11-29,Agra,27.1767,78.0081,0,11,4,18.4,0,563.23,-0.461,59.93,812,2,Agent,21,1300,150,550
2024-02-10,Andaman,11.7401,92.6586,1,2,5,23.0,0,542.39,0.082,94.27,598,2,Kiosk,10,900,120,300
2024-12-03,Kerala,10.8505,76.2711,0,12,1,20.4,0,876.29,-0.39,60.19,1574,3,App,16,1700,220,700
2024-06-24,Agra,27.1767,78.0081,0,6,0,39.0,0,212.99,1.0,50.54,748,3,Web,9,1300,150,550
2025-05-09,Agra,27.1767,78.0081,0,5,4,38.0,0,274.56,0.097,59.73,906,2,App,14,1300,150,550
2024-11-09,Manali,32.2432,77.1892,1,11,5,4.4,0,242.16,0.827,65.47,657,2,App,4,1200,140,450
2025-08-12,Goa,15.2993,74.124,0,8,1,36.0,0,849.55,-0.282,83.33,1322,2,App,21,2000,250,800
2024-01-20,Varanasi,25.3176,82.9739,1,1,5,15.9,1,16.59,0.034,46.31,826,3,Web,8,1400,160,500
2024-01-13,Kerala,10.8505,76.2711,1,1,5,19.5,0,177.93,0.038,79.77,1441,2,Web,2,1700,220,700
2024-04-05,Leh,34.1526,77.5771,0,4,4,15.9,0,1366.98,-0.157,107.71,642,3,Web,9,600,90,220
2024-12-06,Jaipur,26.9124,75.7873,0,12,4,19.1,0,455.91,0.145,71.1,927,2,Kiosk,9,1500,180,600
2024-07-20,Leh,34.1526,77.5771,1,7,5,18.8,1,158.4,0.562,83.65,358,3,Agent,2,600,90,220
2024-04-11,Kerala,10.8505,76.2711,0,4,3,35.3,0,567.81,-0.646,69.03,1058,2,Web,2,1700,220,700
2025-03-12,Leh,34.1526,77.5771,0,3,2,9.4,0,73.51,0.144,105.51,291,3,Web,7,600,90,220
2025-06-06,Manali,32.2432,77.1892,0,6,4,25.2,0,202.06,0.247,79.5,767,2,Agent,7,1200,140,450
2025-01-19,Leh,34.1526,77.5771,1,1,6,1.1,0,268.32,0.301,96.53,342,2,Web,2,600,90,220
2024-03-30,Agra,27.1767,78.0081,1,3,5,26.7,0,99.64,0.035,49.07,1015,2,Kiosk,26,1300,150,550
2024-05-11,Agra,27.1767,78.0081,1,5,5,34.6,0,614.52,-0.352,60.99,1439,2,Web,12,1300,150,550
2024-03-11,Jaipur,26.9124,75.7873,0,3,0,28.4,0,178.87,-0.654,68.39,847,2,Agent,2,1500,180,600
2025-02-11,Jaipur,26.9124,75.7873,0,2,1,21.4,0,390.11,0.165,66.75,1239,2,Agent,35,1500,180,600
2024-12-10,Agra,27.1767,78.0081,0,12,1,16.8,0,252.72,0.041,60.76,739,1,Web,10,1300,150,550
2024-02-01,Manali,32.2432,77.1892,0,2,3,10.8,0,133.32,0.541,64.5,541,2,Agent,11,1200,140,450
2024-01-17,Manali,32.2432,77.1892,0,1,2,6.6,0,96.38,0.046,71.43,482,2,Kiosk,6,1200,140,450
2024-11-27,Goa,15.2993,74.124,0,11,2,23.0,0,460.98,0.086,82.02,1300,2,Agent,5,2000,250,800
2024-04-29,Andaman,11.7401,92.6586,0,4,0,33.7,1,603.72,0.788,94.41,738,2,Agent,19,900,120,300
2024-08-04,Goa,15.2993,74.124,1,8,6,36.8,0,288.81,-0.342,76.62,1216,1,Kiosk,2,2000,250,800
2025-03-28,Leh,34.1526,77.5771,0,3,4,11.0,0,442.29,-0.458,108.26,348,3,Agent,6,600,90,220
2024-06-19,Andaman,11.7401,92.6586,0,6,2,37.4,1,567.24,-0.102,85.06,455,1,App,10,900,120,300
2025-05-13,Manali,32.2432,77.1892,0,5,1,22.9,0,243.71,-0.413,69.71,846,3,Kiosk,9,1200,140,450
2025-04-15,Leh,34.1526,77.5771,0,4,1,14.5,0,353.43,0.719,102.92,484,2,Kiosk,19,600,90,220
2024-07-08,Andaman,11.7401,92.6586,0,7,0,36.1,1,316.16,0.009,96.46,344,2,App,16,900,120,300
2025-07-25,Manali,32.2432,77.1892,0,7,4,24.8,0,168.43,-0.117,84.08,831,4,Web,11,1200,140,450
2024-03-02,Leh,34.1526,77.5771,1,3,5,11.0,0,282.79,0.333,95.42,532,2,App,3,600,90,220
2024-04-16,Jaipur,26.9124,75.7873,0,4,1,33.2,0,517.16,-0.001,58.3,1426,2,Kiosk,13,1500,180,600
2024-05-16,Kerala,10.8505,76.2711,0,5,3,38.1,0,812.03,1.0,73.85,1653,3,Kiosk,5,1700,220,700
2024-03-24,Andaman,11.7401,92.6586,1,3,6,28.1,0,577.62,0.8,93.94,929,3,Web,14,900,120,300
2024-03-14,Manali,32.2432,77.1892,0,3,3,15.8,0,313.26,0.587,82.81,629,3,App,5,1200,140,450
2024-04-14,Leh,34.1526,77.5771,1,4,6,14.8,0,566.44,-0.412,105.21,477,3,Web,1,600,90,220
2025-01-21,Leh,34.1526,77.5771,0,1,1,1.4,0,251.93,0.447,100.99,494,2,Kiosk,27,600,90,220
2024-02-07,Goa,15.2993,74.124,0,2,2,23.7,0,1046.53,0.479,87.17,1552,1,Agent,5,2000,250,800
2024-08-28,Goa,15.2993,74.124,0,8,2,36.8,0,220.61,-0.531,79.74,949,3,App,12,2000,250,800
2024-04-11,Varanasi,25.3176,82.9739,0,4,3,29.3,0,281.07,0.533,64.08,892,2,Agent,10,1400,160,500
2024-06-13,Leh,34.1526,77.5771,0,6,3,17.9,0,110.17,0.281,104.01,447,2,Web,17,600,90,220
2024-09-03,Kerala,10.8505,76.2711,0,9,1,30.2,0,258.37,0.207,68.35,788,3,Agent,9,1700,220,700
2024-10-17,Andaman,11.7401,92.6586,0,10,3,25.0,0,153.42,0.631,89.07,389,2,Web,24,900,120,300
2024-12-31,Varanasi,25.3176,82.9739,0,12,1,18.6,0,169.62,-0.442,53.14,666,2,Web,37,1400,160,500
2024-04-24,Goa,15.2993,74.124,0,4,2,35.3,0,153.96,-0.098,89.69,1322,1,App,9,2000,250,800
2024-01-21,Leh,34.1526,77.5771,1,1,6,2.6,0,140.49,-0.156,98.09,338,1,App,8,600,90,220
2024-12-17,Kerala,10.8505,76.2711,0,12,1,19.0,0,837.41,0.777,68.93,1280,1,Agent,11,1700,220,700
2024-04-18,Andaman,11.7401,92.6586,0,4,3,33.4,0,188.26,-0.137,88.39,489,3,Agent,13,900,120,300
2025-06-08,Goa,15.2993,74.124,1,6,6,39.7,0,316.4,0.018,75.91,1478,1,Kiosk,22,2000,250,800
2024-03-10,Leh,34.1526,77.5771,1,3,6,9.1,1,933.1,-0.499,95.05,581,3,Agent,7,600,90,220
2025-02-08,Varanasi,25.3176,82.9739,1,2,5,22.8,0,175.79,0.023,48.76,1143,3,Agent,17,1400,160,500
2024-03-23,Andaman,11.7401,92.6586,1,3,5,28.0,0,935.19,0.072,103.78,770,3,Kiosk,7,900,120,300
2025-05-27,Jaipur,26.9124,75.7873,0,5,1,35.9,0,63.02,-0.71,63.05,774,2,Agent,10,1500,180,600
2025-07-27,Leh,34.1526,77.5771,1,7,6,17.4,0,230.96,-0.265,88.57,521,2,Kiosk,20,600,90,220
2025-02-28,Agra,27.1767,78.0081,0,2,4,21.6,0,444.88,0.96,56.12,1176,2,Kiosk,25,1300,150,550
2025-07-15,Jaipur,26.9124,75.7873,0,7,1,38.7,0,285.5,0.517,56.17,778,3,Web,9,1500,180,600
2025-09-24,Jaipur,26.9124,75.7873,0,9,2,27.0,0,102.53,1.0,56.94,474,2,Kiosk,19,1500,180,600
2024-11-12,Andaman,11.7401,92.6586,0,11,1,21.1,0,355.94,-0.259,95.42,424,2,App,15,900,120,300
2025-01-25,Leh,34.1526,77.5771,1,1,5,1.0,0,680.38,-0.175,97.45,643,3,Web,1,600,90,220
2025-02-08,Kerala,10.8505,76.2711,1,2,5,24.5,0,750.14,0.238,76.42,1069,3,Web,12,1700,220,700
2024-06-08,Jaipur,26.9124,75.7873,1,6,5,37.9,0,157.51,0.444,60.0,765,3,Kiosk,28,1500,180,600
2024-09-10,Goa,15.2993,74.124,0,9,1,31.0,1,918.82,-1.0,79.09,873,1,Agent,2,2000,250,800
2025-02-21,Varanasi,25.3176,82.9739,0,2,4,21.1,0,155.22,0.051,49.75,763,1,App,1,1400,160,500
2024-04-16,Leh,34.1526,77.5771,0,4,1,15.1,0,480.57,-0.208,102.9,477,1,Agent,10,600,90,220
2024-12-26,Goa,15.2993,74.124,0,12,3,20.1,0,550.58,1.0,79.49,1238,1,Agent,2,2000,250,800
2025-03-03,Manali,32.2432,77.1892,0,3,0,14.0,0,399.95,-0.08,65.36,803,1,Agent,5,1200,140,450
2025-04-12,Varanasi,25.3176,82.9739,1,4,5,33.1,0,586.52,0.324,48.48,1254,3,Web,5,1400,160,500
2025-08-28,Varanasi,25.3176,82.9739,0,8,3,31.0,0,578.77,0.04,41.97,960,3,Agent,1,1400,160,500
2024-06-29,Manali,32.2432,77.1892,1,6,5,23.2,0,333.96,0.793,72.42,1333,2,Agent,9,1200,140,450
2025-03-30,Leh,34.1526,77.5771,1,3,6,9.4,0,407.55,0.414,98.37,380,3,App,3,600,90,220
2024-03-18,Andaman,11.7401,92.6586,0,3,0,27.6,0,588.14,0.069,78.22,656,2,App,20,900,120,300
2024-08-14,Manali,32.2432,77.1892,0,8,2,19.3,0,318.05,0.344,79.42,748,1,Agent,20,1200,140,450
2024-12-13,Jaipur,26.9124,75.7873,0,12,4,18.2,0,339.23,0.558,61.57,941,2,Web,46,1500,180,600
2024-04-28,Manali,32.2432,77.1892,1,4,6,20.7,0,197.72,0.061,83.14,1063,3,App,9,1200,140,450
2024-07-22,Kerala,10.8505,76.2711,0,7,0,38.5,0,1508.62,0.308,70.34,2118,2,Kiosk,29,1700,220,700
2025-01-26,Varanasi,25.3176,82.9739,1,1,6,18.6,0,76.97,0.883,56.66,920,2,Kiosk,5,1400,160,500
2024-10-09,Jaipur,26.9124,75.7873,0,10,2,21.7,0,1036.05,-0.59,65.34,1206,2,Web,12,1500,180,600
2024-07-15,Kerala,10.8505,76.2711,0,7,0,37.8,1,455.13,0.087,70.53,1326,3,Kiosk,6,1700,220,700
2024-01-21,Andaman,11.7401,92.6586,1,1,6,19.7,0,32.12,-0.243,88.76,540,2,Web,3,900,120,300
2025-01-22,Andaman,11.7401,92.6586,0,1,2,19.8,0,127.25,-0.287,88.34,449,1,App,6,900,120,300
2024-11-21,Agra,27.1767,78.0081,0,11,3,19.0,0,288.48,-0.127,48.59,674,3,Kiosk,10,1300,150,550
2024-09-22,Agra,27.1767,78.0081,1,9,6,27.6,0,642.22,0.924,43.24,847,2,Kiosk,2,1300,150,550
2024-09-16,Andaman,11.7401,92.6586,0,9,0,28.5,0,331.32,0.243,90.36,377,2,Agent,12,900,120,300
2024-12-22,Kerala,10.8505,76.2711,1,12,6,17.9,0,580.04,0.276,63.98,1705,2,Agent,1,1700,220,700
2024-07-15,Andaman,11.7401,92.6586,0,7,0,34.9,0,275.54,0.536,93.44,459,2,Kiosk,21,900,120,300
2024-06-26,Leh,34.1526,77.5771,0,6,2,20.0,0,240.3,-0.066,96.84,438,2,App,19,600,90,220
2025-04-15,Varanasi,25.3176,82.9739,0,4,1,33.7,0,302.82,-0.649,57.07,953,3,App,6,1400,160,500
2024-07-04,Andaman,11.7401,92.6586,0,7,3,36.8,0,239.08,0.03,90.0,368,2,Kiosk,10,900,120,300
2025-03-22,Agra,27.1767,78.0081,1,3,5,26.8,0,440.89,0.843,65.23,1040,3,Kiosk,16,1300,150,550
2025-01-27,Agra,27.1767,78.0081,0,1,0,18.8,0,253.66,-0.791,62.94,772,1,Agent,1,1300,150,550
2024-09-28,Leh,34.1526,77.5771,1,9,5,10.4,0,531.44,0.478,92.85,354,3,Agent,8,600,90,220
2024-04-24,Jaipur,26.9124,75.7873,0,4,2,36.5,0,230.23,-0.08,63.44,1171,2,App,19,1500,180,600
2024-01-09,Goa,15.2993,74.124,0,1,1,22.1,0,226.03,-0.239,85.24,955,3,Agent,14,2000,250,800
2024-03-11,Kerala,10.8505,76.2711,0,3,0,28.0,0,365.62,-0.277,60.8,1183,3,Agent,11,1700,220,700
2024-08-20,Varanasi,25.3176,82.9739,0,8,1,31.7,0,416.3,0.303,53.87,731,2,Kiosk,5,1400,160,500
2024-01-02,Andaman,11.7401,92.6586,0,1,1,19.6,0,307.25,0.268,96.99,416,3,Agent,13,900,120,300
2025-01-15,Jaipur,26.9124,75.7873,0,1,2,18.8,0,348.59,-0.083,57.99,1171,3,Kiosk,10,1500,180,600
2024-10-24,Kerala,10.8505,76.2711,0,10,3,24.6,1,370.6,0.114,65.89,917,3,Agent,4,1700,220,700
2024-09-09,Leh,34.1526,77.5771,0,9,0,9.7,0,227.41,-0.537,90.09,285,2,App,6,600,90,220
2024-01-31,Goa,15.2993,74.124,0,1,2,21.7,0,554.88,0.455,78.4,1767,2,Kiosk,10,2000,250,800
2025-04-14,Agra,27.1767,78.0081,0,4,0,32.2,0,578.14,0.149,64.36,1308,2,Kiosk,17,1300,150,550
2024-10-08,Andaman,11.7401,92.6586,0,10,1,22.6,0,193.71,-0.271,85.65,552,2,Agent,10,900,120,300
2025-01-16,Andaman,11.7401,92.6586,0,1,3,20.9,0,894.64,0.666,92.74,849,2,Agent,5,900,120,300
2025-02-10,Jaipur,26.9124,75.7873,0,2,0,22.0,0,766.38,-0.04,69.04,1588,2,Kiosk,7,1500,180,600
2025-06-16,Kerala,10.8505,76.2711,0,6,0,40.5,0,483.0,0.572,71.58,1227,2,Kiosk,6,1700,220,700
2024-05-24,Agra,27.1767,78.0081,0,5,4,36.0,0,241.12,1.0,52.06,709,2,Kiosk,5,1300,150,550
2025-03-07,Agra,27.1767,78.0081,0,3,4,27.5,0,354.23,-0.015,66.29,700,2,App,24,1300,150,550
2025-07-04,Agra,27.1767,78.0081,0,7,4,34.9,0,184.67,-0.173,55.6,763,2,Agent,10,1300,150,550
2025-03-25,Jaipur,26.9124,75.7873,0,3,1,26.1,0,495.03,0.175,70.32,1171,2,App,2,1500,180,600
2024-02-25,Kerala,10.8505,76.2711,1,2,6,24.6,0,435.59,0.418,62.89,1392,2,Agent,3,1700,220,700
2025-06-07,Goa,15.2993,74.124,1,6,5,41.7,0,458.19,-0.065,86.2,1452,2,Web,40,2000,250,800
2025-03-22,Kerala,10.8505,76.2711,1,3,5,27.4,0,455.8,-0.189,67.34,1440,2,Kiosk,1,1700,220,700
2024-11-10,Varanasi,25.3176,82.9739,1,11,6,17.6,0,58.17,-0.814,48.43,760,3,Kiosk,17,1400,160,500
2024-12-29,Goa,15.2993,74.124,1,12,6,20.6,0,1238.11,-0.007,76.36,2188,2,Kiosk,7,2000,250,800
2025-05-06,Agra,27.1767,78.0081,0,5,1,35.8,0,1486.15,-0.264,61.57,1377,3,App,2,1300,150,550
2024-03-22,Leh,34.1526,77.5771,0,3,4,8.6,0,412.3,0.444,99.51,384,3,Agent,28,600,90,220
2025-01-24,Goa,15.2993,74.124,0,1,4,22.0,1,317.06,-0.197,77.81,1459,2,App,28,2000,250,800
2024-06-13,Manali,32.2432,77.1892,0,6,3,24.6,0,561.82,-0.034,75.6,1091,2,Kiosk,23,1200,140,450
2025-09-04,Leh,34.1526,77.5771,0,9,3,10.4,0,549.58,0.416,96.69,245,2,Kiosk,15,600,90,220
2024-06-12,Leh,34.1526,77.5771,0,6,2,18.6,1,44.93,1.0,99.66,390,1,Kiosk,17,600,90,220
2024-05-09,Andaman,11.7401,92.6586,0,5,3,36.8,0,908.86,-0.248,91.48,637,3,Agent,2,900,120,300
2024-09-14,Goa,15.2993,74.124,1,9,5,31.2,0,460.47,-0.106,70.48,1090,1,Web,8,2000,250,800
2024-10-21,Andaman,11.7401,92.6586,0,10,0,22.4,0,2064.38,1.0,92.89,886,1,Kiosk,4,900,120,300
2025-03-08,Jaipur,26.9124,75.7873,1,3,5,27.2,0,454.67,0.062,65.09,1229,1,Agent,9,1500,180,600
2024-04-18,Andaman,11.7401,92.6586,0,4,3,34.1,0,412.18,0.415,90.88,406,1,Web,2,900,120,300
2025-03-06,Goa,15.2993,74.124,0,3,3,28.3,0,27.68,-0.045,74.88,1112,3,App,7,2000,250,800
2024-05-31,Kerala,10.8505,76.2711,0,5,4,37.5,0,865.3,0.468,76.57,2139,3,Agent,1,1700,220,700
2025-05-26,Agra,27.1767,78.0081,0,5,0,35.5,0,696.24,-0.781,65.69,1240,3,Web,6,1300,150,550
2024-05-13,Leh,34.1526,77.5771,0,5,0,20.8,0,320.31,0.5,95.05,365,2,App,6,600,90,220
2024-02-06,Varanasi,25.3176,82.9739,0,2,1,22.7,0,667.61,-0.54,35.36,1146,2,Agent,4,1400,160,500
2024-02-11,Agra,27.1767,78.0081,1,2,6,22.7,0,612.4,0.057,62.25,1134,3,Web,14,1300,150,550
2024-07-31,Jaipur,26.9124,75.7873,0,7,2,36.9,0,1213.46,-0.395,63.83,1585,3,App,3,1500,180,600
2024-06-23,Goa,15.2993,74.124,1,6,6,40.0,1,78.6,-0.129,88.42,1053,2,Web,31,2000,250,800
2025-08-17,Andaman,11.7401,92.6586,1,8,6,33.2,0,60.8,-0.389,87.36,392,1,Web,5,900,120,300
2025-06-30,Leh,34.1526,77.5771,0,6,0,21.4,1,1043.75,-0.603,101.59,407,2,App,1,600,90,220
2025-02-23,Jaipur,26.9124,75.7873,1,2,6,23.7,1,38.53,-0.275,63.16,974,3,Kiosk,5,1500,180,600
2024-08-01,Kerala,10.8505,76.2711,0,8,3,34.6,1,445.09,0.113,61.96,806,1,Agent,5,1700,220,700
2024-05-22,Varanasi,25.3176,82.9739,0,5,2,36.4,0,1168.83,-0.411,54.04,1259,3,App,20,1400,160,500
2025-04-27,Goa,15.2993,74.124,1,4,6,34.9,0,209.06,0.26,75.08,1332,3,App,9,2000,250,800
2025-05-28,Manali,32.2432,77.1892,0,5,2,24.2,0,344.01,0.582,78.21,630,2,Kiosk,10,1200,140,450
2024-03-08,Agra,27.1767,78.0081,0,3,4,28.7,0,250.67,0.423,56.67,1197,3,Agent,25,1300,150,550
2024-07-01,Varanasi,25.3176,82.9739,0,7,0,34.4,0,412.76,-0.408,62.4,833,2,Agent,2,1400,160,500
2025-06-16,Andaman,11.7401,92.6586,0,6,0,38.2,0,269.75,-0.14,92.3,414,2,Kiosk,11,900,120,300
2025-01-15,Varanasi,25.3176,82.9739,0,1,2,19.0,0,100.77,0.92,45.97,777,2,Kiosk,19,1400,160,500
2024-08-29,Leh,34.1526,77.5771,0,8,3,15.5,0,179.39,0.115,98.91,375,2,Web,12,600,90,220
2025-09-14,Varanasi,25.3176,82.9739,1,9,6,27.9,0,404.27,0.17,58.2,726,1,App,4,1400,160,500
2024-02-16,Goa,15.2993,74.124,0,2,4,25.1,0,251.83,0.123,76.72,1058,3,Web,7,2000,250,800
2024-08-21,Agra,27.1767,78.0081,0,8,2,32.0,0,87.99,-0.03,61.93,486,3,Kiosk,4,1300,150,550
2025-01-08,Goa,15.2993,74.124,0,1,2,20.5,0,192.13,-0.526,81.42,1344,2,Web,7,2000,250,800
2025-03-15,Agra,27.1767,78.0081,1,3,5,27.9,0,224.92,0.478,61.57,969,2,Kiosk,8,1300,150,550
2024-11-22,Manali,32.2432,77.1892,0,11,4,7.4,0,502.42,0.222,72.38,589,1,App,8,1200,140,450
2025-08-17,Manali,32.2432,77.1892,1,8,6,20.8,0,488.51,0.408,78.48,958,2,Agent,16,1200,140,450
2025-10-01,Agra,27.1767,78.0081,0,10,2,21.5,0,734.97,-0.6,48.92,737,2,Kiosk,11,1300,150,550
2025-07-09,Kerala,10.8505,76.2711,0,7,2,38.1,0,232.35,-0.236,66.22,908,3,Agent,2,1700,220,700
2025-06-27,Manali,32.2432,77.1892,0,6,4,23.3,0,199.78,-0.08,74.78,560,1,App,17,1200,140,450
2025-04-16,Kerala,10.8505,76.2711,0,4,2,34.5,0,428.38,0.605,65.45,1646,3,Agent,12,1700,220,700
2024-12-17,Andaman,11.7401,92.6586,0,12,1,18.6,0,664.79,0.059,84.02,579,3,Kiosk,11,900,120,300
2025-01-08,Manali,32.2432,77.1892,0,1,2,6.9,0,166.58,0.233,75.75,647,2,Agent,4,1200,140,450
2025-05-18,Manali,32.2432,77.1892,1,5,6,23.3,0,209.86,-0.095,85.02,863,2,Web,12,1200,140,450
2025-04-28,Andaman,11.7401,92.6586,0,4,0,33.5,0,787.77,-0.217,98.4,742,1,Agent,10,900,120,300
2025-09-12,Andaman,11.7401,92.6586,0,9,4,27.0,0,587.36,0.236,83.06,356,3,App,4,900,120,300
2024-06-13,Andaman,11.7401,92.6586,0,6,3,38.8,0,323.98,0.105,96.98,611,3,Kiosk,9,900,120,300
2025-06-29,Varanasi,25.3176,82.9739,1,6,6,36.7,0,410.59,0.834,50.39,993,2,App,10,1400,160,500
2025-04-28,Manali,32.2432,77.1892,0,4,0,20.2,0,283.85,0.075,78.9,629,2,Agent,10,1200,140,450
2024-07-06,Agra,27.1767,78.0081,1,7,5,36.5,0,138.75,0.351,55.74,758,3,Web,13,1300,150,550
2024-01-14,Agra,27.1767,78.0081,1,1,6,17.9,0,449.25,0.34,54.97,1077,1,Web,4,1300,150,550
2024-04-08,Varanasi,25.3176,82.9739,0,4,0,33.3,0,426.61,-0.056,44.71,1320,2,App,17,1400,160,500
2025-09-01,Varanasi,25.3176,82.9739,0,9,0,27.7,0,104.58,0.082,44.16,589,2,Web,3,1400,160,500
2024-10-01,Manali,32.2432,77.1892,0,10,1,9.0,0,354.62,-0.102,75.53,547,1,Kiosk,7,1200,140,450
2024-03-25,Goa,15.2993,74.124,0,3,0,30.0,0,480.64,0.132,85.03,1590,3,App,7,2000,250,800
2024-10-28,Manali,32.2432,77.1892,0,10,0,9.8,0,224.7,0.492,74.64,632,2,Kiosk,5,1200,140,450
2024-10-11,Varanasi,25.3176,82.9739,0,10,4,22.6,0,56.91,-0.455,54.6,649,2,Kiosk,2,1400,160,500
2025-04-12,Goa,15.2993,74.124,1,4,5,34.3,0,381.3,0.004,83.17,1560,1,Kiosk,1,2000,250,800
2025-01-14,Jaipur,26.9124,75.7873,0,1,1,19.9,0,253.32,0.642,55.62,1050,2,Agent,1,1500,180,600
2025-09-23,Jaipur,26.9124,75.7873,0,9,1,26.3,0,936.48,-0.53,64.57,1014,1,Kiosk,18,1500,180,600
2024-12-25,Goa,15.2993,74.124,0,12,2,19.0,0,94.39,-0.599,69.01,1015,4,Web,4,2000,250,800
2024-02-08,Andaman,11.7401,92.6586,0,2,3,25.0,0,568.02,1.0,93.13,569,2,Kiosk,10,900,120,300
2024-11-30,Jaipur,26.9124,75.7873,1,11,5,20.6,0,113.19,-0.253,61.99,914,2,Web,8,1500,180,600
2024-02-12,Manali,32.2432,77.1892,0,2,0,9.2,0,328.0,0.332,72.47,739,2,Kiosk,8,1200,140,450
2024-08-18,Manali,32.2432,77.1892,1,8,6,20.4,0,101.95,-0.108,68.67,713,1,Web,11,1200,140,450
2024-12-31,Andaman,11.7401,92.6586,0,12,1,18.7,0,297.26,0.756,93.29,315,2,App,9,900,120,300
2024-02-21,Manali,32.2432,77.1892,0,2,2,9.7,1,222.25,-1.0,79.77,506,2,Kiosk,29,1200,140,450
2024-11-05,Jaipur,26.9124,75.7873,0,11,1,18.7,0,493.93,0.183,63.74,657,2,Web,18,1500,180,600
2024-12-22,Agra,27.1767,78.0081,1,12,6,17.8,0,229.37,0.248,50.5,682,1,Agent,8,1300,150,550
2024-11-12,Manali,32.2432,77.1892,0,11,1,7.7,1,849.53,-1.0,81.63,570,2,App,5,1200,140,450
2024-11-08,Agra,27.1767,78.0081,0,11,4,20.1,0,323.25,-0.725,54.85,733,3,App,5,1300,150,550
2024-01-18,Varanasi,25.3176,82.9739,0,1,3,17.6,0,149.08,0.729,52.15,979,2,Agent,18,1400,160,500
2024-03-16,Agra,27.1767,78.0081,1,3,5,26.6,0,786.81,0.659,54.87,1322,2,App,10,1300,150,550
2024-08-18,Agra,27.1767,78.0081,1,8,6,31.0,1,422.09,-0.129,58.89,841,3,Kiosk,15,1300,150,550
2024-05-09,Agra,27.1767,78.0081,0,5,3,34.0,0,129.5,-0.292,68.32,888,2,Web,14,1300,150,550
2024-12-06,Jaipur,26.9124,75.7873,0,12,4,18.6,0,174.44,1.0,59.91,746,2,Kiosk,17,1500,180,600
2024-11-14,Jaipur,26.9124,75.7873,0,11,3,17.8,0,224.48,-0.501,65.56,738,2,Web,35,1500,180,600
2024-11-09,Kerala,10.8505,76.2711,1,11,5,20.2,0,574.86,0.557,66.56,1366,2,Web,8,1700,220,700
2024-01-23,Agra,27.1767,78.0081,0,1,1,19.0,0,762.89,-0.721,52.7,1335,3,Agent,30,1300,150,550
2025-07-05,Goa,15.2993,74.124,1,7,5,41.8,0,241.32,-0.103,84.16,1608,3,Kiosk,2,2000,250,800
2024-09-20,Goa,15.2993,74.124,0,9,4,30.1,1,1059.34,-0.558,75.05,929,3,Web,11,2000,250,800
2024-07-01,Kerala,10.8505,76.2711,0,7,0,38.4,0,348.16,-0.094,73.38,988,3,Kiosk,27,1700,220,700
2025-03-26,Kerala,10.8505,76.2711,0,3,2,29.1,0,101.1,0.801,65.91,1044,2,App,24,1700,220,700
2025-03-09,Goa,15.2993,74.124,1,3,6,30.2,0,261.82,-0.386,79.59,2079,2,App,3,2000,250,800
2024-01-09,Goa,15.2993,74.124,0,1,1,20.5,0,995.57,-0.323,78.85,1613,2,Web,12,2000,250,800
2024-10-29,Agra,27.1767,78.0081,0,10,1,20.5,0,354.36,0.488,53.85,697,1,App,3,1300,150,550
2025-01-22,Varanasi,25.3176,82.9739,0,1,2,18.7,0,129.9,1.0,56.85,999,2,Agent,6,1400,160,500
2025-05-21,Agra,27.1767,78.0081,0,5,2,35.9,0,815.35,-0.049,58.81,1136,2,Agent,11,1300,150,550
2025-03-08,Kerala,10.8505,76.2711,1,3,5,27.9,0,270.88,-0.366,78.67,1130,2,Kiosk,6,1700,220,700
2025-09-02,Manali,32.2432,77.1892,0,9,1,12.8,0,629.91,0.706,70.92,586,3,Web,31,1200,140,450
2024-02-09,Agra,27.1767,78.0081,0,2,4,21.0,0,866.61,0.279,51.43,1437,1,Kiosk,7,1300,150,550
2024-12-11,Goa,15.2993,74.124,0,12,2,20.7,0,315.97,-0.279,78.43,1192,2,Agent,5,2000,250,800
2025-05-23,Manali,32.2432,77.1892,0,5,4,23.8,0,380.4,-0.339,74.99,760,2,Agent,17,1200,140,450
2025-03-09,Varanasi,25.3176,82.9739,1,3,6,27.8,0,328.36,0.098,55.1,1155,2,Agent,10,1400,160,500
2025-05-28,Jaipur,26.9124,75.7873,0,5,2,35.8,1,266.11,0.401,62.33,886,1,Agent,5,1500,180,600
2024-07-15,Andaman,11.7401,92.6586,0,7,0,35.7,0,287.37,-0.272,96.23,422,3,Web,22,900,120,300
2025-01-14,Kerala,10.8505,76.2711,0,1,1,20.7,0,506.17,-0.341,69.5,1043,1,Web,8,1700,220,700
2025-03-27,Manali,32.2432,77.1892,0,3,3,14.9,0,174.46,0.641,72.73,606,1,Agent,8,1200,140,450
2025-05-05,Jaipur,26.9124,75.7873,0,5,0,35.9,0,155.64,-0.287,62.41,806,2,Web,10,1500,180,600
2024-02-16,Manali,32.2432,77.1892,0,2,4,8.8,0,240.58,0.373,70.26,560,2,Agent,23,1200,140,450
2024-07-18,Varanasi,25.3176,82.9739,0,7,3,35.9,0,678.67,0.564,60.29,1031,3,Web,5,1400,160,500
2025-02-08,Goa,15.2993,74.124,1,2,5,25.3,0,91.14,1.0,80.12,1288,2,App,24,2000,250,800
2025-08-30,Leh,34.1526,77.5771,1,8,5,15.2,0,533.95,0.533,93.85,458,1,Web,11,600,90,220
2025-07-04,Manali,32.2432,77.1892,0,7,4,24.5,0,454.94,0.192,74.4,1135,2,Web,16,1200,140,450
2024-09-11,Jaipur,26.9124,75.7873,0,9,2,29.3,0,1053.1,0.182,61.89,989,3,Web,13,1500,180,600
2024-10-24,Jaipur,26.9124,75.7873,0,10,3,22.4,1,216.24,-0.645,43.82,645,2,App,15,1500,180,600
2025-01-01,Kerala,10.8505,76.2711,0,1,2,20.5,0,600.52,-0.169,64.72,1411,2,Agent,22,1700,220,700
2024-01-18,Goa,15.2993,74.124,0,1,3,20.5,0,1047.1,-0.14,79.38,2114,1,Agent,6,2000,250,800
2025-03-12,Kerala,10.8505,76.2711,0,3,2,27.6,0,97.4,0.255,73.6,959,2,Web,10,1700,220,700
2024-05-26,Kerala,10.8505,76.2711,1,5,6,38.4,0,517.82,-0.123,67.16,1218,1,Agent,4,1700,220,700
2025-01-01,Manali,32.2432,77.1892,0,1,2,5.5,0,119.73,0.965,72.18,772,2,Agent,15,1200,140,450
2024-08-18,Andaman,11.7401,92.6586,1,8,6,32.0,0,520.33,0.261,89.31,431,4,Web,5,900,120,300
2025-03-09,Varanasi,25.3176,82.9739,1,3,6,27.4,0,456.89,0.205,56.55,986,2,Kiosk,23,1400,160,500
2025-06-30,Varanasi,25.3176,82.9739,0,6,0,37.9,0,273.74,-0.742,60.43,750,2,Agent,17,1400,160,500
2024-10-16,Varanasi,25.3176,82.9739,0,10,2,19.8,1,1068.35,-0.015,51.01,1403,2,App,8,1400,160,500
2024-12-10,Varanasi,25.3176,82.9739,0,12,1,15.1,0,329.71,-0.135,48.14,754,2,Web,5,1400,160,500
2025-04-25,Varanasi,25.3176,82.9739,0,4,4,34.4,0,283.2,0.092,50.8,1046,3,Kiosk,5,1400,160,500
2024-12-20,Goa,15.2993,74.124,0,12,4,20.4,0,734.9,0.078,74.6,1117,2,Agent,17,2000,250,800
2025-04-14,Andaman,11.7401,92.6586,0,4,0,32.4,0,62.28,-0.448,97.8,358,2,Kiosk,4,900,120,300
2025-05-05,Goa,15.2993,74.124,0,5,0,38.7,0,30.23,0.405,84.55,907,2,App,4,2000,250,800
2025-01-19,Jaipur,26.9124,75.7873,1,1,6,18.5,0,363.33,-0.074,54.39,1546,1,App,4,1500,180,600
2025-02-10,Leh,34.1526,77.5771,0,2,0,3.9,0,420.07,0.0,94.72,345,4,Kiosk,15,600,90,220
2024-02-21,Agra,27.1767,78.0081,0,2,2,22.9,0,223.69,0.971,57.48,957,2,App,7,1300,150,550
2025-09-24,Goa,15.2993,74.124,0,9,2,30.9,0,196.69,0.271,73.82,1010,2,App,4,2000,250,800
2024-07-13,Goa,15.2993,74.124,1,7,5,39.6,0,141.62,0.387,84.21,1008,1,Kiosk,22,2000,250,800
2024-06-06,Kerala,10.8505,76.2711,0,6,3,38.5,0,233.93,0.301,65.01,1210,2,Web,1,1700,220,700
2024-01-14,Leh,34.1526,77.5771,1,1,6,3.3,0,488.22,-0.242,95.9,581,3,Agent,9,600,90,220
2024-03-18,Goa,15.2993,74.124,0,3,0,30.1,0,684.24,0.486,78.11,1272,2,Kiosk,7,2000,250,800
2024-03-23,Jaipur,26.9124,75.7873,1,3,5,28.0,0,285.93,-0.181,67.37,1118,2,Agent,9,1500,180,600
2024-07-02,Manali,32.2432,77.1892,0,7,1,23.8,0,862.1,-0.482,73.58,1222,3,App,7,1200,140,450
2024-07-13,Andaman,11.7401,92.6586,1,7,5,37.0,0,178.96,0.079,92.26,587,2,App,19,900,120,300
2025-05-09,Andaman,11.7401,92.6586,0,5,4,36.7,0,626.94,0.099,99.04,584,2,Agent,51,900,120,300
2024-01-05,Manali,32.2432,77.1892,0,1,4,6.2,0,363.88,0.057,74.55,578,1,Web,16,1200,140,450
2024-03-10,Leh,34.1526,77.5771,1,3,6,10.4,0,543.68,0.439,100.26,409,3,Agent,8,600,90,220
2024-03-17,Varanasi,25.3176,82.9739,1,3,6,28.6,0,428.37,0.196,55.08,1052,2,Web,6,1400,160,500
2024-08-31,Andaman,11.7401,92.6586,1,8,5,31.9,0,389.82,0.669,99.48,415,1,App,11,900,120,300
2025-09-18,Manali,32.2432,77.1892,0,9,3,14.8,1,329.31,-0.452,66.23,454,1,Kiosk,7,1200,140,450
2024-08-29,Jaipur,26.9124,75.7873,0,8,3,31.4,0,401.42,-0.572,68.27,817,2,App,6,1500,180,600
2025-09-23,Manali,32.2432,77.1892,0,9,1,13.9,0,304.64,0.107,72.77,402,1,Kiosk,3,1200,140,450
2024-02-23,Andaman,11.7401,92.6586,0,2,4,21.4,0,154.76,0.28,90.72,445,1,Web,5,900,120,300
2024-11-05,Varanasi,25.3176,82.9739,0,11,1,18.9,0,469.59,0.229,54.19,812,2,Web,6,1400,160,500
2024-07-22,Goa,15.2993,74.124,0,7,0,37.8,0,125.01,-0.34,83.86,979,1,Web,10,2000,250,800
2024-09-01,Manali,32.2432,77.1892,1,9,6,16.6,0,528.12,0.145,74.14,793,2,Kiosk,11,1200,140,450
2025-06-13,Andaman,11.7401,92.6586,0,6,4,38.8,0,673.02,0.814,86.59,602,2,Agent,1,900,120,300
2025-08-28,Manali,32.2432,77.1892,0,8,3,21.6,0,413.51,-0.129,83.91,824,3,Web,9,1200,140,450
2025-05-24,Manali,32.2432,77.1892,1,5,5,23.6,0,1011.06,0.206,83.64,1188,2,Kiosk,5,1200,140,450
2024-08-04,Goa,15.2993,74.124,1,8,6,35.4,0,538.22,-0.324,75.22,1093,2,Agent,8,2000,250,800
2025-08-31,Goa,15.2993,74.124,1,8,6,34.0,1,138.15,0.734,83.3,1115,3,Kiosk,5,2000,250,800
2025-04-22,Goa,15.2993,74.124,0,4,1,33.5,0,383.56,-1.0,85.55,1668,3,Web,10,2000,250,800
2025-08-12,Leh,34.1526,77.5771,0,8,1,14.3,0,512.2,0.143,87.93,420,1,App,7,600,90,220
2024-08-04,Manali,32.2432,77.1892,1,8,6,20.7,1,307.27,0.115,61.83,991,3,Kiosk,12,1200,140,450
2025-08-21,Manali,32.2432,77.1892,0,8,3,20.8,0,444.38,-0.091,75.04,847,2,Web,3,1200,140,450
2024-10-06,Kerala,10.8505,76.2711,1,10,6,24.4,0,196.24,-0.006,72.22,884,2,Kiosk,8,1700,220,700
2025-01-18,Varanasi,25.3176,82.9739,1,1,5,18.9,0,994.95,-0.197,46.42,1919,2,App,12,1400,160,500
2025-03-22,Andaman,11.7401,92.6586,1,3,5,27.5,0,739.47,0.062,100.46,828,2,Agent,6,900,120,300
2024-12-13,Andaman,11.7401,92.6586,0,12,4,18.6,0,295.5,-0.237,97.25,304,2,App,1,900,120,300
2025-05-07,Andaman,11.7401,92.6586,0,5,2,37.5,0,640.78,-0.609,95.28,500,3,Kiosk,18,900,120,300
2025-07-26,Varanasi,25.3176,82.9739,1,7,5,36.9,1,68.21,0.592,54.53,720,2,Web,17,1400,160,500
2025-01-29,Jaipur,26.9124,75.7873,0,1,2,19.7,0,226.91,-0.436,49.36,779,1,Web,11,1500,180,600
2024-12-13,Manali,32.2432,77.1892,0,12,4,4.8,0,709.53,0.481,70.08,803,2,Web,6,1200,140,450
2025-04-02,Goa,15.2993,74.124,0,4,2,34.4,0,495.14,0.824,81.53,1640,1,Kiosk,24,2000,250,800
2025-03-27,Varanasi,25.3176,82.9739,0,3,3,26.4,0,713.56,0.113,51.64,1374,2,Agent,4,1400,160,500
2025-04-17,Kerala,10.8505,76.2711,0,4,3,33.6,1,498.73,-0.5,78.41,1377,2,Agent,11,1700,220,700
2025-03-21,Agra,27.1767,78.0081,0,3,4,27.7,0,224.95,0.108,63.26,920,2,Web,21,1300,150,550
2024-04-30,Kerala,10.8505,76.2711,0,4,1,33.7,0,334.18,-0.323,86.44,1356,2,Kiosk,13,1700,220,700
2024-05-16,Leh,34.1526,77.5771,0,5,3,19.5,0,299.56,-0.512,96.46,410,2,Agent,9,600,90,220
2024-04-12,Jaipur,26.9124,75.7873,0,4,4,34.6,0,716.39,0.048,75.7,1430,2,Kiosk,7,1500,180,600
2024-04-17,Manali,32.2432,77.1892,0,4,2,20.8,1,531.79,-0.559,77.62,769,2,Agent,19,1200,140,450
2024-01-25,Andaman,11.7401,92.6586,0,1,3,18.6,0,216.51,-0.06,94.28,458,2,App,14,900,120,300
2024-01-10,Agra,27.1767,78.0081,0,1,2,17.0,0,239.63,-0.205,61.57,957,2,Agent,2,1300,150,550
2024-01-26,Manali,32.2432,77.1892,0,1,4,7.4,0,760.13,0.471,80.26,1011,3,Agent,14,1200,140,450
2025-03-21,Varanasi,25.3176,82.9739,0,3,4,27.7,0,32.94,-0.061,56.36,781,1,App,25,1400,160,500
2024-11-16,Jaipur,26.9124,75.7873,1,11,5,20.8,0,317.87,-0.164,60.15,1122,2,Web,9,1500,180,600
2024-07-01,Leh,34.1526,77.5771,0,7,0,18.8,0,232.87,0.75,91.99,395,2,Web,10,600,90,220
2024-03-09,Varanasi,25.3176,82.9739,1,3,5,26.2,0,257.71,-0.707,53.08,1371,1,Web,7,1400,160,500
2024-07-26,Manali,32.2432,77.1892,0,7,4,23.0,0,60.42,0.375,77.89,904,1,Kiosk,18,1200,140,450
2025-04-12,Varanasi,25.3176,82.9739,1,4,5,32.2,0,430.13,-0.556,54.5,1246,2,Agent,11,1400,160,500
2025-01-18,Manali,32.2432,77.1892,1,1,5,4.8,0,98.28,0.015,75.3,834,2,Agent,30,1200,140,450
2025-04-05,Leh,34.1526,77.5771,1,4,5,15.9,0,60.37,1.0,99.17,492,2,App,10,600,90,220
2024-01-30,Varanasi,25.3176,82.9739,0,1,1,18.4,0,576.66,1.0,58.39,1287,2,Kiosk,12,1400,160,500
2025-07-23,Leh,34.1526,77.5771,0,7,2,17.7,0,380.97,-0.466,95.09,472,1,App,14,600,90,220
2024-08-28,Jaipur,26.9124,75.7873,0,8,2,32.8,0,309.4,-0.233,70.89,532,2,App,15,1500,180,600
2025-06-30,Jaipur,26.9124,75.7873,0,6,0,36.4,0,794.63,-0.047,62.2,1560,1,Kiosk,14,1500,180,600
2024-06-07,Goa,15.2993,74.124,0,6,4,39.5,0,499.22,-0.429,84.12,1405,3,Agent,16,2000,250,800
2025-05-27,Manali,32.2432,77.1892,0,5,1,24.4,0,281.22,-0.338,77.64,678,1,Web,16,1200,140,450
2025-09-04,Goa,15.2993,74.124,0,9,3,31.7,0,496.84,0.357,89.85,1004,2,App,7,2000,250,800
2024-12-30,Kerala,10.8505,76.2711,0,12,0,18.7,0,252.04,0.6,64.86,1014,2,App,8,1700,220,700
2024-04-28,Andaman,11.7401,92.6586,1,4,6,32.7,1,358.74,-0.466,93.0,624,3,Kiosk,20,900,120,300
2025-03-26,Manali,32.2432,77.1892,0,3,2,14.8,0,488.64,1.0,75.84,544,2,Agent,5,1200,140,450
2024-05-28,Varanasi,25.3176,82.9739,0,5,1,34.8,0,655.04,0.103,56.5,1271,3,Kiosk,2,1400,160,500
2024-01-25,Varanasi,25.3176,82.9739,0,1,3,17.3,0,936.21,-0.126,55.39,1332,2,Web,18,1400,160,500
2024-08-28,Kerala,10.8505,76.2711,0,8,2,33.1,0,920.48,0.213,65.22,1242,4,Web,6,1700,220,700
2025-09-14,Jaipur,26.9124,75.7873,1,9,6,26.7,0,140.61,1.0,64.23,699,2,Agent,3,1500,180,600
2024-11-05,Goa,15.2993,74.124,0,11,1,19.4,0,229.29,0.047,72.25,1215,2,Web,5,2000,250,800
2024-04-04,Jaipur,26.9124,75.7873,0,4,3,33.4,0,184.75,0.191,70.5,992,4,Kiosk,19,1500,180,600
2025-05-28,Kerala,10.8505,76.2711,0,5,2,37.0,0,95.16,-0.903,65.46,1123,2,Web,20,1700,220,700
2025-06-25,Jaipur,26.9124,75.7873,0,6,2,40.5,0,228.31,0.179,57.93,1074,3,Agent,15,1500,180,600
2025-03-03,Agra,27.1767,78.0081,0,3,0,27.5,0,603.6,0.407,54.88,1268,2,Agent,4,1300,150,550
2024-05-20,Agra,27.1767,78.0081,0,5,0,35.6,0,1002.54,-0.435,59.89,1212,2,Kiosk,17,1300,150,550
2024-11-08,Leh,34.1526,77.5771,0,11,4,1.3,0,800.87,-0.457,102.2,322,3,Kiosk,1,600,90,220
2025-01-02,Kerala,10.8505,76.2711,0,1,3,18.7,0,198.87,0.079,66.63,1102,1,App,6,1700,220,700
2024-10-21,Manali,32.2432,77.1892,0,10,0,9.3,0,210.14,-0.234,67.19,555,2,Kiosk,19,1200,140,450
2024-09-02,Varanasi,25.3176,82.9739,0,9,0,26.9,0,229.33,-0.373,49.52,658,2,Agent,7,1400,160,500
2024-12-13,Andaman,11.7401,92.6586,0,12,4,17.4,1,957.78,-0.184,95.07,532,1,Web,3,900,120,300
2025-08-24,Manali,32.2432,77.1892,1,8,6,21.6,0,579.85,-0.562,78.55,1326,3,App,7,1200,140,450
2024-03-06,Goa,15.2993,74.124,0,3,2,31.1,1,235.91,-0.223,82.63,1368,3,Kiosk,25,2000,250,800
2025-06-07,Agra,27.1767,78.0081,1,6,5,37.6,0,742.02,-0.296,61.85,1478,3,Web,27,1300,150,550
2025-01-22,Andaman,11.7401,92.6586,0,1,2,19.6,0,95.72,0.488,92.39,331,2,Web,21,900,120,300
2025-01-23,Agra,27.1767,78.0081,0,1,3,19.4,1,458.12,0.431,50.83,813,1,Agent,9,1300,150,550
2025-09-19,Varanasi,25.3176,82.9739,0,9,4,28.2,1,44.67,-0.415,48.89,522,2,Agent,20,1400,160,500
2025-01-12,Leh,34.1526,77.5771,1,1,6,1.8,0,614.24,0.683,100.27,511,3,Kiosk,4,600,90,220
2024-01-25,Kerala,10.8505,76.2711,0,1,3,20.1,0,450.52,0.851,66.56,1185,2,Agent,12,1700,220,700
2025-02-04,Kerala,10.8505,76.2711,0,2,1,22.4,0,488.76,0.168,69.04,1078,3,Kiosk,17,1700,220,700
2025-06-17,Jaipur,26.9124,75.7873,0,6,1,37.4,0,414.46,0.769,60.66,1060,2,App,10,1500,180,600
2024-12-31,Andaman,11.7401,92.6586,0,12,1,17.9,0,104.99,1.0,86.59,386,3,Kiosk,7,900,120,300
2024-03-12,Andaman,11.7401,92.6586,0,3,1,28.5,0,289.13,-0.176,99.6,311,2,App,10,900,120,300
2024-12-20,Varanasi,25.3176,82.9739,0,12,4,18.6,0,294.37,-0.853,51.5,709,3,Web,51,1400,160,500
2024-09-01,Kerala,10.8505,76.2711,1,9,6,29.6,0,190.12,-0.052,71.62,898,2,Kiosk,2,1700,220,700
2024-04-09,Goa,15.2993,74.124,0,4,1,34.6,0,962.17,-0.156,85.2,2271,3,Agent,9,2000,250,800
2025-09-16,Varanasi,25.3176,82.9739,0,9,1,26.6,0,611.57,0.364,46.7,536,3,App,5,1400,160,500
2024-08-18,Varanasi,25.3176,82.9739,1,8,6,31.5,0,64.42,-0.134,54.8,692,4,App,3,1400,160,500
2025-05-14,Goa,15.2993,74.124,0,5,2,39.3,0,117.11,0.278,74.16,1157,2,Web,8,2000,250,800
2024-07-10,Goa,15.2993,74.124,0,7,2,39.1,0,571.94,0.38,81.37,1268,2,Agent,17,2000,250,800
2024-02-19,Varanasi,25.3176,82.9739,0,2,0,21.7,0,281.04,1.0,57.91,850,3,App,5,1400,160,500
2025-03-15,Leh,34.1526,77.5771,1,3,5,10.1,0,163.16,-0.177,99.27,385,3,App,13,600,90,220
2025-03-09,Kerala,10.8505,76.2711,1,3,6,28.1,0,407.55,-0.637,67.45,1532,2,Web,17,1700,220,700
2024-01-28,Goa,15.2993,74.124,1,1,6,20.8,0,416.83,-0.5,84.06,1724,2,Kiosk,8,2000,250,800
2025-04-07,Jaipur,26.9124,75.7873,0,4,0,32.8,0,276.31,-0.329,57.82,952,1,Kiosk,3,1500,180,600
2024-01-11,Manali,32.2432,77.1892,0,1,3,5.6,0,266.56,0.13,71.43,728,3,Web,10,1200,140,450
2025-04-12,Goa,15.2993,74.124,1,4,5,36.0,1,659.2,-0.14,74.99,1920,2,Web,13,2000,250,800
2024-05-26,Agra,27.1767,78.0081,1,5,6,35.8,0,1483.32,0.297,52.58,2071,1,Web,8,1300,150,550
2025-04-28,Goa,15.2993,74.124,0,4,0,33.8,0,385.33,0.33,83.75,1490,3,App,3,2000,250,800
2024-03-11,Kerala,10.8505,76.2711,0,3,0,28.3,0,196.71,0.016,72.56,1111,3,Web,15,1700,220,700
2025-06-17,Manali,32.2432,77.1892,0,6,1,23.5,0,78.89,0.416,77.46,777,2,Web,9,1200,140,450
2024-08-12,Varanasi,25.3176,82.9739,0,8,0,31.7,0,476.29,0.047,58.29,956,2,Agent,21,1400,160,500
2024-11-22,Leh,34.1526,77.5771,0,11,4,2.1,0,302.58,1.0,93.81,301,3,App,16,600,90,220
2024-10-22,Agra,27.1767,78.0081,0,10,1,22.3,0,806.59,-0.053,54.13,913,2,Agent,22,1300,150,550
2024-06-18,Leh,34.1526,77.5771,0,6,1,20.6,0,279.71,-0.434,95.39,425,3,Kiosk,23,600,90,220
2024-07-11,Agra,27.1767,78.0081,0,7,3,35.3,1,140.81,0.736,56.47,782,3,Web,23,1300,150,550
2024-06-10,Kerala,10.8505,76.2711,0,6,0,38.9,0,154.67,-0.008,63.96,805,2,Kiosk,1,1700,220,700
2024-06-10,Kerala,10.8505,76.2711,0,6,0,38.8,0,542.34,0.798,70.5,1563,2,Agent,6,1700,220,700
2025-07-31,Agra,27.1767,78.0081,0,7,3,35.0,0,284.5,0.184,59.81,792,2,App,32,1300,150,550
2024-12-18,Andaman,11.7401,92.6586,0,12,2,19.1,0,205.48,-0.299,99.81,489,2,Web,10,900,120,300
2024-04-13,Kerala,10.8505,76.2711,1,4,5,34.9,0,116.01,1.0,67.25,1211,2,Web,1,1700,220,700
2024-01-31,Agra,27.1767,78.0081,0,1,2,18.0,0,204.15,0.307,64.35,785,3,App,6,1300,150,550
2024-02-23,Varanasi,25.3176,82.9739,0,2,4,20.5,1,429.45,0.37,54.21,682,3,Web,6,1400,160,500
2025-03-11,Jaipur,26.9124,75.7873,0,3,1,26.8,0,991.54,-0.336,59.24,1392,3,Kiosk,8,1500,180,600
2024-07-23,Agra,27.1767,78.0081,0,7,1,36.1,0,225.72,0.065,67.17,777,3,Agent,6,1300,150,550
2024-09-04,Andaman,11.7401,92.6586,0,9,2,28.4,0,143.27,0.463,90.39,281,2,Web,6,900,120,300
2025-03-19,Goa,15.2993,74.124,0,3,2,32.3,0,750.28,-0.245,92.34,1664,1,App,7,2000,250,800
2024-02-10,Goa,15.2993,74.124,1,2,5,24.9,0,588.11,-0.166,88.14,1642,2,Web,55,2000,250,800
2025-05-31,Agra,27.1767,78.0081,1,5,5,34.8,0,109.63,-0.349,63.74,896,2,Web,4,1300,150,550
2025-09-18,Goa,15.2993,74.124,0,9,3,29.7,0,712.82,0.746,76.32,915,1,Web,13,2000,250,800
2024-04-03,Agra,27.1767,78.0081,0,4,2,30.6,0,846.02,0.903,53.25,1512,3,App,22,1300,150,550
2025-02-12,Varanasi,25.3176,82.9739,0,2,2,21.4,0,914.82,-0.359,47.07,1035,2,Web,19,1400,160,500
2024-05-03,Jaipur,26.9124,75.7873,0,5,4,35.9,0,102.81,0.109,65.84,911,2,Kiosk,3,1500,180,600
2024-02-17,Goa,15.2993,74.124,1,2,5,26.6,0,108.48,-0.125,74.58,1258,2,Agent,8,2000,250,800
2024-01-10,Varanasi,25.3176,82.9739,0,1,2,19.7,0,67.32,0.094,49.41,663,1,Web,9,1400,160,500
2025-04-28,Kerala,10.8505,76.2711,0,4,0,32.1,0,896.72,-0.132,77.91,1310,1,Agent,2,1700,220,700
2024-05-02,Jaipur,26.9124,75.7873,0,5,3,36.6,0,306.08,-0.779,64.27,1125,2,Web,6,1500,180,600
2024-11-26,Leh,34.1526,77.5771,0,11,1,1.6,0,260.15,-0.843,97.37,305,1,Web,7,600,90,220
2024-10-19,Agra,27.1767,78.0081,1,10,5,22.4,0,601.66,-0.443,60.88,761,2,Web,7,1300,150,550
2024-01-14,Varanasi,25.3176,82.9739,1,1,6,18.1,0,473.81,-0.039,56.23,1253,2,App,1,1400,160,500
2024-10-14,Kerala,10.8505,76.2711,0,10,0,24.2,0,428.78,0.541,69.42,996,2,App,21,1700,220,700
2024-04-20,Kerala,10.8505,76.2711,1,4,5,33.9,0,622.53,0.635,62.87,1665,2,Kiosk,10,1700,220,700
2024-05-26,Leh,34.1526,77.5771,1,5,6,19.1,0,231.92,0.005,112.52,429,3,Kiosk,1,600,90,220
2025-04-29,Andaman,11.7401,92.6586,0,4,1,32.1,0,816.78,0.525,95.37,833,3,Web,5,900,120,300
2024-03-13,Kerala,10.8505,76.2711,0,3,2,29.9,0,1546.06,-0.17,73.28,2252,2,Web,1,1700,220,700
2024-03-01,Goa,15.2993,74.124,0,3,4,29.0,0,429.59,1.0,86.02,1680,3,App,2,2000,250,800
2024-06-19,Agra,27.1767,78.0081,0,6,2,36.8,0,395.07,-0.024,64.79,553,3,Web,4,1300,150,550
2025-04-28,Goa,15.2993,74.124,0,4,0,35.4,0,218.48,-0.316,74.94,1105,3,Web,16,2000,250,800
2024-04-19,Jaipur,26.9124,75.7873,0,4,4,33.1,0,159.34,-0.573,71.6,732,3,Web,9,1500,180,600
2025-06-05,Varanasi,25.3176,82.9739,0,6,3,36.2,0,603.19,-0.446,48.87,1101,2,App,1,1400,160,500
2025-09-18,Varanasi,25.3176,82.9739,0,9,3,26.3,0,570.01,0.589,56.4,623,2,Kiosk,11,1400,160,500
2025-05-29,Goa,15.2993,74.124,0,5,3,36.4,0,426.82,-0.605,81.77,1208,1,App,17,2000,250,800
2025-03-24,Kerala,10.8505,76.2711,0,3,0,29.4,0,210.73,0.256,62.19,1163,2,Kiosk,7,1700,220,700
2024-07-27,Agra,27.1767,78.0081,1,7,5,35.7,0,177.45,-0.41,61.23,902,2,Agent,19,1300,150,550
2024-12-15,Leh,34.1526,77.5771,1,12,6,0.8,0,62.7,-0.531,93.75,299,3,App,15,600,90,220
2025-04-30,Varanasi,25.3176,82.9739,0,4,2,31.8,0,282.51,0.464,59.01,1127,2,Kiosk,15,1400,160,500
2024-06-30,Jaipur,26.9124,75.7873,1,6,6,38.6,1,342.2,-0.543,65.29,1142,3,Agent,4,1500,180,600
2024-04-07,Andaman,11.7401,92.6586,1,4,6,32.2,0,476.63,-0.571,90.65,756,2,Agent,26,900,120,300
2024-09-05,Andaman,11.7401,92.6586,0,9,3,28.1,0,160.58,0.521,93.82,391,3,App,2,900,120,300
2024-10-18,Manali,32.2432,77.1892,0,10,4,8.4,0,382.1,0.744,67.04,574,3,Agent,18,1200,140,450
2025-02-12,Agra,27.1767,78.0081,0,2,2,21.3,1,529.63,0.007,59.23,808,2,Kiosk,11,1300,150,550
2024-09-23,Manali,32.2432,77.1892,0,9,0,16.2,1,510.98,-0.482,67.9,478,2,Agent,4,1200,140,450
2025-09-26,Kerala,10.8505,76.2711,0,9,4,30.6,1,222.72,0.221,64.81,650,2,Web,10,1700,220,700
2025-01-21,Agra,27.1767,78.0081,0,1,1,18.5,1,956.59,0.357,51.68,1069,1,Kiosk,15,1300,150,550
2024-11-02,Agra,27.1767,78.0081,1,11,5,18.7,0,69.84,0.435,52.77,720,3,Agent,5,1300,150,550
2025-01-17,Leh,34.1526,77.5771,0,1,4,-0.4,0,358.35,0.193,96.52,376,2,Web,5,600,90,220
2024-01-11,Kerala,10.8505,76.2711,0,1,3,19.3,0,189.65,0.2,67.01,1314,1,App,7,1700,220,700
2024-10-24,Kerala,10.8505,76.2711,0,10,3,23.0,0,391.63,-0.415,73.76,1241,3,Kiosk,1,1700,220,700
2024-01-18,Kerala,10.8505,76.2711,0,1,3,20.8,0,276.58,-0.922,79.58,1160,3,App,16,1700,220,700
2025-08-04,Manali,32.2432,77.1892,0,8,0,20.6,0,159.33,0.139,77.86,625,3,Kiosk,10,1200,140,450
2024-10-27,Kerala,10.8505,76.2711,1,10,6,25.4,0,180.69,-0.084,69.03,806,2,Web,5,1700,220,700
2025-01-27,Agra,27.1767,78.0081,0,1,0,19.4,0,348.9,0.054,53.02,882,3,Agent,3,1300,150,550
2024-02-29,Varanasi,25.3176,82.9739,0,2,3,20.6,0,292.82,0.386,59.28,889,2,Agent,12,1400,160,500
2024-03-13,Andaman,11.7401,92.6586,0,3,2,27.4,0,1135.45,1.0,97.59,1038,2,Agent,8,900,120,300
2025-05-16,Goa,15.2993,74.124,0,5,4,38.2,0,16.64,-0.115,85.55,1096,2,Agent,7,2000,250,800
2024-05-14,Leh,34.1526,77.5771,0,5,1,19.0,0,341.56,-0.155,111.68,343,2,Agent,11,600,90,220
2025-04-25,Andaman,11.7401,92.6586,0,4,4,33.5,0,288.85,-0.754,103.95,471,1,Agent,6,900,120,300
2024-08-05,Goa,15.2993,74.124,0,8,0,34.0,0,382.36,0.506,84.41,1165,1,App,28,2000,250,800
2024-10-22,Agra,27.1767,78.0081,0,10,1,21.2,0,637.37,0.066,53.85,829,3,App,3,1300,150,550
2024-07-14,Leh,34.1526,77.5771,1,7,6,18.7,0,355.59,0.454,97.65,531,1,App,18,600,90,220
2025-03-15,Agra,27.1767,78.0081,1,3,5,27.2,0,1017.66,0.277,49.83,1430,1,Web,21,1300,150,550
2025-09-10,Kerala,10.8505,76.2711,0,9,2,25.9,0,212.02,0.43,67.87,707,2,App,15,1700,220,700
2025-05-29,Leh,34.1526,77.5771,0,5,3,17.1,0,263.21,0.701,101.62,323,3,Kiosk,8,600,90,220
2024-04-08,Leh,34.1526,77.5771,0,4,0,13.5,0,341.97,0.033,102.8,458,2,Web,4,600,90,220
2024-08-31,Goa,15.2993,74.124,1,8,5,34.6,0,52.98,-0.767,88.86,591,3,App,4,2000,250,800
2025-05-02,Kerala,10.8505,76.2711,0,5,4,37.2,0,499.87,-0.433,69.42,1731,2,Kiosk,12,1700,220,700
2024-09-08,Agra,27.1767,78.0081,1,9,6,28.0,0,855.25,0.459,55.7,1059,2,Agent,14,1300,150,550
2024-08-23,Goa,15.2993,74.124,0,8,4,34.1,0,232.59,-0.669,84.09,911,3,Kiosk,22,2000,250,800
2025-08-06,Goa,15.2993,74.124,0,8,2,34.5,0,60.95,0.41,75.69,915,1,Web,27,2000,250,800
2025-06-30,Goa,15.2993,74.124,0,6,0,40.5,1,242.22,0.194,85.21,1073,3,App,9,2000,250,800
2025-04-15,Leh,34.1526,77.5771,0,4,1,13.3,0,216.4,-0.268,107.16,309,3,Agent,8,600,90,220
2025-02-12,Andaman,11.7401,92.6586,0,2,2,23.9,0,193.57,-0.07,95.7,482,2,Agent,8,900,120,300
2025-03-08,Agra,27.1767,78.0081,1,3,5,28.0,0,271.22,0.633,61.02,1154,2,App,19,1300,150,550
2025-04-04,Manali,32.2432,77.1892,0,4,4,19.4,1,104.65,-0.533,80.81,605,3,Agent,8,1200,140,450
2024-07-31,Kerala,10.8505,76.2711,0,7,2,38.2,0,322.21,-1.0,84.54,957,3,App,19,1700,220,700
2025-01-07,Jaipur,26.9124,75.7873,0,1,1,19.0,0,483.45,0.017,65.76,960,1,Kiosk,33,1500,180,600
2024-07-14,Kerala,10.8505,76.2711,1,7,6,38.1,0,118.97,0.026,75.37,1407,2,Kiosk,3,1700,220,700
2025-03-20,Leh,34.1526,77.5771,0,3,3,10.9,0,465.47,-0.3,104.99,413,2,Kiosk,14,600,90,220
2024-10-01,Kerala,10.8505,76.2711,0,10,1,23.9,0,568.76,-0.076,68.71,1238,2,Agent,4,1700,220,700
2024-03-12,Jaipur,26.9124,75.7873,0,3,1,28.4,1,437.98,-0.285,77.91,1204,3,Web,10,1500,180,600
2025-05-18,Jaipur,26.9124,75.7873,1,5,6,37.0,0,484.28,0.391,72.12,1409,3,Agent,12,1500,180,600
2025-05-26,Varanasi,25.3176,82.9739,0,5,0,34.9,0,602.87,0.617,56.37,1332,2,Web,7,1400,160,500
2024-07-29,Manali,32.2432,77.1892,0,7,0,24.5,0,441.16,0.393,72.94,750,2,Kiosk,14,1200,140,450
2025-09-21,Agra,27.1767,78.0081,1,9,6,28.4,0,857.69,0.397,58.21,665,2,Kiosk,14,1300,150,550
2025-08-10,Goa,15.2993,74.124,1,8,6,36.0,0,255.35,1.0,71.44,1300,2,Agent,2,2000,250,800
2025-01-16,Kerala,10.8505,76.2711,0,1,3,20.1,0,396.63,0.911,63.34,1388,2,Web,21,1700,220,700
2024-11-23,Leh,34.1526,77.5771,1,11,5,1.7,0,380.69,0.688,94.22,345,2,Web,7,600,90,220
2025-08-07,Varanasi,25.3176,82.9739,0,8,3,30.8,0,147.68,-0.552,53.87,785,2,Web,7,1400,160,500
2025-01-24,Goa,15.2993,74.124,0,1,4,21.9,0,51.08,0.084,81.99,1132,2,Agent,9,2000,250,800
2025-06-25,Kerala,10.8505,76.2711,0,6,2,39.7,0,184.85,0.421,75.56,1007,1,Kiosk,6,1700,220,700
2024-10-22,Manali,32.2432,77.1892,0,10,1,10.0,0,1158.45,0.019,71.31,1141,2,Agent,2,1200,140,450
2024-11-16,Manali,32.2432,77.1892,1,11,5,6.7,0,161.9,-0.049,75.47,562,2,Agent,11,1200,140,450
2024-10-06,Kerala,10.8505,76.2711,1,10,6,23.5,0,229.89,0.651,63.03,1159,2,Kiosk,3,1700,220,700
2024-08-14,Leh,34.1526,77.5771,0,8,2,14.2,0,582.73,0.414,90.05,512,3,Web,9,600,90,220
2024-08-27,Varanasi,25.3176,82.9739,0,8,1,30.4,0,430.98,-1.0,55.75,642,2,Agent,6,1400,160,500
2024-04-07,Varanasi,25.3176,82.9739,1,4,6,32.1,0,638.31,-0.094,59.21,1324,2,Agent,28,1400,160,500
2025-06-06,Manali,32.2432,77.1892,0,6,4,23.3,0,448.29,-0.135,82.32,927,2,App,14,1200,140,450
2025-06-27,Varanasi,25.3176,82.9739,0,6,4,35.5,1,226.38,-1.0,60.6,662,3,Agent,11,1400,160,500
2025-01-02,Andaman,11.7401,92.6586,0,1,3,18.6,0,340.32,0.12,95.44,529,3,Agent,13,900,120,300
2024-10-29,Jaipur,26.9124,75.7873,0,10,1,21.3,0,229.23,0.36,67.4,681,2,Web,11,1500,180,600
2025-09-15,Kerala,10.8505,76.2711,0,9,0,28.5,0,189.03,-0.52,59.1,816,1,Kiosk,12,1700,220,700
2024-12-12,Varanasi,25.3176,82.9739,0,12,3,19.1,0,1198.36,-0.698,56.47,1332,3,App,4,1400,160,500
2025-02-21,Kerala,10.8505,76.2711,0,2,4,25.5,0,483.0,-0.164,67.11,1157,3,Kiosk,9,1700,220,700
2024-12-22,Agra,27.1767,78.0081,1,12,6,18.2,0,206.49,-0.282,63.83,694,3,Agent,9,1300,150,550
2024-12-30,Goa,15.2993,74.124,0,12,0,21.9,0,61.7,0.636,71.91,996,2,Web,6,2000,250,800
2025-09-08,Andaman,11.7401,92.6586,0,9,0,31.4,0,414.14,0.471,90.29,426,2,Agent,6,900,120,300
2024-02-11,Andaman,11.7401,92.6586,1,2,6,23.0,0,467.79,0.006,96.12,696,2,Web,5,900,120,300
2025-03-26,Agra,27.1767,78.0081,0,3,2,28.2,0,534.63,-0.138,54.4,1019,2,Kiosk,24,1300,150,550
2024-03-31,Leh,34.1526,77.5771,1,3,6,11.1,0,648.92,0.977,93.79,545,3,Kiosk,5,600,90,220
2024-01-07,Varanasi,25.3176,82.9739,1,1,6,19.1,0,578.09,0.105,47.7,1861,3,Web,9,1400,160,500
2025-04-22,Kerala,10.8505,76.2711,0,4,1,33.6,0,278.98,-0.435,68.99,1076,3,Web,5,1700,220,700
2024-06-06,Varanasi,25.3176,82.9739,0,6,3,37.0,0,557.34,0.211,54.58,970,2,App,3,1400,160,500
2025-09-18,Agra,27.1767,78.0081,0,9,3,25.9,0,546.86,-0.312,54.81,567,3,Kiosk,9,1300,150,550
2025-06-03,Varanasi,25.3176,82.9739,0,6,1,37.1,0,293.66,0.774,51.82,835,2,Agent,9,1400,160,500
2025-09-04,Goa,15.2993,74.124,0,9,3,28.3,0,126.95,-0.282,74.81,882,2,Kiosk,1,2000,250,800
2024-07-22,Agra,27.1767,78.0081,0,7,0,35.1,0,154.0,0.449,54.61,588,3,Agent,1,1300,150,550
2024-05-17,Varanasi,25.3176,82.9739,0,5,4,38.6,0,101.84,0.453,51.65,717,3,Web,5,1400,160,500
2024-01-22,Manali,32.2432,77.1892,0,1,0,5.5,0,283.6,-0.069,76.54,633,3,Kiosk,22,1200,140,450
2024-09-06,Agra,27.1767,78.0081,0,9,4,26.7,0,472.82,0.427,54.91,720,1,Kiosk,5,1300,150,550
2024-05-19,Manali,32.2432,77.1892,1,5,6,22.5,0,518.07,0.188,80.74,772,2,Agent,9,1200,140,450
2025-06-24,Manali,32.2432,77.1892,0,6,1,24.0,0,141.23,-0.048,69.57,797,1,Agent,4,1200,140,450
2024-10-27,Manali,32.2432,77.1892,1,10,6,8.9,0,395.08,0.858,78.06,900,1,Web,10,1200,140,450
2024-05-15,Jaipur,26.9124,75.7873,0,5,2,36.6,0,474.34,-0.562,71.8,1246,2,Kiosk,1,1500,180,600
2024-03-20,Leh,34.1526,77.5771,0,3,2,10.9,0,517.1,0.809,104.1,341,2,Agent,2,600,90,220
2024-03-06,Andaman,11.7401,92.6586,0,3,2,27.7,0,195.86,-0.553,94.78,443,1,Agent,7,900,120,300
2025-04-17,Leh,34.1526,77.5771,0,4,3,15.2,0,487.18,0.297,97.9,315,3,Agent,6,600,90,220
2024-11-02,Jaipur,26.9124,75.7873,1,11,5,20.1,0,653.18,-0.078,64.25,1149,1,Kiosk,9,1500,180,600
2024-08-06,Leh,34.1526,77.5771,0,8,1,16.9,1,329.62,0.044,98.25,423,2,Web,9,600,90,220
2025-02-21,Jaipur,26.9124,75.7873,0,2,4,23.2,0,164.93,0.174,63.63,629,3,Kiosk,4,1500,180,600
2025-02-28,Leh,34.1526,77.5771,0,2,4,2.6,0,353.99,0.608,100.81,311,2,Agent,7,600,90,220
2024-08-01,Agra,27.1767,78.0081,0,8,3,32.0,0,1274.19,-0.257,62.93,1149,2,Agent,24,1300,150,550
2024-02-29,Goa,15.2993,74.124,0,2,3,23.0,0,380.83,0.726,82.58,1252,1,Agent,10,2000,250,800
2024-10-25,Leh,34.1526,77.5771,0,10,4,4.2,0,182.83,0.304,92.51,256,2,Kiosk,9,600,90,220
2025-07-29,Varanasi,25.3176,82.9739,0,7,1,34.7,0,424.01,0.174,47.29,1032,2,Agent,2,1400,160,500
2024-09-13,Jaipur,26.9124,75.7873,0,9,4,26.4,0,168.48,0.99,66.68,724,2,App,2,1500,180,600
2024-03-23,Goa,15.2993,74.124,1,3,5,27.7,0,132.22,0.069,88.28,1524,2,App,8,2000,250,800
2025-08-10,Andaman,11.7401,92.6586,1,8,6,31.6,0,186.51,0.795,95.82,309,2,Web,8,900,120,300
2024-07-07,Jaipur,26.9124,75.7873,1,7,6,35.9,0,307.93,0.341,59.78,926,2,Agent,18,1500,180,600
2025-08-16,Goa,15.2993,74.124,1,8,5,35.5,0,656.13,-0.076,77.5,1588,1,Web,17,2000,250,800
2025-09-12,Andaman,11.7401,92.6586,0,9,4,29.2,0,150.37,-0.578,91.3,199,3,Agent,4,900,120,300
2025-01-03,Varanasi,25.3176,82.9739,0,1,4,17.9,0,128.84,0.239,51.95,675,2,Agent,10,1400,160,500
2024-04-16,Leh,34.1526,77.5771,0,4,1,16.4,0,78.25,0.278,101.29,356,1,App,13,600,90,220
2025-04-13,Andaman,11.7401,92.6586,1,4,6,33.6,0,238.59,-0.298,91.92,591,4,App,14,900,120,300
2024-01-11,Varanasi,25.3176,82.9739,0,1,3,18.3,0,279.76,-0.034,49.29,989,2,Web,1,1400,160,500
2024-08-30,Kerala,10.8505,76.2711,0,8,4,33.5,0,568.1,0.179,64.22,1165,2,Kiosk,5,1700,220,700
2024-04-19,Andaman,11.7401,92.6586,0,4,4,33.8,0,334.56,-0.003,93.61,408,2,Web,3,900,120,300
2025-09-22,Agra,27.1767,78.0081,0,9,0,26.7,0,647.68,-1.0,54.99,691,2,App,7,1300,150,550
2024-09-29,Varanasi,25.3176,82.9739,1,9,6,25.0,0,1016.92,0.051,49.6,1020,3,Web,4,1400,160,500
2024-01-08,Varanasi,25.3176,82.9739,0,1,0,18.8,0,226.64,0.335,52.21,778,3,Agent,8,1400,160,500
2025-09-03,Varanasi,25.3176,82.9739,0,9,2,26.3,0,616.34,0.599,55.25,825,3,Agent,23,1400,160,500
2024-03-03,Andaman,11.7401,92.6586,1,3,6,27.8,0,1157.44,0.264,98.9,1010,3,Agent,15,900,120,300
2024-05-01,Leh,34.1526,77.5771,0,5,2,18.7,1,191.1,0.607,94.19,317,2,Agent,12,600,90,220
2024-01-21,Varanasi,25.3176,82.9739,1,1,6,19.1,0,381.72,0.037,56.04,1195,2,Web,11,1400,160,500
2025-02-19,Agra,27.1767,78.0081,0,2,2,22.5,0,192.24,0.475,60.86,643,1,Agent,16,1300,150,550
2025-05-31,Goa,15.2993,74.124,1,5,5,39.4,0,459.34,0.043,82.46,2076,3,Web,16,2000,250,800
2025-09-08,Kerala,10.8505,76.2711,0,9,0,28.5,0,377.39,-0.485,67.88,918,2,Web,18,1700,220,700
2024-08-02,Varanasi,25.3176,82.9739,0,8,4,31.7,0,699.47,0.486,54.94,913,1,Web,13,1400,160,500
2025-04-07,Kerala,10.8505,76.2711,0,4,0,34.4,0,1081.2,1.0,72.98,1817,2,Web,11,1700,220,700
2024-03-18,Kerala,10.8505,76.2711,0,3,0,28.8,0,376.45,0.486,72.08,1527,3,Agent,45,1700,220,700
2025-05-21,Andaman,11.7401,92.6586,0,5,2,36.9,0,520.22,0.003,91.57,604,2,Kiosk,16,900,120,300
2024-11-19,Kerala,10.8505,76.2711,0,11,1,20.4,0,1147.95,0.032,65.46,1538,2,Kiosk,4,1700,220,700
2024-11-20,Leh,34.1526,77.5771,0,11,2,0.4,0,223.15,-1.0,100.87,334,4,Agent,31,600,90,220
2024-05-24,Agra,27.1767,78.0081,0,5,4,35.3,0,160.92,0.056,55.91,839,1,Kiosk,10,1300,150,550
2025-09-12,Manali,32.2432,77.1892,0,9,4,14.1,0,416.57,0.72,74.01,597,2,Agent,8,1200,140,450
2024-05-15,Andaman,11.7401,92.6586,0,5,2,38.9,0,650.71,-0.25,99.27,513,2,Kiosk,19,900,120,300
2025-01-10,Goa,15.2993,74.124,0,1,4,21.1,0,378.13,0.784,82.9,1443,3,Agent,5,2000,250,800
2025-02-16,Manali,32.2432,77.1892,1,2,6,9.9,1,105.36,-0.444,80.3,735,3,Kiosk,7,1200,140,450
2025-03-06,Leh,34.1526,77.5771,0,3,3,12.0,0,66.87,-0.807,108.29,288,1,Kiosk,4,600,90,220
2024-08-24,Goa,15.2993,74.124,1,8,5,35.0,0,293.21,-0.133,87.19,1023,3,Kiosk,11,2000,250,800
2025-09-04,Andaman,11.7401,92.6586,0,9,3,28.4,1,311.25,0.232,89.13,234,2,Web,6,900,120,300
2024-07-23,Leh,34.1526,77.5771,0,7,1,18.5,0,600.66,0.252,96.32,480,2,Kiosk,13,600,90,220
2025-09-23,Jaipur,26.9124,75.7873,0,9,1,27.0,1,657.92,-0.914,63.02,558,1,Agent,3,1500,180,600
2024-10-30,Jaipur,26.9124,75.7873,0,10,2,24.5,0,71.74,0.918,67.76,900,3,Agent,13,1500,180,600
2024-09-14,Kerala,10.8505,76.2711,1,9,5,28.0,0,1048.2,-0.151,64.0,1277,2,App,19,1700,220,700
2025-05-22,Goa,15.2993,74.124,0,5,3,37.1,0,812.01,-0.504,96.17,1104,2,Web,16,2000,250,800
2025-01-26,Manali,32.2432,77.1892,1,1,6,5.2,0,107.31,-0.219,73.37,662,1,Agent,27,1200,140,450
2024-01-11,Andaman,11.7401,92.6586,0,1,3,19.5,0,743.84,0.195,87.36,619,3,Web,9,900,120,300
2024-05-24,Leh,34.1526,77.5771,0,5,4,18.8,0,228.41,-0.211,100.24,334,3,Agent,9,600,90,220
2025-06-17,Jaipur,26.9124,75.7873,0,6,1,38.0,0,345.73,-0.422,68.35,1083,2,Agent,7,1500,180,600
2024-08-06,Jaipur,26.9124,75.7873,0,8,1,32.1,0,266.61,0.561,60.02,687,2,Agent,34,1500,180,600
2025-02-27,Jaipur,26.9124,75.7873,0,2,3,23.9,0,67.77,0.224,63.54,825,3,Kiosk,7,1500,180,600
2025-05-07,Agra,27.1767,78.0081,0,5,2,35.3,0,399.11,-0.024,56.16,759,3,Kiosk,29,1300,150,550
2024-03-18,Varanasi,25.3176,82.9739,0,3,0,25.3,0,412.24,-0.409,56.41,1126,3,Agent,6,1400,160,500
2024-06-27,Jaipur,26.9124,75.7873,0,6,3,39.8,0,409.05,-0.369,62.15,778,2,Kiosk,19,1500,180,600
2025-02-13,Goa,15.2993,74.124,0,2,3,26.2,0,987.95,0.857,81.51,1425,2,Agent,11,2000,250,800
2024-03-12,Agra,27.1767,78.0081,0,3,1,24.9,0,126.88,1.0,60.63,851,2,Kiosk,11,1300,150,550
2024-04-10,Jaipur,26.9124,75.7873,0,4,2,33.6,0,245.99,0.758,66.48,1130,3,Web,13,1500,180,600
2024-09-11,Varanasi,25.3176,82.9739,0,9,2,26.5,0,107.0,-0.51,56.68,580,2,Web,1,1400,160,500
2025-05-09,Jaipur,26.9124,75.7873,0,5,4,36.3,0,89.77,0.576,63.94,951,2,App,9,1500,180,600
2024-09-02,Goa,15.2993,74.124,0,9,0,29.5,0,197.38,-0.113,76.27,691,3,App,5,2000,250,800
2025-04-23,Manali,32.2432,77.1892,0,4,2,20.8,0,733.99,0.676,90.13,949,1,App,6,1200,140,450
2024-04-13,Manali,32.2432,77.1892,1,4,5,21.0,0,413.6,0.067,69.53,935,2,Kiosk,9,1200,140,450
2025-06-04,Agra,27.1767,78.0081,0,6,2,37.3,1,365.52,-0.16,64.04,701,4,Web,21,1300,150,550
2024-12-27,Manali,32.2432,77.1892,0,12,4,6.3,0,63.85,0.664,71.32,589,2,Agent,3,1200,140,450
2024-03-22,Varanasi,25.3176,82.9739,0,3,4,28.6,0,545.69,-0.247,52.41,1022,2,Kiosk,3,1400,160,500
2024-05-21,Manali,32.2432,77.1892,0,5,1,24.8,1,81.52,0.03,80.69,567,3,Kiosk,4,1200,140,450
2024-05-21,Goa,15.2993,74.124,0,5,1,37.9,0,470.54,0.206,89.83,1469,3,Agent,23,2000,250,800
2025-03-28,Kerala,10.8505,76.2711,0,3,4,29.1,0,593.3,0.3,73.68,1105,2,Web,11,1700,220,700
2025-05-02,Agra,27.1767,78.0081,0,5,4,35.4,0,605.48,0.843,57.84,1194,1,Kiosk,7,1300,150,550
2024-02-04,Jaipur,26.9124,75.7873,1,2,6,22.9,0,573.39,0.359,62.69,1640,1,Web,8,1500,180,600
2025-06-02,Andaman,11.7401,92.6586,0,6,0,39.2,0,496.22,0.102,92.51,508,2,Kiosk,12,900,120,300
2024-10-19,Varanasi,25.3176,82.9739,1,10,5,22.8,0,355.06,0.512,49.89,1220,2,Kiosk,8,1400,160,500
2024-08-15,Leh,34.1526,77.5771,0,8,3,14.7,0,684.31,-0.067,103.12,379,2,Kiosk,14,600,90,220
2025-06-06,Jaipur,26.9124,75.7873,0,6,4,40.4,0,459.49,-0.031,66.3,1272,3,App,4,1500,180,600
2024-07-19,Jaipur,26.9124,75.7873,0,7,4,34.9,1,595.02,-0.384,65.95,872,3,Agent,4,1500,180,600
2025-07-27,Jaipur,26.9124,75.7873,1,7,6,36.5,0,351.42,0.679,65.31,791,2,App,35,1500,180,600
2025-04-03,Leh,34.1526,77.5771,0,4,3,15.7,0,352.74,-0.43,88.42,322,3,Agent,9,600,90,220
2024-01-11,Jaipur,26.9124,75.7873,0,1,3,19.0,0,280.82,0.55,62.73,1036,3,Kiosk,14,1500,180,600
2024-12-22,Jaipur,26.9124,75.7873,1,12,6,18.6,0,174.19,0.536,68.85,1035,2,Agent,20,1500,180,600
2024-04-30,Manali,32.2432,77.1892,0,4,1,19.0,0,451.57,0.102,76.58,631,2,App,7,1200,140,450
2025-05-22,Goa,15.2993,74.124,0,5,3,39.3,1,1004.25,-1.0,78.09,1443,3,App,4,2000,250,800
2024-05-25,Goa,15.2993,74.124,1,5,5,38.0,0,242.57,0.367,81.89,1580,2,Kiosk,12,2000,250,800
2025-09-09,Goa,15.2993,74.124,0,9,1,30.5,0,168.16,-0.557,79.47,632,1,Agent,16,2000,250,800
2025-05-04,Goa,15.2993,74.124,1,5,6,37.6,0,280.62,0.067,92.54,1360,2,Agent,5,2000,250,800
2024-12-17,Varanasi,25.3176,82.9739,0,12,1,18.6,0,873.05,-0.061,55.91,1175,1,App,62,1400,160,500
2024-10-09,Kerala,10.8505,76.2711,0,10,2,21.9,0,415.69,0.046,68.4,1071,3,Agent,16,1700,220,700
2025-07-29,Manali,32.2432,77.1892,0,7,1,23.1,1,186.62,0.2,72.45,587,1,Kiosk,9,1200,140,450
2024-01-20,Andaman,11.7401,92.6586,1,1,5,20.7,0,188.38,0.309,91.87,545,3,Agent,30,900,120,300
2025-03-01,Goa,15.2993,74.124,1,3,5,31.1,0,454.29,1.0,81.93,2033,3,Kiosk,16,2000,250,800
2024-12-15,Manali,32.2432,77.1892,1,12,6,4.9,0,103.88,-0.464,71.58,790,3,Web,19,1200,140,450
2024-03-03,Leh,34.1526,77.5771,1,3,6,9.9,0,72.15,0.277,100.19,341,3,Kiosk,11,600,90,220
2025-07-28,Jaipur,26.9124,75.7873,0,7,0,36.7,0,231.54,-0.106,59.49,1038,3,App,6,1500,180,600
2025-06-27,Agra,27.1767,78.0081,0,6,4,38.3,0,595.4,0.497,57.29,814,3,Web,4,1300,150,550
2024-05-15,Andaman,11.7401,92.6586,0,5,2,37.1,0,119.84,0.57,95.72,532,3,App,6,900,120,300
2025-08-09,Manali,32.2432,77.1892,1,8,5,19.4,0,60.42,-0.027,75.14,769,3,Kiosk,2,1200,140,450
2025-02-12,Agra,27.1767,78.0081,0,2,2,23.3,0,549.92,1.0,55.02,815,3,App,20,1300,150,550
2024-11-22,Manali,32.2432,77.1892,0,11,4,6.1,0,379.53,0.165,76.96,711,2,Web,2,1200,140,450
2024-01-20,Jaipur,26.9124,75.7873,1,1,5,17.5,0,137.64,0.159,67.59,1175,2,Web,4,1500,180,600
2024-03-21,Kerala,10.8505,76.2711,0,3,3,30.5,0,376.48,0.396,73.03,1250,2,Kiosk,8,1700,220,700
2025-05-16,Kerala,10.8505,76.2711,0,5,4,37.6,0,345.97,0.269,62.87,1081,2,App,18,1700,220,700
2024-07-14,Kerala,10.8505,76.2711,1,7,6,38.2,0,893.33,0.196,73.31,1525,2,Kiosk,4,1700,220,700
2025-08-22,Goa,15.2993,74.124,0,8,4,34.5,0,173.44,-0.038,78.62,886,2,Agent,11,2000,250,800
2024-07-05,Goa,15.2993,74.124,0,7,4,39.3,0,392.09,0.023,82.03,1001,2,Kiosk,1,2000,250,800
2025-01-05,Kerala,10.8505,76.2711,1,1,6,21.8,0,230.49,0.309,69.94,1162,2,Agent,11,1700,220,700
2024-07-06,Varanasi,25.3176,82.9739,1,7,5,35.8,0,279.79,-0.073,52.66,1104,2,Agent,11,1400,160,500
2024-09-05,Varanasi,25.3176,82.9739,0,9,3,27.3,0,555.03,0.844,44.68,644,2,Web,22,1400,160,500
2024-03-31,Andaman,11.7401,92.6586,1,3,6,29.0,0,2184.11,0.623,88.19,1331,2,Kiosk,31,900,120,300
2024-03-17,Andaman,11.7401,92.6586,1,3,6,26.9,0,632.41,-0.12,94.69,760,3,Web,15,900,120,300
2025-03-31,Varanasi,25.3176,82.9739,0,3,0,28.5,0,157.85,0.561,57.56,942,3,Kiosk,13,1400,160,500
2025-05-01,Goa,15.2993,74.124,0,5,3,37.1,0,247.98,-0.32,86.33,727,2,Agent,13,2000,250,800
2024-02-16,Agra,27.1767,78.0081,0,2,4,21.4,0,632.35,0.522,55.72,936,1,App,7,1300,150,550
2024-09-14,Andaman,11.7401,92.6586,1,9,5,28.3,1,138.8,0.862,92.23,340,2,Agent,25,900,120,300
2024-09-12,Manali,32.2432,77.1892,0,9,3,16.6,0,191.86,0.18,76.17,551,2,Web,11,1200,140,450
2024-07-01,Agra,27.1767,78.0081,0,7,0,34.6,0,186.63,-0.13,55.07,644,2,Web,6,1300,150,550
2025-03-30,Varanasi,25.3176,82.9739,1,3,6,27.0,0,516.12,-0.06,55.54,1491,2,Web,7,1400,160,500
2024-04-04,Varanasi,25.3176,82.9739,0,4,3,33.1,0,1335.26,0.671,44.02,1278,2,Agent,3,1400,160,500
2024-06-10,Kerala,10.8505,76.2711,0,6,0,39.5,1,107.36,0.553,68.68,883,2,App,20,1700,220,700
2024-01-10,Agra,27.1767,78.0081,0,1,2,16.9,0,587.06,0.886,59.83,1179,3,Web,16,1300,150,550
2025-04-12,Kerala,10.8505,76.2711,1,4,5,33.7,0,321.57,-0.596,75.73,1554,2,Web,2,1700,220,700
2025-04-14,Jaipur,26.9124,75.7873,0,4,0,34.8,0,986.88,-0.267,63.71,1598,4,App,2,1500,180,600
2024-07-09,Jaipur,26.9124,75.7873,0,7,1,37.0,0,721.58,-0.09,57.99,1172,3,Web,18,1500,180,600
2024-08-06,Agra,27.1767,78.0081,0,8,1,32.9,0,105.97,-1.0,60.9,633,3,Kiosk,10,1300,150,550
2024-08-18,Agra,27.1767,78.0081,1,8,6,31.5,0,366.81,0.471,57.35,851,2,Web,26,1300,150,550
2024-04-21,Kerala,10.8505,76.2711,1,4,6,33.5,0,769.88,-0.282,73.36,1840,2,Kiosk,6,1700,220,700
2025-01-14,Varanasi,25.3176,82.9739,0,1,1,18.1,0,631.8,-0.523,44.93,1381,2,Kiosk,5,1400,160,500
2024-11-13,Goa,15.2993,74.124,0,11,2,20.7,0,598.44,-0.555,81.64,1388,2,Web,22,2000,250,800
2024-09-17,Leh,34.1526,77.5771,0,9,1,10.3,0,1047.07,-0.062,91.82,286,3,Web,14,600,90,220
2025-08-27,Varanasi,25.3176,82.9739,0,8,2,32.1,0,1131.7,0.76,55.4,1634,2,Web,9,1400,160,500
2025-06-23,Kerala,10.8505,76.2711,0,6,0,39.5,0,47.47,0.577,73.62,1090,2,App,13,1700,220,700
2025-06-10,Leh,34.1526,77.5771,0,6,1,19.2,0,583.31,-0.932,100.29,671,1,Agent,8,600,90,220
2025-06-07,Varanasi,25.3176,82.9739,1,6,5,37.1,0,335.18,-0.334,55.23,1085,2,Agent,5,1400,160,500
2025-01-07,Kerala,10.8505,76.2711,0,1,1,19.4,0,583.65,0.147,64.29,1641,2,Agent,14,1700,220,700
2024-04-17,Kerala,10.8505,76.2711,0,4,2,35.2,0,222.97,0.494,79.38,945,2,Kiosk,16,1700,220,700
2024-11-02,Jaipur,26.9124,75.7873,1,11,5,20.3,0,226.99,-0.006,67.5,873,2,App,33,1500,180,600
2025-01-20,Manali,32.2432,77.1892,0,1,0,5.3,0,211.52,-0.221,75.57,781,1,App,15,1200,140,450
2024-11-18,Varanasi,25.3176,82.9739,0,11,0,18.5,0,787.3,-0.192,54.78,940,3,Agent,26,1400,160,500
2025-05-02,Andaman,11.7401,92.6586,0,5,4,36.0,0,389.21,-0.329,93.52,632,2,Web,6,900,120,300
2025-03-04,Manali,32.2432,77.1892,0,3,1,16.0,0,577.08,-0.85,74.25,825,3,App,1,1200,140,450
2024-08-19,Goa,15.2993,74.124,0,8,0,34.0,0,92.19,0.19,84.87,974,2,Kiosk,3,2000,250,800
2024-12-20,Goa,15.2993,74.124,0,12,4,19.3,0,176.93,0.257,79.45,1250,2,Web,2,2000,250,800
2024-06-15,Leh,34.1526,77.5771,1,6,5,21.8,0,213.72,-0.136,94.65,490,2,Kiosk,8,600,90,220
2024-06-27,Varanasi,25.3176,82.9739,0,6,3,36.9,0,137.48,0.603,55.23,777,2,Kiosk,18,1400,160,500
2025-07-02,Andaman,11.7401,92.6586,0,7,2,35.4,0,586.82,0.151,99.96,451,2,Agent,5,900,120,300
2024-05-19,Manali,32.2432,77.1892,1,5,6,22.5,0,1646.9,-0.542,82.8,1619,3,Agent,8,1200,140,450
2025-07-02,Kerala,10.8505,76.2711,0,7,2,37.0,0,176.27,0.045,64.75,874,2,Kiosk,6,1700,220,700
2024-03-02,Leh,34.1526,77.5771,1,3,5,9.6,1,199.65,0.314,98.83,314,2,Kiosk,40,600,90,220
2024-08-08,Agra,27.1767,78.0081,0,8,3,32.5,1,214.1,-0.604,56.98,603,1,App,11,1300,150,550
2024-07-31,Andaman,11.7401,92.6586,0,7,2,36.8,0,83.23,-0.364,92.63,346,2,Agent,1,900,120,300
2024-10-13,Agra,27.1767,78.0081,1,10,6,21.2,0,598.34,0.098,53.19,1107,2,App,14,1300,150,550
2024-09-05,Goa,15.2993,74.124,0,9,3,31.8,0,358.12,0.391,76.74,964,1,App,9,2000,250,800
2025-05-27,Agra,27.1767,78.0081,0,5,1,34.9,0,383.02,0.177,55.82,776,3,App,37,1300,150,550
2024-08-22,Jaipur,26.9124,75.7873,0,8,3,32.2,1,468.75,-0.05,65.5,810,2,Web,11,1500,180,600
2024-08-09,Varanasi,25.3176,82.9739,0,8,4,33.2,0,656.35,-0.406,53.84,960,1,Web,13,1400,160,500
2025-02-20,Varanasi,25.3176,82.9739,0,2,3,20.6,0,396.19,-0.743,61.87,819,2,Kiosk,9,1400,160,500
2024-10-17,Manali,32.2432,77.1892,0,10,3,11.2,0,137.24,-0.584,76.5,439,2,Agent,18,1200,140,450
2024-04-11,Manali,32.2432,77.1892,0,4,3,20.5,0,85.18,0.289,65.18,705,3,Kiosk,12,1200,140,450
2024-08-26,Leh,34.1526,77.5771,0,8,0,14.8,0,256.48,0.837,98.2,312,2,Kiosk,7,600,90,220
2024-06-14,Agra,27.1767,78.0081,0,6,4,38.8,0,227.96,0.404,61.61,975,2,Agent,15,1300,150,550
2024-02-19,Leh,34.1526,77.5771,0,2,0,6.9,0,573.79,0.333,90.27,390,2,Web,15,600,90,220
2025-09-08,Varanasi,25.3176,82.9739,0,9,0,26.3,0,130.7,0.001,57.06,499,2,App,15,1400,160,500
2025-05-25,Goa,15.2993,74.124,1,5,6,38.6,0,633.15,0.294,86.85,2251,1,Agent,9,2000,250,800
2024-02-27,Manali,32.2432,77.1892,0,2,1,10.7,0,1078.3,0.059,74.28,1148,2,Kiosk,11,1200,140,450
2025-04-02,Andaman,11.7401,92.6586,0,4,2,32.6,0,236.27,0.179,90.03,448,1,Web,6,900,120,300
2024-05-24,Varanasi,25.3176,82.9739,0,5,4,37.3,0,495.97,0.888,53.51,843,3,Web,6,1400,160,500
2025-09-20,Manali,32.2432,77.1892,1,9,5,14.8,0,529.21,-0.057,73.82,785,3,Web,11,1200,140,450
2025-07-15,Kerala,10.8505,76.2711,0,7,1,37.6,1,941.49,0.568,61.59,916,1,App,6,1700,220,700
2024-10-27,Goa,15.2993,74.124,1,10,6,24.7,0,241.91,-0.048,73.83,1277,2,App,18,2000,250,800
2024-02-09,Varanasi,25.3176,82.9739,0,2,4,21.6,0,729.95,0.082,42.44,974,3,App,17,1400,160,500
2025-04-21,Kerala,10.8505,76.2711,0,4,0,35.2,0,63.98,0.069,73.71,1125,3,Kiosk,3,1700,220,700
2024-08-28,Andaman,11.7401,92.6586,0,8,2,34.3,0,337.09,0.139,90.08,333,2,Web,7,900,120,300
2025-07-23,Agra,27.1767,78.0081,0,7,2,36.2,0,41.56,1.0,55.57,496,2,Web,21,1300,150,550
2025-09-08,Varanasi,25.3176,82.9739,0,9,0,27.0,0,537.87,-0.775,53.08,773,3,App,14,1400,160,500
2024-08-27,Andaman,11.7401,92.6586,0,8,1,33.2,0,142.46,0.614,91.02,248,2,App,20,900,120,300
2025-01-01,Agra,27.1767,78.0081,0,1,2,17.3,0,367.25,-1.0,55.62,941,2,App,19,1300,150,550
2025-02-20,Andaman,11.7401,92.6586,0,2,3,21.6,1,149.08,-0.768,94.22,426,2,Web,12,900,120,300
2024-06-12,Varanasi,25.3176,82.9739,0,6,2,36.7,0,48.93,-0.152,52.81,746,3,Web,8,1400,160,500
2024-09-02,Agra,27.1767,78.0081,0,9,0,29.1,0,64.73,-0.445,55.69,472,1,Agent,17,1300,150,550
2025-09-13,Varanasi,25.3176,82.9739,1,9,5,26.3,1,730.72,-0.375,51.27,902,1,Agent,25,1400,160,500
2024-02-15,Agra,27.1767,78.0081,0,2,3,22.3,0,449.57,0.741,55.34,628,1,Web,15,1300,150,550
2024-11-29,Manali,32.2432,77.1892,0,11,4,5.4,0,269.67,0.11,71.67,576,2,Kiosk,2,1200,140,450
2025-05-27,Agra,27.1767,78.0081,0,5,1,35.6,0,534.08,-0.032,58.18,1143,4,Web,4,1300,150,550
2024-01-19,Goa,15.2993,74.124,0,1,4,21.4,0,627.9,-0.531,82.49,1398,2,App,1,2000,250,800
2024-02-29,Goa,15.2993,74.124,0,2,3,25.9,0,173.68,0.85,84.08,1151,3,Web,16,2000,250,800
2024-05-31,Kerala,10.8505,76.2711,0,5,4,36.4,0,217.87,-0.272,68.66,891,2,Agent,14,1700,220,700
2024-11-10,Goa,15.2993,74.124,1,11,6,21.4,0,255.5,1.0,82.22,1464,3,App,13,2000,250,800
2025-08-01,Manali,32.2432,77.1892,0,8,4,19.9,0,282.93,-0.442,75.15,826,2,Kiosk,9,1200,140,450
2024-11-19,Jaipur,26.9124,75.7873,0,11,1,20.0,1,664.46,0.764,61.49,804,2,Kiosk,5,1500,180,600
2024-04-07,Manali,32.2432,77.1892,1,4,6,19.0,0,109.6,-0.037,69.79,890,3,Kiosk,12,1200,140,450
2024-06-09,Varanasi,25.3176,82.9739,1,6,6,37.0,0,217.41,0.367,48.38,1118,3,App,14,1400,160,500
2025-04-02,Agra,27.1767,78.0081,0,4,2,32.2,0,736.77,0.053,64.8,1615,1,Kiosk,10,1300,150,550
2024-02-13,Goa,15.2993,74.124,0,2,1,25.1,0,234.51,0.946,73.57,1307,2,Web,15,2000,250,800
2024-06-06,Andaman,11.7401,92.6586,0,6,3,37.3,0,1343.96,-0.316,90.5,686,1,Kiosk,14,900,120,300
2024-01-31,Agra,27.1767,78.0081,0,1,2,18.3,0,286.12,0.735,54.06,976,2,App,19,1300,150,550
2024-07-25,Varanasi,25.3176,82.9739,0,7,3,37.1,0,236.53,0.673,49.48,816,2,App,19,1400,160,500
2025-09-11,Leh,34.1526,77.5771,0,9,3,10.3,0,70.51,0.936,97.96,200,3,App,7,600,90,220
2024-12-09,Manali,32.2432,77.1892,0,12,0,4.5,0,173.85,-0.079,73.47,524,2,Agent,19,1200,140,450
2024-08-14,Agra,27.1767,78.0081,0,8,2,31.3,0,102.84,0.138,52.73,625,2,Kiosk,5,1300,150,550
2024-03-19,Andaman,11.7401,92.6586,0,3,1,28.9,0,111.86,0.851,96.6,394,1,Kiosk,10,900,120,300
2025-01-29,Varanasi,25.3176,82.9739,0,1,2,18.7,0,336.17,0.491,48.8,967,2,Agent,6,1400,160,500
2024-12-06,Agra,27.1767,78.0081,0,12,4,17.1,0,211.85,-0.082,47.92,618,1,Kiosk,11,1300,150,550
2024-06-18,Kerala,10.8505,76.2711,0,6,1,39.6,0,439.62,-0.331,70.99,1182,3,App,8,1700,220,700
2025-04-03,Kerala,10.8505,76.2711,0,4,3,34.0,0,773.06,-0.18,75.53,2126,1,Web,18,1700,220,700
2025-04-05,Varanasi,25.3176,82.9739,1,4,5,31.1,0,662.75,-0.122,50.54,1552,1,Kiosk,1,1400,160,500
2024-02-17,Agra,27.1767,78.0081,1,2,5,23.2,0,235.66,-0.201,54.74,1038,2,Agent,14,1300,150,550
2025-06-23,Andaman,11.7401,92.6586,0,6,0,37.2,0,456.66,-0.186,88.57,448,2,App,7,900,120,300
2025-03-07,Kerala,10.8505,76.2711,0,3,4,27.8,0,220.24,0.01,73.13,1225,2,Kiosk,26,1700,220,700
2025-01-20,Goa,15.2993,74.124,0,1,0,20.8,0,200.78,-0.004,77.07,1191,2,App,5,2000,250,800
2024-06-01,Varanasi,25.3176,82.9739,1,6,5,37.5,0,113.39,0.747,53.3,917,2,Web,1,1400,160,500
2025-03-25,Andaman,11.7401,92.6586,0,3,1,29.5,0,244.65,-0.139,92.15,517,2,Kiosk,15,900,120,300
2024-11-26,Andaman,11.7401,92.6586,0,11,1,20.7,0,431.99,0.484,87.48,524,3,Web,22,900,120,300
2024-01-09,Leh,34.1526,77.5771,0,1,1,0.5,0,336.5,0.701,90.2,277,2,Agent,12,600,90,220
2024-04-28,Manali,32.2432,77.1892,1,4,6,22.2,0,421.43,-0.149,76.01,796,2,Kiosk,22,1200,140,450
2025-04-17,Kerala,10.8505,76.2711,0,4,3,35.2,0,171.08,0.852,66.39,1193,2,Kiosk,16,1700,220,700
2025-01-22,Manali,32.2432,77.1892,0,1,2,7.9,0,479.79,0.417,67.05,845,2,App,13,1200,140,450
2025-05-24,Kerala,10.8505,76.2711,1,5,5,37.2,0,241.04,0.401,62.35,1353,3,App,3,1700,220,700
2024-03-03,Goa,15.2993,74.124,1,3,6,30.5,0,317.62,0.135,94.32,1241,3,Kiosk,3,2000,250,800
2024-02-20,Jaipur,26.9124,75.7873,0,2,1,24.8,0,733.33,0.734,58.46,1036,1,Web,1,1500,180,600
2024-09-10,Varanasi,25.3176,82.9739,0,9,1,26.4,0,16.56,0.863,49.49,544,1,Kiosk,14,1400,160,500
2025-09-22,Leh,34.1526,77.5771,0,9,0,10.0,0,377.67,-0.541,103.83,247,2,App,14,600,90,220
2025-08-22,Goa,15.2993,74.124,0,8,4,34.4,1,171.22,-0.442,78.24,643,4,App,13,2000,250,800
2024-10-11,Kerala,10.8505,76.2711,0,10,4,24.2,0,904.09,-0.7,66.41,1478,1,App,7,1700,220,700
2024-04-16,Agra,27.1767,78.0081,0,4,1,31.7,0,82.48,-0.018,57.24,787,3,Web,5,1300,150,550
2025-03-26,Agra,27.1767,78.0081,0,3,2,28.3,0,356.25,0.61,55.35,688,2,Agent,24,1300,150,550
2024-03-31,Goa,15.2993,74.124,1,3,6,31.6,0,435.05,0.849,84.06,1523,3,Kiosk,4,2000,250,800
2024-09-23,Agra,27.1767,78.0081,0,9,0,27.2,0,794.23,0.516,55.2,965,2,App,7,1300,150,550
2024-02-21,Leh,34.1526,77.5771,0,2,2,3.4,0,413.97,-0.941,108.47,361,2,Web,16,600,90,220
2024-08-24,Agra,27.1767,78.0081,1,8,5,31.5,0,61.87,0.554,63.97,638,2,Kiosk,5,1300,150,550
2024-04-16,Andaman,11.7401,92.6586,0,4,1,31.2,0,264.87,-0.043,83.39,537,1,Agent,8,900,120,300
2024-11-03,Manali,32.2432,77.1892,1,11,6,6.0,0,492.41,0.175,63.27,843,3,Kiosk,8,1200,140,450
2025-06-14,Goa,15.2993,74.124,1,6,5,40.5,1,83.75,-0.229,75.21,984,2,Agent,12,2000,250,800
2024-12-03,Leh,34.1526,77.5771,0,12,1,-1.6,0,202.75,-0.71,89.35,253,2,Kiosk,11,600,90,220
2025-06-18,Andaman,11.7401,92.6586,0,6,2,38.5,1,406.77,0.322,93.23,583,2,Kiosk,17,900,120,300
2024-12-29,Agra,27.1767,78.0081,1,12,6,16.8,0,266.08,0.7,45.46,952,2,Kiosk,7,1300,150,550
2024-03-11,Goa,15.2993,74.124,0,3,0,27.6,0,110.73,0.77,81.64,981,3,Kiosk,22,2000,250,800
2025-06-17,Manali,32.2432,77.1892,0,6,1,24.1,0,64.1,0.255,77.92,870,2,Kiosk,6,1200,140,450
2025-01-04,Manali,32.2432,77.1892,1,1,5,6.5,0,141.66,0.146,66.17,762,1,Agent,12,1200,140,450
2024-08-24,Kerala,10.8505,76.2711,1,8,5,33.5,0,573.95,0.383,65.65,881,1,App,6,1700,220,700
2024-04-12,Varanasi,25.3176,82.9739,0,4,4,33.0,0,529.49,-0.278,59.7,936,1,Web,19,1400,160,500
2024-07-23,Leh,34.1526,77.5771,0,7,1,18.2,0,501.06,0.569,101.43,386,2,Web,11,600,90,220
2025-05-07,Kerala,10.8505,76.2711,0,5,2,36.8,0,151.91,0.021,56.17,1058,2,App,15,1700,220,700
2024-07-02,Kerala,10.8505,76.2711,0,7,1,38.1,0,45.06,1.0,74.27,716,2,Web,13,1700,220,700
2024-04-15,Goa,15.2993,74.124,0,4,0,36.2,0,1094.95,0.239,88.14,1988,3,Web,6,2000,250,800
2024-01-23,Manali,32.2432,77.1892,0,1,1,6.3,0,616.23,0.442,66.14,1139,2,Web,7,1200,140,450
2025-03-01,Varanasi,25.3176,82.9739,1,3,5,27.5,0,563.23,0.533,51.79,1202,2,Kiosk,6,1400,160,500
2025-09-19,Jaipur,26.9124,75.7873,0,9,4,26.3,1,374.14,0.217,61.28,582,1,Web,5,1500,180,600
2025-04-18,Varanasi,25.3176,82.9739,0,4,4,30.7,1,917.14,0.803,56.63,1598,2,Agent,10,1400,160,500
2024-11-08,Kerala,10.8505,76.2711,0,11,4,19.4,0,256.94,0.271,72.14,724,2,Kiosk,6,1700,220,700
2025-07-21,Goa,15.2993,74.124,0,7,0,36.5,0,107.0,-0.25,81.72,1379,2,Kiosk,26,2000,250,800
2024-12-17,Manali,32.2432,77.1892,0,12,1,5.9,0,585.42,-0.207,71.21,556,4,App,13,1200,140,450
2024-11-05,Agra,27.1767,78.0081,0,11,1,16.8,0,65.93,-0.324,49.79,619,2,Agent,7,1300,150,550
2024-08-29,Jaipur,26.9124,75.7873,0,8,3,32.8,0,714.28,0.22,61.05,1038,2,Web,6,1500,180,600
2024-04-12,Goa,15.2993,74.124,0,4,4,35.8,0,736.19,-0.01,87.53,1683,2,Agent,6,2000,250,800
2024-10-28,Andaman,11.7401,92.6586,0,10,0,23.3,0,186.28,-0.518,88.79,381,1,Agent,13,900,120,300
2024-06-18,Goa,15.2993,74.124,0,6,1,39.6,0,193.25,0.345,84.8,1183,1,Agent,15,2000,250,800
2024-01-29,Kerala,10.8505,76.2711,0,1,0,20.3,0,114.57,0.237,70.52,704,2,App,15,1700,220,700
2024-09-20,Jaipur,26.9124,75.7873,0,9,4,28.2,0,606.99,-0.196,56.16,944,3,Kiosk,4,1500,180,600
2025-09-23,Varanasi,25.3176,82.9739,0,9,1,27.7,0,544.21,0.025,51.08,985,2,App,7,1400,160,500
2024-05-07,Kerala,10.8505,76.2711,0,5,1,38.4,0,657.54,0.764,69.02,1581,3,App,21,1700,220,700
2024-08-26,Jaipur,26.9124,75.7873,0,8,0,30.9,0,1165.81,0.226,56.58,1065,2,Kiosk,29,1500,180,600
2024-04-18,Goa,15.2993,74.124,0,4,3,34.7,0,153.31,0.429,86.73,1642,2,Web,4,2000,250,800
2025-03-27,Manali,32.2432,77.1892,0,3,3,14.5,0,466.82,-0.074,68.97,712,2,Web,14,1200,140,450
2024-10-30,Agra,27.1767,78.0081,0,10,2,21.9,0,384.83,-0.478,53.75,1061,2,App,4,1300,150,550
2024-01-04,Manali,32.2432,77.1892,0,1,3,6.3,0,313.13,-0.291,76.81,604,2,Kiosk,2,1200,140,450
2024-10-10,Varanasi,25.3176,82.9739,0,10,3,24.1,1,238.12,-0.168,52.27,534,2,App,15,1400,160,500
2024-11-02,Varanasi,25.3176,82.9739,1,11,5,18.9,0,626.11,0.804,48.77,1484,2,Kiosk,9,1400,160,500
2025-04-26,Goa,15.2993,74.124,1,4,5,35.8,0,560.88,-0.165,76.55,1273,3,Kiosk,16,2000,250,800
2025-06-30,Manali,32.2432,77.1892,0,6,0,24.8,0,206.28,0.297,75.81,1158,3,App,24,1200,140,450
2025-04-07,Andaman,11.7401,92.6586,0,4,0,33.6,0,365.45,0.162,92.59,526,2,Kiosk,11,900,120,300
2025-08-30,Varanasi,25.3176,82.9739,1,8,5,31.4,0,739.3,-0.262,52.4,1269,3,Kiosk,9,1400,160,500
2024-06-16,Jaipur,26.9124,75.7873,1,6,6,38.2,0,563.48,0.388,52.22,1561,2,App,8,1500,180,600
2024-02-01,Leh,34.1526,77.5771,0,2,3,4.3,0,1483.9,0.598,100.38,610,3,Web,8,600,90,220
2024-10-25,Agra,27.1767,78.0081,0,10,4,23.2,0,910.03,0.137,56.85,1010,1,Agent,16,1300,150,550
2024-08-17,Agra,27.1767,78.0081,1,8,5,30.8,1,144.48,0.117,58.39,569,4,Agent,10,1300,150,550
2025-07-07,Kerala,10.8505,76.2711,0,7,0,37.5,0,360.97,0.534,66.45,842,3,App,27,1700,220,700
2024-06-06,Kerala,10.8505,76.2711,0,6,3,40.3,0,349.9,0.086,72.69,1403,1,Web,7,1700,220,700
2024-11-09,Manali,32.2432,77.1892,1,11,5,6.4,0,794.14,-0.038,65.64,951,3,Agent,12,1200,140,450
2025-09-20,Agra,27.1767,78.0081,1,9,5,25.9,0,93.02,0.361,45.77,531,2,Agent,6,1300,150,550
2025-07-21,Manali,32.2432,77.1892,0,7,0,25.1,0,373.75,0.632,72.74,712,2,App,13,1200,140,450
2024-06-13,Kerala,10.8505,76.2711,0,6,3,38.2,0,1696.47,0.436,72.24,2129,2,Web,29,1700,220,700
2024-12-14,Varanasi,25.3176,82.9739,1,12,5,17.0,0,209.66,0.431,53.36,969,2,Agent,35,1400,160,500
2024-02-26,Agra,27.1767,78.0081,0,2,0,22.1,0,190.35,-0.313,74.03,808,1,Web,20,1300,150,550
2024-11-02,Varanasi,25.3176,82.9739,1,11,5,16.4,0,508.59,-0.033,53.37,932,2,Kiosk,7,1400,160,500
2024-11-23,Kerala,10.8505,76.2711,1,11,5,21.6,0,580.39,-0.252,72.26,1187,3,Kiosk,17,1700,220,700
2024-12-04,Goa,15.2993,74.124,0,12,2,20.5,0,266.34,0.029,84.86,1192,3,Agent,31,2000,250,800
2025-06-27,Jaipur,26.9124,75.7873,0,6,4,37.2,0,383.06,0.941,58.31,1000,1,App,21,1500,180,600
2024-06-22,Leh,34.1526,77.5771,1,6,5,19.2,0,437.41,0.745,97.73,765,2,Agent,29,600,90,220
2024-12-10,Jaipur,26.9124,75.7873,0,12,1,17.9,0,242.02,-0.605,56.18,682,2,App,11,1500,180,600
2025-03-06,Kerala,10.8505,76.2711,0,3,3,28.7,0,271.95,0.923,63.38,1089,2,Web,3,1700,220,700
2025-06-28,Leh,34.1526,77.5771,1,6,5,18.3,1,63.08,-0.895,96.86,366,2,App,2,600,90,220
2025-09-20,Kerala,10.8505,76.2711,1,9,5,28.9,0,453.83,0.377,72.76,1157,2,Web,17,1700,220,700
2025-01-04,Leh,34.1526,77.5771,1,1,5,2.6,0,200.95,0.949,107.19,423,2,Kiosk,6,600,90,220
2024-07-26,Manali,32.2432,77.1892,0,7,4,23.3,0,369.72,0.629,78.16,834,2,Agent,6,1200,140,450
2025-02-17,Leh,34.1526,77.5771,0,2,0,6.5,0,407.87,-0.365,91.16,361,1,Agent,17,600,90,220
2024-09-02,Jaipur,26.9124,75.7873,0,9,0,26.8,0,1143.81,0.309,51.6,1185,1,App,1,1500,180,600
2024-03-16,Leh,34.1526,77.5771,1,3,5,10.9,0,960.21,0.721,100.04,585,1,App,12,600,90,220
2024-08-25,Jaipur,26.9124,75.7873,1,8,6,34.0,0,820.96,0.326,68.12,1252,2,App,42,1500,180,600
2025-06-07,Agra,27.1767,78.0081,1,6,5,37.4,1,184.82,-0.047,60.79,695,3,Agent,25,1300,150,550
2024-12-15,Jaipur,26.9124,75.7873,1,12,6,18.9,0,197.85,-0.054,63.36,861,3,Kiosk,22,1500,180,600
2024-01-10,Leh,34.1526,77.5771,0,1,2,2.1,0,335.59,-0.627,96.07,347,3,Web,22,600,90,220
2024-06-16,Goa,15.2993,74.124,1,6,6,39.6,0,301.31,0.068,78.64,1295,2,Kiosk,26,2000,250,800
2025-07-21,Andaman,11.7401,92.6586,0,7,0,37.0,0,701.07,-0.067,101.3,460,3,Kiosk,10,900,120,300
2024-09-21,Agra,27.1767,78.0081,1,9,5,26.0,0,381.5,-0.052,50.3,710,1,Web,13,1300,150,550
2024-03-16,Manali,32.2432,77.1892,1,3,5,15.8,0,461.64,-0.034,72.63,1017,1,Web,9,1200,140,450
2024-10-06,Varanasi,25.3176,82.9739,1,10,6,21.4,0,248.98,0.843,46.69,1111,1,Kiosk,4,1400,160,500
2024-04-26,Andaman,11.7401,92.6586,0,4,4,31.0,0,461.7,-0.316,92.24,479,1,Agent,4,900,120,300
2024-05-04,Manali,32.2432,77.1892,1,5,5,23.8,0,70.88,-0.137,69.28,817,1,App,16,1200,140,450
2025-05-11,Jaipur,26.9124,75.7873,1,5,6,37.2,0,484.87,0.999,60.08,1626,3,App,25,1500,180,600
2024-03-25,Leh,34.1526,77.5771,0,3,0,10.5,0,548.49,0.611,101.85,275,2,Web,11,600,90,220
2024-01-04,Kerala,10.8505,76.2711,0,1,3,18.7,0,434.35,0.602,67.21,1163,2,Web,6,1700,220,700
2025-01-12,Kerala,10.8505,76.2711,1,1,6,21.0,0,484.18,0.286,69.49,1490,2,Agent,1,1700,220,700
2025-03-25,Manali,32.2432,77.1892,0,3,1,14.7,0,397.99,0.402,68.75,943,2,App,14,1200,140,450
2024-11-19,Varanasi,25.3176,82.9739,0,11,1,17.2,0,216.11,-0.241,49.88,842,2,Web,9,1400,160,500
2025-01-04,Andaman,11.7401,92.6586,1,1,5,18.7,0,266.7,-0.294,97.19,480,2,Kiosk,17,900,120,300
2025-09-22,Varanasi,25.3176,82.9739,0,9,0,27.9,0,347.24,0.538,48.17,605,2,App,1,1400,160,500
2025-02-10,Andaman,11.7401,92.6586,0,2,0,23.9,0,198.64,0.407,97.98,361,3,App,12,900,120,300
2024-01-27,Varanasi,25.3176,82.9739,1,1,5,18.4,0,434.73,0.752,45.75,1121,2,Kiosk,8,1400,160,500
2024-07-06,Jaipur,26.9124,75.7873,1,7,5,36.2,0,502.79,-0.458,71.12,1075,3,Kiosk,5,1500,180,600
2024-06-11,Leh,34.1526,77.5771,0,6,1,19.0,0,112.47,-0.218,89.13,385,2,Kiosk,5,600,90,220
2025-04-10,Leh,34.1526,77.5771,0,4,3,16.6,0,516.47,-0.456,99.18,466,3,Kiosk,12,600,90,220
2025-04-02,Varanasi,25.3176,82.9739,0,4,2,33.0,0,1280.82,0.674,53.2,1855,2,Agent,26,1400,160,500
2025-07-21,Jaipur,26.9124,75.7873,0,7,0,36.4,0,329.08,0.45,61.54,995,3,Kiosk,14,1500,180,600
2024-01-20,Kerala,10.8505,76.2711,1,1,5,20.4,1,240.7,-0.286,67.61,1075,3,Web,14,1700,220,700
2025-02-20,Goa,15.2993,74.124,0,2,3,23.2,0,289.59,-0.482,82.72,1033,2,Agent,31,2000,250,800
2024-02-07,Goa,15.2993,74.124,0,2,2,24.1,0,332.55,-0.242,80.4,1302,2,Web,26,2000,250,800
2025-09-01,Agra,27.1767,78.0081,0,9,0,25.8,0,248.3,-0.167,58.23,579,3,Agent,6,1300,150,550
2024-11-18,Leh,34.1526,77.5771,0,11,0,1.7,0,324.2,0.333,90.04,328,2,Agent,15,600,90,220
2025-08-07,Varanasi,25.3176,82.9739,0,8,3,34.5,0,113.94,-0.074,50.63,677,2,App,10,1400,160,500
2024-10-02,Varanasi,25.3176,82.9739,0,10,2,23.2,0,414.98,-0.284,53.81,768,3,Web,1,1400,160,500
2024-11-06,Jaipur,26.9124,75.7873,0,11,2,18.7,0,284.59,-0.017,61.31,871,2,Kiosk,12,1500,180,600
2025-02-05,Goa,15.2993,74.124,0,2,2,24.8,0,751.23,0.452,81.4,1674,2,Web,37,2000,250,800
2024-06-03,Andaman,11.7401,92.6586,0,6,0,40.4,0,458.54,-0.522,89.91,359,3,App,12,900,120,300
2024-01-24,Kerala,10.8505,76.2711,0,1,2,20.0,0,441.51,0.128,71.14,1426,2,Web,12,1700,220,700
2024-05-19,Varanasi,25.3176,82.9739,1,5,6,36.3,0,855.02,0.964,55.75,1616,2,App,5,1400,160,500
2025-06-07,Agra,27.1767,78.0081,1,6,5,36.8,0,273.07,0.395,46.22,1061,2,Kiosk,8,1300,150,550
2025-08-01,Andaman,11.7401,92.6586,0,8,4,31.4,0,251.88,0.322,96.93,399,2,Web,7,900,120,300
2024-10-04,Agra,27.1767,78.0081,0,10,4,22.4,0,636.86,0.027,60.69,853,3,Agent,11,1300,150,550
2025-08-07,Andaman,11.7401,92.6586,0,8,3,32.8,0,326.77,0.111,94.04,360,2,App,12,900,120,300
2024-05-30,Andaman,11.7401,92.6586,0,5,3,37.4,0,418.56,-0.334,93.46,667,1,Kiosk,23,900,120,300
2025-07-02,Goa,15.2993,74.124,0,7,2,38.2,0,339.77,0.746,73.09,981,2,Kiosk,4,2000,250,800
2025-01-08,Agra,27.1767,78.0081,0,1,2,17.5,0,183.04,-0.18,51.13,957,2,Web,7,1300,150,550
2024-05-04,Agra,27.1767,78.0081,1,5,5,34.9,0,476.48,0.237,62.69,1055,2,Agent,7,1300,150,550
2024-07-26,Andaman,11.7401,92.6586,0,7,4,38.1,1,119.39,-0.132,83.94,293,1,Agent,5,900,120,300
2024-07-12,Agra,27.1767,78.0081,0,7,4,34.5,0,210.58,0.168,56.86,828,2,Agent,21,1300,150,550
2024-04-28,Jaipur,26.9124,75.7873,1,4,6,31.8,0,370.48,-0.721,68.06,1384,2,Agent,2,1500,180,600
2025-06-06,Jaipur,26.9124,75.7873,0,6,4,40.5,0,181.53,-0.663,64.56,835,1,Agent,25,1500,180,600
2025-04-26,Andaman,11.7401,92.6586,1,4,5,32.2,0,795.8,1.0,99.68,893,2,Kiosk,19,900,120,300
2024-12-29,Jaipur,26.9124,75.7873,1,12,6,17.6,0,311.55,0.13,68.5,932,2,App,17,1500,180,600
2024-12-22,Kerala,10.8505,76.2711,1,12,6,17.9,0,111.33,0.841,64.24,1053,2,Web,3,1700,220,700
2025-04-06,Andaman,11.7401,92.6586,1,4,6,32.1,0,667.5,0.726,93.36,648,2,Web,21,900,120,300
2024-08-05,Kerala,10.8505,76.2711,0,8,0,34.0,0,319.42,0.507,74.67,893,1,Web,2,1700,220,700
2025-08-10,Jaipur,26.9124,75.7873,1,8,6,34.3,0,210.96,-0.198,63.09,736,2,Agent,7,1500,180,600
2024-10-30,Varanasi,25.3176,82.9739,0,10,2,23.0,0,140.82,0.646,54.17,733,2,Web,9,1400,160,500
2025-06-14,Andaman,11.7401,92.6586,1,6,5,37.2,0,119.07,-1.0,91.68,602,3,App,10,900,120,300
2025-01-05,Manali,32.2432,77.1892,1,1,6,5.0,0,289.27,-1.0,76.98,628,2,Web,25,1200,140,450
2025-05-06,Kerala,10.8505,76.2711,0,5,1,37.2,0,559.61,1.0,84.68,1202,2,Kiosk,20,1700,220,700
2024-04-16,Goa,15.2993,74.124,0,4,1,35.1,0,212.61,0.298,78.83,1207,3,Kiosk,12,2000,250,800
2024-05-09,Manali,32.2432,77.1892,0,5,3,23.5,0,1021.47,-0.139,73.84,1268,2,Web,9,1200,140,450
2024-04-02,Jaipur,26.9124,75.7873,0,4,1,34.6,0,165.29,-0.628,73.35,784,2,Kiosk,2,1500,180,600
2024-08-05,Agra,27.1767,78.0081,0,8,0,31.5,0,859.75,0.911,60.28,822,1,Kiosk,2,1300,150,550
2024-03-03,Manali,32.2432,77.1892,1,3,6,15.3,0,251.74,-0.198,66.1,1019,3,Web,14,1200,140,450
2024-01-05,Agra,27.1767,78.0081,0,1,4,18.2,0,126.39,0.446,68.52,721,2,Web,17,1300,150,550
2025-09-21,Agra,27.1767,78.0081,1,9,6,24.4,0,23.18,-0.235,56.74,447,2,App,17,1300,150,550
2024-07-09,Jaipur,26.9124,75.7873,0,7,1,36.3,0,818.98,-0.242,67.86,1169,3,Web,39,1500,180,600
2025-01-31,Leh,34.1526,77.5771,0,1,4,2.4,0,76.97,1.0,98.48,320,2,Kiosk,2,600,90,220
2024-01-25,Andaman,11.7401,92.6586,0,1,3,18.0,0,419.9,0.476,93.61,482,2,App,15,900,120,300
2024-11-19,Manali,32.2432,77.1892,0,11,1,6.4,0,65.61,0.588,58.84,561,1,Agent,7,1200,140,450
2025-06-15,Kerala,10.8505,76.2711,1,6,6,40.3,1,311.82,-0.012,71.73,1358,2,Web,11,1700,220,700
2024-11-07,Manali,32.2432,77.1892,0,11,3,6.5,0,991.55,-0.904,76.69,789,1,Web,12,1200,140,450
2025-02-06,Goa,15.2993,74.124,0,2,3,23.6,0,226.34,-0.379,82.17,1247,2,Kiosk,12,2000,250,800
2025-03-13,Jaipur,26.9124,75.7873,0,3,3,27.2,0,443.8,-0.371,49.66,1069,3,Agent,3,1500,180,600
2024-02-25,Varanasi,25.3176,82.9739,1,2,6,20.2,0,6.62,0.067,53.78,569,3,Kiosk,16,1400,160,500
2025-06-13,Leh,34.1526,77.5771,0,6,4,20.4,0,172.19,0.998,108.42,458,2,Web,4,600,90,220
2024-10-27,Agra,27.1767,78.0081,1,10,6,22.5,0,334.39,0.067,61.59,652,1,Kiosk,5,1300,150,550
2024-05-01,Varanasi,25.3176,82.9739,0,5,2,33.9,0,118.2,0.398,54.58,796,2,Agent,7,1400,160,500
2024-02-06,Leh,34.1526,77.5771,0,2,1,4.7,0,900.19,-0.069,110.66,564,1,Web,10,600,90,220
2025-03-01,Leh,34.1526,77.5771,1,3,5,11.3,0,287.01,0.465,101.78,398,3,App,1,600,90,220
2024-07-04,Varanasi,25.3176,82.9739,0,7,3,35.3,0,28.13,-0.26,55.27,792,3,Web,10,1400,160,500
2024-09-04,Varanasi,25.3176,82.9739,0,9,2,24.8,0,304.75,-0.573,53.96,454,3,Agent,20,1400,160,500
2024-01-15,Kerala,10.8505,76.2711,0,1,0,21.0,0,727.96,0.57,74.41,1549,3,Kiosk,5,1700,220,700
2024-02-21,Jaipur,26.9124,75.7873,0,2,2,22.5,0,136.24,-0.621,57.94,788,2,Web,12,1500,180,600
2025-07-27,Andaman,11.7401,92.6586,1,7,6,36.0,0,68.57,-0.143,92.25,424,3,Web,13,900,120,300
2024-11-16,Kerala,10.8505,76.2711,1,11,5,21.4,0,831.22,0.56,66.49,1415,2,Kiosk,2,1700,220,700
2025-05-07,Leh,34.1526,77.5771,0,5,2,18.5,0,328.52,-0.736,103.29,362,3,Web,5,600,90,220
2024-01-15,Agra,27.1767,78.0081,0,1,0,20.2,0,129.11,1.0,57.57,640,1,Agent,15,1300,150,550
2024-03-09,Goa,15.2993,74.124,1,3,5,28.7,0,59.04,-0.525,89.65,950,2,App,7,2000,250,800
2025-08-20,Leh,34.1526,77.5771,0,8,2,14.3,0,407.39,-0.612,103.5,424,2,Kiosk,14,600,90,220
2025-01-21,Andaman,11.7401,92.6586,0,1,1,20.4,0,143.07,0.734,88.37,477,1,App,16,900,120,300
2024-05-20,Goa,15.2993,74.124,0,5,0,38.8,0,664.12,-0.213,84.7,1673,1,App,21,2000,250,800
2025-09-09,Agra,27.1767,78.0081,0,9,1,25.9,0,520.05,-0.433,53.74,547,3,Agent,8,1300,150,550
2024-09-26,Andaman,11.7401,92.6586,0,9,3,29.1,0,522.48,-0.658,84.83,365,3,App,2,900,120,300
2024-05-10,Agra,27.1767,78.0081,0,5,4,34.5,0,230.18,0.233,61.22,1189,1,Agent,8,1300,150,550
2024-01-07,Agra,27.1767,78.0081,1,1,6,17.8,0,530.49,0.132,53.79,1192,2,Web,16,1300,150,550
2024-03-26,Manali,32.2432,77.1892,0,3,1,12.7,0,119.15,-0.178,73.15,684,2,Web,23,1200,140,450
2024-02-24,Goa,15.2993,74.124,1,2,5,25.7,0,536.47,-0.08,83.29,1680,4,Kiosk,1,2000,250,800
2025-06-09,Agra,27.1767,78.0081,0,6,0,36.8,1,527.24,-0.237,60.84,809,3,Web,12,1300,150,550
2025-05-01,Goa,15.2993,74.124,0,5,3,38.4,0,254.87,0.565,79.83,1278,2,App,6,2000,250,800
2025-08-07,Jaipur,26.9124,75.7873,0,8,3,31.9,0,295.32,-0.43,63.25,821,3,Web,10,1500,180,600
2024-11-04,Goa,15.2993,74.124,0,11,0,20.2,0,1099.48,-0.304,76.42,1222,2,Agent,18,2000,250,800
2024-04-09,Kerala,10.8505,76.2711,0,4,1,34.4,0,428.91,-0.012,82.25,1347,2,Web,1,1700,220,700
2025-02-25,Kerala,10.8505,76.2711,0,2,1,23.2,0,84.96,-0.382,70.04,1067,2,Agent,15,1700,220,700
2024-04-14,Andaman,11.7401,92.6586,1,4,6,31.2,0,302.55,0.472,84.93,593,1,Kiosk,5,900,120,300
2025-07-09,Kerala,10.8505,76.2711,0,7,2,36.5,0,179.27,-0.003,69.38,951,2,Agent,2,1700,220,700
2025-05-01,Jaipur,26.9124,75.7873,0,5,3,35.6,0,428.47,1.0,61.31,1270,2,App,21,1500,180,600
2025-06-03,Manali,32.2432,77.1892,0,6,1,25.0,0,127.69,0.146,84.04,648,3,App,5,1200,140,450
2024-09-02,Varanasi,25.3176,82.9739,0,9,0,28.0,0,742.27,0.588,43.38,773,2,Web,6,1400,160,500
2025-09-07,Leh,34.1526,77.5771,1,9,6,10.0,1,237.59,-0.076,87.97,277,3,Web,2,600,90,220
2025-01-13,Jaipur,26.9124,75.7873,0,1,0,19.3,0,33.74,0.052,61.39,641,1,Kiosk,45,1500,180,600
2024-03-15,Jaipur,26.9124,75.7873,0,3,4,26.7,0,98.92,0.813,65.33,668,2,Kiosk,4,1500,180,600
2024-06-27,Goa,15.2993,74.124,0,6,3,41.6,0,454.14,0.5,79.27,1512,2,Kiosk,11,2000,250,800
2025-09-06,Andaman,11.7401,92.6586,1,9,5,26.7,0,520.17,0.208,91.47,416,3,Kiosk,3,900,120,300
2024-03-01,Manali,32.2432,77.1892,0,3,4,15.2,0,468.7,0.291,70.44,1009,2,Web,13,1200,140,450
2024-07-31,Goa,15.2993,74.124,0,7,2,38.0,1,292.5,0.439,81.42,995,4,App,4,2000,250,800
2025-07-06,Varanasi,25.3176,82.9739,1,7,6,34.4,0,878.27,0.764,55.52,985,3,Kiosk,7,1400,160,500
2024-08-15,Andaman,11.7401,92.6586,0,8,3,32.9,0,444.09,0.114,93.49,405,2,Kiosk,7,900,120,300
2024-02-12,Agra,27.1767,78.0081,0,2,0,21.9,0,372.88,0.324,65.21,927,2,Agent,9,1300,150,550
2024-11-26,Varanasi,25.3176,82.9739,0,11,1,17.8,0,654.27,-0.169,56.79,1005,3,Agent,10,1400,160,500
2024-08-17,Jaipur,26.9124,75.7873,1,8,5,33.5,0,439.15,0.819,64.12,866,2,Web,13,1500,180,600
2024-09-25,Andaman,11.7401,92.6586,0,9,2,30.1,0,199.55,1.0,93.51,338,2,App,12,900,120,300
2024-05-26,Varanasi,25.3176,82.9739,1,5,6,34.0,0,88.94,1.0,56.14,850,2,App,27,1400,160,500
2024-07-18,Manali,32.2432,77.1892,0,7,3,23.7,0,172.84,-0.91,71.49,651,2,Kiosk,10,1200,140,450
2024-01-06,Kerala,10.8505,76.2711,1,1,5,19.9,0,740.25,-0.346,62.02,2013,2,Agent,10,1700,220,700
2025-03-17,Andaman,11.7401,92.6586,0,3,0,27.5,1,84.77,-0.953,96.89,468,3,App,10,900,120,300
2025-02-28,Goa,15.2993,74.124,0,2,4,25.3,0,509.14,0.035,75.9,1111,2,Kiosk,18,2000,250,800
2025-03-27,Varanasi,25.3176,82.9739,0,3,3,26.3,0,230.86,-0.742,52.2,938,3,Web,16,1400,160,500
2024-11-29,Goa,15.2993,74.124,0,11,4,20.9,0,231.64,-0.045,73.19,931,2,Web,17,2000,250,800
2025-09-12,Goa,15.2993,74.124,0,9,4,30.6,0,111.58,-0.055,75.38,960,1,Kiosk,8,2000,250,800
2024-09-02,Andaman,11.7401,92.6586,0,9,0,28.2,0,167.21,0.193,88.22,323,1,Kiosk,3,900,120,300
2024-06-02,Jaipur,26.9124,75.7873,1,6,6,37.0,0,455.03,-0.675,61.95,1383,2,Kiosk,4,1500,180,600
2024-12-02,Jaipur,26.9124,75.7873,0,12,0,17.0,0,145.91,-0.648,57.03,658,2,Kiosk,3,1500,180,600
2024-04-01,Manali,32.2432,77.1892,0,4,0,18.4,0,934.25,0.32,74.34,798,3,Kiosk,20,1200,140,450
2024-10-30,Agra,27.1767,78.0081,0,10,2,21.8,0,785.97,-0.265,47.26,1066,2,Agent,4,1300,150,550
2025-05-25,Agra,27.1767,78.0081,1,5,6,33.3,0,475.56,0.158,49.01,1440,2,Web,9,1300,150,550
2024-08-24,Leh,34.1526,77.5771,1,8,5,14.6,0,344.01,0.643,92.7,394,1,Kiosk,5,600,90,220
2024-10-20,Manali,32.2432,77.1892,1,10,6,10.7,0,277.77,-0.302,61.21,713,2,Agent,4,1200,140,450
2025-03-24,Goa,15.2993,74.124,0,3,0,30.7,0,39.41,0.645,68.53,1107,2,Agent,29,2000,250,800
2025-04-21,Andaman,11.7401,92.6586,0,4,0,33.5,0,367.39,1.0,95.78,435,1,Kiosk,4,900,120,300
2024-09-17,Agra,27.1767,78.0081,0,9,1,27.8,1,651.71,-0.402,49.58,772,2,Web,19,1300,150,550
2024-06-21,Leh,34.1526,77.5771,0,6,4,19.9,0,518.82,-0.68,103.08,562,2,App,8,600,90,220
2025-06-24,Jaipur,26.9124,75.7873,0,6,1,38.9,0,975.73,-0.557,66.47,1360,3,App,16,1500,180,600
2025-08-11,Andaman,11.7401,92.6586,0,8,0,33.0,0,176.44,0.926,86.77,355,3,Agent,8,900,120,300
2024-02-02,Manali,32.2432,77.1892,0,2,4,9.5,0,122.6,1.0,81.81,632,2,Kiosk,12,1200,140,450
2024-03-25,Jaipur,26.9124,75.7873,0,3,0,27.1,1,131.49,-0.483,63.85,784,2,Kiosk,28,1500,180,600
2024-08-22,Varanasi,25.3176,82.9739,0,8,3,32.0,0,365.26,0.287,57.61,809,3,Web,7,1400,160,500
2024-12-04,Kerala,10.8505,76.2711,0,12,2,18.7,0,120.48,-0.156,79.1,867,1,Web,14,1700,220,700
2025-01-08,Andaman,11.7401,92.6586,0,1,2,20.2,0,343.51,0.813,87.51,624,3,Kiosk,2,900,120,300
2025-04-02,Andaman,11.7401,92.6586,0,4,2,32.2,0,1057.68,0.512,91.75,868,2,App,19,900,120,300
2025-07-17,Varanasi,25.3176,82.9739,0,7,3,37.7,1,193.88,-0.937,47.87,674,1,Kiosk,15,1400,160,500
2025-07-20,Goa,15.2993,74.124,1,7,6,38.8,0,179.82,-0.252,78.2,1292,2,App,23,2000,250,800
2024-12-16,Manali,32.2432,77.1892,0,12,0,4.8,0,439.95,-0.377,68.17,681,1,App,3,1200,140,450
2024-05-11,Agra,27.1767,78.0081,1,5,5,34.4,0,208.18,-0.368,63.96,1053,3,Kiosk,14,1300,150,550
2024-04-15,Manali,32.2432,77.1892,0,4,0,19.7,0,521.46,-0.432,67.17,902,3,Agent,2,1200,140,450
2024-06-21,Manali,32.2432,77.1892,0,6,4,27.1,0,688.6,0.129,78.67,994,3,Agent,4,1200,140,450
2025-09-27,Kerala,10.8505,76.2711,1,9,5,28.5,0,102.62,0.146,70.4,685,1,Web,3,1700,220,700
2024-01-11,Goa,15.2993,74.124,0,1,3,21.6,0,111.25,-0.15,88.04,743,2,Web,22,2000,250,800
2025-06-18,Jaipur,26.9124,75.7873,0,6,2,37.3,0,170.05,-0.065,60.38,637,3,Kiosk,7,1500,180,600
2024-02-23,Varanasi,25.3176,82.9739,0,2,4,21.1,0,124.72,-0.05,46.54,1033,3,App,5,1400,160,500
2024-09-27,Varanasi,25.3176,82.9739,0,9,4,28.7,0,909.64,0.016,59.3,909,3,Web,10,1400,160,500
2025-02-04,Goa,15.2993,74.124,0,2,1,23.5,0,425.1,0.539,79.71,1534,3,Web,40,2000,250,800
2024-09-13,Andaman,11.7401,92.6586,0,9,4,26.8,0,212.02,0.573,91.57,248,2,Agent,16,900,120,300
2024-07-17,Jaipur,26.9124,75.7873,0,7,2,36.1,1,235.64,-1.0,68.36,606,2,Agent,3,1500,180,600
2024-01-02,Manali,32.2432,77.1892,0,1,1,5.8,0,1175.02,0.775,78.9,1203,2,Kiosk,4,1200,140,450
2024-12-21,Jaipur,26.9124,75.7873,1,12,5,17.7,0,437.61,0.48,64.37,1194,2,Web,16,1500,180,600
2024-12-08,Manali,32.2432,77.1892,1,12,6,5.3,0,525.21,0.762,66.89,1127,2,Agent,10,1200,140,450
2025-09-01,Andaman,11.7401,92.6586,0,9,0,27.3,0,200.57,0.595,89.23,413,2,App,2,900,120,300
2025-01-08,Goa,15.2993,74.124,0,1,2,21.9,0,158.83,-0.256,74.67,1475,2,App,13,2000,250,800
2025-05-04,Andaman,11.7401,92.6586,1,5,6,36.5,0,692.31,0.438,88.97,990,3,App,9,900,120,300
2024-02-15,Goa,15.2993,74.124,0,2,3,23.6,0,213.67,0.109,76.82,955,1,Kiosk,19,2000,250,800
2024-09-17,Manali,32.2432,77.1892,0,9,1,14.5,0,527.31,-0.106,74.37,648,2,Web,27,1200,140,450
2024-11-09,Varanasi,25.3176,82.9739,1,11,5,18.7,0,230.67,1.0,46.0,733,2,App,6,1400,160,500
2025-01-07,Varanasi,25.3176,82.9739,0,1,1,17.7,0,421.56,0.37,52.84,1083,3,App,49,1400,160,500
2024-08-02,Varanasi,25.3176,82.9739,0,8,4,31.7,0,84.55,-0.214,57.39,531,2,Kiosk,20,1400,160,500
2024-07-16,Varanasi,25.3176,82.9739,0,7,1,33.6,0,694.99,0.861,43.37,1007,1,App,8,1400,160,500
2024-05-27,Jaipur,26.9124,75.7873,0,5,0,36.0,0,974.64,-0.163,63.39,1543,2,Web,21,1500,180,600
2025-03-26,Kerala,10.8505,76.2711,0,3,2,27.5,0,319.85,0.584,82.52,1278,1,Kiosk,12,1700,220,700
2024-04-12,Jaipur,26.9124,75.7873,0,4,4,32.6,0,92.41,0.813,71.11,1256,1,App,5,1500,180,600
2025-04-02,Varanasi,25.3176,82.9739,0,4,2,32.8,0,615.07,0.829,47.33,1029,3,Kiosk,16,1400,160,500
2024-07-06,Goa,15.2993,74.124,1,7,5,38.3,1,31.5,-0.534,81.0,842,3,Kiosk,6,2000,250,800
2025-08-18,Goa,15.2993,74.124,0,8,0,34.9,0,332.04,0.074,75.14,1112,2,Web,1,2000,250,800
2025-01-23,Agra,27.1767,78.0081,0,1,3,17.1,0,121.04,-0.83,62.37,732,2,Kiosk,5,1300,150,550
2024-01-22,Andaman,11.7401,92.6586,0,1,0,22.3,0,849.79,-0.194,98.29,678,2,App,4,900,120,300
2025-09-21,Leh,34.1526,77.5771,1,9,6,11.4,0,584.1,0.12,93.04,427,2,App,15,600,90,220
2024-02-12,Jaipur,26.9124,75.7873,0,2,0,23.9,0,516.44,-0.184,66.45,876,2,App,5,1500,180,600
2025-04-18,Manali,32.2432,77.1892,0,4,4,19.5,0,515.51,0.209,78.69,1115,1,Web,29,1200,140,450
2024-11-20,Kerala,10.8505,76.2711,0,11,2,19.3,0,509.67,0.067,63.93,1098,2,Kiosk,9,1700,220,700
2025-01-28,Kerala,10.8505,76.2711,0,1,1,21.0,0,162.15,0.002,77.81,886,1,Kiosk,21,1700,220,700
2025-02-11,Manali,32.2432,77.1892,0,2,1,9.7,0,477.24,0.016,74.27,758,2,Kiosk,11,1200,140,450
2024-02-29,Leh,34.1526,77.5771,0,2,3,2.9,0,810.22,-0.69,94.63,376,2,App,22,600,90,220
2025-04-11,Jaipur,26.9124,75.7873,0,4,4,32.0,0,340.62,0.186,66.41,1115,2,Web,15,1500,180,600
2024-03-12,Goa,15.2993,74.124,0,3,1,31.0,0,578.44,0.157,81.71,1601,1,Web,10,2000,250,800
2025-06-27,Manali,32.2432,77.1892,0,6,4,24.1,1,595.7,1.0,78.61,1243,2,Kiosk,10,1200,140,450
2024-06-09,Varanasi,25.3176,82.9739,1,6,6,37.5,0,408.66,0.204,53.65,1354,1,Web,11,1400,160,500
2025-04-29,Agra,27.1767,78.0081,0,4,1,31.5,0,167.86,0.756,51.77,1087,1,Kiosk,3,1300,150,550
2024-02-19,Jaipur,26.9124,75.7873,0,2,0,22.6,0,278.37,-0.264,57.53,1017,1,App,29,1500,180,600
2025-01-29,Varanasi,25.3176,82.9739,0,1,2,16.4,0,86.76,0.139,42.49,713,2,Web,56,1400,160,500
2025-06-15,Kerala,10.8505,76.2711,1,6,6,37.5,0,657.43,-0.033,72.56,1688,2,Web,11,1700,220,700
2024-08-11,Manali,32.2432,77.1892,1,8,6,21.0,0,268.06,0.282,71.93,717,3,Agent,5,1200,140,450
2025-04-22,Varanasi,25.3176,82.9739,0,4,1,32.2,0,495.62,-0.091,60.09,1065,2,Kiosk,4,1400,160,500
2025-04-15,Kerala,10.8505,76.2711,0,4,1,32.0,0,504.51,-0.543,75.84,1559,1,Web,12,1700,220,700
2025-05-16,Andaman,11.7401,92.6586,0,5,4,37.1,0,237.21,-0.108,92.09,473,3,Agent,4,900,120,300
2024-04-20,Kerala,10.8505,76.2711,1,4,5,34.0,0,476.28,0.099,72.2,1529,3,Web,5,1700,220,700
2024-07-18,Varanasi,25.3176,82.9739,0,7,3,35.3,1,291.21,-0.612,50.63,559,3,Agent,2,1400,160,500
2024-08-28,Goa,15.2993,74.124,0,8,2,35.8,0,209.59,0.008,74.31,976,2,Web,1,2000,250,800
2024-11-22,Agra,27.1767,78.0081,0,11,4,18.0,0,440.57,0.451,66.37,761,2,Agent,5,1300,150,550
2025-07-05,Goa,15.2993,74.124,1,7,5,39.8,0,255.24,-0.07,70.74,1304,1,App,9,2000,250,800
2024-01-25,Varanasi,25.3176,82.9739,0,1,3,18.3,0,148.67,-0.023,49.97,734,1,Agent,1,1400,160,500
2024-03-30,Andaman,11.7401,92.6586,1,3,5,29.0,0,247.07,0.726,97.61,583,2,Web,24,900,120,300
2025-08-09,Goa,15.2993,74.124,1,8,5,35.4,0,1281.18,0.037,70.1,1957,3,Web,2,2000,250,800
2025-08-24,Manali,32.2432,77.1892,1,8,6,20.5,1,452.89,0.429,68.41,783,2,Kiosk,8,1200,140,450
2024-06-29,Manali,32.2432,77.1892,1,6,5,22.9,0,179.99,0.499,75.19,779,3,Agent,14,1200,140,450
2024-05-19,Jaipur,26.9124,75.7873,1,5,6,36.2,0,219.12,1.0,69.82,1258,3,Web,13,1500,180,600
2024-09-12,Andaman,11.7401,92.6586,0,9,3,28.3,1,304.75,-0.934,87.25,361,2,Web,5,900,120,300
2024-01-17,Jaipur,26.9124,75.7873,0,1,2,20.8,0,420.76,0.722,71.7,917,2,Agent,6,1500,180,600
2025-02-25,Leh,34.1526,77.5771,0,2,1,3.2,0,159.15,0.628,94.06,285,3,Agent,11,600,90,220
2025-04-21,Kerala,10.8505,76.2711,0,4,0,34.7,0,841.47,0.838,72.04,1659,1,App,4,1700,220,700
2024-01-09,Kerala,10.8505,76.2711,0,1,1,20.0,0,400.16,-0.703,80.6,597,2,Web,6,1700,220,700
2024-11-03,Agra,27.1767,78.0081,1,11,6,18.1,0,897.43,0.391,53.18,1288,2,Agent,5,1300,150,550
2024-11-11,Varanasi,25.3176,82.9739,0,11,0,16.7,0,203.08,0.569,50.19,982,1,Agent,2,1400,160,500
2025-02-20,Jaipur,26.9124,75.7873,0,2,3,22.9,0,562.1,-0.221,60.53,1187,3,App,7,1500,180,600
2024-01-31,Leh,34.1526,77.5771,0,1,2,2.3,0,235.36,-0.033,107.96,329,2,Web,13,600,90,220
2025-05-31,Goa,15.2993,74.124,1,5,5,38.5,0,429.61,-0.246,76.8,2226,2,Kiosk,22,2000,250,800
2024-04-24,Varanasi,25.3176,82.9739,0,4,2,32.9,0,557.88,-0.287,51.22,1399,3,App,22,1400,160,500
2025-04-22,Leh,34.1526,77.5771,0,4,1,15.3,0,70.05,-0.575,97.31,274,2,Web,6,600,90,220
2024-07-14,Kerala,10.8505,76.2711,1,7,6,37.0,0,343.08,0.905,60.8,1415,1,Web,19,1700,220,700
2024-01-15,Kerala,10.8505,76.2711,0,1,0,20.4,0,160.86,0.643,65.89,1399,3,Web,19,1700,220,700
2024-05-03,Agra,27.1767,78.0081,0,5,4,36.1,0,375.31,0.835,62.79,930,2,Agent,3,1300,150,550
2024-01-25,Varanasi,25.3176,82.9739,0,1,3,18.9,0,672.36,-0.196,55.6,1446,2,Kiosk,5,1400,160,500
2024-03-11,Jaipur,26.9124,75.7873,0,3,0,28.2,0,83.55,-0.26,54.86,937,1,Agent,4,1500,180,600
2024-01-19,Leh,34.1526,77.5771,0,1,4,-0.0,0,683.85,1.0,95.86,485,2,Web,7,600,90,220
2025-04-12,Goa,15.2993,74.124,1,4,5,34.6,0,174.35,-0.545,76.06,1795,1,Agent,4,2000,250,800
2025-01-15,Varanasi,25.3176,82.9739,0,1,2,19.7,0,171.48,0.42,54.53,910,3,Kiosk,21,1400,160,500
2024-07-23,Goa,15.2993,74.124,0,7,1,38.0,0,54.75,-0.523,79.16,911,2,Web,17,2000,250,800
2024-01-14,Varanasi,25.3176,82.9739,1,1,6,19.2,0,199.36,0.97,59.22,992,2,Agent,35,1400,160,500
2024-08-21,Kerala,10.8505,76.2711,0,8,2,33.8,0,71.1,0.534,67.13,531,1,Agent,13,1700,220,700
2024-06-07,Manali,32.2432,77.1892,0,6,4,25.6,0,262.91,0.068,73.57,990,2,Kiosk,10,1200,140,450
2024-10-26,Leh,34.1526,77.5771,1,10,5,7.0,0,434.43,0.407,91.33,395,4,Kiosk,28,600,90,220
2024-08-11,Leh,34.1526,77.5771,1,8,6,15.9,0,519.58,-0.087,95.29,492,1,App,25,600,90,220
2025-01-12,Leh,34.1526,77.5771,1,1,6,2.5,0,477.01,0.44,94.31,408,2,Kiosk,20,600,90,220
2025-08-25,Leh,34.1526,77.5771,0,8,0,15.2,0,218.04,-0.0,100.06,418,2,Web,9,600,90,220
2024-05-21,Andaman,11.7401,92.6586,0,5,1,37.3,0,657.64,0.481,91.38,427,3,Agent,7,900,120,300
2024-02-22,Andaman,11.7401,92.6586,0,2,3,23.5,0,236.85,0.483,91.0,419,2,Agent,22,900,120,300
2024-10-30,Agra,27.1767,78.0081,0,10,2,20.7,1,380.92,0.149,53.4,486,3,Web,5,1300,150,550
2024-08-12,Manali,32.2432,77.1892,0,8,0,19.2,0,428.67,-0.575,73.7,856,2,Kiosk,3,1200,140,450
2025-02-20,Jaipur,26.9124,75.7873,0,2,3,21.9,0,492.22,-0.081,65.16,809,2,App,8,1500,180,600
2024-10-19,Andaman,11.7401,92.6586,1,10,5,21.6,0,308.21,0.264,84.35,549,3,Agent,14,900,120,300
2024-01-01,Leh,34.1526,77.5771,0,1,0,1.9,1,471.17,0.172,98.05,341,2,Web,10,600,90,220
2024-07-21,Andaman,11.7401,92.6586,1,7,6,36.0,0,268.74,0.254,91.86,552,4,Kiosk,10,900,120,300
2025-05-02,Kerala,10.8505,76.2711,0,5,4,37.2,0,259.44,-0.357,71.37,1085,2,Web,3,1700,220,700
2025-06-16,Jaipur,26.9124,75.7873,0,6,0,39.8,0,772.46,-0.282,64.25,1035,1,App,21,1500,180,600
2024-09-29,Andaman,11.7401,92.6586,1,9,6,27.5,0,498.74,0.013,94.52,437,2,Agent,7,900,120,300
2025-09-07,Goa,15.2993,74.124,1,9,6,29.5,0,577.19,0.594,80.15,1179,2,Agent,9,2000,250,800
2024-01-09,Agra,27.1767,78.0081,0,1,1,17.8,0,217.19,-0.496,56.66,896,3,Agent,9,1300,150,550
2024-06-28,Kerala,10.8505,76.2711,0,6,4,38.2,0,274.44,0.46,69.93,878,1,App,9,1700,220,700
2025-02-06,Andaman,11.7401,92.6586,0,2,3,22.4,0,684.4,-0.027,97.85,715,2,Web,3,900,120,300
2024-04-26,Agra,27.1767,78.0081,0,4,4,29.6,0,244.38,-0.075,55.87,801,2,App,16,1300,150,550
2025-06-30,Leh,34.1526,77.5771,0,6,0,19.9,0,554.44,-0.917,92.48,564,1,App,6,600,90,220
2025-04-22,Leh,34.1526,77.5771,0,4,1,15.5,0,118.1,0.67,109.42,324,3,Kiosk,22,600,90,220
2024-01-20,Manali,32.2432,77.1892,1,1,5,7.0,0,109.1,0.916,73.65,844,2,App,7,1200,140,450
2025-03-28,Agra,27.1767,78.0081,0,3,4,28.5,1,256.39,0.022,55.47,888,2,Kiosk,12,1300,150,550
2025-03-13,Agra,27.1767,78.0081,0,3,3,28.3,0,119.95,-0.457,62.27,968,3,Agent,2,1300,150,550
2025-05-30,Manali,32.2432,77.1892,0,5,4,24.6,0,894.26,0.389,80.91,1046,2,Kiosk,17,1200,140,450
2024-04-25,Leh,34.1526,77.5771,0,4,3,14.8,0,440.34,-0.282,104.27,387,2,Web,22,600,90,220
2024-04-17,Goa,15.2993,74.124,0,4,2,35.7,1,366.31,-0.543,82.9,1484,2,App,9,2000,250,800
2024-12-28,Goa,15.2993,74.124,1,12,5,20.4,0,299.75,-0.149,81.89,1625,1,App,38,2000,250,800
2025-04-06,Jaipur,26.9124,75.7873,1,4,6,33.8,0,1432.08,0.256,62.87,2992,2,Agent,7,1500,180,600
2025-01-30,Leh,34.1526,77.5771,0,1,3,1.1,0,666.5,0.503,104.21,382,3,App,4,600,90,220
2024-10-02,Andaman,11.7401,92.6586,0,10,2,23.5,1,133.79,0.509,84.15,417,3,Kiosk,21,900,120,300
2024-11-11,Kerala,10.8505,76.2711,0,11,0,20.7,0,330.94,-0.226,71.7,1159,2,App,7,1700,220,700
2024-06-22,Leh,34.1526,77.5771,1,6,5,19.4,1,468.84,0.006,105.4,557,2,Kiosk,6,600,90,220
2024-12-30,Kerala,10.8505,76.2711,0,12,0,21.5,0,1071.87,-0.89,78.75,1521,3,Web,4,1700,220,700
2024-12-14,Andaman,11.7401,92.6586,1,12,5,16.6,0,438.1,0.153,92.02,467,3,Agent,15,900,120,300
2025-06-25,Agra,27.1767,78.0081,0,6,2,37.3,0,190.38,-0.284,69.12,634,1,Web,24,1300,150,550
2025-01-27,Kerala,10.8505,76.2711,0,1,0,21.8,0,527.0,0.052,60.61,906,2,Agent,18,1700,220,700
2025-09-30,Varanasi,25.3176,82.9739,0,9,1,26.9,0,519.59,0.71,50.17,791,3,App,8,1400,160,500
2024-03-23,Goa,15.2993,74.124,1,3,5,29.6,0,288.42,-0.741,75.66,1993,3,Kiosk,10,2000,250,800
2025-07-05,Leh,34.1526,77.5771,1,7,5,17.9,0,1108.71,0.747,98.2,858,1,Web,11,600,90,220
2025-02-25,Goa,15.2993,74.124,0,2,1,26.0,0,156.19,0.364,72.3,1327,3,App,25,2000,250,800
2024-11-25,Andaman,11.7401,92.6586,0,11,0,18.2,0,561.64,0.621,87.38,532,3,Agent,17,900,120,300
2025-01-10,Agra,27.1767,78.0081,0,1,4,18.0,0,156.57,0.911,58.54,740,2,Agent,12,1300,150,550
2025-05-31,Leh,34.1526,77.5771,1,5,5,18.6,0,325.15,0.881,99.45,462,2,App,25,600,90,220
2024-02-16,Jaipur,26.9124,75.7873,0,2,4,23.4,0,208.03,-0.361,62.33,936,2,Web,17,1500,180,600
2025-03-19,Kerala,10.8505,76.2711,0,3,2,28.6,0,293.9,-0.134,73.47,1432,2,Kiosk,11,1700,220,700
2024-12-08,Manali,32.2432,77.1892,1,12,6,4.6,0,378.42,0.558,65.6,782,3,App,14,1200,140,450
2024-05-09,Goa,15.2993,74.124,0,5,3,38.5,0,401.62,-0.881,88.37,1012,3,Web,24,2000,250,800
2025-04-10,Jaipur,26.9124,75.7873,0,4,3,31.5,0,303.79,-0.169,53.43,1254,1,Kiosk,25,1500,180,600
2025-01-03,Goa,15.2993,74.124,0,1,4,21.3,0,593.05,0.542,84.77,1664,3,Agent,7,2000,250,800
2024-10-20,Leh,34.1526,77.5771,1,10,6,3.5,0,485.19,0.926,95.54,366,3,Web,8,600,90,220
2024-05-26,Jaipur,26.9124,75.7873,1,5,6,38.0,0,578.47,0.434,65.51,1588,3,Kiosk,25,1500,180,600
2024-10-11,Andaman,11.7401,92.6586,0,10,4,22.3,0,483.49,0.688,92.0,338,1,Agent,4,900,120,300
2024-10-12,Leh,34.1526,77.5771,1,10,5,4.6,0,237.8,-0.246,98.28,418,2,Web,1,600,90,220
2025-08-13,Andaman,11.7401,92.6586,0,8,2,32.4,1,132.2,-0.565,94.93,315,2,Web,1,900,120,300
2025-02-03,Agra,27.1767,78.0081,0,2,0,21.1,0,374.3,-0.16,49.47,1099,2,Agent,7,1300,150,550
2024-12-20,Jaipur,26.9124,75.7873,0,12,4,19.6,0,177.29,-1.0,66.15,678,1,Kiosk,25,1500,180,600
2025-07-08,Jaipur,26.9124,75.7873,0,7,1,38.1,0,905.61,0.353,68.59,1219,3,Agent,1,1500,180,600
2025-08-27,Kerala,10.8505,76.2711,0,8,2,34.1,0,320.27,0.192,64.33,823,3,Agent,5,1700,220,700
2024-10-10,Andaman,11.7401,92.6586,0,10,3,24.4,0,749.01,0.689,89.53,519,2,Kiosk,12,900,120,300
2025-08-03,Varanasi,25.3176,82.9739,1,8,6,32.3,0,201.88,-0.121,58.81,739,2,Kiosk,5,1400,160,500
2025-03-29,Agra,27.1767,78.0081,1,3,5,28.3,0,62.91,0.576,61.1,1140,1,App,9,1300,150,550
2025-05-16,Agra,27.1767,78.0081,0,5,4,35.6,0,234.88,-0.16,58.09,673,2,Kiosk,26,1300,150,550
2024-03-02,Andaman,11.7401,92.6586,1,3,5,29.6,0,2003.9,-0.538,100.8,1302,2,App,10,900,120,300
2024-12-02,Andaman,11.7401,92.6586,0,12,0,16.3,0,231.89,-0.461,81.47,382,2,Agent,13,900,120,300
2024-02-16,Agra,27.1767,78.0081,0,2,4,22.3,0,257.15,-0.446,51.9,1097,2,App,16,1300,150,550
2025-06-27,Kerala,10.8505,76.2711,0,6,4,40.5,1,243.8,-0.009,61.23,1007,1,App,2,1700,220,700
2025-08-17,Agra,27.1767,78.0081,1,8,6,33.9,0,772.57,-0.014,49.49,1070,2,App,14,1300,150,550
2025-07-18,Varanasi,25.3176,82.9739,0,7,4,36.7,0,298.84,0.466,50.48,930,1,Agent,2,1400,160,500
2025-01-10,Varanasi,25.3176,82.9739,0,1,4,19.1,0,64.65,-0.213,53.62,530,2,Agent,9,1400,160,500
2024-06-07,Kerala,10.8505,76.2711,0,6,4,40.1,0,637.82,-0.609,66.96,1660,3,Web,9,1700,220,700
2025-08-18,Andaman,11.7401,92.6586,0,8,0,31.9,0,263.91,0.641,87.04,468,2,Web,16,900,120,300
2024-05-26,Varanasi,25.3176,82.9739,1,5,6,34.2,1,534.87,-0.3,53.65,1238,1,Web,10,1400,160,500
2024-02-14,Goa,15.2993,74.124,0,2,2,25.9,0,732.49,0.538,75.34,1839,4,Agent,8,2000,250,800
2024-11-05,Varanasi,25.3176,82.9739,0,11,1,17.0,0,857.79,-0.825,55.3,909,3,Kiosk,4,1400,160,500
2024-06-16,Agra,27.1767,78.0081,1,6,6,38.5,0,261.87,-0.509,61.36,669,3,Web,10,1300,150,550
2024-04-06,Goa,15.2993,74.124,1,4,5,35.3,0,652.44,0.249,87.07,2242,2,Agent,10,2000,250,800
2025-07-19,Varanasi,25.3176,82.9739,1,7,5,36.7,0,233.77,0.909,50.74,1090,2,App,1,1400,160,500
2025-06-09,Agra,27.1767,78.0081,0,6,0,37.1,0,250.78,-0.493,67.17,983,3,Web,4,1300,150,550
2024-06-11,Varanasi,25.3176,82.9739,0,6,1,37.1,0,568.32,-0.083,54.97,1208,3,Kiosk,10,1400,160,500
2025-09-30,Agra,27.1767,78.0081,0,9,1,25.3,1,583.85,0.051,56.22,664,2,Kiosk,14,1300,150,550
2024-08-17,Varanasi,25.3176,82.9739,1,8,5,33.4,0,335.72,0.797,50.82,612,2,App,17,1400,160,500
2024-08-10,Leh,34.1526,77.5771,1,8,5,14.5,0,208.56,-0.27,99.59,510,3,Agent,4,600,90,220
2024-08-31,Andaman,11.7401,92.6586,1,8,5,33.8,0,1200.89,0.613,83.74,779,1,App,16,900,120,300
2025-09-02,Manali,32.2432,77.1892,0,9,1,14.6,0,285.35,0.129,76.28,574,3,Agent,6,1200,140,450
2024-11-29,Andaman,11.7401,92.6586,0,11,4,18.7,0,215.11,1.0,88.78,459,2,Kiosk,12,900,120,300
2024-10-20,Manali,32.2432,77.1892,1,10,6,10.2,0,283.81,0.637,69.61,849,3,Agent,9,1200,140,450
2024-09-03,Leh,34.1526,77.5771,0,9,1,7.4,0,581.35,0.253,104.15,183,3,Agent,8,600,90,220
2024-11-28,Jaipur,26.9124,75.7873,0,11,3,20.2,0,338.02,0.459,59.86,916,2,Web,17,1500,180,600
2024-07-29,Goa,15.2993,74.124,0,7,0,39.3,0,55.03,0.647,78.97,1069,3,Agent,5,2000,250,800
2025-06-15,Jaipur,26.9124,75.7873,1,6,6,37.2,1,467.65,0.202,66.84,916,2,Web,6,1500,180,600
2024-11-22,Goa,15.2993,74.124,0,11,4,21.1,0,714.63,0.203,79.21,1321,1,Agent,8,2000,250,800
2024-10-25,Leh,34.1526,77.5771,0,10,4,4.9,0,900.5,0.805,91.79,329,2,Agent,9,600,90,220
2024-09-11,Jaipur,26.9124,75.7873,0,9,2,27.9,1,154.83,0.163,65.25,600,1,Agent,3,1500,180,600
2024-09-17,Manali,32.2432,77.1892,0,9,1,13.6,0,130.36,0.478,66.3,397,1,Kiosk,28,1200,140,450
2025-08-21,Leh,34.1526,77.5771,0,8,3,15.2,0,798.22,-0.154,90.28,561,1,Web,26,600,90,220
2024-02-27,Goa,15.2993,74.124,0,2,1,26.1,0,1011.28,0.088,75.39,1286,2,App,13,2000,250,800
2025-04-17,Agra,27.1767,78.0081,0,4,3,31.8,0,328.15,0.913,64.0,1015,3,Agent,8,1300,150,550
2024-08-22,Kerala,10.8505,76.2711,0,8,3,31.7,0,378.91,0.435,76.82,940,2,App,5,1700,220,700
2024-03-25,Goa,15.2993,74.124,0,3,0,28.5,0,136.04,-0.982,80.44,1130,1,Web,6,2000,250,800
2024-06-28,Andaman,11.7401,92.6586,0,6,4,37.1,0,1208.9,0.648,92.2,642,2,Agent,22,900,120,300
2025-01-22,Agra,27.1767,78.0081,0,1,2,17.9,0,508.09,0.495,63.51,764,2,Web,1,1300,150,550
2024-02-17,Leh,34.1526,77.5771,1,2,5,3.8,0,793.03,0.204,95.87,553,2,Kiosk,12,600,90,220
2025-04-30,Andaman,11.7401,92.6586,0,4,2,33.2,0,101.24,0.864,93.6,338,2,App,3,900,120,300
2024-05-17,Andaman,11.7401,92.6586,0,5,4,35.8,0,1074.09,-0.385,100.22,774,2,Web,24,900,120,300
2025-05-23,Manali,32.2432,77.1892,0,5,4,24.1,0,794.08,0.963,80.46,755,2,App,11,1200,140,450
2024-03-13,Varanasi,25.3176,82.9739,0,3,2,28.6,0,63.11,0.53,57.01,883,2,Agent,3,1400,160,500
2024-03-28,Varanasi,25.3176,82.9739,0,3,3,28.9,0,67.26,0.849,63.73,921,2,Web,14,1400,160,500
2024-03-02,Manali,32.2432,77.1892,1,3,5,15.0,0,309.61,-0.061,78.52,1018,2,Kiosk,1,1200,140,450
2024-12-10,Varanasi,25.3176,82.9739,0,12,1,17.5,0,206.22,0.189,46.39,701,2,Kiosk,14,1400,160,500
2025-01-05,Manali,32.2432,77.1892,1,1,6,5.4,0,535.51,0.199,73.88,1003,3,Agent,10,1200,140,450
2025-06-05,Jaipur,26.9124,75.7873,0,6,3,38.2,0,224.08,-0.04,62.93,1018,2,App,2,1500,180,600
2025-02-01,Agra,27.1767,78.0081,1,2,5,22.1,0,426.54,-0.996,57.91,1080,2,Agent,1,1300,150,550
2024-07-17,Andaman,11.7401,92.6586,0,7,2,37.5,0,231.74,0.309,90.85,442,1,Web,3,900,120,300
2025-01-15,Agra,27.1767,78.0081,0,1,2,16.8,0,242.08,0.013,58.99,739,3,Kiosk,2,1300,150,550
2024-08-29,Jaipur,26.9124,75.7873,0,8,3,34.4,0,728.66,0.543,63.0,1364,3,Agent,14,1500,180,600
2024-03-16,Andaman,11.7401,92.6586,1,3,5,28.4,0,124.78,0.053,94.26,568,3,App,6,900,120,300
2024-11-27,Andaman,11.7401,92.6586,0,11,2,17.2,0,94.58,0.026,90.71,374,1,Web,5,900,120,300
2024-12-03,Leh,34.1526,77.5771,0,12,1,-0.2,0,474.15,0.147,93.19,362,2,Agent,5,600,90,220
2024-10-24,Andaman,11.7401,92.6586,0,10,3,25.3,0,388.38,0.367,91.53,454,1,Kiosk,4,900,120,300
2024-08-14,Manali,32.2432,77.1892,0,8,2,20.7,0,138.45,-0.076,76.6,711,1,Agent,9,1200,140,450
2024-03-27,Jaipur,26.9124,75.7873,0,3,2,28.5,0,349.29,0.596,62.45,864,3,Agent,3,1500,180,600
2024-12-01,Varanasi,25.3176,82.9739,1,12,6,17.9,0,195.47,-0.429,44.24,859,3,Web,8,1400,160,500
2024-04-06,Manali,32.2432,77.1892,1,4,5,19.1,0,675.59,0.476,84.12,1313,2,App,2,1200,140,450
2024-11-05,Leh,34.1526,77.5771,0,11,1,1.3,0,947.32,0.103,90.61,390,3,Web,5,600,90,220
2025-09-27,Andaman,11.7401,92.6586,1,9,5,27.4,0,149.81,0.019,93.65,307,1,Web,6,900,120,300
2024-10-22,Andaman,11.7401,92.6586,0,10,1,21.1,0,377.83,0.412,84.98,531,3,Web,17,900,120,300
2025-06-16,Goa,15.2993,74.124,0,6,0,39.8,0,297.49,-0.417,87.02,1314,2,Kiosk,12,2000,250,800
2024-11-26,Manali,32.2432,77.1892,0,11,1,7.4,0,318.97,0.02,73.68,571,1,Agent,2,1200,140,450
2024-08-13,Varanasi,25.3176,82.9739,0,8,1,32.1,0,97.16,0.083,48.88,665,2,Web,5,1400,160,500
2024-05-29,Andaman,11.7401,92.6586,0,5,2,36.3,0,240.64,-0.14,97.99,457,2,Agent,15,900,120,300
2024-06-17,Andaman,11.7401,92.6586,0,6,0,38.1,0,214.75,0.381,93.21,553,3,Agent,4,900,120,300
2025-08-01,Varanasi,25.3176,82.9739,0,8,4,31.1,0,188.99,-0.084,56.2,721,1,Web,26,1400,160,500
2025-01-11,Goa,15.2993,74.124,1,1,5,20.6,0,380.67,-0.346,75.64,1702,3,Agent,6,2000,250,800
2025-09-04,Varanasi,25.3176,82.9739,0,9,3,27.3,0,87.57,-0.239,49.18,483,2,Kiosk,14,1400,160,500
2024-02-02,Agra,27.1767,78.0081,0,2,4,24.4,0,281.84,0.546,59.42,972,3,Kiosk,16,1300,150,550
2024-10-02,Manali,32.2432,77.1892,0,10,2,8.6,0,302.79,-0.282,74.54,627,2,Web,15,1200,140,450
2024-11-20,Leh,34.1526,77.5771,0,11,2,0.7,1,477.55,-1.0,92.15,286,2,Kiosk,9,600,90,220
2025-09-02,Kerala,10.8505,76.2711,0,9,1,28.0,0,187.63,-0.076,72.24,781,2,Web,25,1700,220,700
2024-11-24,Jaipur,26.9124,75.7873,1,11,6,20.1,0,263.35,-0.325,68.08,1042,2,Agent,1,1500,180,600
2024-10-08,Varanasi,25.3176,82.9739,0,10,1,22.5,0,434.56,0.013,49.93,758,1,Kiosk,4,1400,160,500
2024-10-20,Leh,34.1526,77.5771,1,10,6,5.7,0,570.08,0.428,92.11,430,2,Kiosk,1,600,90,220
2024-12-01,Kerala,10.8505,76.2711,1,12,6,20.2,0,472.94,1.0,69.14,1154,2,Kiosk,1,1700,220,700
2024-07-24,Manali,32.2432,77.1892,0,7,2,23.6,0,252.48,0.052,81.59,736,2,App,12,1200,140,450
2025-04-27,Jaipur,26.9124,75.7873,1,4,6,31.8,0,1721.37,0.341,66.22,2370,2,App,10,1500,180,600
2025-07-14,Varanasi,25.3176,82.9739,0,7,0,36.1,1,236.37,-0.392,60.73,859,2,Agent,10,1400,160,500
2024-10-08,Varanasi,25.3176,82.9739,0,10,1,23.0,0,395.19,0.648,54.86,868,3,App,52,1400,160,500
2025-09-29,Goa,15.2993,74.124,0,9,0,29.8,0,621.32,0.304,80.26,1034,2,Web,22,2000,250,800
2025-05-27,Leh,34.1526,77.5771,0,5,1,20.0,0,496.97,-0.395,100.9,377,3,Web,10,600,90,220
2024-11-15,Jaipur,26.9124,75.7873,0,11,4,18.7,0,1098.97,-0.686,64.62,1320,3,App,14,1500,180,600
2024-03-13,Andaman,11.7401,92.6586,0,3,2,29.2,0,208.51,0.097,97.23,407,1,Kiosk,4,900,120,300
2024-12-14,Jaipur,26.9124,75.7873,1,12,5,17.1,0,310.44,-0.446,70.02,607,2,Web,13,1500,180,600
2024-12-28,Andaman,11.7401,92.6586,1,12,5,17.2,0,200.97,0.013,88.92,508,3,Agent,23,900,120,300
2025-06-13,Agra,27.1767,78.0081,0,6,4,35.4,0,658.48,0.287,58.27,855,2,Kiosk,17,1300,150,550
2025-01-24,Varanasi,25.3176,82.9739,0,1,4,18.1,0,300.9,0.651,49.78,1319,2,Web,9,1400,160,500
2025-05-10,Manali,32.2432,77.1892,1,5,5,24.6,0,351.47,-0.068,81.24,960,2,Agent,4,1200,140,450
2025-03-19,Agra,27.1767,78.0081,0,3,2,25.1,0,229.24,-0.229,58.93,1021,3,App,15,1300,150,550
2024-02-23,Andaman,11.7401,92.6586,0,2,4,24.5,0,201.6,0.511,94.07,403,2,Web,18,900,120,300
2024-06-15,Andaman,11.7401,92.6586,1,6,5,39.2,0,498.84,-0.386,104.53,617,2,App,34,900,120,300
2025-08-06,Varanasi,25.3176,82.9739,0,8,2,30.9,1,55.99,-0.338,45.1,454,2,Kiosk,16,1400,160,500
2025-07-20,Agra,27.1767,78.0081,1,7,6,36.3,0,596.6,-0.517,51.89,1364,2,Agent,6,1300,150,550
2025-03-05,Kerala,10.8505,76.2711,0,3,2,28.3,0,383.98,-0.245,67.11,1148,2,Kiosk,3,1700,220,700
2025-01-10,Andaman,11.7401,92.6586,0,1,4,18.9,0,239.61,-0.31,89.82,437,2,App,4,900,120,300
2025-01-03,Leh,34.1526,77.5771,0,1,4,1.8,0,424.24,0.99,91.48,468,1,Agent,10,600,90,220
2024-06-06,Kerala,10.8505,76.2711,0,6,3,37.0,0,343.65,0.049,73.39,1074,3,App,16,1700,220,700
2025-01-25,Manali,32.2432,77.1892,1,1,5,4.8,0,469.83,0.632,76.07,896,2,Agent,9,1200,140,450
2024-03-20,Leh,34.1526,77.5771,0,3,2,10.8,0,317.92,0.409,101.13,461,1,Agent,33,600,90,220
2025-01-14,Varanasi,25.3176,82.9739,0,1,1,17.9,0,160.26,-0.479,47.09,783,2,App,13,1400,160,500
2025-02-23,Kerala,10.8505,76.2711,1,2,6,21.7,0,609.74,-0.383,67.23,1755,3,Web,5,1700,220,700
2024-09-25,Varanasi,25.3176,82.9739,0,9,2,26.9,0,359.78,1.0,42.31,959,2,Agent,7,1400,160,500
2024-01-20,Andaman,11.7401,92.6586,1,1,5,20.2,0,321.75,0.349,97.17,597,4,Web,12,900,120,300
2024-11-27,Goa,15.2993,74.124,0,11,2,22.4,0,750.53,-0.45,78.04,1400,3,App,11,2000,250,800
2024-07-29,Manali,32.2432,77.1892,0,7,0,22.9,0,289.08,-0.498,75.06,548,3,App,7,1200,140,450
2024-07-31,Andaman,11.7401,92.6586,0,7,2,36.9,0,301.81,-0.766,97.26,289,3,Kiosk,31,900,120,300
2025-07-08,Goa,15.2993,74.124,0,7,1,38.7,0,418.57,0.945,76.28,1046,2,Kiosk,14,2000,250,800
2025-08-05,Manali,32.2432,77.1892,0,8,1,19.2,0,682.67,-0.538,61.98,950,1,Web,6,1200,140,450
2025-07-30,Goa,15.2993,74.124,0,7,2,37.7,0,390.81,0.535,85.33,1149,3,Web,13,2000,250,800
2024-12-16,Varanasi,25.3176,82.9739,0,12,0,16.3,0,730.8,-0.617,52.33,1234,3,App,5,1400,160,500
2024-08-09,Leh,34.1526,77.5771,0,8,4,15.2,1,515.7,-0.261,100.81,418,2,Kiosk,23,600,90,220
2024-06-16,Manali,32.2432,77.1892,1,6,6,23.8,0,94.53,0.019,75.41,823,2,Web,6,1200,140,450
2024-11-01,Jaipur,26.9124,75.7873,0,11,4,19.1,0,145.3,0.004,60.02,762,1,Agent,14,1500,180,600
2024-04-09,Jaipur,26.9124,75.7873,0,4,1,32.6,0,256.7,0.39,68.52,902,3,Agent,10,1500,180,600
2025-03-12,Agra,27.1767,78.0081,0,3,2,27.3,0,145.4,-0.01,63.69,627,3,Agent,29,1300,150,550
2024-03-04,Andaman,11.7401,92.6586,0,3,0,27.2,0,850.13,0.161,85.95,699,3,Web,8,900,120,300
2024-10-09,Agra,27.1767,78.0081,0,10,2,21.4,0,225.14,0.241,63.27,704,2,Web,13,1300,150,550
2025-06-04,Andaman,11.7401,92.6586,0,6,2,37.1,0,237.13,1.0,93.44,592,2,App,12,900,120,300
2025-03-01,Kerala,10.8505,76.2711,1,3,5,30.2,0,178.7,-0.542,72.61,1123,3,App,17,1700,220,700
2024-06-15,Varanasi,25.3176,82.9739,1,6,5,37.4,0,624.82,-0.064,47.92,1563,2,Kiosk,2,1400,160,500
2025-08-07,Leh,34.1526,77.5771,0,8,3,14.4,0,553.94,0.092,95.49,417,1,Agent,5,600,90,220
2025-02-13,Goa,15.2993,74.124,0,2,3,26.3,0,60.11,-0.207,68.02,977,1,Kiosk,9,2000,250,800
2025-07-17,Varanasi,25.3176,82.9739,0,7,3,36.0,0,136.57,-0.9,51.16,697,3,Agent,18,1400,160,500
2024-10-05,Kerala,10.8505,76.2711,1,10,5,23.1,0,96.25,1.0,63.25,1057,2,App,10,1700,220,700
2025-08-09,Manali,32.2432,77.1892,1,8,5,18.9,1,262.34,0.19,82.01,655,4,Web,23,1200,140,450
2024-06-04,Kerala,10.8505,76.2711,0,6,1,38.3,0,525.43,0.984,77.17,1516,3,Kiosk,16,1700,220,700
2025-07-28,Jaipur,26.9124,75.7873,0,7,0,38.1,0,399.6,0.159,75.16,713,1,Agent,11,1500,180,600
2024-06-01,Leh,34.1526,77.5771,1,6,5,19.6,0,539.44,-0.263,90.57,547,2,Kiosk,5,600,90,220
2024-04-28,Agra,27.1767,78.0081,1,4,6,33.6,0,255.67,-0.142,61.63,1055,2,Web,5,1300,150,550
2025-05-28,Agra,27.1767,78.0081,0,5,2,35.4,0,144.17,0.473,59.29,834,3,App,3,1300,150,550
2024-12-28,Andaman,11.7401,92.6586,1,12,5,17.1,0,694.63,0.182,91.17,789,1,Kiosk,15,900,120,300
2024-05-18,Manali,32.2432,77.1892,1,5,5,25.1,0,371.11,0.185,75.81,756,2,Kiosk,8,1200,140,450
2024-12-20,Jaipur,26.9124,75.7873,0,12,4,16.7,0,111.73,-0.712,66.12,900,2,Web,8,1500,180,600
2024-10-03,Varanasi,25.3176,82.9739,0,10,3,21.5,1,725.89,-1.0,55.86,774,2,Web,4,1400,160,500
2024-02-09,Kerala,10.8505,76.2711,0,2,4,24.0,0,1196.44,0.165,70.17,1582,2,Kiosk,4,1700,220,700
2025-04-21,Kerala,10.8505,76.2711,0,4,0,34.2,0,725.05,-0.105,69.03,1710,2,Web,14,1700,220,700
2024-12-06,Leh,34.1526,77.5771,0,12,4,1.1,0,415.85,0.897,97.33,300,1,App,1,600,90,220
2025-04-14,Goa,15.2993,74.124,0,4,0,34.5,0,221.38,0.404,78.7,1516,2,Kiosk,4,2000,250,800
2024-11-25,Andaman,11.7401,92.6586,0,11,0,19.3,0,409.36,-1.0,95.65,416,2,Web,9,900,120,300
2025-08-14,Leh,34.1526,77.5771,0,8,3,15.3,0,46.26,0.29,97.56,292,1,Kiosk,16,600,90,220
2025-01-12,Kerala,10.8505,76.2711,1,1,6,21.6,1,197.51,-0.532,69.24,1276,2,Agent,21,1700,220,700
2025-02-05,Jaipur,26.9124,75.7873,0,2,2,22.6,0,511.82,0.595,58.0,1397,1,App,22,1500,180,600
2024-05-06,Goa,15.2993,74.124,0,5,0,39.7,0,304.08,-1.0,91.66,1129,3,Agent,14,2000,250,800
2024-10-10,Leh,34.1526,77.5771,0,10,3,4.8,0,195.36,0.299,95.75,342,2,Agent,17,600,90,220
2024-03-27,Varanasi,25.3176,82.9739,0,3,2,26.1,0,676.04,0.181,59.89,743,3,Agent,6,1400,160,500
2025-01-16,Andaman,11.7401,92.6586,0,1,3,19.4,0,644.56,-0.412,94.05,695,2,Agent,8,900,120,300
2024-08-13,Kerala,10.8505,76.2711,0,8,1,34.2,0,1521.01,0.045,70.62,1463,2,Kiosk,2,1700,220,700
2024-02-03,Agra,27.1767,78.0081,1,2,5,22.7,0,290.49,-0.705,66.06,1236,2,Agent,10,1300,150,550
2025-09-28,Goa,15.2993,74.124,1,9,6,29.4,0,216.19,0.913,75.43,1135,2,App,19,2000,250,800
2025-05-16,Agra,27.1767,78.0081,0,5,4,35.2,1,519.9,-0.578,57.07,778,2,Agent,7,1300,150,550
2024-01-30,Varanasi,25.3176,82.9739,0,1,1,18.4,0,350.1,-0.646,55.39,1033,2,Kiosk,4,1400,160,500
2025-02-02,Leh,34.1526,77.5771,1,2,6,4.7,0,511.25,0.533,95.02,413,1,App,32,600,90,220
2025-08-18,Goa,15.2993,74.124,0,8,0,33.6,0,293.25,0.656,79.46,825,2,Kiosk,6,2000,250,800
2025-08-19,Agra,27.1767,78.0081,0,8,1,32.1,0,569.55,-0.331,51.25,605,2,Web,5,1300,150,550
2025-03-25,Jaipur,26.9124,75.7873,0,3,1,28.9,0,565.59,-0.057,66.15,1405,2,Kiosk,10,1500,180,600
2025-08-27,Agra,27.1767,78.0081,0,8,2,32.1,0,304.36,0.169,49.21,633,2,Kiosk,20,1300,150,550
2024-06-21,Goa,15.2993,74.124,0,6,4,38.8,0,174.7,-0.132,83.52,1242,2,Web,12,2000,250,800
2025-03-11,Varanasi,25.3176,82.9739,0,3,1,27.9,0,507.47,-0.773,54.1,1019,1,Agent,6,1400,160,500
2025-09-03,Jaipur,26.9124,75.7873,0,9,2,27.7,0,45.24,-0.565,64.68,354,2,Kiosk,34,1500,180,600
2024-09-07,Manali,32.2432,77.1892,1,9,5,14.9,0,702.56,0.15,79.47,759,1,Web,13,1200,140,450
2025-06-12,Andaman,11.7401,92.6586,0,6,3,38.4,0,102.91,0.213,97.73,357,2,App,5,900,120,300
2024-09-17,Manali,32.2432,77.1892,0,9,1,14.6,0,450.94,-0.199,64.68,661,2,Web,12,1200,140,450
2025-04-10,Goa,15.2993,74.124,0,4,3,34.8,0,342.7,0.88,86.16,1851,2,Web,1,2000,250,800
2024-05-19,Jaipur,26.9124,75.7873,1,5,6,37.1,0,396.02,0.183,70.53,1540,1,Agent,7,1500,180,600
2025-08-31,Leh,34.1526,77.5771,1,8,6,14.4,0,1052.89,0.41,91.91,523,2,App,4,600,90,220
2024-03-13,Manali,32.2432,77.1892,0,3,2,14.9,0,153.41,-0.36,70.38,713,2,App,5,1200,140,450
2025-05-07,Varanasi,25.3176,82.9739,0,5,2,36.3,0,361.73,-0.239,53.77,1068,2,Web,3,1400,160,500
2024-01-31,Varanasi,25.3176,82.9739,0,1,2,17.2,0,233.94,-0.276,45.9,929,2,Kiosk,32,1400,160,500
2024-05-27,Agra,27.1767,78.0081,0,5,0,34.6,0,144.25,0.034,54.52,961,1,App,7,1300,150,550
2024-09-17,Andaman,11.7401,92.6586,0,9,1,26.4,0,96.63,0.151,79.81,261,2,Kiosk,3,900,120,300
2024-12-09,Manali,32.2432,77.1892,0,12,0,6.8,0,105.32,0.55,66.51,636,2,Web,19,1200,140,450
2024-12-04,Goa,15.2993,74.124,0,12,2,19.5,0,617.09,0.638,84.67,1305,2,Kiosk,13,2000,250,800
2025-01-11,Leh,34.1526,77.5771,1,1,5,2.4,0,27.61,-0.025,103.38,279,2,Kiosk,10,600,90,220
2025-08-12,Jaipur,26.9124,75.7873,0,8,1,32.6,1,302.75,0.477,57.55,754,2,App,11,1500,180,600
2025-03-19,Varanasi,25.3176,82.9739,0,3,2,28.0,0,911.56,0.619,53.48,1398,3,Agent,15,1400,160,500
2025-09-27,Jaipur,26.9124,75.7873,1,9,5,27.8,0,137.35,-0.142,54.3,691,3,App,10,1500,180,600
2024-01-26,Andaman,11.7401,92.6586,0,1,4,20.1,0,269.05,0.074,89.93,438,3,Kiosk,10,900,120,300
2025-07-07,Andaman,11.7401,92.6586,0,7,0,35.3,0,1044.41,0.474,90.02,678,2,Agent,11,900,120,300
2024-12-29,Manali,32.2432,77.1892,1,12,6,4.0,0,640.37,1.0,73.09,1151,4,Kiosk,15,1200,140,450
2024-01-18,Leh,34.1526,77.5771,0,1,3,0.4,0,277.92,-0.747,99.21,438,3,App,15,600,90,220
2024-09-20,Leh,34.1526,77.5771,0,9,4,11.6,0,551.37,-0.125,97.51,209,1,Agent,15,600,90,220
2025-05-17,Goa,15.2993,74.124,1,5,5,39.1,0,448.83,0.622,83.33,1816,4,Kiosk,8,2000,250,800
2024-07-22,Manali,32.2432,77.1892,0,7,0,22.4,1,235.27,0.65,74.58,659,3,App,23,1200,140,450
2024-04-27,Agra,27.1767,78.0081,1,4,5,31.2,0,97.83,0.1,61.58,803,1,App,6,1300,150,550
2024-04-04,Leh,34.1526,77.5771,0,4,3,14.7,0,147.59,-0.287,103.71,312,3,App,4,600,90,220
2025-04-25,Andaman,11.7401,92.6586,0,4,4,34.6,0,493.99,0.228,94.09,598,2,App,22,900,120,300
2024-12-28,Andaman,11.7401,92.6586,1,12,5,18.2,0,1159.56,-0.439,85.75,954,1,Agent,17,900,120,300
2025-01-10,Goa,15.2993,74.124,0,1,4,21.8,0,551.26,0.058,84.55,1571,2,Web,15,2000,250,800
2025-07-02,Andaman,11.7401,92.6586,0,7,2,36.8,0,664.44,-0.243,93.82,506,3,App,4,900,120,300
2025-09-08,Goa,15.2993,74.124,0,9,0,30.4,0,311.75,-0.334,77.48,826,2,Web,16,2000,250,800
2024-04-26,Kerala,10.8505,76.2711,0,4,4,33.6,0,739.26,-0.32,74.73,1191,2,Agent,24,1700,220,700
2024-06-17,Jaipur,26.9124,75.7873,0,6,0,37.7,0,138.02,0.547,63.79,716,2,Web,5,1500,180,600
2024-10-02,Kerala,10.8505,76.2711,0,10,2,24.5,0,748.23,-0.019,65.92,1258,3,Agent,14,1700,220,700
2024-04-05,Goa,15.2993,74.124,0,4,4,34.9,0,392.14,0.712,84.49,1255,2,Kiosk,22,2000,250,800
2024-06-16,Jaipur,26.9124,75.7873,1,6,6,38.0,0,143.33,-0.084,71.86,1109,2,Kiosk,7,1500,180,600
2024-05-26,Jaipur,26.9124,75.7873,1,5,6,37.8,0,231.27,0.273,64.78,1066,2,Agent,4,1500,180,600
2024-12-07,Goa,15.2993,74.124,1,12,5,21.0,0,95.34,-0.682,86.21,939,1,App,20,2000,250,800
2024-01-22,Jaipur,26.9124,75.7873,0,1,0,18.5,1,409.76,-0.652,62.03,969,2,App,6,1500,180,600
2024-11-29,Agra,27.1767,78.0081,0,11,4,17.7,0,465.16,-0.457,56.33,963,2,Agent,6,1300,150,550
2025-01-01,Leh,34.1526,77.5771,0,1,2,-0.2,0,227.15,-0.048,98.58,269,3,Kiosk,7,600,90,220
2025-02-19,Agra,27.1767,78.0081,0,2,2,20.7,0,436.34,0.133,61.82,1029,2,Kiosk,10,1300,150,550
2024-10-07,Goa,15.2993,74.124,0,10,0,25.4,0,410.81,-0.87,86.35,810,2,App,5,2000,250,800
2025-04-18,Andaman,11.7401,92.6586,0,4,4,32.1,0,172.83,0.03,102.53,425,3,Kiosk,5,900,120,300
2025-06-14,Goa,15.2993,74.124,1,6,5,38.9,1,294.82,0.683,79.12,1294,3,App,3,2000,250,800
2025-04-25,Jaipur,26.9124,75.7873,0,4,4,32.5,0,291.32,0.25,63.32,931,1,Kiosk,29,1500,180,600
2024-11-26,Varanasi,25.3176,82.9739,0,11,1,18.5,0,224.17,0.556,53.82,785,2,Web,7,1400,160,500
2024-08-03,Jaipur,26.9124,75.7873,1,8,5,35.2,0,675.65,0.763,63.16,894,2,Web,3,1500,180,600
2024-11-21,Manali,32.2432,77.1892,0,11,3,7.4,0,293.96,-0.045,85.3,558,3,Web,25,1200,140,450
2024-08-11,Agra,27.1767,78.0081,1,8,6,32.6,0,294.1,-0.24,59.69,698,2,Web,16,1300,150,550
2024-01-02,Agra,27.1767,78.0081,0,1,1,19.1,1,561.12,-0.07,57.75,1217,2,Kiosk,19,1300,150,550
2025-04-13,Leh,34.1526,77.5771,1,4,6,15.2,0,236.67,0.488,93.08,496,2,App,23,600,90,220
2025-02-11,Jaipur,26.9124,75.7873,0,2,1,22.3,0,473.06,0.711,64.6,1009,2,Agent,4,1500,180,600
2024-08-26,Goa,15.2993,74.124,0,8,0,34.7,0,245.14,0.682,76.91,1025,3,App,6,2000,250,800
2025-03-03,Kerala,10.8505,76.2711,0,3,0,29.3,0,122.15,-0.285,74.8,854,2,App,6,1700,220,700
2024-01-04,Kerala,10.8505,76.2711,0,1,3,20.9,0,223.06,0.359,68.62,985,3,Web,2,1700,220,700
2024-04-05,Kerala,10.8505,76.2711,0,4,4,35.4,0,197.34,0.444,70.13,1345,2,Web,13,1700,220,700
2024-08-02,Manali,32.2432,77.1892,0,8,4,20.0,0,191.24,0.658,69.74,725,2,Web,23,1200,140,450
2025-04-24,Agra,27.1767,78.0081,0,4,3,32.6,0,42.93,-0.729,59.71,579,3,Web,15,1300,150,550
2024-06-21,Varanasi,25.3176,82.9739,0,6,4,38.1,0,297.34,-0.011,50.62,1335,2,Web,21,1400,160,500
2025-05-02,Leh,34.1526,77.5771,0,5,4,18.3,0,1109.7,0.055,101.19,603,3,Kiosk,1,600,90,220
2025-03-18,Kerala,10.8505,76.2711,0,3,1,31.1,0,283.74,-0.475,73.18,1076,3,Web,9,1700,220,700
2025-09-20,Manali,32.2432,77.1892,1,9,5,15.1,0,1153.13,0.262,70.11,994,2,Web,22,1200,140,450
2024-03-08,Agra,27.1767,78.0081,0,3,4,25.5,1,358.5,0.778,59.07,1001,2,Web,2,1300,150,550
2024-05-20,Jaipur,26.9124,75.7873,0,5,0,36.6,0,659.03,0.162,70.98,1164,2,Web,25,1500,180,600
2025-08-25,Andaman,11.7401,92.6586,0,8,0,33.0,0,186.98,-0.104,100.14,279,2,Web,10,900,120,300
2024-08-30,Jaipur,26.9124,75.7873,0,8,4,35.5,0,340.96,-0.122,71.71,634,2,Web,4,1500,180,600
2025-04-25,Jaipur,26.9124,75.7873,0,4,4,32.8,0,644.32,1.0,65.3,1596,2,Agent,5,1500,180,600
2025-06-06,Kerala,10.8505,76.2711,0,6,4,37.9,0,112.97,0.002,66.59,883,1,Agent,12,1700,220,700
2024-05-27,Agra,27.1767,78.0081,0,5,0,35.5,0,151.44,0.635,56.58,636,1,Web,5,1300,150,550
2024-11-19,Manali,32.2432,77.1892,0,11,1,7.5,0,657.03,0.434,77.56,754,1,Web,24,1200,140,450
2024-09-02,Andaman,11.7401,92.6586,0,9,0,29.5,0,272.78,0.141,88.62,290,2,Web,11,900,120,300
2024-05-10,Goa,15.2993,74.124,0,5,4,38.8,1,205.69,-0.413,87.09,977,2,Agent,6,2000,250,800
2024-03-14,Leh,34.1526,77.5771,0,3,3,10.4,0,633.56,0.09,97.14,413,2,Web,5,600,90,220
2024-01-08,Manali,32.2432,77.1892,0,1,0,5.7,0,576.79,0.326,88.83,774,2,Web,10,1200,140,450
2025-08-14,Leh,34.1526,77.5771,0,8,3,14.7,0,477.04,-0.044,94.83,436,1,Kiosk,24,600,90,220
2024-11-20,Agra,27.1767,78.0081,0,11,2,19.3,0,1456.6,-0.401,61.53,1209,2,Web,20,1300,150,550
2024-10-15,Manali,32.2432,77.1892,0,10,1,10.1,0,833.15,0.643,72.55,614,1,App,16,1200,140,450
2024-05-09,Manali,32.2432,77.1892,0,5,3,22.6,0,82.84,0.125,77.15,704,2,Agent,34,1200,140,450
2025-04-17,Agra,27.1767,78.0081,0,4,3,32.9,0,752.75,0.92,62.54,1161,1,App,14,1300,150,550
2024-02-13,Leh,34.1526,77.5771,0,2,1,3.6,0,323.39,0.542,95.17,360,3,Agent,8,600,90,220
2024-03-13,Jaipur,26.9124,75.7873,0,3,2,26.7,0,538.44,0.323,63.69,1013,2,Kiosk,27,1500,180,600
2025-04-12,Andaman,11.7401,92.6586,1,4,5,34.7,0,680.01,-0.144,87.73,852,3,Kiosk,21,900,120,300
2025-07-15,Varanasi,25.3176,82.9739,0,7,1,36.2,0,204.13,-0.512,47.71,619,1,Agent,3,1400,160,500
2025-02-13,Varanasi,25.3176,82.9739,0,2,3,22.9,0,438.85,-0.104,58.83,967,3,App,4,1400,160,500
2025-07-27,Andaman,11.7401,92.6586,1,7,6,38.3,0,226.77,-0.156,86.88,470,2,App,13,900,120,300
2024-10-05,Manali,32.2432,77.1892,1,10,5,10.1,0,477.81,-0.183,71.89,771,2,App,4,1200,140,450
2025-08-10,Varanasi,25.3176,82.9739,1,8,6,31.0,0,397.86,-0.337,52.91,869,1,Web,2,1400,160,500
2024-04-18,Varanasi,25.3176,82.9739,0,4,3,33.9,0,335.03,-0.666,54.64,789,3,Web,27,1400,160,500
2024-06-11,Andaman,11.7401,92.6586,0,6,1,39.0,0,485.89,-0.238,96.08,487,2,Web,24,900,120,300
2024-07-30,Varanasi,25.3176,82.9739,0,7,1,34.6,0,74.87,-0.308,51.55,608,1,Web,6,1400,160,500
2024-01-03,Kerala,10.8505,76.2711,0,1,2,21.7,0,426.02,0.83,82.6,1272,2,Web,12,1700,220,700
2024-09-20,Andaman,11.7401,92.6586,0,9,4,27.8,0,350.44,0.202,89.97,380,2,Web,6,900,120,300
2024-07-03,Agra,27.1767,78.0081,0,7,2,35.3,1,82.91,0.214,57.18,681,3,App,17,1300,150,550
2025-06-08,Jaipur,26.9124,75.7873,1,6,6,38.3,0,280.26,-0.174,67.79,1121,2,Kiosk,12,1500,180,600
2025-02-26,Jaipur,26.9124,75.7873,0,2,2,24.1,0,331.33,0.122,61.73,1085,3,App,24,1500,180,600
2024-07-13,Jaipur,26.9124,75.7873,1,7,5,36.4,0,361.7,0.16,57.52,855,3,Web,11,1500,180,600
2024-06-17,Agra,27.1767,78.0081,0,6,0,36.5,1,290.11,0.314,55.32,801,1,Agent,5,1300,150,550
2025-09-25,Agra,27.1767,78.0081,0,9,3,26.9,0,96.4,0.077,60.25,500,2,App,28,1300,150,550
2024-01-28,Manali,32.2432,77.1892,1,1,6,6.1,0,64.26,0.085,78.65,737,2,App,5,1200,140,450
2025-02-14,Varanasi,25.3176,82.9739,0,2,4,21.3,0,710.08,-0.106,48.78,1236,2,Agent,19,1400,160,500
2025-09-16,Varanasi,25.3176,82.9739,0,9,1,26.2,0,864.59,-0.155,52.16,827,2,Web,1,1400,160,500
2024-11-01,Agra,27.1767,78.0081,0,11,4,16.8,0,532.56,0.263,51.76,877,3,Kiosk,19,1300,150,550
2025-06-14,Varanasi,25.3176,82.9739,1,6,5,37.7,0,629.05,-0.663,52.99,1304,2,Web,6,1400,160,500
2025-09-20,Andaman,11.7401,92.6586,1,9,5,28.8,0,841.87,0.128,89.01,497,2,Agent,3,900,120,300
2024-06-25,Andaman,11.7401,92.6586,0,6,1,37.2,1,451.86,-0.25,93.41,453,3,Kiosk,14,900,120,300
2025-08-09,Andaman,11.7401,92.6586,1,8,5,34.0,0,559.96,0.049,100.22,597,2,Agent,2,900,120,300
2025-08-25,Manali,32.2432,77.1892,0,8,0,19.6,0,14.25,-0.001,75.19,651,3,Web,11,1200,140,450
2024-06-07,Goa,15.2993,74.124,0,6,4,38.9,0,418.24,0.82,81.06,1251,2,Web,11,2000,250,800
2024-06-18,Andaman,11.7401,92.6586,0,6,1,37.6,0,112.05,-0.614,91.67,438,2,App,20,900,120,300
2025-09-19,Agra,27.1767,78.0081,0,9,4,28.8,0,569.75,0.305,53.73,733,1,Kiosk,13,1300,150,550
2025-05-30,Jaipur,26.9124,75.7873,0,5,4,36.2,0,1235.78,0.138,69.43,1515,2,Agent,5,1500,180,600
2024-06-06,Jaipur,26.9124,75.7873,0,6,3,39.0,0,277.25,-0.053,63.43,802,1,Kiosk,1,1500,180,600
2024-09-10,Goa,15.2993,74.124,0,9,1,30.4,0,254.34,0.777,77.32,820,1,Kiosk,12,2000,250,800
2025-07-20,Agra,27.1767,78.0081,1,7,6,34.8,0,97.23,0.004,51.36,885,3,App,17,1300,150,550
2025-01-02,Varanasi,25.3176,82.9739,0,1,3,19.0,0,1149.54,0.708,44.99,1389,2,Agent,9,1400,160,500
2024-04-15,Manali,32.2432,77.1892,0,4,0,20.5,0,502.48,0.137,89.23,1053,1,App,41,1200,140,450
2025-04-16,Andaman,11.7401,92.6586,0,4,2,33.8,0,331.32,0.912,93.69,555,2,Web,13,900,120,300
2024-05-11,Agra,27.1767,78.0081,1,5,5,37.3,0,523.54,1.0,53.74,1326,1,Web,7,1300,150,550
2024-06-19,Manali,32.2432,77.1892,0,6,2,26.2,0,290.2,0.186,74.84,1255,3,Web,6,1200,140,450
2024-07-08,Varanasi,25.3176,82.9739,0,7,0,34.0,0,290.38,-0.184,61.78,814,2,Web,21,1400,160,500
2025-02-09,Leh,34.1526,77.5771,1,2,6,4.5,0,431.97,0.9,95.18,440,3,Web,1,600,90,220
2024-03-15,Goa,15.2993,74.124,0,3,4,30.1,0,126.75,0.463,85.45,1351,2,Kiosk,7,2000,250,800
2025-01-26,Goa,15.2993,74.124,1,1,6,22.6,0,450.2,-1.0,81.13,1668,2,Web,8,2000,250,800
2024-01-23,Goa,15.2993,74.124,0,1,1,20.9,0,189.67,-0.366,79.96,1367,2,Kiosk,39,2000,250,800
2025-02-26,Agra,27.1767,78.0081,0,2,2,22.7,0,862.45,0.789,51.63,1311,2,Kiosk,8,1300,150,550
2024-03-23,Varanasi,25.3176,82.9739,1,3,5,27.8,0,70.87,0.587,60.23,1057,2,Web,8,1400,160,500
2024-03-11,Varanasi,25.3176,82.9739,0,3,0,26.4,0,423.89,0.641,51.8,976,3,Agent,38,1400,160,500
2025-06-28,Jaipur,26.9124,75.7873,1,6,5,39.2,0,231.64,-0.507,67.78,921,1,App,26,1500,180,600
2025-01-26,Jaipur,26.9124,75.7873,1,1,6,19.9,0,643.8,0.164,66.46,1231,2,Kiosk,2,1500,180,600
2025-05-21,Manali,32.2432,77.1892,0,5,2,22.7,0,538.06,-0.149,64.5,539,1,Web,28,1200,140,450
2025-08-08,Agra,27.1767,78.0081,0,8,4,33.3,0,102.6,1.0,59.11,570,2,Kiosk,24,1300,150,550
2025-02-03,Leh,34.1526,77.5771,0,2,0,6.0,0,229.97,-0.287,107.15,360,2,App,11,600,90,220
2025-04-27,Manali,32.2432,77.1892,1,4,6,21.1,0,315.14,0.302,77.83,740,2,App,15,1200,140,450
2025-01-19,Agra,27.1767,78.0081,1,1,6,18.5,0,664.42,-0.708,63.72,1346,2,Kiosk,6,1300,150,550
2024-10-02,Kerala,10.8505,76.2711,0,10,2,24.5,0,347.02,0.533,63.82,832,2,Agent,7,1700,220,700
2025-09-26,Varanasi,25.3176,82.9739,0,9,4,28.5,0,735.78,0.059,49.51,707,1,Web,22,1400,160,500
2024-11-19,Kerala,10.8505,76.2711,0,11,1,20.0,0,570.51,-0.124,61.9,1262,2,Kiosk,5,1700,220,700
2024-04-27,Varanasi,25.3176,82.9739,1,4,5,33.5,0,140.11,-0.056,53.55,882,2,App,14,1400,160,500
2024-12-04,Goa,15.2993,74.124,0,12,2,19.5,0,199.01,-0.947,78.87,987,2,Web,1,2000,250,800
2025-08-19,Agra,27.1767,78.0081,0,8,1,33.8,0,732.32,-0.251,53.77,751,2,App,32,1300,150,550
2024-10-22,Leh,34.1526,77.5771,0,10,1,4.8,0,553.19,0.648,95.23,397,2,App,38,600,90,220
2024-02-09,Andaman,11.7401,92.6586,0,2,4,23.1,0,205.34,0.362,100.67,352,1,Web,5,900,120,300
2024-04-14,Manali,32.2432,77.1892,1,4,6,19.0,0,761.36,0.344,69.61,1165,2,App,20,1200,140,450
2025-08-15,Manali,32.2432,77.1892,0,8,4,21.8,0,400.13,0.537,77.22,596,2,Web,24,1200,140,450
2024-02-04,Manali,32.2432,77.1892,1,2,6,10.2,0,444.06,0.342,82.03,992,2,Kiosk,3,1200,140,450
2024-08-10,Varanasi,25.3176,82.9739,1,8,5,32.4,0,176.71,-0.083,57.23,831,2,Kiosk,6,1400,160,500
2025-09-27,Varanasi,25.3176,82.9739,1,9,5,28.2,0,64.63,0.304,55.06,514,3,Kiosk,10,1400,160,500
2024-04-28,Varanasi,25.3176,82.9739,1,4,6,30.2,0,1031.52,0.259,55.89,1674,2,Web,8,1400,160,500
2024-05-18,Agra,27.1767,78.0081,1,5,5,34.5,0,644.8,-0.791,57.24,1319,2,App,6,1300,150,550
2024-10-31,Andaman,11.7401,92.6586,0,10,3,22.4,0,751.87,0.887,85.05,546,3,Web,31,900,120,300
2025-03-20,Kerala,10.8505,76.2711,0,3,3,28.6,0,582.8,0.998,67.67,1316,1,Kiosk,12,1700,220,700
2025-07-04,Andaman,11.7401,92.6586,0,7,4,36.4,0,249.31,-0.162,93.82,364,2,Web,18,900,120,300
2025-08-06,Kerala,10.8505,76.2711,0,8,2,33.5,0,302.3,0.331,71.43,1092,2,Agent,22,1700,220,700
2024-12-17,Goa,15.2993,74.124,0,12,1,20.0,0,191.59,-0.005,88.92,1237,2,Web,29,2000,250,800
2025-09-29,Andaman,11.7401,92.6586,0,9,0,27.3,1,121.46,-0.045,98.57,292,2,App,1,900,120,300
2025-09-26,Manali,32.2432,77.1892,0,9,4,15.1,0,158.48,-0.017,72.14,459,2,Web,9,1200,140,450
2025-06-19,Leh,34.1526,77.5771,0,6,3,20.3,0,283.4,-0.329,106.69,363,3,Kiosk,17,600,90,220
2024-06-18,Andaman,11.7401,92.6586,0,6,1,39.3,1,72.25,0.865,102.58,381,1,App,28,900,120,300
2025-01-06,Andaman,11.7401,92.6586,0,1,0,19.2,0,344.35,-0.014,84.14,482,2,Web,7,900,120,300
2024-01-10,Leh,34.1526,77.5771,0,1,2,1.3,0,280.57,-0.001,101.11,312,1,App,21,600,90,220
2024-05-29,Andaman,11.7401,92.6586,0,5,2,36.7,0,326.97,0.919,90.17,488,3,Kiosk,5,900,120,300
2024-04-20,Agra,27.1767,78.0081,1,4,5,31.4,0,599.46,0.973,56.58,1468,3,Agent,1,1300,150,550
2025-02-09,Kerala,10.8505,76.2711,1,2,6,23.3,0,92.23,0.345,62.36,1034,2,Kiosk,17,1700,220,700
2025-09-27,Manali,32.2432,77.1892,1,9,5,16.8,0,212.78,-0.705,76.19,487,3,Kiosk,12,1200,140,450
2024-12-21,Leh,34.1526,77.5771,1,12,5,-1.1,0,208.39,-0.418,92.65,386,2,App,7,600,90,220
2024-08-02,Varanasi,25.3176,82.9739,0,8,4,31.3,0,1150.13,-0.176,55.78,802,2,App,3,1400,160,500
2024-02-24,Jaipur,26.9124,75.7873,1,2,5,23.3,0,1044.54,0.344,61.02,1631,3,Kiosk,10,1500,180,600
2024-07-04,Leh,34.1526,77.5771,0,7,3,17.4,0,1083.66,0.158,92.02,579,2,Kiosk,7,600,90,220
2025-01-21,Goa,15.2993,74.124,0,1,1,20.8,0,1463.7,0.218,75.81,3145,1,Kiosk,15,2000,250,800
2024-07-27,Andaman,11.7401,92.6586,1,7,5,36.9,0,688.41,0.057,83.37,765,1,App,20,900,120,300
2025-05-06,Manali,32.2432,77.1892,0,5,1,22.0,0,434.57,0.241,80.0,823,3,Kiosk,7,1200,140,450
2024-06-02,Kerala,10.8505,76.2711,1,6,6,39.2,0,160.76,-0.611,66.21,1381,2,App,23,1700,220,700
2024-01-15,Andaman,11.7401,92.6586,0,1,0,18.6,0,310.17,0.425,91.22,573,1,App,8,900,120,300
2024-01-02,Jaipur,26.9124,75.7873,0,1,1,19.4,0,558.02,1.0,72.77,1372,1,Web,7,1500,180,600
2025-06-29,Agra,27.1767,78.0081,1,6,6,37.2,0,1087.87,-0.108,70.65,1477,1,Agent,13,1300,150,550
2024-12-18,Goa,15.2993,74.124,0,12,2,21.3,1,164.51,-0.174,76.75,804,3,Kiosk,30,2000,250,800
2025-07-28,Kerala,10.8505,76.2711,0,7,0,39.2,0,27.94,0.326,70.1,652,2,App,17,1700,220,700
2025-02-27,Agra,27.1767,78.0081,0,2,3,22.6,0,647.63,0.325,59.3,991,2,Agent,23,1300,150,550
2024-12-22,Agra,27.1767,78.0081,1,12,6,15.8,0,243.96,-0.131,54.1,752,2,App,5,1300,150,550
2024-05-27,Leh,34.1526,77.5771,0,5,0,18.5,1,38.98,-0.193,96.69,219,3,Agent,6,600,90,220
2024-08-31,Manali,32.2432,77.1892,1,8,5,19.5,0,439.08,0.244,71.92,960,2,Web,7,1200,140,450
2024-07-26,Goa,15.2993,74.124,0,7,4,37.8,1,363.15,-0.617,69.4,979,2,Kiosk,8,2000,250,800
2025-05-11,Leh,34.1526,77.5771,1,5,6,18.4,1,742.78,-0.176,109.33,507,3,Agent,17,600,90,220
2025-04-30,Varanasi,25.3176,82.9739,0,4,2,33.3,0,180.32,0.112,56.17,715,2,Kiosk,13,1400,160,500
2025-02-01,Jaipur,26.9124,75.7873,1,2,5,22.7,0,666.29,-0.341,59.02,1121,1,Web,6,1500,180,600
2025-03-11,Varanasi,25.3176,82.9739,0,3,1,26.8,0,311.94,0.493,55.85,997,2,Kiosk,14,1400,160,500
2025-01-21,Leh,34.1526,77.5771,0,1,1,2.5,0,201.88,-0.102,93.81,305,2,Web,4,600,90,220
2024-04-15,Agra,27.1767,78.0081,0,4,0,33.4,0,163.36,-0.259,59.47,999,3,Web,2,1300,150,550
2024-04-26,Agra,27.1767,78.0081,0,4,4,32.5,0,656.93,0.429,61.63,891,3,App,11,1300,150,550
2024-03-12,Andaman,11.7401,92.6586,0,3,1,29.9,0,30.9,-0.571,93.77,483,1,Kiosk,18,900,120,300
2024-07-25,Manali,32.2432,77.1892,0,7,3,22.2,0,319.22,0.294,71.07,869,4,Web,26,1200,140,450
2024-03-31,Manali,32.2432,77.1892,1,3,6,15.6,0,696.72,0.432,84.71,1024,2,Kiosk,1,1200,140,450
2024-10-02,Andaman,11.7401,92.6586,0,10,2,22.5,0,711.98,0.201,87.55,668,3,Kiosk,16,900,120,300
2025-04-16,Manali,32.2432,77.1892,0,4,2,21.0,0,782.77,0.613,69.37,774,2,App,9,1200,140,450
2024-12-07,Varanasi,25.3176,82.9739,1,12,5,16.9,0,260.05,-0.2,45.42,1005,3,App,13,1400,160,500
2025-05-10,Varanasi,25.3176,82.9739,1,5,5,35.6,0,582.05,1.0,49.45,1084,2,Kiosk,10,1400,160,500
2025-01-29,Leh,34.1526,77.5771,0,1,2,-0.4,0,314.1,-0.223,101.41,315,2,Kiosk,17,600,90,220
2024-01-05,Leh,34.1526,77.5771,0,1,4,-0.2,0,468.03,0.632,103.12,427,3,App,1,600,90,220
2024-03-27,Goa,15.2993,74.124,0,3,2,30.1,0,162.61,-0.272,76.21,1123,3,Kiosk,6,2000,250,800
2024-07-31,Varanasi,25.3176,82.9739,0,7,2,34.9,0,119.03,0.339,47.16,839,1,Agent,6,1400,160,500
2025-09-22,Leh,34.1526,77.5771,0,9,0,9.5,1,1338.99,-0.133,93.06,303,2,Kiosk,7,600,90,220
2025-07-10,Varanasi,25.3176,82.9739,0,7,3,35.2,0,466.85,-0.289,59.39,1002,1,Web,21,1400,160,500
2025-08-14,Leh,34.1526,77.5771,0,8,3,15.3,1,170.68,-0.185,93.17,388,1,Web,18,600,90,220
2025-07-16,Goa,15.2993,74.124,0,7,2,38.7,1,290.48,-0.108,82.72,1078,3,Agent,3,2000,250,800
2024-12-17,Andaman,11.7401,92.6586,0,12,1,17.5,0,297.87,-0.865,95.17,434,2,Agent,21,900,120,300
2024-07-02,Andaman,11.7401,92.6586,0,7,1,37.5,0,737.93,-0.041,96.17,430,2,Agent,8,900,120,300
2024-09-03,Manali,32.2432,77.1892,0,9,1,15.4,0,332.19,-1.0,70.74,543,3,Agent,9,1200,140,450
2024-11-23,Manali,32.2432,77.1892,1,11,5,5.1,0,745.34,-0.214,75.56,855,2,Agent,12,1200,140,450
2025-08-20,Andaman,11.7401,92.6586,0,8,2,31.0,0,299.67,0.507,87.58,368,1,App,20,900,120,300
2024-10-22,Manali,32.2432,77.1892,0,10,1,8.9,0,41.24,-0.319,65.35,461,2,Kiosk,3,1200,140,450
2024-01-16,Varanasi,25.3176,82.9739,0,1,1,18.1,0,376.18,-0.498,44.04,809,1,App,15,1400,160,500
2025-03-25,Andaman,11.7401,92.6586,0,3,1,27.4,0,142.1,0.027,91.21,287,2,Agent,1,900,120,300
2024-11-11,Agra,27.1767,78.0081,0,11,0,20.0,0,600.11,-0.408,52.53,987,2,Agent,25,1300,150,550
2024-09-19,Andaman,11.7401,92.6586,0,9,3,29.0,0,482.92,0.759,90.66,440,3,App,6,900,120,300
2025-04-07,Agra,27.1767,78.0081,0,4,0,34.7,0,400.09,0.045,60.31,813,2,Web,4,1300,150,550
2024-03-12,Kerala,10.8505,76.2711,0,3,1,28.5,0,1042.11,0.62,69.46,2342,2,Web,5,1700,220,700
2024-02-05,Manali,32.2432,77.1892,0,2,0,10.4,0,482.53,-0.355,74.42,760,2,App,10,1200,140,450
2024-08-07,Jaipur,26.9124,75.7873,0,8,2,33.6,0,145.42,0.331,67.74,808,2,Agent,15,1500,180,600
2025-05-16,Varanasi,25.3176,82.9739,0,5,4,37.1,1,561.61,0.97,55.44,1261,2,Agent,2,1400,160,500
2024-02-19,Goa,15.2993,74.124,0,2,0,26.9,0,18.68,0.277,86.46,793,2,Kiosk,6,2000,250,800
2024-10-14,Varanasi,25.3176,82.9739,0,10,0,22.8,0,555.22,-0.197,52.78,920,1,App,42,1400,160,500
2024-06-27,Andaman,11.7401,92.6586,0,6,3,37.1,0,484.76,0.557,82.1,556,3,Kiosk,5,900,120,300
2024-11-07,Manali,32.2432,77.1892,0,11,3,6.9,0,787.05,1.0,71.64,775,1,App,20,1200,140,450
2024-12-05,Manali,32.2432,77.1892,0,12,3,4.8,0,788.14,-0.634,70.31,745,3,App,16,1200,140,450
2024-05-01,Jaipur,26.9124,75.7873,0,5,2,37.1,0,314.88,0.281,68.88,1115,3,Web,5,1500,180,600
2024-11-14,Varanasi,25.3176,82.9739,0,11,3,18.4,0,705.25,-0.252,42.22,963,3,Agent,34,1400,160,500
2024-05-10,Jaipur,26.9124,75.7873,0,5,4,38.3,0,460.23,-0.139,55.78,1355,3,Web,8,1500,180,600
2024-07-17,Leh,34.1526,77.5771,0,7,2,18.8,0,300.64,0.79,87.08,354,2,Web,22,600,90,220
2025-09-14,Varanasi,25.3176,82.9739,1,9,6,26.3,0,236.85,0.196,51.42,933,2,Agent,33,1400,160,500
2024-08-22,Varanasi,25.3176,82.9739,0,8,3,32.1,0,513.97,-0.276,53.57,824,2,Web,8,1400,160,500
2024-01-18,Kerala,10.8505,76.2711,0,1,3,22.0,0,519.6,0.857,62.27,1628,3,Web,8,1700,220,700
2024-07-18,Manali,32.2432,77.1892,0,7,3,22.3,0,452.31,-0.848,66.37,762,1,Kiosk,17,1200,140,450
2024-08-02,Varanasi,25.3176,82.9739,0,8,4,31.6,0,454.71,0.706,51.4,886,3,Web,2,1400,160,500
2024-09-14,Manali,32.2432,77.1892,1,9,5,15.1,1,224.16,-0.967,78.71,483,1,Kiosk,4,1200,140,450
2024-09-13,Andaman,11.7401,92.6586,0,9,4,27.0,0,197.26,0.168,92.32,324,2,Agent,22,900,120,300
2024-07-07,Varanasi,25.3176,82.9739,1,7,6,35.2,0,197.78,-0.604,53.49,1022,2,Web,3,1400,160,500
2024-07-12,Leh,34.1526,77.5771,0,7,4,18.7,0,102.71,0.778,97.49,390,2,Kiosk,10,600,90,220
2025-08-26,Jaipur,26.9124,75.7873,0,8,1,32.5,1,673.15,-0.169,65.58,980,2,Kiosk,14,1500,180,600
2025-09-24,Leh,34.1526,77.5771,0,9,2,9.0,1,1372.03,0.16,92.49,393,1,Agent,1,600,90,220
2024-07-14,Goa,15.2993,74.124,1,7,6,39.6,0,558.53,-0.148,81.24,667,2,Web,5,2000,250,800
2025-05-27,Andaman,11.7401,92.6586,0,5,1,35.7,0,189.33,0.775,103.07,299,4,Web,6,900,120,300
2025-08-09,Kerala,10.8505,76.2711,1,8,5,32.4,0,505.68,-0.442,71.16,905,3,Agent,5,1700,220,700
2024-10-17,Jaipur,26.9124,75.7873,0,10,3,23.8,0,368.75,0.179,62.31,1078,1,Kiosk,15,1500,180,600
2024-08-24,Goa,15.2993,74.124,1,8,5,35.5,0,582.24,0.509,77.47,1774,2,Agent,7,2000,250,800
2024-09-19,Andaman,11.7401,92.6586,0,9,3,28.7,0,213.46,-0.217,88.64,342,1,Web,20,900,120,300
2025-05-07,Goa,15.2993,74.124,0,5,2,37.3,0,542.51,0.269,88.54,1305,3,Web,19,2000,250,800
2025-05-13,Manali,32.2432,77.1892,0,5,1,24.0,0,279.21,-0.1,69.98,715,2,Web,5,1200,140,450
2025-07-29,Kerala,10.8505,76.2711,0,7,1,38.3,1,650.48,-0.0,78.44,1231,2,App,36,1700,220,700
2025-03-16,Manali,32.2432,77.1892,1,3,6,14.7,0,402.04,0.473,79.04,1041,2,App,15,1200,140,450
2024-07-10,Kerala,10.8505,76.2711,0,7,2,37.9,0,592.27,-0.353,72.66,1081,1,Web,11,1700,220,700
2024-06-11,Agra,27.1767,78.0081,0,6,1,37.5,1,224.08,-0.469,54.05,656,2,Agent,10,1300,150,550
2025-04-13,Andaman,11.7401,92.6586,1,4,6,32.9,0,491.35,1.0,87.64,994,1,Web,16,900,120,300
2024-08-02,Andaman,11.7401,92.6586,0,8,4,34.3,0,150.52,0.994,96.1,396,2,Kiosk,19,900,120,300
2024-02-11,Varanasi,25.3176,82.9739,1,2,6,22.0,0,551.77,0.1,49.4,1266,2,Kiosk,6,1400,160,500
2025-03-19,Andaman,11.7401,92.6586,0,3,2,27.1,0,714.16,1.0,93.79,797,4,Web,7,900,120,300
2025-09-21,Kerala,10.8505,76.2711,1,9,6,31.4,0,325.4,-0.768,75.57,808,1,Kiosk,10,1700,220,700
2025-06-13,Agra,27.1767,78.0081,0,6,4,37.2,0,306.75,-0.496,58.82,964,2,Kiosk,16,1300,150,550
2024-09-03,Manali,32.2432,77.1892,0,9,1,15.2,0,64.93,-0.39,70.71,369,2,Kiosk,12,1200,140,450
2024-03-09,Varanasi,25.3176,82.9739,1,3,5,27.3,0,491.95,0.628,59.7,1201,1,Kiosk,6,1400,160,500
2025-01-01,Leh,34.1526,77.5771,0,1,2,1.3,0,177.54,-0.341,103.23,202,3,Web,5,600,90,220
2024-08-26,Andaman,11.7401,92.6586,0,8,0,32.7,1,357.77,-0.686,86.17,354,2,Agent,18,900,120,300
2024-11-16,Leh,34.1526,77.5771,1,11,5,3.0,0,194.43,0.082,93.98,362,2,Kiosk,13,600,90,220
2024-05-14,Varanasi,25.3176,82.9739,0,5,1,36.4,0,227.85,0.362,61.25,770,2,App,20,1400,160,500
2025-01-24,Andaman,11.7401,92.6586,0,1,4,21.9,1,1008.18,-0.528,89.31,736,4,App,4,900,120,300
2024-07-05,Agra,27.1767,78.0081,0,7,4,35.1,0,272.56,0.449,53.84,487,2,Kiosk,19,1300,150,550
2024-02-01,Andaman,11.7401,92.6586,0,2,3,22.1,1,660.92,0.358,97.53,570,1,App,16,900,120,300
2024-04-10,Kerala,10.8505,76.2711,0,4,2,35.4,0,1226.38,0.166,72.73,2100,2,Agent,16,1700,220,700
2024-06-30,Agra,27.1767,78.0081,1,6,6,36.8,0,276.9,0.885,64.97,828,2,Web,4,1300,150,550
2024-02-02,Jaipur,26.9124,75.7873,0,2,4,21.3,0,317.0,-0.611,68.65,1192,3,Web,17,1500,180,600
2025-07-03,Goa,15.2993,74.124,0,7,3,38.1,0,740.74,1.0,82.85,1299,2,Web,34,2000,250,800
2024-06-04,Goa,15.2993,74.124,0,6,1,38.7,0,282.61,0.671,79.71,1029,1,Kiosk,6,2000,250,800
2024-09-12,Manali,32.2432,77.1892,0,9,3,15.4,1,411.62,-0.258,71.32,495,3,Web,6,1200,140,450
2024-03-27,Leh,34.1526,77.5771,0,3,2,11.1,0,187.53,-0.051,104.98,214,3,Kiosk,4,600,90,220
2024-12-27,Kerala,10.8505,76.2711,0,12,4,20.1,0,255.44,0.333,77.59,1119,3,Web,8,1700,220,700
2025-04-07,Jaipur,26.9124,75.7873,0,4,0,33.1,0,793.49,-0.423,63.75,1349,2,Web,19,1500,180,600
2025-02-27,Agra,27.1767,78.0081,0,2,3,24.0,0,603.82,-0.621,51.74,907,2,Web,12,1300,150,550
2025-04-08,Manali,32.2432,77.1892,0,4,1,21.2,0,616.88,0.306,82.82,991,2,Web,25,1200,140,450
2024-01-23,Andaman,11.7401,92.6586,0,1,1,19.0,0,155.95,-0.062,91.32,570,2,App,7,900,120,300
2024-05-25,Leh,34.1526,77.5771,1,5,5,19.1,0,639.55,-0.507,102.91,719,3,Agent,15,600,90,220
2025-06-26,Andaman,11.7401,92.6586,0,6,3,37.8,0,225.27,-0.068,98.45,405,2,Agent,3,900,120,300
2025-06-15,Goa,15.2993,74.124,1,6,6,40.5,1,238.07,-0.019,85.65,1774,3,App,15,2000,250,800
2025-05-29,Andaman,11.7401,92.6586,0,5,3,36.4,0,805.08,-0.399,97.35,672,3,App,13,900,120,300
2025-03-12,Agra,27.1767,78.0081,0,3,2,27.7,0,645.82,-0.071,60.64,1240,1,App,10,1300,150,550
2024-01-22,Manali,32.2432,77.1892,0,1,0,5.4,0,364.59,0.139,75.88,634,2,Kiosk,7,1200,140,450
2024-07-27,Leh,34.1526,77.5771,1,7,5,19.5,0,323.87,-0.086,110.64,417,3,Agent,7,600,90,220
2024-09-09,Kerala,10.8505,76.2711,0,9,0,30.2,0,362.61,0.594,72.75,840,3,App,1,1700,220,700
2024-11-16,Manali,32.2432,77.1892,1,11,5,7.5,0,321.73,0.466,75.69,876,2,Agent,17,1200,140,450
2024-12-01,Kerala,10.8505,76.2711,1,12,6,19.0,0,902.2,-0.415,74.74,1894,2,Web,2,1700,220,700
2024-07-02,Jaipur,26.9124,75.7873,0,7,1,35.7,0,311.95,1.0,70.93,1167,2,Web,1,1500,180,600
2025-06-19,Andaman,11.7401,92.6586,0,6,3,37.4,0,221.49,-0.208,99.51,405,1,Web,4,900,120,300
2024-10-16,Jaipur,26.9124,75.7873,0,10,2,22.5,0,152.43,0.927,63.15,749,3,Agent,17,1500,180,600
2024-09-29,Andaman,11.7401,92.6586,1,9,6,27.7,0,520.72,-0.274,84.03,398,2,Agent,6,900,120,300
2025-03-12,Leh,34.1526,77.5771,0,3,2,8.5,1,876.79,0.173,102.0,463,2,Kiosk,21,600,90,220
2025-07-06,Leh,34.1526,77.5771,1,7,6,18.5,0,701.37,0.223,101.34,481,3,Agent,18,600,90,220
2024-05-01,Varanasi,25.3176,82.9739,0,5,2,34.0,0,620.83,-0.49,49.48,968,3,Kiosk,5,1400,160,500
2024-06-27,Goa,15.2993,74.124,0,6,3,39.2,0,612.19,0.135,86.09,1613,2,Agent,12,2000,250,800
2024-03-25,Goa,15.2993,74.124,0,3,0,30.0,0,97.75,-0.086,91.98,1185,1,Kiosk,35,2000,250,800
2025-08-22,Goa,15.2993,74.124,0,8,4,33.5,0,618.47,-0.238,71.05,1221,3,Agent,9,2000,250,800
2024-01-13,Varanasi,25.3176,82.9739,1,1,5,19.6,0,272.99,0.562,48.62,1220,3,Kiosk,14,1400,160,500
2024-08-16,Andaman,11.7401,92.6586,0,8,4,32.1,0,54.78,-0.815,104.63,244,2,Agent,5,900,120,300
2024-12-04,Jaipur,26.9124,75.7873,0,12,2,18.9,1,245.61,0.134,59.06,665,3,Agent,11,1500,180,600
2024-10-04,Agra,27.1767,78.0081,0,10,4,21.6,0,212.85,-0.105,57.23,542,2,Kiosk,15,1300,150,550
2025-01-05,Varanasi,25.3176,82.9739,1,1,6,20.5,0,275.94,0.398,44.55,1102,2,Agent,4,1400,160,500
2025-06-01,Kerala,10.8505,76.2711,1,6,6,37.6,0,478.82,0.973,72.6,1349,2,Web,20,1700,220,700
2024-02-02,Manali,32.2432,77.1892,0,2,4,13.0,0,129.58,-0.079,79.95,522,2,Agent,5,1200,140,450
2025-05-27,Manali,32.2432,77.1892,0,5,1,24.1,0,553.12,-0.084,80.09,732,1,Kiosk,12,1200,140,450
2024-08-29,Andaman,11.7401,92.6586,0,8,3,33.8,1,426.26,0.641,90.7,309,3,Kiosk,18,900,120,300
2024-01-22,Manali,32.2432,77.1892,0,1,0,5.5,0,148.37,0.807,81.03,820,1,Web,5,1200,140,450
2025-08-05,Kerala,10.8505,76.2711,0,8,1,34.1,0,48.93,0.406,58.01,619,2,Kiosk,13,1700,220,700
2024-02-16,Andaman,11.7401,92.6586,0,2,4,25.0,0,584.17,0.037,92.93,609,3,Web,7,900,120,300
2024-03-15,Jaipur,26.9124,75.7873,0,3,4,26.6,0,805.04,0.248,70.82,1388,3,Web,8,1500,180,600
2025-07-01,Kerala,10.8505,76.2711,0,7,1,37.9,0,481.94,0.753,68.83,1016,2,Web,30,1700,220,700
2024-10-26,Goa,15.2993,74.124,1,10,5,25.3,0,258.76,0.665,80.08,1293,2,App,1,2000,250,800
2024-02-11,Andaman,11.7401,92.6586,1,2,6,21.5,0,367.87,0.049,93.7,633,3,App,7,900,120,300
2024-02-10,Jaipur,26.9124,75.7873,1,2,5,22.8,0,1020.08,-0.051,63.89,1735,1,Agent,28,1500,180,600
2024-03-28,Andaman,11.7401,92.6586,0,3,3,29.0,0,184.72,-0.09,97.24,397,2,Agent,18,900,120,300
2025-08-28,Leh,34.1526,77.5771,0,8,3,14.3,1,902.35,0.548,95.26,572,3,Agent,8,600,90,220
2024-05-22,Jaipur,26.9124,75.7873,0,5,2,37.9,0,553.7,0.876,59.17,1339,1,Kiosk,20,1500,180,600
2025-06-19,Varanasi,25.3176,82.9739,0,6,3,38.1,0,78.81,0.335,49.05,649,2,App,2,1400,160,500
2024-08-30,Manali,32.2432,77.1892,0,8,4,21.0,0,297.37,0.305,65.92,670,1,Kiosk,1,1200,140,450
2024-06-01,Goa,15.2993,74.124,1,6,5,41.0,0,431.34,0.613,83.35,1671,2,Agent,9,2000,250,800
2024-09-01,Goa,15.2993,74.124,1,9,6,31.0,0,695.81,0.096,81.17,1274,2,Agent,9,2000,250,800
2024-05-03,Manali,32.2432,77.1892,0,5,4,23.0,0,863.8,-0.641,84.05,804,3,App,12,1200,140,450
2024-12-19,Agra,27.1767,78.0081,0,12,3,16.5,0,591.98,0.695,57.13,855,1,Web,14,1300,150,550
2024-10-18,Leh,34.1526,77.5771,0,10,4,4.6,0,747.5,0.244,93.88,414,2,App,9,600,90,220
2024-02-25,Jaipur,26.9124,75.7873,1,2,6,24.9,0,151.24,-0.693,61.57,986,3,Agent,5,1500,180,600
2025-07-26,Manali,32.2432,77.1892,1,7,5,21.6,0,79.2,-0.667,75.86,677,2,Web,11,1200,140,450
2024-05-05,Varanasi,25.3176,82.9739,1,5,6,35.9,0,265.66,-0.341,52.52,1310,2,Agent,11,1400,160,500
2024-03-05,Goa,15.2993,74.124,0,3,1,29.5,0,397.28,-0.089,85.65,1697,2,Kiosk,30,2000,250,800
2024-07-22,Manali,32.2432,77.1892,0,7,0,24.4,1,204.26,0.113,74.27,790,3,Agent,14,1200,140,450
2024-02-29,Andaman,11.7401,92.6586,0,2,3,23.0,0,226.03,-0.688,97.63,423,3,App,15,900,120,300
2025-07-19,Leh,34.1526,77.5771,1,7,5,18.6,1,589.85,0.102,97.73,634,3,Kiosk,8,600,90,220
2024-02-09,Andaman,11.7401,92.6586,0,2,4,23.8,0,891.64,0.165,107.18,605,2,Agent,2,900,120,300
2025-07-02,Leh,34.1526,77.5771,0,7,2,17.4,0,1081.67,0.718,105.5,575,2,App,14,600,90,220
2024-11-11,Kerala,10.8505,76.2711,0,11,0,20.3,0,468.6,0.586,61.6,1186,3,Kiosk,7,1700,220,700
2024-09-12,Varanasi,25.3176,82.9739,0,9,3,26.9,0,501.94,0.91,53.13,617,2,App,12,1400,160,500
2024-12-12,Kerala,10.8505,76.2711,0,12,3,19.7,0,706.97,0.475,66.62,1508,2,Agent,29,1700,220,700
2024-05-15,Jaipur,26.9124,75.7873,0,5,2,34.8,0,478.96,1.0,71.3,1252,3,Web,20,1500,180,600
2024-07-13,Jaipur,26.9124,75.7873,1,7,5,37.4,1,369.64,-0.501,59.8,1036,2,Agent,4,1500,180,600
2025-06-15,Andaman,11.7401,92.6586,1,6,6,39.0,0,164.43,0.047,79.19,530,3,Kiosk,17,900,120,300
2024-03-30,Goa,15.2993,74.124,1,3,5,29.3,0,118.18,1.0,80.74,1277,1,Web,3,2000,250,800
2024-04-25,Kerala,10.8505,76.2711,0,4,3,34.1,0,167.99,0.014,72.95,1134,1,Web,11,1700,220,700
2025-05-16,Varanasi,25.3176,82.9739,0,5,4,36.4,0,670.02,-0.448,56.34,1184,2,Kiosk,14,1400,160,500
2024-10-29,Manali,32.2432,77.1892,0,10,1,10.8,0,243.81,0.263,74.25,626,2,App,2,1200,140,450
2025-05-19,Manali,32.2432,77.1892,0,5,0,22.8,0,62.31,0.768,70.26,524,1,App,14,1200,140,450
2025-09-05,Manali,32.2432,77.1892,0,9,4,13.6,0,231.07,0.249,73.5,417,3,Agent,14,1200,140,450
2025-04-24,Andaman,11.7401,92.6586,0,4,3,33.4,0,252.47,0.503,90.06,600,2,Web,3,900,120,300
2024-10-25,Manali,32.2432,77.1892,0,10,4,8.6,0,423.83,-0.648,57.09,727,3,Web,1,1200,140,450
2024-05-06,Varanasi,25.3176,82.9739,0,5,0,37.6,0,774.71,-1.0,50.32,1114,3,Agent,32,1400,160,500
2024-09-17,Goa,15.2993,74.124,0,9,1,29.7,1,131.57,0.092,76.37,816,3,Agent,10,2000,250,800
2025-07-20,Andaman,11.7401,92.6586,1,7,6,34.7,0,343.96,-0.196,84.43,511,1,App,41,900,120,300
2024-04-15,Leh,34.1526,77.5771,0,4,0,14.6,1,465.67,-0.058,99.53,375,2,Agent,23,600,90,220
2025-01-04,Varanasi,25.3176,82.9739,1,1,5,18.9,0,586.63,0.083,53.11,868,1,Kiosk,12,1400,160,500
2024-04-10,Agra,27.1767,78.0081,0,4,2,31.3,1,293.17,-0.113,54.39,874,3,Agent,5,1300,150,550
2024-11-13,Manali,32.2432,77.1892,0,11,2,6.1,0,311.83,1.0,70.12,580,2,Agent,1,1200,140,450
2025-09-05,Varanasi,25.3176,82.9739,0,9,4,29.0,0,850.82,0.941,44.72,781,2,Agent,11,1400,160,500
2025-05-30,Andaman,11.7401,92.6586,0,5,4,36.2,0,330.57,-0.734,95.15,436,1,Web,11,900,120,300
2024-04-04,Kerala,10.8505,76.2711,0,4,3,32.4,0,110.58,0.569,72.48,1083,3,Web,13,1700,220,700
2024-02-03,Varanasi,25.3176,82.9739,1,2,5,21.0,0,554.28,0.55,47.07,1263,3,App,3,1400,160,500
2024-05-16,Leh,34.1526,77.5771,0,5,3,17.3,0,1350.3,-0.336,109.2,652,3,Web,7,600,90,220
2025-01-16,Manali,32.2432,77.1892,0,1,3,6.1,0,424.84,0.23,68.59,850,3,Kiosk,5,1200,140,450
2024-04-10,Manali,32.2432,77.1892,0,4,2,20.4,0,290.76,-0.104,83.56,722,2,Kiosk,14,1200,140,450
2025-04-21,Leh,34.1526,77.5771,0,4,0,14.3,0,330.9,0.712,100.19,363,3,App,7,600,90,220
2025-01-27,Manali,32.2432,77.1892,0,1,0,5.9,0,914.87,-0.36,71.38,793,2,App,1,1200,140,450
2025-03-02,Leh,34.1526,77.5771,1,3,6,10.1,0,324.43,-0.265,105.03,450,2,App,3,600,90,220
2024-11-14,Varanasi,25.3176,82.9739,0,11,3,17.8,0,1340.18,-0.147,47.23,964,2,Agent,8,1400,160,500
2024-03-21,Leh,34.1526,77.5771,0,3,3,8.6,0,194.12,1.0,96.93,432,3,Agent,23,600,90,220
2024-12-27,Andaman,11.7401,92.6586,0,12,4,18.2,0,912.29,-0.336,90.21,564,2,Agent,11,900,120,300
2025-07-07,Manali,32.2432,77.1892,0,7,0,21.7,0,113.1,0.659,78.61,643,1,Kiosk,8,1200,140,450
2025-06-18,Agra,27.1767,78.0081,0,6,2,36.3,0,1378.59,0.157,67.98,1772,2,Agent,6,1300,150,550
2025-07-12,Goa,15.2993,74.124,1,7,5,40.2,0,377.96,0.541,79.37,1500,3,Web,7,2000,250,800
2024-05-06,Manali,32.2432,77.1892,0,5,0,23.0,0,1205.45,0.148,80.41,1129,4,Agent,14,1200,140,450
2024-08-07,Varanasi,25.3176,82.9739,0,8,2,32.8,1,391.94,0.162,52.81,670,2,Web,11,1400,160,500
2025-04-17,Varanasi,25.3176,82.9739,0,4,3,32.0,0,260.39,-0.78,49.57,822,2,App,10,1400,160,500
2024-10-04,Agra,27.1767,78.0081,0,10,4,20.8,0,498.41,0.198,51.68,610,2,Kiosk,21,1300,150,550
2025-03-19,Varanasi,25.3176,82.9739,0,3,2,27.5,0,350.77,0.491,44.42,1029,1,App,21,1400,160,500
2024-01-09,Goa,15.2993,74.124,0,1,1,20.6,0,916.51,-0.616,84.58,1086,2,Kiosk,2,2000,250,800
2024-05-09,Leh,34.1526,77.5771,0,5,3,19.3,1,327.88,-0.229,97.51,268,3,Web,8,600,90,220
2025-01-16,Agra,27.1767,78.0081,0,1,3,17.0,0,627.86,0.543,64.39,1233,2,Agent,10,1300,150,550
2024-04-29,Kerala,10.8505,76.2711,0,4,0,33.8,0,265.18,0.397,68.22,1093,3,Kiosk,26,1700,220,700
2024-07-09,Varanasi,25.3176,82.9739,0,7,1,35.8,0,98.55,-0.55,59.35,681,3,App,27,1400,160,500
2025-02-10,Goa,15.2993,74.124,0,2,0,24.6,0,506.33,0.67,81.27,1200,2,Web,8,2000,250,800
2024-05-31,Goa,15.2993,74.124,0,5,4,37.8,0,478.17,1.0,78.49,1398,2,App,2,2000,250,800
2024-08-19,Goa,15.2993,74.124,0,8,0,34.5,0,793.48,-0.171,76.81,1205,1,Kiosk,23,2000,250,800
2024-12-28,Goa,15.2993,74.124,1,12,5,19.2,0,391.12,0.632,82.62,1437,2,Web,18,2000,250,800
2024-11-11,Kerala,10.8505,76.2711,0,11,0,20.0,0,121.04,-0.265,63.88,720,1,Kiosk,6,1700,220,700
2025-02-22,Kerala,10.8505,76.2711,1,2,5,25.3,0,198.58,0.178,69.9,1255,3,Web,3,1700,220,700
2025-07-03,Varanasi,25.3176,82.9739,0,7,3,34.6,0,161.06,0.862,41.52,590,2,Web,12,1400,160,500
2024-07-26,Goa,15.2993,74.124,0,7,4,37.7,0,303.94,0.068,70.9,1030,3,Agent,8,2000,250,800
2024-11-01,Kerala,10.8505,76.2711,0,11,4,20.5,0,641.48,1.0,73.22,1428,1,Agent,1,1700,220,700
2025-03-23,Jaipur,26.9124,75.7873,1,3,6,27.8,0,366.9,1.0,65.55,1103,3,Kiosk,3,1500,180,600
2024-01-06,Varanasi,25.3176,82.9739,1,1,5,17.7,0,293.21,-0.13,47.29,956,2,Kiosk,13,1400,160,500
2025-03-31,Kerala,10.8505,76.2711,0,3,0,28.4,0,396.02,0.402,80.02,1052,2,Web,10,1700,220,700
2025-01-28,Agra,27.1767,78.0081,0,1,1,17.4,0,192.42,-0.15,62.64,636,2,Agent,10,1300,150,550
2024-05-17,Goa,15.2993,74.124,0,5,4,37.1,1,274.33,0.932,76.71,1103,2,Web,4,2000,250,800
2025-06-23,Varanasi,25.3176,82.9739,0,6,0,36.4,0,258.39,0.59,41.14,722,3,Agent,1,1400,160,500
2025-05-06,Leh,34.1526,77.5771,0,5,1,17.5,0,114.5,0.422,100.48,301,1,Kiosk,5,600,90,220
2025-04-15,Varanasi,25.3176,82.9739,0,4,1,31.6,0,229.97,-0.602,50.19,1217,3,Kiosk,1,1400,160,500
2025-02-04,Varanasi,25.3176,82.9739,0,2,1,22.7,0,401.34,-0.487,47.25,1006,2,Agent,6,1400,160,500
2024-02-07,Leh,34.1526,77.5771,0,2,2,5.6,0,208.19,-0.596,86.89,356,2,Kiosk,23,600,90,220
2025-04-04,Kerala,10.8505,76.2711,0,4,4,34.0,0,316.18,0.016,78.95,1310,1,Kiosk,35,1700,220,700
2025-07-13,Kerala,10.8505,76.2711,1,7,6,37.4,0,59.55,-0.272,74.56,805,3,Kiosk,8,1700,220,700
2025-02-12,Goa,15.2993,74.124,0,2,2,25.1,0,505.62,0.932,80.41,1328,3,Agent,12,2000,250,800
2025-02-05,Kerala,10.8505,76.2711,0,2,2,24.8,0,633.56,-0.167,67.22,1573,3,Kiosk,11,1700,220,700
2025-03-20,Varanasi,25.3176,82.9739,0,3,3,26.6,0,585.31,0.384,49.54,893,2,Agent,36,1400,160,500
2025-01-12,Kerala,10.8505,76.2711,1,1,6,21.5,0,152.84,-0.47,62.37,1313,2,Kiosk,23,1700,220,700
2025-09-16,Varanasi,25.3176,82.9739,0,9,1,25.1,1,297.24,0.133,55.21,514,2,App,8,1400,160,500
2024-03-19,Manali,32.2432,77.1892,0,3,1,15.8,0,175.66,-0.695,78.1,750,2,Kiosk,13,1200,140,450
2024-04-05,Andaman,11.7401,92.6586,0,4,4,32.7,0,834.49,0.88,98.45,682,1,Kiosk,11,900,120,300
2025-02-10,Jaipur,26.9124,75.7873,0,2,0,21.7,0,398.29,-0.156,62.77,866,3,Kiosk,13,1500,180,600
2024-06-20,Jaipur,26.9124,75.7873,0,6,3,39.0,0,99.3,0.067,69.65,1046,2,Web,8,1500,180,600
2024-07-19,Varanasi,25.3176,82.9739,0,7,4,35.7,0,290.15,-0.021,52.56,755,2,Agent,13,1400,160,500
2024-04-10,Goa,15.2993,74.124,0,4,2,33.1,0,590.45,-1.0,86.61,1642,2,Kiosk,22,2000,250,800
2025-03-05,Varanasi,25.3176,82.9739,0,3,2,27.2,0,339.51,-0.069,54.42,976,2,App,36,1400,160,500
2025-09-30,Agra,27.1767,78.0081,0,9,1,27.6,0,478.19,0.803,62.45,937,2,App,7,1300,150,550
2024-10-17,Goa,15.2993,74.124,0,10,3,25.4,0,573.21,0.225,82.65,1030,3,Agent,27,2000,250,800
2024-09-06,Leh,34.1526,77.5771,0,9,4,10.6,1,255.66,0.129,100.33,230,2,Web,13,600,90,220
2024-08-01,Leh,34.1526,77.5771,0,8,3,16.5,0,1093.07,-0.426,92.67,579,2,Kiosk,20,600,90,220
2024-02-21,Leh,34.1526,77.5771,0,2,2,3.3,0,451.83,0.498,100.5,481,3,Agent,15,600,90,220
2025-05-18,Agra,27.1767,78.0081,1,5,6,37.3,1,180.42,-1.0,49.66,1063,1,Web,14,1300,150,550
2025-02-18,Kerala,10.8505,76.2711,0,2,1,23.6,0,150.65,-0.217,74.37,807,3,Kiosk,30,1700,220,700
2024-08-09,Kerala,10.8505,76.2711,0,8,4,34.8,0,427.51,0.481,70.24,947,3,Agent,7,1700,220,700
2024-10-12,Manali,32.2432,77.1892,1,10,5,11.4,0,590.61,0.327,75.81,678,3,Web,4,1200,140,450
2024-11-04,Leh,34.1526,77.5771,0,11,0,1.7,0,259.82,-0.561,98.92,290,3,Kiosk,8,600,90,220
2024-09-26,Kerala,10.8505,76.2711,0,9,3,28.5,0,659.45,0.655,70.73,971,1,App,23,1700,220,700
2024-06-02,Leh,34.1526,77.5771,1,6,6,20.5,0,107.05,-0.7,99.16,403,2,Kiosk,3,600,90,220
2025-02-20,Goa,15.2993,74.124,0,2,3,24.7,0,561.64,0.541,87.99,1734,2,App,10,2000,250,800
2024-10-08,Agra,27.1767,78.0081,0,10,1,22.6,0,271.39,0.473,59.18,711,3,Web,8,1300,150,550
2024-05-20,Agra,27.1767,78.0081,0,5,0,34.5,0,271.1,0.416,54.08,907,2,Web,19,1300,150,550
2025-09-20,Leh,34.1526,77.5771,1,9,5,9.4,0,376.6,-0.151,95.63,291,3,Web,16,600,90,220
2024-09-30,Varanasi,25.3176,82.9739,0,9,0,26.4,0,41.51,-0.192,40.22,520,3,Web,2,1400,160,500
2025-09-28,Goa,15.2993,74.124,1,9,6,29.6,0,340.73,0.602,72.65,1072,2,Kiosk,2,2000,250,800
2024-07-04,Goa,15.2993,74.124,0,7,3,39.1,0,189.97,0.35,76.71,1074,3,Kiosk,4,2000,250,800
2025-04-12,Goa,15.2993,74.124,1,4,5,35.5,0,295.93,0.011,84.29,1200,2,App,7,2000,250,800
2024-09-20,Andaman,11.7401,92.6586,0,9,4,27.9,0,394.86,-0.631,96.28,254,3,App,5,900,120,300
2024-03-31,Varanasi,25.3176,82.9739,1,3,6,27.3,0,358.69,0.928,63.22,1324,3,Kiosk,16,1400,160,500
2025-03-26,Goa,15.2993,74.124,0,3,2,31.9,0,483.35,1.0,79.21,1521,2,Agent,30,2000,250,800
2025-07-31,Kerala,10.8505,76.2711,0,7,3,38.8,0,297.09,-0.173,66.46,931,3,Kiosk,49,1700,220,700
2025-01-23,Jaipur,26.9124,75.7873,0,1,3,18.7,0,176.4,0.057,64.73,871,3,Kiosk,11,1500,180,600
2024-02-28,Jaipur,26.9124,75.7873,0,2,2,23.6,0,156.27,0.033,67.35,941,3,Web,9,1500,180,600
2025-03-23,Manali,32.2432,77.1892,1,3,6,14.4,0,33.5,-1.0,73.0,708,2,Web,12,1200,140,450
2025-07-18,Varanasi,25.3176,82.9739,0,7,4,34.1,0,341.54,0.125,52.41,965,2,App,12,1400,160,500
2024-09-21,Jaipur,26.9124,75.7873,1,9,5,29.1,0,242.52,-0.249,63.58,865,2,Agent,13,1500,180,600
2024-02-25,Jaipur,26.9124,75.7873,1,2,6,24.3,0,733.94,0.044,66.47,1284,2,App,14,1500,180,600
2024-04-05,Andaman,11.7401,92.6586,0,4,4,33.8,0,464.34,-0.066,92.12,546,2,Kiosk,7,900,120,300
2024-11-26,Kerala,10.8505,76.2711,0,11,1,21.5,0,336.28,-0.278,55.87,1062,2,Agent,10,1700,220,700
2024-01-07,Kerala,10.8505,76.2711,1,1,6,20.9,0,359.79,-0.719,69.46,1428,2,App,2,1700,220,700
2024-09-26,Varanasi,25.3176,82.9739,0,9,3,27.6,0,51.08,-0.362,52.77,667,1,App,13,1400,160,500
2025-05-25,Leh,34.1526,77.5771,1,5,6,18.2,0,878.45,-0.473,96.74,581,1,Kiosk,26,600,90,220
2025-03-19,Goa,15.2993,74.124,0,3,2,31.5,0,637.43,-0.104,86.48,1687,2,Agent,7,2000,250,800
2025-09-29,Jaipur,26.9124,75.7873,0,9,0,29.3,0,615.22,-0.302,67.18,762,1,Web,14,1500,180,600
2025-04-01,Goa,15.2993,74.124,0,4,1,35.0,0,339.65,0.094,85.72,1304,1,App,12,2000,250,800
2024-05-03,Agra,27.1767,78.0081,0,5,4,33.8,0,329.38,0.19,72.09,683,3,App,11,1300,150,550
2025-09-18,Kerala,10.8505,76.2711,0,9,3,28.8,0,421.27,-0.333,73.69,1037,2,Kiosk,3,1700,220,700
2024-05-23,Agra,27.1767,78.0081,0,5,3,36.1,0,1065.06,-0.344,56.52,1436,3,Agent,37,1300,150,550
2024-10-29,Goa,15.2993,74.124,0,10,1,24.7,0,1198.43,0.414,76.64,1822,2,Agent,20,2000,250,800
2025-07-10,Jaipur,26.9124,75.7873,0,7,3,38.8,0,371.7,0.194,62.34,779,2,Kiosk,10,1500,180,600
2024-06-28,Goa,15.2993,74.124,0,6,4,40.0,1,252.9,-0.78,86.74,1142,2,Agent,29,2000,250,800
2025-09-10,Kerala,10.8505,76.2711,0,9,2,29.2,0,401.49,-0.806,73.68,857,3,Web,10,1700,220,700
2024-12-16,Andaman,11.7401,92.6586,0,12,0,18.5,0,26.26,0.372,90.54,455,2,Agent,20,900,120,300
2025-01-07,Manali,32.2432,77.1892,0,1,1,6.5,0,167.88,0.886,75.36,646,1,Agent,13,1200,140,450
2025-06-29,Agra,27.1767,78.0081,1,6,6,36.1,0,504.26,0.606,62.01,1085,1,Web,7,1300,150,550
2024-09-19,Manali,32.2432,77.1892,0,9,3,14.6,0,555.03,0.469,69.97,580,3,Agent,9,1200,140,450
2024-10-29,Goa,15.2993,74.124,0,10,1,26.1,0,867.93,0.44,82.96,1308,3,Web,15,2000,250,800
2024-01-11,Goa,15.2993,74.124,0,1,3,23.5,0,211.15,-0.021,82.31,1224,1,Kiosk,4,2000,250,800
2025-02-14,Varanasi,25.3176,82.9739,0,2,4,21.2,0,344.82,0.112,56.5,974,1,Web,9,1400,160,500
2024-10-03,Goa,15.2993,74.124,0,10,3,24.7,0,696.56,-0.046,66.6,1565,2,Web,35,2000,250,800
2024-02-07,Jaipur,26.9124,75.7873,0,2,2,22.2,0,847.57,0.264,59.6,1568,2,Web,1,1500,180,600
2024-12-16,Leh,34.1526,77.5771,0,12,0,1.5,0,811.04,-0.367,88.07,396,2,Kiosk,11,600,90,220
2024-04-06,Leh,34.1526,77.5771,1,4,5,14.3,0,357.22,-0.062,98.65,587,3,App,17,600,90,220
2024-07-09,Agra,27.1767,78.0081,0,7,1,35.2,0,516.37,-0.097,62.54,948,2,Kiosk,23,1300,150,550
2024-12-12,Jaipur,26.9124,75.7873,0,12,3,17.6,0,60.69,-0.113,62.13,630,3,App,21,1500,180,600
2024-02-28,Varanasi,25.3176,82.9739,0,2,2,20.7,0,935.39,0.451,52.26,1308,3,App,8,1400,160,500
2025-01-11,Kerala,10.8505,76.2711,1,1,5,20.5,0,974.09,-1.0,62.56,1927,2,App,6,1700,220,700
2025-08-01,Jaipur,26.9124,75.7873,0,8,4,32.6,0,487.03,0.56,59.55,731,3,Kiosk,4,1500,180,600
2024-02-28,Manali,32.2432,77.1892,0,2,2,8.5,0,132.04,0.477,84.87,572,3,Web,14,1200,140,450
2024-05-06,Agra,27.1767,78.0081,0,5,0,35.9,0,475.37,0.076,62.64,996,2,Web,5,1300,150,550
2025-04-28,Leh,34.1526,77.5771,0,4,0,16.1,0,135.0,-0.491,87.86,398,2,App,8,600,90,220
2025-03-24,Andaman,11.7401,92.6586,0,3,0,29.7,0,851.27,0.048,100.59,736,2,Kiosk,6,900,120,300
2024-05-23,Andaman,11.7401,92.6586,0,5,3,36.4,0,254.61,-0.073,101.53,529,4,Web,8,900,120,300
2025-08-20,Goa,15.2993,74.124,0,8,2,35.9,0,275.25,0.309,77.24,730,3,Kiosk,2,2000,250,800
2025-06-05,Jaipur,26.9124,75.7873,0,6,3,37.3,0,123.31,0.166,66.81,898,2,Agent,6,1500,180,600
2025-03-19,Goa,15.2993,74.124,0,3,2,29.5,0,35.31,-0.046,81.96,1025,2,Agent,8,2000,250,800
2025-05-14,Andaman,11.7401,92.6586,0,5,2,35.6,0,116.1,1.0,87.82,515,2,Web,16,900,120,300
2024-11-25,Andaman,11.7401,92.6586,0,11,0,20.1,0,1135.98,0.784,94.42,689,2,Web,4,900,120,300
2024-04-28,Varanasi,25.3176,82.9739,1,4,6,33.4,0,1086.97,0.662,55.55,1966,2,Web,16,1400,160,500
2024-02-17,Agra,27.1767,78.0081,1,2,5,21.3,0,171.91,-0.034,61.77,786,2,Web,11,1300,150,550
2024-02-10,Kerala,10.8505,76.2711,1,2,5,24.6,0,189.37,0.462,77.89,1001,2,Kiosk,3,1700,220,700
2025-05-13,Kerala,10.8505,76.2711,0,5,1,36.9,0,452.71,-0.271,67.3,1561,2,App,9,1700,220,700
2024-07-20,Varanasi,25.3176,82.9739,1,7,5,37.4,1,441.93,-0.108,55.64,1100,1,Agent,4,1400,160,500
2025-01-08,Agra,27.1767,78.0081,0,1,2,17.0,1,219.33,0.512,62.72,816,2,App,31,1300,150,550
2025-06-26,Manali,32.2432,77.1892,0,6,3,25.1,1,425.68,-0.602,74.9,961,2,Agent,4,1200,140,450
2024-04-04,Agra,27.1767,78.0081,0,4,3,32.8,0,661.99,0.207,65.18,1138,3,Kiosk,4,1300,150,550
2025-01-06,Leh,34.1526,77.5771,0,1,0,2.0,0,366.52,0.181,95.56,401,3,Kiosk,25,600,90,220
2024-09-29,Kerala,10.8505,76.2711,1,9,6,28.8,0,353.92,-0.078,65.05,961,2,Agent,3,1700,220,700
2025-05-10,Varanasi,25.3176,82.9739,1,5,5,34.6,0,214.59,0.944,55.01,1299,2,App,28,1400,160,500
2025-06-02,Kerala,10.8505,76.2711,0,6,0,39.1,0,317.47,-0.142,69.39,1259,1,Kiosk,11,1700,220,700
2025-02-15,Varanasi,25.3176,82.9739,1,2,5,22.0,1,436.93,-0.477,53.57,1079,2,App,1,1400,160,500
2025-05-28,Goa,15.2993,74.124,0,5,2,38.5,0,335.64,-0.232,85.29,1209,2,Agent,7,2000,250,800
2024-01-27,Jaipur,26.9124,75.7873,1,1,5,20.6,0,337.41,0.205,55.5,1358,3,Agent,5,1500,180,600
2024-01-16,Goa,15.2993,74.124,0,1,1,21.4,0,455.48,0.759,80.85,1169,2,App,2,2000,250,800
2024-12-10,Kerala,10.8505,76.2711,0,12,1,17.6,0,301.25,-0.628,71.16,898,2,Agent,14,1700,220,700
2024-01-02,Jaipur,26.9124,75.7873,0,1,1,20.8,0,576.8,-0.632,55.92,1187,1,Agent,4,1500,180,600
2024-09-16,Agra,27.1767,78.0081,0,9,0,27.0,0,51.39,-0.272,48.95,485,3,Web,12,1300,150,550
2025-09-06,Goa,15.2993,74.124,1,9,5,30.4,0,347.47,0.488,75.03,887,2,Agent,18,2000,250,800
2024-09-26,Jaipur,26.9124,75.7873,0,9,3,26.9,0,155.42,-0.005,63.59,671,2,App,5,1500,180,600
2024-11-24,Leh,34.1526,77.5771,1,11,6,1.2,0,723.33,0.302,90.27,358,2,App,24,600,90,220
2025-01-29,Jaipur,26.9124,75.7873,0,1,2,19.2,0,398.25,0.332,56.7,1214,1,Kiosk,24,1500,180,600
2025-07-01,Kerala,10.8505,76.2711,0,7,1,38.6,0,453.06,-0.741,60.06,1124,2,Web,5,1700,220,700
2024-09-17,Kerala,10.8505,76.2711,0,9,1,30.7,0,248.16,-0.425,68.2,797,2,Web,3,1700,220,700
2024-06-09,Varanasi,25.3176,82.9739,1,6,6,36.6,0,670.44,-0.527,51.68,1310,2,Web,6,1400,160,500
2025-01-30,Agra,27.1767,78.0081,0,1,3,18.4,0,403.93,-0.679,49.75,1341,1,Agent,1,1300,150,550
2024-01-24,Goa,15.2993,74.124,0,1,2,19.7,0,378.77,0.142,73.39,1802,2,Agent,16,2000,250,800
2024-01-08,Kerala,10.8505,76.2711,0,1,0,20.1,0,883.89,0.055,72.35,1674,2,Agent,3,1700,220,700
2024-11-07,Agra,27.1767,78.0081,0,11,3,17.4,0,150.05,-0.691,64.02,645,2,App,17,1300,150,550
2025-02-01,Varanasi,25.3176,82.9739,1,2,5,21.3,0,216.83,-0.374,51.76,971,2,Agent,5,1400,160,500
2024-09-25,Goa,15.2993,74.124,0,9,2,31.3,0,327.97,0.657,79.36,703,2,Agent,17,2000,250,800
2024-12-18,Agra,27.1767,78.0081,0,12,2,17.1,0,352.31,0.75,65.05,671,3,Kiosk,24,1300,150,550
2025-07-28,Varanasi,25.3176,82.9739,0,7,0,34.5,0,277.47,0.21,54.69,1065,2,Kiosk,1,1400,160,500
2024-01-07,Manali,32.2432,77.1892,1,1,6,6.8,0,717.7,-0.718,81.65,1046,3,App,6,1200,140,450
2024-04-08,Varanasi,25.3176,82.9739,0,4,0,33.4,0,1254.93,-0.145,52.53,1857,2,Agent,5,1400,160,500
2025-04-20,Manali,32.2432,77.1892,1,4,6,20.1,1,289.06,0.183,83.45,985,2,Agent,16,1200,140,450
2025-06-28,Agra,27.1767,78.0081,1,6,5,37.0,0,31.01,-0.269,54.99,1093,2,Kiosk,11,1300,150,550
2024-09-11,Kerala,10.8505,76.2711,0,9,2,28.8,0,261.01,0.177,65.72,681,3,Web,9,1700,220,700
2024-03-26,Leh,34.1526,77.5771,0,3,1,12.0,0,83.88,-0.317,96.0,382,1,Web,10,600,90,220
2025-04-12,Goa,15.2993,74.124,1,4,5,36.3,0,234.65,0.126,87.67,1414,1,Kiosk,37,2000,250,800
2025-03-02,Agra,27.1767,78.0081,1,3,6,28.5,0,344.82,-0.233,70.05,1002,2,Web,1,1300,150,550
2025-03-17,Jaipur,26.9124,75.7873,0,3,0,28.5,0,450.66,-0.438,62.64,1278,2,Web,11,1500,180,600
2024-09-20,Leh,34.1526,77.5771,0,9,4,10.0,0,514.08,-0.228,90.52,276,2,Web,17,600,90,220
2024-03-12,Leh,34.1526,77.5771,0,3,1,11.4,0,131.78,0.635,95.07,283,2,App,36,600,90,220
2024-12-25,Kerala,10.8505,76.2711,0,12,2,19.0,0,413.21,0.162,55.37,1237,3,Kiosk,2,1700,220,700
2025-06-25,Goa,15.2993,74.124,0,6,2,38.8,0,572.98,-0.94,65.82,1469,2,Kiosk,9,2000,250,800
2025-07-24,Varanasi,25.3176,82.9739,0,7,3,36.5,0,52.4,0.273,39.19,661,2,App,8,1400,160,500
2025-04-24,Leh,34.1526,77.5771,0,4,3,15.4,0,55.28,-0.092,96.83,215,3,Agent,5,600,90,220
2025-06-30,Leh,34.1526,77.5771,0,6,0,19.8,0,270.71,-0.126,95.16,443,1,Agent,9,600,90,220
2024-09-19,Agra,27.1767,78.0081,0,9,3,25.1,1,360.75,0.077,55.18,651,1,Kiosk,5,1300,150,550
2024-05-06,Leh,34.1526,77.5771,0,5,0,20.6,0,301.43,0.404,103.26,374,3,Kiosk,9,600,90,220
2024-05-13,Jaipur,26.9124,75.7873,0,5,0,37.3,0,378.72,-0.41,62.55,1389,2,Agent,9,1500,180,600
2025-03-11,Varanasi,25.3176,82.9739,0,3,1,27.6,0,60.8,-0.19,50.37,747,3,App,2,1400,160,500
2024-01-01,Varanasi,25.3176,82.9739,0,1,0,18.1,0,336.39,-0.599,50.25,1034,2,Kiosk,14,1400,160,500
2024-06-15,Kerala,10.8505,76.2711,1,6,5,38.7,0,570.67,-0.288,79.02,1760,1,Web,9,1700,220,700
2025-08-13,Leh,34.1526,77.5771,0,8,2,16.3,0,224.8,0.614,96.79,337,3,App,10,600,90,220
2024-03-21,Jaipur,26.9124,75.7873,0,3,3,30.3,0,544.66,0.369,69.66,1399,3,Web,7,1500,180,600
2025-04-08,Kerala,10.8505,76.2711,0,4,1,33.3,0,893.83,0.34,78.75,1558,3,Web,26,1700,220,700
2025-07-12,Andaman,11.7401,92.6586,1,7,5,37.5,0,263.82,0.718,87.03,589,3,Agent,15,900,120,300
2025-08-20,Agra,27.1767,78.0081,0,8,2,32.9,0,300.26,-0.091,54.8,567,2,Web,10,1300,150,550
2024-07-20,Andaman,11.7401,92.6586,1,7,5,36.8,0,526.23,-0.333,90.71,485,2,Kiosk,4,900,120,300
2025-08-11,Varanasi,25.3176,82.9739,0,8,0,31.8,0,639.4,-0.155,46.44,1019,2,Web,7,1400,160,500
2024-05-29,Varanasi,25.3176,82.9739,0,5,2,36.5,0,428.05,0.239,50.28,702,2,App,10,1400,160,500
2025-05-03,Goa,15.2993,74.124,1,5,5,37.5,0,543.56,-0.654,78.9,2168,1,Agent,31,2000,250,800
2024-06-15,Leh,34.1526,77.5771,1,6,5,19.2,1,397.66,0.002,96.1,659,2,App,2,600,90,220
2024-05-23,Andaman,11.7401,92.6586,0,5,3,36.7,0,236.99,-0.279,98.94,550,2,Kiosk,11,900,120,300
2025-08-08,Jaipur,26.9124,75.7873,0,8,4,33.2,0,624.18,0.154,57.29,1102,2,App,9,1500,180,600
2025-08-10,Andaman,11.7401,92.6586,1,8,6,33.9,0,336.61,1.0,93.58,344,2,Agent,8,900,120,300
2025-01-23,Goa,15.2993,74.124,0,1,3,21.1,0,729.45,-0.093,80.2,1590,1,App,9,2000,250,800
2024-03-28,Manali,32.2432,77.1892,0,3,3,13.7,0,434.63,0.839,77.75,873,1,Kiosk,9,1200,140,450
2024-01-27,Leh,34.1526,77.5771,1,1,5,0.5,1,285.9,-0.241,100.07,386,2,Web,18,600,90,220
2025-01-19,Andaman,11.7401,92.6586,1,1,6,20.2,0,317.84,0.489,98.02,660,2,Agent,18,900,120,300
2024-12-18,Jaipur,26.9124,75.7873,0,12,2,16.5,1,589.68,0.292,70.06,1165,3,App,6,1500,180,600
2024-10-08,Andaman,11.7401,92.6586,0,10,1,24.7,0,324.23,0.882,90.76,447,2,App,17,900,120,300
2025-09-26,Agra,27.1767,78.0081,0,9,4,26.6,0,718.4,0.031,55.83,734,2,Kiosk,9,1300,150,550
2024-07-18,Leh,34.1526,77.5771,0,7,3,19.2,0,198.42,-0.158,88.79,301,2,Kiosk,15,600,90,220
2025-09-28,Leh,34.1526,77.5771,1,9,6,10.5,1,840.22,0.3,100.06,340,1,App,9,600,90,220
2024-05-18,Kerala,10.8505,76.2711,1,5,5,37.1,0,57.93,0.146,70.13,1365,3,Agent,5,1700,220,700
2024-08-25,Goa,15.2993,74.124,1,8,6,34.6,0,488.07,0.047,75.68,1609,2,App,9,2000,250,800
2024-05-12,Varanasi,25.3176,82.9739,1,5,6,35.8,0,297.96,1.0,49.18,1166,3,Kiosk,5,1400,160,500
2024-06-13,Jaipur,26.9124,75.7873,0,6,3,38.3,0,146.21,-0.833,63.4,934,1,Agent,8,1500,180,600
2025-04-09,Andaman,11.7401,92.6586,0,4,2,32.4,0,231.85,0.558,100.59,540,3,Web,7,900,120,300
2025-03-21,Kerala,10.8505,76.2711,0,3,4,29.2,0,396.21,0.717,75.89,1482,3,Agent,6,1700,220,700
2024-01-13,Agra,27.1767,78.0081,1,1,5,18.7,0,43.05,-0.347,61.52,828,1,Kiosk,1,1300,150,550
2025-07-24,Agra,27.1767,78.0081,0,7,3,35.4,0,894.21,-0.24,50.62,825,4,App,10,1300,150,550
2025-04-02,Goa,15.2993,74.124,0,4,2,36.1,0,1276.79,-0.53,82.71,2335,2,App,7,2000,250,800
2024-12-30,Kerala,10.8505,76.2711,0,12,0,19.5,0,383.75,0.522,73.23,1113,2,Kiosk,13,1700,220,700
2025-01-31,Jaipur,26.9124,75.7873,0,1,4,20.1,0,413.1,-0.093,64.07,1371,2,Kiosk,3,1500,180,600
2025-09-24,Kerala,10.8505,76.2711,0,9,2,27.9,0,128.38,0.019,63.57,638,2,App,18,1700,220,700
2025-01-11,Varanasi,25.3176,82.9739,1,1,5,18.0,0,142.72,0.082,55.69,1006,2,App,6,1400,160,500
2025-05-03,Leh,34.1526,77.5771,1,5,5,18.7,1,560.02,-0.179,93.88,442,2,Kiosk,15,600,90,220
2025-04-02,Leh,34.1526,77.5771,0,4,2,15.4,0,614.01,-0.707,105.26,428,1,Agent,30,600,90,220
2024-10-02,Jaipur,26.9124,75.7873,0,10,2,22.7,0,825.85,0.439,54.23,1012,4,Web,19,1500,180,600
2024-01-05,Jaipur,26.9124,75.7873,0,1,4,20.7,0,542.86,-0.51,65.45,1418,1,Kiosk,33,1500,180,600
2024-06-28,Manali,32.2432,77.1892,0,6,4,26.0,0,1128.15,-0.45,78.96,1353,4,Web,8,1200,140,450
2025-05-13,Manali,32.2432,77.1892,0,5,1,24.8,0,496.65,0.285,79.63,954,2,Kiosk,8,1200,140,450
2025-08-08,Andaman,11.7401,92.6586,0,8,4,32.9,0,143.29,0.266,90.22,288,2,App,3,900,120,300
2025-06-22,Varanasi,25.3176,82.9739,1,6,6,37.0,1,338.49,-0.288,57.03,931,1,Kiosk,7,1400,160,500
2024-09-28,Jaipur,26.9124,75.7873,1,9,5,30.1,0,176.36,-0.282,64.67,854,2,App,5,1500,180,600
2024-10-22,Jaipur,26.9124,75.7873,0,10,1,22.6,0,857.69,0.939,62.21,1205,2,Web,19,1500,180,600
2025-07-17,Leh,34.1526,77.5771,0,7,3,19.5,0,738.64,0.739,97.16,466,3,Agent,7,600,90,220
2024-10-21,Kerala,10.8505,76.2711,0,10,0,27.3,0,253.88,0.228,64.14,946,3,Kiosk,12,1700,220,700
2024-08-04,Andaman,11.7401,92.6586,1,8,6,33.7,0,1070.31,0.691,86.15,688,1,App,10,900,120,300
2024-11-30,Goa,15.2993,74.124,1,11,5,21.2,0,744.89,0.035,84.05,1235,2,Web,3,2000,250,800
2025-04-03,Agra,27.1767,78.0081,0,4,3,30.9,0,210.64,0.285,61.34,1027,2,Agent,3,1300,150,550
2025-05-08,Goa,15.2993,74.124,0,5,3,38.7,0,197.49,0.34,82.27,1460,3,Kiosk,25,2000,250,800
2024-04-27,Goa,15.2993,74.124,1,4,5,35.4,0,151.76,0.784,82.7,1183,2,Agent,3,2000,250,800
2024-09-20,Manali,32.2432,77.1892,0,9,4,15.9,0,601.89,0.686,75.25,594,3,Kiosk,10,1200,140,450
2025-03-27,Agra,27.1767,78.0081,0,3,3,27.3,0,1358.25,-0.417,54.65,1813,2,Agent,43,1300,150,550
2024-09-03,Kerala,10.8505,76.2711,0,9,1,30.8,0,57.24,-0.161,58.67,823,1,Web,4,1700,220,700
2024-12-12,Goa,15.2993,74.124,0,12,3,19.7,0,201.91,-0.665,69.6,1038,3,App,4,2000,250,800
2024-09-07,Kerala,10.8505,76.2711,1,9,5,29.2,0,1018.09,-1.0,64.24,1308,2,Web,7,1700,220,700
2024-12-25,Manali,32.2432,77.1892,0,12,2,4.4,0,190.07,-0.69,77.62,611,2,Web,21,1200,140,450
2024-09-23,Jaipur,26.9124,75.7873,0,9,0,26.7,1,474.96,0.209,56.3,631,1,App,10,1500,180,600
2024-02-17,Goa,15.2993,74.124,1,2,5,25.7,0,922.29,1.0,79.53,1747,2,Agent,13,2000,250,800
2025-01-30,Varanasi,25.3176,82.9739,0,1,3,19.9,0,298.09,-0.077,51.01,1105,3,Agent,8,1400,160,500
2024-07-16,Kerala,10.8505,76.2711,0,7,1,36.8,0,312.88,0.763,58.65,917,2,Agent,24,1700,220,700
2025-04-21,Varanasi,25.3176,82.9739,0,4,0,31.6,0,971.91,-0.003,44.03,1668,3,Kiosk,20,1400,160,500
2025-05-24,Agra,27.1767,78.0081,1,5,5,34.7,1,161.95,-0.605,62.59,1054,1,App,4,1300,150,550
2025-07-12,Goa,15.2993,74.124,1,7,5,37.7,0,629.77,-0.581,84.1,1629,2,Web,9,2000,250,800
2025-04-14,Andaman,11.7401,92.6586,0,4,0,31.7,0,448.26,-0.733,100.58,522,1,Agent,6,900,120,300
2025-02-17,Agra,27.1767,78.0081,0,2,0,22.3,0,330.75,-0.392,65.45,1058,2,Kiosk,20,1300,150,550
2025-07-30,Varanasi,25.3176,82.9739,0,7,2,36.1,0,403.79,1.0,47.34,1068,2,App,2,1400,160,500
2024-12-16,Varanasi,25.3176,82.9739,0,12,0,18.9,0,374.15,0.149,43.65,1025,2,Kiosk,11,1400,160,500
2024-05-23,Jaipur,26.9124,75.7873,0,5,3,34.2,1,476.69,-0.323,68.77,1334,3,Kiosk,15,1500,180,600
2024-01-28,Jaipur,26.9124,75.7873,1,1,6,19.2,0,568.62,0.567,62.08,1607,2,App,11,1500,180,600
2025-02-14,Varanasi,25.3176,82.9739,0,2,4,21.1,0,258.58,0.874,49.95,755,3,App,8,1400,160,500
2024-02-14,Manali,32.2432,77.1892,0,2,2,8.2,0,536.59,-0.206,75.79,847,1,Agent,15,1200,140,450
2024-07-23,Varanasi,25.3176,82.9739,0,7,1,36.5,0,376.41,0.474,53.28,978,2,Agent,3,1400,160,500
2024-12-24,Agra,27.1767,78.0081,0,12,1,17.1,0,125.17,-0.235,56.04,529,1,Agent,14,1300,150,550
2024-04-16,Manali,32.2432,77.1892,0,4,1,18.7,0,158.14,0.176,77.21,640,2,Kiosk,12,1200,140,450
2024-12-09,Andaman,11.7401,92.6586,0,12,0,18.5,0,957.0,-0.014,85.87,687,2,App,9,900,120,300
2024-04-04,Jaipur,26.9124,75.7873,0,4,3,33.0,0,93.36,-0.271,67.29,970,3,Agent,4,1500,180,600
2025-08-28,Varanasi,25.3176,82.9739,0,8,3,30.1,0,279.05,0.115,51.99,712,2,Web,23,1400,160,500
2024-02-10,Goa,15.2993,74.124,1,2,5,27.0,0,528.99,0.177,86.63,1573,3,Kiosk,14,2000,250,800
2024-05-19,Andaman,11.7401,92.6586,1,5,6,36.0,0,479.47,-0.139,92.13,658,2,Kiosk,8,900,120,300
2024-12-29,Agra,27.1767,78.0081,1,12,6,18.0,0,256.3,0.198,59.96,1038,2,Kiosk,16,1300,150,550
2024-06-25,Leh,34.1526,77.5771,0,6,1,20.6,0,232.21,-0.03,99.31,463,3,Web,2,600,90,220
2024-04-03,Goa,15.2993,74.124,0,4,2,34.9,0,232.56,-0.392,90.2,1230,3,Agent,31,2000,250,800
2024-11-13,Jaipur,26.9124,75.7873,0,11,2,18.6,0,484.17,-0.42,59.02,980,2,App,5,1500,180,600
2025-07-09,Varanasi,25.3176,82.9739,0,7,2,37.9,0,226.95,-0.048,50.55,681,2,App,10,1400,160,500
2025-01-16,Manali,32.2432,77.1892,0,1,3,6.3,0,324.91,0.524,74.56,844,2,App,19,1200,140,450
2024-02-24,Leh,34.1526,77.5771,1,2,5,4.6,0,531.73,-0.043,95.86,409,3,Agent,20,600,90,220
2024-12-23,Leh,34.1526,77.5771,0,12,0,-1.3,0,700.56,0.292,94.42,373,3,Kiosk,8,600,90,220
2025-07-10,Manali,32.2432,77.1892,0,7,3,23.8,0,146.39,-0.659,81.96,471,3,App,9,1200,140,450
2024-10-15,Leh,34.1526,77.5771,0,10,1,7.4,0,495.2,-0.234,93.49,311,1,Kiosk,4,600,90,220
2025-09-02,Manali,32.2432,77.1892,0,9,1,15.9,0,110.21,0.672,73.08,455,1,Web,16,1200,140,450
2025-09-22,Jaipur,26.9124,75.7873,0,9,0,28.8,0,123.07,1.0,64.44,613,1,App,24,1500,180,600
2024-11-02,Kerala,10.8505,76.2711,1,11,5,20.3,0,430.94,0.564,63.83,1346,2,Web,16,1700,220,700
2024-12-12,Goa,15.2993,74.124,0,12,3,20.1,0,640.85,-0.04,83.12,1451,2,Agent,28,2000,250,800
2024-02-17,Jaipur,26.9124,75.7873,1,2,5,24.2,0,344.42,-0.109,63.02,1020,2,Kiosk,5,1500,180,600
2024-08-26,Leh,34.1526,77.5771,0,8,0,14.6,0,664.83,-0.358,94.01,497,2,App,8,600,90,220
2024-01-07,Andaman,11.7401,92.6586,1,1,6,21.0,0,313.45,0.347,91.98,755,1,Web,2,900,120,300
2024-07-22,Kerala,10.8505,76.2711,0,7,0,38.0,0,714.25,-0.499,63.49,1004,2,Kiosk,13,1700,220,700
2025-05-16,Leh,34.1526,77.5771,0,5,4,20.6,0,235.18,0.535,98.68,422,2,Kiosk,24,600,90,220
2025-04-22,Leh,34.1526,77.5771,0,4,1,16.5,0,515.55,0.407,96.63,384,2,Agent,20,600,90,220
2024-09-03,Manali,32.2432,77.1892,0,9,1,15.2,1,417.49,-0.101,72.66,484,1,Kiosk,6,1200,140,450
2024-01-09,Leh,34.1526,77.5771,0,1,1,2.6,0,172.29,0.296,103.91,299,2,Web,5,600,90,220
2024-01-01,Kerala,10.8505,76.2711,0,1,0,21.6,0,125.06,0.249,67.68,778,3,Kiosk,11,1700,220,700
2025-02-03,Agra,27.1767,78.0081,0,2,0,23.1,0,95.0,0.076,63.31,819,2,Web,8,1300,150,550
2024-11-19,Kerala,10.8505,76.2711,0,11,1,20.0,1,1550.35,0.217,68.57,1842,2,Kiosk,2,1700,220,700
2024-12-13,Andaman,11.7401,92.6586,0,12,4,17.6,0,547.29,0.772,77.46,497,3,App,10,900,120,300
2025-06-26,Kerala,10.8505,76.2711,0,6,3,38.5,1,162.77,-0.618,66.69,809,2,Web,5,1700,220,700
2024-11-01,Kerala,10.8505,76.2711,0,11,4,20.8,0,574.78,0.372,68.65,1284,2,App,12,1700,220,700
2024-11-29,Leh,34.1526,77.5771,0,11,4,1.7,0,132.65,0.541,86.84,216,3,Agent,3,600,90,220
2025-02-03,Andaman,11.7401,92.6586,0,2,0,22.1,0,268.9,0.189,100.02,535,2,Web,1,900,120,300
2024-12-12,Kerala,10.8505,76.2711,0,12,3,18.8,0,327.87,-0.903,62.68,871,3,App,9,1700,220,700
2024-01-30,Leh,34.1526,77.5771,0,1,1,1.7,0,352.19,-0.46,96.21,434,2,Kiosk,38,600,90,220
2024-01-24,Andaman,11.7401,92.6586,0,1,2,21.3,0,204.77,0.368,89.43,493,2,Agent,7,900,120,300
2025-06-05,Andaman,11.7401,92.6586,0,6,3,37.5,0,365.33,0.356,83.73,454,4,Web,9,900,120,300
2024-11-14,Manali,32.2432,77.1892,0,11,3,7.2,0,160.95,0.59,69.96,534,2,Kiosk,6,1200,140,450
2025-01-29,Kerala,10.8505,76.2711,0,1,2,19.2,0,347.51,0.434,74.1,1513,1,App,20,1700,220,700
2024-05-11,Kerala,10.8505,76.2711,1,5,5,36.7,0,330.44,0.293,70.23,1092,2,Web,12,1700,220,700
2024-08-31,Kerala,10.8505,76.2711,1,8,5,33.8,0,955.96,0.07,73.53,1672,3,Kiosk,23,1700,220,700
2025-01-12,Andaman,11.7401,92.6586,1,1,6,21.3,0,698.43,0.813,96.43,868,2,Agent,2,900,120,300
2024-08-15,Manali,32.2432,77.1892,0,8,3,20.3,0,513.15,0.003,75.69,531,4,Agent,12,1200,140,450
2024-06-25,Goa,15.2993,74.124,0,6,1,38.6,1,219.08,0.122,84.04,1117,2,Web,26,2000,250,800
2025-02-16,Goa,15.2993,74.124,1,2,6,25.8,0,682.32,0.393,78.74,1991,2,Web,12,2000,250,800
2024-01-15,Andaman,11.7401,92.6586,0,1,0,19.3,0,1203.84,-0.512,102.02,957,2,Web,7,900,120,300
2024-10-05,Goa,15.2993,74.124,1,10,5,24.3,0,270.96,-0.446,70.56,1537,2,Agent,15,2000,250,800
2024-05-16,Agra,27.1767,78.0081,0,5,3,36.5,0,474.25,0.111,57.7,981,3,Kiosk,9,1300,150,550
2024-02-27,Kerala,10.8505,76.2711,0,2,1,24.2,0,312.93,0.205,70.4,1265,3,Kiosk,14,1700,220,700
2025-06-25,Varanasi,25.3176,82.9739,0,6,2,37.4,0,629.55,0.41,51.87,1113,3,Kiosk,11,1400,160,500
2024-03-13,Goa,15.2993,74.124,0,3,2,28.3,0,483.72,0.347,76.15,1191,3,Agent,19,2000,250,800
2024-02-12,Varanasi,25.3176,82.9739,0,2,0,22.5,0,270.62,0.368,44.18,905,3,Kiosk,28,1400,160,500
2025-08-19,Jaipur,26.9124,75.7873,0,8,1,32.0,0,196.34,0.323,63.38,617,2,Kiosk,8,1500,180,600
2025-04-16,Agra,27.1767,78.0081,0,4,2,32.5,0,220.6,0.547,50.52,650,1,App,5,1300,150,550
2024-09-20,Agra,27.1767,78.0081,0,9,4,25.9,1,1122.68,-0.11,55.51,836,2,Web,12,1300,150,550
2025-07-05,Leh,34.1526,77.5771,1,7,5,17.1,1,286.01,-0.083,100.06,389,2,Web,1,600,90,220
2024-10-07,Leh,34.1526,77.5771,0,10,0,5.3,0,51.68,0.1,94.65,240,3,Web,3,600,90,220
2024-10-25,Jaipur,26.9124,75.7873,0,10,4,22.9,1,857.8,-0.719,65.62,807,4,App,8,1500,180,600
2024-11-15,Kerala,10.8505,76.2711,0,11,4,20.8,0,815.33,0.3,73.22,1031,2,Kiosk,9,1700,220,700
2025-05-09,Kerala,10.8505,76.2711,0,5,4,38.7,0,385.45,-0.784,67.1,1189,2,Kiosk,3,1700,220,700
2024-01-04,Varanasi,25.3176,82.9739,0,1,3,17.8,0,508.75,1.0,55.97,1376,2,Kiosk,4,1400,160,500
2024-04-22,Kerala,10.8505,76.2711,0,4,0,33.1,0,691.21,0.366,63.0,1303,4,App,8,1700,220,700
2025-09-17,Andaman,11.7401,92.6586,0,9,2,27.0,0,538.07,0.326,99.59,434,3,Kiosk,6,900,120,300
2024-10-04,Andaman,11.7401,92.6586,0,10,4,22.8,0,705.81,-0.351,99.78,387,3,Web,15,900,120,300
2024-02-11,Manali,32.2432,77.1892,1,2,6,9.8,0,536.3,0.255,76.71,827,4,Agent,15,1200,140,450
2024-07-16,Agra,27.1767,78.0081,0,7,1,35.6,0,246.91,0.783,52.3,733,1,Kiosk,6,1300,150,550
2024-12-27,Andaman,11.7401,92.6586,0,12,4,18.6,0,357.87,0.881,92.5,460,4,Web,13,900,120,300
2025-01-18,Leh,34.1526,77.5771,1,1,5,2.1,0,402.57,0.226,99.36,383,2,Kiosk,2,600,90,220
2025-03-12,Andaman,11.7401,92.6586,0,3,2,28.8,0,165.1,0.047,98.4,539,1,Web,17,900,120,300
2025-06-17,Goa,15.2993,74.124,0,6,1,39.8,0,701.11,1.0,85.87,1808,2,Agent,4,2000,250,800
2024-11-28,Manali,32.2432,77.1892,0,11,3,6.7,0,281.25,-0.51,61.05,643,2,App,3,1200,140,450
2024-06-21,Varanasi,25.3176,82.9739,0,6,4,35.6,0,883.87,0.35,52.43,1240,2,Web,4,1400,160,500
2024-03-01,Kerala,10.8505,76.2711,0,3,4,27.6,0,63.74,0.105,78.55,1021,2,App,8,1700,220,700
2024-04-21,Andaman,11.7401,92.6586,1,4,6,32.5,1,490.2,0.332,89.28,601,2,Kiosk,22,900,120,300
2025-04-03,Agra,27.1767,78.0081,0,4,3,31.7,0,147.97,-0.64,59.92,704,2,Agent,12,1300,150,550
2025-05-01,Varanasi,25.3176,82.9739,0,5,3,35.5,0,1019.57,0.663,53.25,1638,2,Web,2,1400,160,500
2025-01-10,Andaman,11.7401,92.6586,0,1,4,20.0,0,358.65,0.349,95.7,523,2,App,7,900,120,300
2025-01-16,Varanasi,25.3176,82.9739,0,1,3,17.1,0,547.69,0.294,55.62,1112,2,App,9,1400,160,500
2024-11-27,Agra,27.1767,78.0081,0,11,2,18.0,0,992.37,0.852,55.82,957,2,App,21,1300,150,550
2024-03-01,Andaman,11.7401,92.6586,0,3,4,27.6,0,259.91,-0.07,93.78,547,2,Web,10,900,120,300
2024-08-14,Agra,27.1767,78.0081,0,8,2,33.3,1,356.9,0.305,49.69,755,1,Kiosk,5,1300,150,550
2024-12-28,Varanasi,25.3176,82.9739,1,12,5,17.3,0,184.07,-0.4,48.02,1025,3,Agent,7,1400,160,500
2024-06-06,Agra,27.1767,78.0081,0,6,3,35.4,0,374.5,-0.161,39.62,1080,2,Agent,9,1300,150,550
2025-10-01,Leh,34.1526,77.5771,0,10,2,5.0,0,222.86,0.227,91.78,307,1,Kiosk,7,600,90,220
2025-06-15,Kerala,10.8505,76.2711,1,6,6,37.8,0,146.69,0.18,67.62,1102,2,Kiosk,5,1700,220,700
2024-03-11,Kerala,10.8505,76.2711,0,3,0,28.4,1,941.73,-0.3,72.13,1663,2,Agent,4,1700,220,700
2024-01-19,Agra,27.1767,78.0081,0,1,4,18.8,0,32.58,-0.162,64.63,549,2,Kiosk,10,1300,150,550
2024-05-22,Agra,27.1767,78.0081,0,5,2,36.7,0,545.22,-0.233,53.97,1221,2,Agent,15,1300,150,550
2024-02-28,Kerala,10.8505,76.2711,0,2,2,25.0,0,120.23,0.345,65.0,1075,1,Web,4,1700,220,700
2025-07-03,Andaman,11.7401,92.6586,0,7,3,37.1,0,162.41,0.762,96.18,406,3,Web,2,900,120,300
2024-04-14,Andaman,11.7401,92.6586,1,4,6,33.5,0,203.58,0.416,90.16,478,1,App,12,900,120,300
2025-01-05,Leh,34.1526,77.5771,1,1,6,-0.9,0,216.9,-0.516,96.19,440,2,Kiosk,4,600,90,220
2024-10-27,Agra,27.1767,78.0081,1,10,6,23.6,0,422.97,-0.896,61.81,796,2,Web,11,1300,150,550
2024-10-06,Jaipur,26.9124,75.7873,1,10,6,23.2,1,140.71,0.244,54.51,680,1,App,4,1500,180,600
2024-09-30,Jaipur,26.9124,75.7873,0,9,0,28.9,0,297.97,-0.38,58.8,800,2,Agent,9,1500,180,600
2025-07-16,Kerala,10.8505,76.2711,0,7,2,37.4,0,159.8,-0.198,65.89,962,2,App,9,1700,220,700
2025-02-17,Agra,27.1767,78.0081,0,2,0,20.5,0,663.26,0.15,56.2,1319,1,App,5,1300,150,550
2025-05-16,Jaipur,26.9124,75.7873,0,5,4,35.9,0,247.98,0.541,60.56,979,2,Web,5,1500,180,600
2024-04-11,Jaipur,26.9124,75.7873,0,4,3,33.7,0,443.21,-0.195,73.37,1026,2,Web,5,1500,180,600
2024-12-30,Jaipur,26.9124,75.7873,0,12,0,18.8,0,103.16,0.087,65.34,765,2,Web,2,1500,180,600
2025-04-12,Manali,32.2432,77.1892,1,4,5,20.8,0,382.14,-0.345,76.66,1072,2,Web,30,1200,140,450
2025-05-30,Varanasi,25.3176,82.9739,0,5,4,35.6,0,740.55,0.078,51.46,1499,2,Agent,17,1400,160,500
2025-08-08,Jaipur,26.9124,75.7873,0,8,4,34.3,0,389.96,0.347,64.22,942,1,Kiosk,11,1500,180,600
2025-09-20,Andaman,11.7401,92.6586,1,9,5,28.5,0,138.37,0.467,81.04,348,2,Web,4,900,120,300
2025-06-29,Kerala,10.8505,76.2711,1,6,6,39.1,0,312.1,0.39,68.28,1651,4,Web,14,1700,220,700
2025-05-14,Agra,27.1767,78.0081,0,5,2,33.8,0,341.82,-0.338,55.18,960,2,App,10,1300,150,550
2024-10-22,Jaipur,26.9124,75.7873,0,10,1,22.4,0,780.96,0.137,61.89,1021,1,Agent,11,1500,180,600
2025-06-20,Andaman,11.7401,92.6586,0,6,4,36.9,0,549.34,0.288,99.75,596,2,App,1,900,120,300
2024-11-13,Agra,27.1767,78.0081,0,11,2,20.5,0,395.92,0.693,59.43,745,3,Kiosk,10,1300,150,550
2024-04-15,Andaman,11.7401,92.6586,0,4,0,32.9,0,181.77,0.944,98.94,396,2,Agent,3,900,120,300
2024-12-01,Jaipur,26.9124,75.7873,1,12,6,17.3,0,524.9,0.007,58.6,785,1,Kiosk,36,1500,180,600
2025-08-04,Kerala,10.8505,76.2711,0,8,0,34.0,0,764.2,0.887,66.0,987,2,Kiosk,20,1700,220,700
2024-07-11,Manali,32.2432,77.1892,0,7,3,24.1,0,881.81,-0.105,76.56,1249,2,Agent,7,1200,140,450
2024-12-16,Leh,34.1526,77.5771,0,12,0,-0.1,0,468.46,0.252,99.13,379,1,Web,2,600,90,220
2025-08-30,Jaipur,26.9124,75.7873,1,8,5,34.8,0,449.47,0.962,62.23,647,1,Web,7,1500,180,600
2025-05-26,Leh,34.1526,77.5771,0,5,0,18.4,0,243.07,0.628,101.85,390,2,Agent,19,600,90,220
2025-03-06,Agra,27.1767,78.0081,0,3,3,27.0,0,426.93,0.273,64.39,934,2,Web,10,1300,150,550
2024-12-03,Goa,15.2993,74.124,0,12,1,20.6,0,782.1,0.79,72.95,1672,3,App,23,2000,250,800
2024-08-15,Andaman,11.7401,92.6586,0,8,3,31.1,0,415.35,-0.697,91.91,498,2,Agent,4,900,120,300
2024-08-09,Manali,32.2432,77.1892,0,8,4,21.8,0,553.85,0.292,76.2,835,2,Agent,5,1200,140,450
2025-07-23,Varanasi,25.3176,82.9739,0,7,2,34.7,0,264.54,0.182,55.24,937,2,Agent,4,1400,160,500
2024-04-15,Kerala,10.8505,76.2711,0,4,0,33.4,0,209.46,1.0,70.9,1505,1,App,6,1700,220,700
2024-02-09,Andaman,11.7401,92.6586,0,2,4,23.4,0,1238.47,0.171,89.42,936,3,Kiosk,4,900,120,300
2024-02-02,Andaman,11.7401,92.6586,0,2,4,22.4,0,539.18,0.232,90.17,550,2,Kiosk,4,900,120,300
2025-08-19,Leh,34.1526,77.5771,0,8,1,14.6,0,466.53,-0.358,97.91,311,2,Web,12,600,90,220
2024-01-14,Jaipur,26.9124,75.7873,1,1,6,20.2,0,516.1,-0.435,63.59,1609,1,Agent,7,1500,180,600
2024-11-04,Kerala,10.8505,76.2711,0,11,0,19.9,0,209.88,0.401,67.45,657,3,Agent,8,1700,220,700
2024-07-13,Leh,34.1526,77.5771,1,7,5,18.9,0,374.86,-0.55,97.99,517,3,Web,21,600,90,220
2025-08-23,Kerala,10.8505,76.2711,1,8,5,33.8,0,480.41,0.032,61.36,1260,2,Kiosk,19,1700,220,700
2024-04-27,Varanasi,25.3176,82.9739,1,4,5,32.8,0,598.9,-0.254,52.29,1247,4,Web,14,1400,160,500
2025-02-24,Kerala,10.8505,76.2711,0,2,0,25.9,0,802.01,0.241,62.79,1676,1,Kiosk,10,1700,220,700
2024-11-25,Jaipur,26.9124,75.7873,0,11,0,19.6,0,744.1,0.148,50.98,843,1,Web,23,1500,180,600
2025-01-21,Kerala,10.8505,76.2711,0,1,1,20.5,0,290.31,0.116,62.91,1314,2,Kiosk,18,1700,220,700
2025-03-28,Varanasi,25.3176,82.9739,0,3,4,24.8,0,897.89,-0.238,49.59,1261,2,Kiosk,12,1400,160,500
2024-12-09,Leh,34.1526,77.5771,0,12,0,-0.1,0,227.56,1.0,96.94,306,3,Agent,14,600,90,220
2025-05-12,Varanasi,25.3176,82.9739,0,5,0,35.7,0,746.1,1.0,43.6,1563,1,App,5,1400,160,500
2024-09-15,Goa,15.2993,74.124,1,9,6,29.8,0,870.99,0.853,76.26,1212,2,Kiosk,6,2000,250,800
2024-08-19,Varanasi,25.3176,82.9739,0,8,0,32.6,0,849.36,-0.758,60.08,965,2,App,11,1400,160,500
2025-02-22,Andaman,11.7401,92.6586,1,2,5,24.4,0,88.97,0.01,96.22,458,2,App,3,900,120,300
2025-10-01,Manali,32.2432,77.1892,0,10,2,11.2,0,602.86,0.327,69.45,761,1,Web,29,1200,140,450
2024-02-19,Goa,15.2993,74.124,0,2,0,25.4,0,248.58,-0.05,78.66,1292,2,Web,10,2000,250,800
2024-11-05,Manali,32.2432,77.1892,0,11,1,5.1,0,521.48,0.175,76.66,643,2,Kiosk,4,1200,140,450
2024-12-02,Manali,32.2432,77.1892,0,12,0,4.5,0,509.6,0.227,77.38,601,2,App,8,1200,140,450
2025-03-02,Jaipur,26.9124,75.7873,1,3,6,28.0,0,1017.86,0.245,60.6,1901,2,App,6,1500,180,600
2024-08-27,Agra,27.1767,78.0081,0,8,1,32.1,0,917.94,-0.911,52.19,826,1,Web,4,1300,150,550
2025-01-30,Varanasi,25.3176,82.9739,0,1,3,19.0,0,239.44,1.0,55.77,1051,2,Agent,9,1400,160,500
2024-04-14,Goa,15.2993,74.124,1,4,6,35.0,0,312.27,0.207,79.56,1497,3,Web,12,2000,250,800
2025-03-04,Varanasi,25.3176,82.9739,0,3,1,26.0,0,79.78,0.209,52.59,811,2,Agent,8,1400,160,500
2024-01-04,Goa,15.2993,74.124,0,1,3,22.6,0,980.17,-0.217,87.62,2113,4,Web,2,2000,250,800
2025-08-24,Leh,34.1526,77.5771,1,8,6,15.1,0,204.71,0.624,98.05,415,3,App,3,600,90,220
2025-09-08,Kerala,10.8505,76.2711,0,9,0,29.1,0,500.0,0.096,68.22,889,2,App,12,1700,220,700
2024-12-19,Manali,32.2432,77.1892,0,12,3,5.7,0,430.21,0.136,72.49,529,2,Kiosk,12,1200,140,450
2024-06-20,Goa,15.2993,74.124,0,6,3,40.7,1,649.69,0.438,74.52,999,2,App,16,2000,250,800
2024-10-20,Leh,34.1526,77.5771,1,10,6,5.1,0,387.27,0.973,95.3,475,1,App,22,600,90,220
2025-04-23,Jaipur,26.9124,75.7873,0,4,2,31.9,0,234.14,-0.089,61.54,952,2,Kiosk,9,1500,180,600
2024-06-16,Andaman,11.7401,92.6586,1,6,6,39.1,0,317.59,-0.182,92.21,542,2,App,29,900,120,300
2025-01-09,Kerala,10.8505,76.2711,0,1,3,21.2,0,199.89,-0.497,70.6,931,1,Web,5,1700,220,700
2025-04-17,Kerala,10.8505,76.2711,0,4,3,34.1,0,214.81,0.185,74.28,1153,1,Web,11,1700,220,700
2025-01-28,Agra,27.1767,78.0081,0,1,1,17.5,0,210.41,0.564,60.79,776,1,Web,4,1300,150,550
2025-08-09,Jaipur,26.9124,75.7873,1,8,5,32.1,0,84.31,-0.122,65.12,669,2,Kiosk,7,1500,180,600
2025-09-30,Varanasi,25.3176,82.9739,0,9,1,26.6,0,338.35,0.039,47.57,599,1,App,23,1400,160,500
2024-06-22,Leh,34.1526,77.5771,1,6,5,19.7,0,118.33,0.938,105.49,565,3,Agent,4,600,90,220
2025-02-15,Jaipur,26.9124,75.7873,1,2,5,24.2,0,495.58,0.921,70.96,1179,2,Kiosk,6,1500,180,600
2025-02-06,Manali,32.2432,77.1892,0,2,3,10.6,0,98.37,0.959,76.0,573,1,Kiosk,30,1200,140,450
2025-09-20,Leh,34.1526,77.5771,1,9,5,8.3,1,704.16,-0.471,101.74,384,2,Kiosk,14,600,90,220
2025-06-11,Manali,32.2432,77.1892,0,6,2,24.1,0,715.16,-0.028,85.32,1675,3,Kiosk,9,1200,140,450
2025-02-18,Andaman,11.7401,92.6586,0,2,1,24.5,0,290.85,0.309,99.9,518,2,Agent,6,900,120,300
2025-09-15,Goa,15.2993,74.124,0,9,0,31.2,0,258.21,0.657,80.18,884,2,Agent,5,2000,250,800
2024-04-26,Leh,34.1526,77.5771,0,4,4,14.0,0,251.19,0.568,96.53,345,1,Kiosk,4,600,90,220
2024-10-17,Kerala,10.8505,76.2711,0,10,3,25.9,0,305.18,0.192,67.66,857,2,Kiosk,5,1700,220,700
2025-05-16,Kerala,10.8505,76.2711,0,5,4,37.6,0,147.45,-0.027,76.38,756,2,App,9,1700,220,700
2025-08-06,Leh,34.1526,77.5771,0,8,2,15.4,1,1185.24,0.388,92.15,642,2,Agent,19,600,90,220
2024-09-12,Leh,34.1526,77.5771,0,9,3,10.1,0,263.06,0.157,89.81,215,3,Agent,6,600,90,220
2024-04-30,Andaman,11.7401,92.6586,0,4,1,31.5,0,383.97,0.025,96.67,571,3,Kiosk,4,900,120,300
2025-03-24,Andaman,11.7401,92.6586,0,3,0,28.9,0,331.17,0.147,89.79,442,3,Web,8,900,120,300
2024-06-17,Andaman,11.7401,92.6586,0,6,0,36.5,0,201.2,-0.377,101.62,308,2,Kiosk,1,900,120,300
2024-08-16,Goa,15.2993,74.124,0,8,4,32.9,0,157.52,0.011,76.25,899,1,Agent,8,2000,250,800
2025-08-26,Andaman,11.7401,92.6586,0,8,1,32.5,0,163.66,-0.323,92.88,381,2,Kiosk,16,900,120,300
2024-08-20,Varanasi,25.3176,82.9739,0,8,1,31.4,0,479.32,0.018,44.68,905,2,App,45,1400,160,500
2025-04-10,Andaman,11.7401,92.6586,0,4,3,32.5,0,233.38,0.564,98.37,393,1,Agent,5,900,120,300
2024-06-24,Jaipur,26.9124,75.7873,0,6,0,36.9,0,475.02,-1.0,55.65,876,1,Web,12,1500,180,600
2024-10-09,Leh,34.1526,77.5771,0,10,2,4.8,0,281.46,0.989,91.97,279,3,Agent,19,600,90,220
2025-02-02,Goa,15.2993,74.124,1,2,6,26.4,0,259.01,0.244,82.35,1905,2,Web,19,2000,250,800
2024-09-25,Varanasi,25.3176,82.9739,0,9,2,27.4,0,418.7,0.417,45.89,720,2,Agent,7,1400,160,500
2024-06-14,Jaipur,26.9124,75.7873,0,6,4,38.9,1,1176.15,0.12,65.26,1335,2,Web,7,1500,180,600
2024-12-21,Agra,27.1767,78.0081,1,12,5,16.2,0,547.38,0.648,45.81,1371,2,Web,19,1300,150,550
2024-06-30,Agra,27.1767,78.0081,1,6,6,38.0,0,250.2,0.791,50.7,995,2,Web,5,1300,150,550
2025-05-22,Andaman,11.7401,92.6586,0,5,3,35.9,0,224.29,-0.469,100.32,451,1,Kiosk,4,900,120,300
2024-04-23,Kerala,10.8505,76.2711,0,4,1,34.3,0,628.09,0.379,65.76,1567,1,Agent,13,1700,220,700
2025-09-23,Agra,27.1767,78.0081,0,9,1,28.8,0,192.64,0.348,56.77,651,3,App,8,1300,150,550
2025-09-07,Kerala,10.8505,76.2711,1,9,6,28.7,1,406.47,-0.07,74.77,1124,2,Web,26,1700,220,700
2025-06-23,Varanasi,25.3176,82.9739,0,6,0,37.7,1,134.41,1.0,54.15,799,2,Agent,9,1400,160,500
2024-05-13,Kerala,10.8505,76.2711,0,5,0,39.2,0,131.85,-0.121,79.54,1092,1,App,3,1700,220,700
2025-03-26,Manali,32.2432,77.1892,0,3,2,16.4,0,193.17,0.456,88.9,701,3,Web,13,1200,140,450
2024-10-04,Manali,32.2432,77.1892,0,10,4,9.9,0,824.71,0.052,68.02,783,2,Web,24,1200,140,450
2024-05-02,Leh,34.1526,77.5771,0,5,3,16.8,0,122.42,-0.569,94.61,316,2,Web,16,600,90,220
2024-09-07,Agra,27.1767,78.0081,1,9,5,28.4,0,11.25,-0.51,64.58,678,2,Web,5,1300,150,550
2024-07-05,Leh,34.1526,77.5771,0,7,4,18.7,0,725.82,0.375,101.0,503,1,Kiosk,27,600,90,220
2024-10-22,Manali,32.2432,77.1892,0,10,1,8.6,0,803.13,0.058,68.94,668,2,Kiosk,10,1200,140,450
2025-01-22,Leh,34.1526,77.5771,0,1,2,1.5,0,138.42,0.149,95.5,345,2,Agent,19,600,90,220
2024-09-03,Leh,34.1526,77.5771,0,9,1,10.2,0,263.64,-0.769,88.22,203,3,App,32,600,90,220
2025-07-17,Leh,34.1526,77.5771,0,7,3,18.4,0,605.86,-0.604,91.3,470,2,Agent,8,600,90,220
2024-07-15,Agra,27.1767,78.0081,0,7,0,35.6,1,142.88,-1.0,57.66,483,2,App,8,1300,150,550
2025-03-02,Varanasi,25.3176,82.9739,1,3,6,27.0,0,510.08,0.325,54.67,1408,1,Web,9,1400,160,500
2025-07-12,Varanasi,25.3176,82.9739,1,7,5,36.4,0,314.18,0.442,45.69,1093,2,App,10,1400,160,500
2025-08-02,Kerala,10.8505,76.2711,1,8,5,35.7,0,829.98,0.278,69.56,1239,2,App,7,1700,220,700
2024-10-21,Varanasi,25.3176,82.9739,0,10,0,21.2,0,463.53,0.212,53.29,1147,3,Web,23,1400,160,500
2024-01-08,Manali,32.2432,77.1892,0,1,0,6.1,0,71.29,-0.026,75.61,544,3,App,10,1200,140,450
2025-03-17,Agra,27.1767,78.0081,0,3,0,26.8,0,1294.11,-0.241,55.89,1574,2,App,13,1300,150,550
2025-09-09,Kerala,10.8505,76.2711,0,9,1,27.5,0,320.01,-0.634,64.69,1050,2,App,6,1700,220,700
2024-10-16,Varanasi,25.3176,82.9739,0,10,2,20.9,0,197.34,0.262,50.02,925,3,App,12,1400,160,500
2024-09-29,Goa,15.2993,74.124,1,9,6,30.5,0,236.02,-0.233,80.76,1020,2,Kiosk,8,2000,250,800
2025-09-03,Leh,34.1526,77.5771,0,9,2,8.6,0,292.25,-0.599,98.0,241,3,Web,3,600,90,220
2025-07-28,Jaipur,26.9124,75.7873,0,7,0,36.4,1,384.97,0.066,61.8,705,4,Web,10,1500,180,600
2025-02-24,Varanasi,25.3176,82.9739,0,2,0,22.7,0,694.3,0.023,59.27,1109,1,Agent,12,1400,160,500
2025-02-20,Kerala,10.8505,76.2711,0,2,3,25.3,0,435.19,-0.25,75.11,1544,1,App,4,1700,220,700
2025-01-12,Leh,34.1526,77.5771,1,1,6,0.3,0,205.66,0.398,89.95,405,2,Agent,4,600,90,220
2024-06-05,Jaipur,26.9124,75.7873,0,6,2,37.8,0,64.69,-0.084,65.69,775,2,Agent,17,1500,180,600
2024-03-20,Kerala,10.8505,76.2711,0,3,2,29.8,0,315.61,-0.639,65.8,1214,2,Web,18,1700,220,700
2024-12-09,Goa,15.2993,74.124,0,12,0,18.6,0,318.22,0.201,81.93,956,3,App,2,2000,250,800
2024-02-16,Goa,15.2993,74.124,0,2,4,24.0,0,580.69,0.552,78.28,1390,2,App,12,2000,250,800
2024-01-01,Jaipur,26.9124,75.7873,0,1,0,19.5,0,179.78,-0.718,73.39,1177,2,Web,13,1500,180,600
2025-06-30,Leh,34.1526,77.5771,0,6,0,18.9,0,278.12,-0.248,83.72,619,3,App,1,600,90,220
2025-02-16,Varanasi,25.3176,82.9739,1,2,6,22.1,0,791.29,1.0,55.78,1037,2,Web,24,1400,160,500
2024-06-18,Goa,15.2993,74.124,0,6,1,38.9,1,291.21,-0.471,78.98,1108,3,Kiosk,16,2000,250,800
2024-04-17,Goa,15.2993,74.124,0,4,2,34.1,0,309.2,0.196,75.77,1355,1,App,20,2000,250,800
2024-10-06,Kerala,10.8505,76.2711,1,10,6,23.7,0,768.54,0.847,64.29,1238,2,Web,7,1700,220,700
2024-07-18,Manali,32.2432,77.1892,0,7,3,24.2,0,276.1,-0.141,74.72,834,1,Agent,6,1200,140,450
2025-08-13,Goa,15.2993,74.124,0,8,2,35.1,0,434.19,-0.03,79.8,1133,2,Kiosk,12,2000,250,800
2024-12-25,Agra,27.1767,78.0081,0,12,2,16.1,0,569.08,0.243,52.89,994,2,Agent,17,1300,150,550
2024-09-30,Jaipur,26.9124,75.7873,0,9,0,28.2,1,327.23,0.272,62.61,596,1,Web,4,1500,180,600
2024-04-23,Jaipur,26.9124,75.7873,0,4,1,31.8,0,492.64,0.034,75.75,1300,3,App,1,1500,180,600
2025-09-20,Varanasi,25.3176,82.9739,1,9,5,25.9,0,330.94,0.688,52.39,811,1,App,9,1400,160,500
2024-01-15,Agra,27.1767,78.0081,0,1,0,17.4,0,47.62,0.492,53.8,886,4,Agent,5,1300,150,550
2024-10-09,Varanasi,25.3176,82.9739,0,10,2,22.3,0,146.57,0.16,60.56,618,2,App,10,1400,160,500
2024-09-08,Jaipur,26.9124,75.7873,1,9,6,28.9,0,1124.89,-0.341,60.39,1296,2,Agent,8,1500,180,600
2024-07-17,Manali,32.2432,77.1892,0,7,2,24.2,0,110.59,0.747,85.18,566,2,Kiosk,14,1200,140,450
2025-02-12,Manali,32.2432,77.1892,0,2,2,10.1,0,438.81,-0.463,77.62,751,3,Web,10,1200,140,450
2024-05-12,Andaman,11.7401,92.6586,1,5,6,36.9,0,973.56,0.66,98.64,898,3,App,3,900,120,300
2025-06-29,Jaipur,26.9124,75.7873,1,6,6,40.3,0,906.13,0.858,49.73,1571,3,Web,13,1500,180,600
2024-10-30,Jaipur,26.9124,75.7873,0,10,2,21.6,0,199.18,0.456,54.91,720,3,App,8,1500,180,600
2024-09-17,Agra,27.1767,78.0081,0,9,1,24.7,0,1500.34,-0.362,58.98,1165,3,Kiosk,24,1300,150,550
2025-04-12,Goa,15.2993,74.124,1,4,5,33.7,0,316.56,0.55,71.98,1803,3,Kiosk,7,2000,250,800
2025-01-29,Varanasi,25.3176,82.9739,0,1,2,18.7,0,737.65,-0.606,62.29,941,2,App,10,1400,160,500
2025-03-26,Leh,34.1526,77.5771,0,3,2,9.5,0,125.51,0.317,94.02,378,2,Web,2,600,90,220
2025-07-19,Varanasi,25.3176,82.9739,1,7,5,36.2,0,220.96,-0.598,52.8,754,2,App,4,1400,160,500
2024-03-07,Jaipur,26.9124,75.7873,0,3,3,29.0,0,1204.73,0.119,66.86,1747,2,Kiosk,5,1500,180,600
2024-04-02,Andaman,11.7401,92.6586,0,4,1,33.1,0,325.06,-0.66,96.6,651,1,Web,19,900,120,300
2025-01-22,Leh,34.1526,77.5771,0,1,2,1.2,0,628.7,0.322,95.74,499,1,App,7,600,90,220
2024-09-17,Andaman,11.7401,92.6586,0,9,1,27.3,0,743.67,0.071,93.88,331,3,Agent,10,900,120,300
2024-01-09,Manali,32.2432,77.1892,0,1,1,6.4,0,309.52,-0.57,73.92,974,2,Kiosk,13,1200,140,450
2024-02-21,Kerala,10.8505,76.2711,0,2,2,24.4,0,215.09,0.384,76.85,1043,2,App,16,1700,220,700
2024-02-08,Leh,34.1526,77.5771,0,2,3,6.4,0,218.14,0.192,104.65,305,2,App,1,600,90,220
2025-06-11,Leh,34.1526,77.5771,0,6,2,20.0,0,327.26,-0.064,99.41,482,3,Agent,21,600,90,220
2025-09-11,Goa,15.2993,74.124,0,9,3,30.6,0,170.03,0.161,77.64,929,3,Agent,17,2000,250,800
2024-08-10,Jaipur,26.9124,75.7873,1,8,5,32.2,0,107.13,0.489,47.79,806,1,Agent,13,1500,180,600
2024-08-20,Kerala,10.8505,76.2711,0,8,1,32.7,0,241.78,-0.177,71.43,640,2,Kiosk,35,1700,220,700
2025-02-19,Goa,15.2993,74.124,0,2,2,23.4,0,465.63,1.0,85.79,1426,2,App,4,2000,250,800
2024-10-22,Manali,32.2432,77.1892,0,10,1,9.4,0,694.38,0.056,72.49,746,2,Web,3,1200,140,450
2024-03-09,Jaipur,26.9124,75.7873,1,3,5,27.0,0,869.73,0.041,67.12,2127,2,App,8,1500,180,600
2024-12-20,Agra,27.1767,78.0081,0,12,4,17.7,0,1481.53,0.534,52.06,1550,2,Agent,10,1300,150,550
2025-09-23,Kerala,10.8505,76.2711,0,9,1,28.5,0,168.06,-0.349,72.22,705,2,Kiosk,29,1700,220,700
2024-11-28,Goa,15.2993,74.124,0,11,3,19.2,0,38.88,0.943,81.74,885,3,App,2,2000,250,800
2024-05-17,Goa,15.2993,74.124,0,5,4,37.7,0,402.79,0.936,79.54,1160,1,Agent,9,2000,250,800
2024-03-01,Agra,27.1767,78.0081,0,3,4,27.7,0,516.27,-0.115,63.44,937,3,Kiosk,2,1300,150,550
2024-01-18,Jaipur,26.9124,75.7873,0,1,3,18.5,0,74.67,0.369,56.65,808,2,Web,7,1500,180,600
2025-06-29,Goa,15.2993,74.124,1,6,6,38.6,1,826.32,-0.46,85.58,1803,2,Agent,10,2000,250,800
2024-09-29,Jaipur,26.9124,75.7873,1,9,6,28.1,0,1139.65,0.269,55.98,1115,2,Kiosk,12,1500,180,600
2024-06-17,Jaipur,26.9124,75.7873,0,6,0,37.8,1,454.66,-0.281,56.36,813,2,Web,2,1500,180,600
2024-08-09,Leh,34.1526,77.5771,0,8,4,16.6,1,132.28,-0.362,93.94,235,1,Agent,8,600,90,220
2024-10-04,Kerala,10.8505,76.2711,0,10,4,22.6,0,386.73,0.871,67.88,1171,2,App,24,1700,220,700
2025-01-16,Kerala,10.8505,76.2711,0,1,3,18.5,0,210.74,0.237,69.36,1248,3,Agent,11,1700,220,700
2024-08-13,Andaman,11.7401,92.6586,0,8,1,33.4,1,1235.35,0.23,99.59,736,3,Web,11,900,120,300
2025-06-14,Jaipur,26.9124,75.7873,1,6,5,37.9,1,109.19,0.428,59.4,876,2,App,10,1500,180,600
2024-06-14,Leh,34.1526,77.5771,0,6,4,20.0,0,218.4,-0.311,98.63,436,3,Agent,10,600,90,220
2025-06-06,Jaipur,26.9124,75.7873,0,6,4,38.2,0,356.04,0.616,65.95,1229,2,Web,10,1500,180,600
2025-08-31,Leh,34.1526,77.5771,1,8,6,14.5,0,573.02,-0.095,99.11,405,3,Web,32,600,90,220
2024-08-09,Jaipur,26.9124,75.7873,0,8,4,32.4,0,401.28,-0.701,64.5,717,3,Web,12,1500,180,600
2024-02-02,Goa,15.2993,74.124,0,2,4,26.3,0,410.51,0.104,90.37,1159,1,Agent,1,2000,250,800
2024-07-19,Andaman,11.7401,92.6586,0,7,4,36.2,0,864.81,0.814,89.08,477,1,App,5,900,120,300
2025-03-04,Goa,15.2993,74.124,0,3,1,30.1,0,413.16,-0.319,81.58,1318,2,Web,20,2000,250,800
2024-11-02,Andaman,11.7401,92.6586,1,11,5,19.3,0,1041.65,0.33,81.5,709,3,Web,37,900,120,300
2024-01-06,Agra,27.1767,78.0081,1,1,5,19.0,0,58.27,-0.64,56.85,947,1,App,13,1300,150,550
2024-09-30,Varanasi,25.3176,82.9739,0,9,0,27.0,0,219.33,-0.648,53.27,567,2,Agent,6,1400,160,500
2024-04-05,Leh,34.1526,77.5771,0,4,4,14.5,0,468.11,0.148,101.82,346,2,Agent,21,600,90,220
2025-06-25,Leh,34.1526,77.5771,0,6,2,19.4,0,176.66,0.1,106.16,329,3,Kiosk,24,600,90,220
2024-01-24,Andaman,11.7401,92.6586,0,1,2,18.2,0,241.49,0.231,91.54,383,1,App,8,900,120,300
2024-06-04,Goa,15.2993,74.124,0,6,1,40.5,0,416.88,0.203,77.96,1527,2,Web,19,2000,250,800
2024-10-04,Manali,32.2432,77.1892,0,10,4,12.1,0,329.55,0.3,82.14,581,2,Web,10,1200,140,450
2024-10-23,Manali,32.2432,77.1892,0,10,2,10.5,0,503.22,-0.8,70.71,475,2,App,8,1200,140,450
2024-01-15,Varanasi,25.3176,82.9739,0,1,0,16.5,0,390.23,-0.347,42.64,943,2,Kiosk,14,1400,160,500
2024-01-19,Andaman,11.7401,92.6586,0,1,4,18.5,0,950.05,0.843,87.27,748,2,Web,7,900,120,300
2025-06-06,Goa,15.2993,74.124,0,6,4,38.9,0,696.73,0.447,76.62,1731,2,Agent,4,2000,250,800
2024-04-04,Manali,32.2432,77.1892,0,4,3,19.3,0,247.66,-0.192,77.87,774,2,Web,14,1200,140,450
2025-07-22,Andaman,11.7401,92.6586,0,7,1,36.2,0,417.12,-0.037,93.47,484,1,Agent,10,900,120,300
2024-05-24,Varanasi,25.3176,82.9739,0,5,4,37.9,0,391.4,0.952,57.8,834,3,Agent,5,1400,160,500
2024-09-17,Varanasi,25.3176,82.9739,0,9,1,28.0,0,130.7,0.712,46.42,551,2,Web,3,1400,160,500
2024-06-15,Agra,27.1767,78.0081,1,6,5,38.2,0,840.83,-0.252,55.13,1485,3,Kiosk,4,1300,150,550
2025-08-02,Goa,15.2993,74.124,1,8,5,36.2,0,730.48,0.491,80.9,1314,2,Web,13,2000,250,800
2024-04-21,Leh,34.1526,77.5771,1,4,6,15.5,0,322.5,-0.36,100.47,429,2,Web,8,600,90,220
2024-02-04,Leh,34.1526,77.5771,1,2,6,5.7,0,682.1,-0.347,93.41,530,3,Kiosk,10,600,90,220
2024-09-11,Andaman,11.7401,92.6586,0,9,2,25.7,0,365.28,0.103,75.76,370,1,Web,8,900,120,300
2024-12-13,Leh,34.1526,77.5771,0,12,4,-0.9,0,627.25,0.179,97.05,317,2,Web,2,600,90,220
2024-12-20,Jaipur,26.9124,75.7873,0,12,4,18.7,0,159.12,-0.049,63.08,775,3,Kiosk,14,1500,180,600
2025-01-09,Andaman,11.7401,92.6586,0,1,3,18.4,0,817.0,-0.306,84.18,685,1,Kiosk,8,900,120,300
2025-01-17,Andaman,11.7401,92.6586,0,1,4,18.9,0,265.18,1.0,88.29,625,2,App,16,900,120,300
2024-05-09,Agra,27.1767,78.0081,0,5,3,37.5,1,229.03,-1.0,64.41,783,3,App,5,1300,150,550
2024-08-05,Jaipur,26.9124,75.7873,0,8,0,31.5,0,217.6,0.004,61.65,810,1,Kiosk,11,1500,180,600
2024-12-13,Jaipur,26.9124,75.7873,0,12,4,20.7,0,272.3,0.603,70.59,786,2,Agent,6,1500,180,600
2024-04-10,Leh,34.1526,77.5771,0,4,2,14.4,1,172.92,-0.039,105.16,309,1,App,17,600,90,220
2025-08-21,Agra,27.1767,78.0081,0,8,3,32.1,0,297.79,0.069,60.64,732,1,App,9,1300,150,550
2025-07-10,Jaipur,26.9124,75.7873,0,7,3,37.6,0,225.07,-0.039,62.87,746,3,Web,27,1500,180,600
2024-11-08,Manali,32.2432,77.1892,0,11,4,7.5,0,216.89,-0.31,67.44,587,2,Agent,21,1200,140,450
2024-11-22,Kerala,10.8505,76.2711,0,11,4,20.4,0,549.07,0.478,72.79,1111,2,Agent,12,1700,220,700
2024-10-24,Jaipur,26.9124,75.7873,0,10,3,23.9,0,723.19,0.572,60.92,1131,2,App,2,1500,180,600
2025-08-04,Agra,27.1767,78.0081,0,8,0,32.1,0,29.67,0.9,59.36,435,3,Agent,8,1300,150,550
2025-05-18,Manali,32.2432,77.1892,1,5,6,23.1,1,93.7,0.406,81.4,570,2,Agent,19,1200,140,450
2024-02-29,Jaipur,26.9124,75.7873,0,2,3,23.1,0,686.15,0.004,62.13,816,2,App,5,1500,180,600
2025-08-01,Goa,15.2993,74.124,0,8,4,36.3,0,750.82,0.28,82.71,1072,3,App,9,2000,250,800
2025-04-27,Andaman,11.7401,92.6586,1,4,6,33.4,0,369.8,-0.484,88.23,581,1,Web,5,900,120,300
2025-07-17,Leh,34.1526,77.5771,0,7,3,18.0,0,652.09,0.391,101.43,462,3,Web,8,600,90,220
2025-05-24,Leh,34.1526,77.5771,1,5,5,17.0,1,900.31,0.566,103.8,499,2,App,9,600,90,220
2024-06-30,Leh,34.1526,77.5771,1,6,6,18.9,0,482.64,0.069,104.35,703,2,Agent,5,600,90,220
2024-02-23,Goa,15.2993,74.124,0,2,4,25.7,0,218.66,0.548,79.81,1200,2,Agent,11,2000,250,800
2024-12-27,Leh,34.1526,77.5771,0,12,4,-1.0,0,339.43,0.591,106.87,289,1,Web,7,600,90,220
2024-10-22,Jaipur,26.9124,75.7873,0,10,1,23.5,0,396.12,1.0,55.38,905,3,Kiosk,1,1500,180,600
2025-06-05,Leh,34.1526,77.5771,0,6,3,20.2,0,448.63,-0.21,108.18,631,2,App,6,600,90,220
2025-09-09,Varanasi,25.3176,82.9739,0,9,1,28.9,0,185.69,0.964,62.38,608,1,Agent,7,1400,160,500
2025-02-19,Jaipur,26.9124,75.7873,0,2,2,24.3,0,274.38,-0.252,59.52,892,3,Kiosk,6,1500,180,600
2025-01-30,Leh,34.1526,77.5771,0,1,3,1.0,0,228.1,-0.326,104.2,326,3,Agent,11,600,90,220
2025-03-26,Manali,32.2432,77.1892,0,3,2,13.4,0,331.61,-0.916,72.64,802,2,Kiosk,6,1200,140,450
2025-05-14,Goa,15.2993,74.124,0,5,2,37.6,0,383.08,0.386,89.71,1165,3,App,11,2000,250,800
2025-05-06,Goa,15.2993,74.124,0,5,1,37.8,0,721.19,0.601,89.41,1192,4,Web,35,2000,250,800
2024-09-18,Agra,27.1767,78.0081,0,9,2,28.1,0,115.73,0.533,52.05,527,2,Web,9,1300,150,550
2024-08-21,Leh,34.1526,77.5771,0,8,2,14.1,0,723.76,-0.227,98.37,457,2,Agent,15,600,90,220
2024-04-03,Jaipur,26.9124,75.7873,0,4,2,33.4,0,258.77,0.132,63.8,913,2,Agent,5,1500,180,600
2024-08-10,Manali,32.2432,77.1892,1,8,5,18.7,0,564.56,0.024,69.24,1127,2,App,18,1200,140,450
2024-05-30,Jaipur,26.9124,75.7873,0,5,3,37.7,0,358.7,-0.381,66.38,1031,2,App,1,1500,180,600
2024-02-10,Goa,15.2993,74.124,1,2,5,26.7,0,226.36,0.486,80.01,1303,1,Web,19,2000,250,800
2025-01-21,Goa,15.2993,74.124,0,1,1,21.5,0,330.47,0.113,79.04,1481,2,Kiosk,43,2000,250,800
2024-10-12,Varanasi,25.3176,82.9739,1,10,5,22.0,0,214.26,0.554,48.4,929,2,Agent,6,1400,160,500
2025-05-11,Jaipur,26.9124,75.7873,1,5,6,37.1,0,616.94,0.54,62.6,1452,1,Agent,3,1500,180,600
2025-05-10,Jaipur,26.9124,75.7873,1,5,5,37.8,0,378.93,0.009,65.37,1680,1,Web,19,1500,180,600
2024-09-08,Andaman,11.7401,92.6586,1,9,6,28.9,0,305.74,0.462,84.33,354,2,Web,7,900,120,300
2024-07-05,Manali,32.2432,77.1892,0,7,4,23.2,1,332.5,0.168,74.77,753,3,Web,12,1200,140,450
2024-02-14,Andaman,11.7401,92.6586,0,2,2,22.0,0,513.29,-0.389,99.21,608,3,Web,5,900,120,300
2024-07-12,Leh,34.1526,77.5771,0,7,4,18.8,0,293.54,0.043,102.42,339,3,App,13,600,90,220
2025-09-14,Kerala,10.8505,76.2711,1,9,6,29.0,0,333.38,1.0,67.16,1184,1,Kiosk,9,1700,220,700
2024-06-18,Kerala,10.8505,76.2711,0,6,1,39.7,0,806.69,-0.827,66.68,1423,2,Agent,3,1700,220,700
2024-10-10,Varanasi,25.3176,82.9739,0,10,3,21.6,0,108.44,0.139,45.82,729,3,Agent,21,1400,160,500
2025-05-12,Jaipur,26.9124,75.7873,0,5,0,35.7,0,745.98,-0.213,61.56,1417,4,Agent,7,1500,180,600
2024-10-07,Jaipur,26.9124,75.7873,0,10,0,21.6,0,294.18,0.221,60.07,805,3,Agent,6,1500,180,600
2025-01-24,Goa,15.2993,74.124,0,1,4,21.8,0,629.71,-0.282,74.71,1680,2,Agent,5,2000,250,800
2024-06-13,Andaman,11.7401,92.6586,0,6,3,36.7,0,741.55,1.0,92.66,690,2,Agent,6,900,120,300
2024-04-09,Varanasi,25.3176,82.9739,0,4,1,31.1,0,143.86,0.585,58.22,1097,3,Agent,28,1400,160,500
2024-01-29,Kerala,10.8505,76.2711,0,1,0,20.3,0,246.6,0.804,66.58,1074,2,App,33,1700,220,700
2025-08-27,Varanasi,25.3176,82.9739,0,8,2,31.8,1,337.4,0.74,62.17,690,2,App,6,1400,160,500
2024-04-16,Agra,27.1767,78.0081,0,4,1,31.0,0,286.37,0.021,59.38,719,1,Agent,5,1300,150,550
2024-09-01,Leh,34.1526,77.5771,1,9,6,10.1,0,542.94,0.07,96.0,377,3,Agent,8,600,90,220
2024-09-15,Goa,15.2993,74.124,1,9,6,28.4,1,610.08,-0.364,85.03,1303,2,Agent,13,2000,250,800
2024-04-12,Jaipur,26.9124,75.7873,0,4,4,32.4,1,41.35,-0.81,73.46,722,2,Kiosk,28,1500,180,600
2024-05-04,Kerala,10.8505,76.2711,1,5,5,38.1,0,371.36,-0.286,79.08,1761,3,App,19,1700,220,700
2024-09-01,Andaman,11.7401,92.6586,1,9,6,27.9,0,133.48,0.09,95.2,348,2,Kiosk,3,900,120,300
2024-03-18,Leh,34.1526,77.5771,0,3,0,9.1,0,142.15,0.134,105.68,288,1,Agent,14,600,90,220
2024-12-23,Andaman,11.7401,92.6586,0,12,0,17.8,0,136.17,0.127,95.5,390,2,Web,12,900,120,300
2025-01-17,Varanasi,25.3176,82.9739,0,1,4,18.6,0,997.61,0.222,47.74,1882,2,Kiosk,20,1400,160,500
2025-07-10,Agra,27.1767,78.0081,0,7,3,35.4,0,586.96,0.82,61.84,979,3,Web,8,1300,150,550
2025-09-19,Agra,27.1767,78.0081,0,9,4,28.1,0,178.47,0.52,54.5,580,4,Kiosk,2,1300,150,550
2024-09-10,Goa,15.2993,74.124,0,9,1,30.8,0,370.82,0.466,65.87,908,2,Kiosk,13,2000,250,800
2025-07-06,Leh,34.1526,77.5771,1,7,6,19.8,0,88.18,0.345,104.74,537,2,Web,1,600,90,220
2024-10-11,Kerala,10.8505,76.2711,0,10,4,24.5,0,98.71,-0.496,72.24,737,1,App,6,1700,220,700
2024-05-10,Goa,15.2993,74.124,0,5,4,38.7,0,321.77,0.064,90.22,1254,2,App,25,2000,250,800
2025-09-11,Goa,15.2993,74.124,0,9,3,30.6,0,173.7,0.034,70.45,935,1,Agent,18,2000,250,800
2024-09-23,Varanasi,25.3176,82.9739,0,9,0,25.8,0,373.17,0.883,46.42,501,2,Agent,25,1400,160,500
2025-01-02,Kerala,10.8505,76.2711,0,1,3,20.3,0,209.38,0.366,66.63,1167,2,Kiosk,10,1700,220,700
2025-05-09,Manali,32.2432,77.1892,0,5,4,23.5,0,1212.46,0.696,73.58,1032,2,Agent,5,1200,140,450
2024-01-28,Jaipur,26.9124,75.7873,1,1,6,19.4,0,1072.18,0.499,62.53,2033,4,Agent,24,1500,180,600
2024-02-14,Manali,32.2432,77.1892,0,2,2,10.4,0,604.7,-0.44,78.18,999,3,Kiosk,14,1200,140,450
2024-03-09,Goa,15.2993,74.124,1,3,5,30.4,0,1106.16,-0.21,72.1,1803,2,Kiosk,10,2000,250,800
2025-07-05,Agra,27.1767,78.0081,1,7,5,36.2,0,393.88,-0.275,57.67,1077,2,Web,12,1300,150,550
2025-08-21,Goa,15.2993,74.124,0,8,3,36.0,0,202.1,-0.684,84.36,943,3,App,21,2000,250,800
2024-09-29,Varanasi,25.3176,82.9739,1,9,6,24.5,0,491.98,0.292,55.34,667,3,Web,10,1400,160,500
2024-02-25,Leh,34.1526,77.5771,1,2,6,4.8,0,370.38,0.057,105.16,508,1,Web,19,600,90,220
2024-01-12,Leh,34.1526,77.5771,0,1,4,1.9,0,426.84,0.292,96.11,313,2,App,3,600,90,220
2024-04-14,Kerala,10.8505,76.2711,1,4,6,32.9,0,409.57,0.663,65.43,1395,2,Web,14,1700,220,700
2024-04-10,Andaman,11.7401,92.6586,0,4,2,32.8,0,523.52,-0.186,95.11,579,1,Kiosk,13,900,120,300
2024-06-25,Jaipur,26.9124,75.7873,0,6,1,37.7,0,582.83,-0.585,66.3,1134,2,Web,12,1500,180,600
2025-08-07,Leh,34.1526,77.5771,0,8,3,15.7,0,773.0,0.932,104.7,502,2,App,35,600,90,220
2025-06-20,Jaipur,26.9124,75.7873,0,6,4,38.5,0,297.58,0.775,57.41,986,2,Agent,9,1500,180,600
2025-09-24,Andaman,11.7401,92.6586,0,9,2,28.8,0,265.82,0.555,87.96,347,2,Web,5,900,120,300
2025-05-11,Varanasi,25.3176,82.9739,1,5,6,37.2,0,196.45,0.642,62.85,1244,2,Kiosk,3,1400,160,500
2025-06-28,Varanasi,25.3176,82.9739,1,6,5,37.8,0,650.37,0.318,48.02,1327,2,App,4,1400,160,500
2025-03-16,Agra,27.1767,78.0081,1,3,6,25.6,0,503.03,-0.342,67.21,1184,2,Agent,8,1300,150,550
2025-08-25,Leh,34.1526,77.5771,0,8,0,14.2,0,150.36,-0.409,101.3,261,3,Web,5,600,90,220
2024-01-16,Agra,27.1767,78.0081,0,1,1,17.1,0,563.99,1.0,61.38,953,1,Agent,1,1300,150,550
2025-02-05,Goa,15.2993,74.124,0,2,2,24.6,0,609.05,-0.98,80.53,1105,2,Kiosk,1,2000,250,800
2025-08-01,Jaipur,26.9124,75.7873,0,8,4,31.8,0,205.24,0.667,62.37,800,2,Kiosk,5,1500,180,600
2024-09-01,Jaipur,26.9124,75.7873,1,9,6,27.0,0,603.08,0.81,58.72,862,3,App,5,1500,180,600
2025-05-09,Agra,27.1767,78.0081,0,5,4,33.6,0,441.8,-0.217,59.12,1122,3,App,23,1300,150,550
2024-08-02,Kerala,10.8505,76.2711,0,8,4,32.6,0,367.64,0.103,65.88,925,1,Web,2,1700,220,700
2025-01-08,Goa,15.2993,74.124,0,1,2,22.7,0,227.02,0.042,76.41,1310,2,App,10,2000,250,800
2024-08-13,Andaman,11.7401,92.6586,0,8,1,30.9,0,788.8,-0.101,87.14,531,2,Agent,5,900,120,300
2025-05-30,Jaipur,26.9124,75.7873,0,5,4,36.9,0,72.42,1.0,59.22,835,2,Kiosk,7,1500,180,600
2024-11-01,Kerala,10.8505,76.2711,0,11,4,21.8,0,1164.33,0.381,61.53,1486,2,Kiosk,8,1700,220,700
2024-08-01,Leh,34.1526,77.5771,0,8,3,14.1,0,173.68,-0.187,90.87,245,2,App,15,600,90,220
2025-06-18,Varanasi,25.3176,82.9739,0,6,2,37.0,0,374.75,-0.8,50.61,901,3,Web,25,1400,160,500
2025-09-20,Varanasi,25.3176,82.9739,1,9,5,28.4,0,193.03,-0.446,60.49,708,3,Web,14,1400,160,500
2024-04-24,Andaman,11.7401,92.6586,0,4,2,32.3,0,531.64,0.264,98.03,653,1,Agent,5,900,120,300
2024-07-23,Leh,34.1526,77.5771,0,7,1,18.9,0,671.15,0.118,99.96,398,3,Kiosk,20,600,90,220
2025-09-18,Manali,32.2432,77.1892,0,9,3,14.6,1,35.56,-0.561,70.75,374,1,Agent,19,1200,140,450
2025-03-03,Leh,34.1526,77.5771,0,3,0,8.6,0,656.68,0.404,108.13,397,2,Kiosk,11,600,90,220
2024-11-01,Kerala,10.8505,76.2711,0,11,4,20.6,0,365.78,0.033,62.96,858,3,App,10,1700,220,700
2025-04-11,Varanasi,25.3176,82.9739,0,4,4,33.2,0,44.18,-0.092,66.97,1105,3,Kiosk,1,1400,160,500
2024-06-22,Leh,34.1526,77.5771,1,6,5,20.1,0,115.23,-0.284,91.74,470,1,App,9,600,90,220
2024-03-01,Agra,27.1767,78.0081,0,3,4,25.9,0,425.31,0.318,57.08,982,1,Web,14,1300,150,550
2025-01-13,Agra,27.1767,78.0081,0,1,0,18.7,0,148.64,-0.686,57.44,654,1,App,10,1300,150,550
2024-10-24,Andaman,11.7401,92.6586,0,10,3,24.0,0,2125.14,0.352,82.17,956,1,App,8,900,120,300
2025-07-02,Kerala,10.8505,76.2711,0,7,2,37.1,0,192.82,-0.276,65.97,809,1,Web,6,1700,220,700
2024-12-22,Agra,27.1767,78.0081,1,12,6,17.8,0,363.16,-0.047,55.42,1108,2,Agent,36,1300,150,550
2024-09-25,Goa,15.2993,74.124,0,9,2,30.6,0,122.27,0.711,82.32,856,3,App,9,2000,250,800
2024-02-24,Goa,15.2993,74.124,1,2,5,25.9,0,453.82,0.546,82.2,1483,1,Kiosk,4,2000,250,800
2024-09-24,Kerala,10.8505,76.2711,0,9,1,28.9,0,471.61,-1.0,65.5,837,2,App,7,1700,220,700
2025-09-04,Varanasi,25.3176,82.9739,0,9,3,26.4,1,403.7,0.676,50.86,687,3,Kiosk,10,1400,160,500
2024-01-26,Leh,34.1526,77.5771,0,1,4,1.9,0,992.46,0.846,100.59,474,2,App,8,600,90,220
2025-06-30,Jaipur,26.9124,75.7873,0,6,0,37.5,0,57.57,-0.041,63.4,840,2,Agent,9,1500,180,600
2024-05-31,Varanasi,25.3176,82.9739,0,5,4,34.4,0,999.83,-0.199,54.09,1329,2,Agent,1,1400,160,500
2025-09-16,Leh,34.1526,77.5771,0,9,1,8.5,0,456.28,0.097,93.49,236,1,Kiosk,8,600,90,220
2024-01-24,Manali,32.2432,77.1892,0,1,2,5.9,0,590.83,-0.527,79.5,815,2,Web,19,1200,140,450
2025-04-01,Jaipur,26.9124,75.7873,0,4,1,34.6,0,126.28,-0.433,68.17,1006,1,App,2,1500,180,600
2024-11-22,Goa,15.2993,74.124,0,11,4,21.1,0,322.5,0.398,78.98,1185,3,Web,15,2000,250,800
2025-01-11,Leh,34.1526,77.5771,1,1,5,-0.4,0,1092.91,0.009,95.04,627,1,Kiosk,12,600,90,220
2024-06-23,Manali,32.2432,77.1892,1,6,6,25.7,0,264.7,0.548,71.07,1005,2,Agent,8,1200,140,450
2024-02-27,Manali,32.2432,77.1892,0,2,1,10.2,0,1025.94,1.0,80.92,1157,2,Kiosk,13,1200,140,450
2024-07-29,Andaman,11.7401,92.6586,0,7,0,36.0,0,432.99,0.413,94.56,572,3,App,3,900,120,300
2025-02-08,Jaipur,26.9124,75.7873,1,2,5,21.6,0,162.57,0.677,68.12,991,1,Kiosk,15,1500,180,600
2024-07-11,Goa,15.2993,74.124,0,7,3,38.8,0,85.18,-0.149,76.19,1085,1,Kiosk,11,2000,250,800
2024-04-27,Leh,34.1526,77.5771,1,4,5,14.2,0,1037.32,-0.37,94.3,589,3,Kiosk,6,600,90,220
2025-01-02,Kerala,10.8505,76.2711,0,1,3,19.0,1,63.38,-0.328,70.11,822,2,App,12,1700,220,700
2025-09-19,Varanasi,25.3176,82.9739,0,9,4,28.9,0,369.23,0.015,56.58,593,2,App,14,1400,160,500
2024-12-03,Varanasi,25.3176,82.9739,0,12,1,17.7,0,355.08,-0.179,45.61,903,1,App,51,1400,160,500
2025-02-19,Jaipur,26.9124,75.7873,0,2,2,23.0,0,241.71,-0.4,55.34,867,1,Kiosk,15,1500,180,600
2025-08-25,Agra,27.1767,78.0081,0,8,0,32.9,0,438.23,0.567,59.96,551,2,Web,6,1300,150,550
2025-05-30,Manali,32.2432,77.1892,0,5,4,22.5,0,351.45,0.203,66.04,796,1,App,4,1200,140,450
2024-01-21,Agra,27.1767,78.0081,1,1,6,18.5,0,1156.36,-0.415,61.19,1955,3,Web,1,1300,150,550
2025-02-19,Leh,34.1526,77.5771,0,2,2,3.0,0,140.6,-0.296,103.28,338,1,Web,8,600,90,220
2024-12-18,Varanasi,25.3176,82.9739,0,12,2,17.9,0,549.69,-0.1,48.69,1173,2,Web,5,1400,160,500
2025-04-10,Kerala,10.8505,76.2711,0,4,3,34.1,0,340.17,-0.028,71.13,1051,2,Kiosk,18,1700,220,700
2024-07-30,Kerala,10.8505,76.2711,0,7,1,36.4,0,237.15,0.058,67.46,785,3,App,1,1700,220,700
2024-01-04,Manali,32.2432,77.1892,0,1,3,6.4,0,726.03,-0.395,73.78,1203,2,App,7,1200,140,450
2024-01-20,Agra,27.1767,78.0081,1,1,5,18.5,0,570.73,-0.206,58.99,783,1,Agent,5,1300,150,550
2024-09-16,Leh,34.1526,77.5771,0,9,0,10.2,0,841.98,0.274,96.76,339,1,Kiosk,30,600,90,220
2025-07-12,Andaman,11.7401,92.6586,1,7,5,35.8,1,588.3,0.035,94.98,684,3,App,11,900,120,300
2024-09-05,Andaman,11.7401,92.6586,0,9,3,28.1,0,301.63,0.781,85.0,361,2,Web,12,900,120,300
2024-07-19,Goa,15.2993,74.124,0,7,4,39.9,0,390.67,-0.705,80.52,1333,2,Web,2,2000,250,800
2024-02-02,Varanasi,25.3176,82.9739,0,2,4,22.5,0,107.91,1.0,47.5,799,3,Web,23,1400,160,500
2025-04-15,Agra,27.1767,78.0081,0,4,1,32.9,0,206.62,0.029,57.62,878,2,App,8,1300,150,550
2024-11-29,Agra,27.1767,78.0081,0,11,4,15.7,0,147.99,0.205,67.9,539,2,Agent,5,1300,150,550
2025-06-16,Leh,34.1526,77.5771,0,6,0,18.7,0,315.34,0.949,92.43,583,3,Web,16,600,90,220
2025-06-24,Leh,34.1526,77.5771,0,6,1,20.2,0,341.04,0.115,102.29,419,4,App,9,600,90,220
2024-07-07,Goa,15.2993,74.124,1,7,6,39.6,0,1055.96,0.336,81.69,2188,1,App,6,2000,250,800
2024-05-14,Manali,32.2432,77.1892,0,5,1,25.0,0,767.88,-0.102,69.16,1036,1,Agent,12,1200,140,450
2024-07-05,Manali,32.2432,77.1892,0,7,4,25.0,0,540.07,0.408,76.71,959,1,Web,14,1200,140,450
2024-07-23,Andaman,11.7401,92.6586,0,7,1,36.8,0,102.07,-0.046,91.92,317,2,Web,1,900,120,300
2025-06-17,Andaman,11.7401,92.6586,0,6,1,36.8,0,213.5,-0.022,93.88,389,3,Web,4,900,120,300
2024-04-19,Agra,27.1767,78.0081,0,4,4,30.4,0,102.16,0.143,56.26,762,1,Kiosk,6,1300,150,550
2024-08-20,Goa,15.2993,74.124,0,8,1,36.5,0,322.33,-0.077,73.04,1035,2,App,6,2000,250,800
2025-04-13,Varanasi,25.3176,82.9739,1,4,6,31.4,0,310.36,0.161,57.35,1281,3,Agent,16,1400,160,500
2024-02-23,Kerala,10.8505,76.2711,0,2,4,24.3,0,316.39,-0.369,60.46,1169,2,App,27,1700,220,700
2025-06-11,Manali,32.2432,77.1892,0,6,2,25.2,0,177.01,1.0,73.96,692,2,App,23,1200,140,450
2024-09-14,Jaipur,26.9124,75.7873,1,9,5,28.4,0,501.43,0.117,59.72,895,3,Agent,20,1500,180,600
2025-07-30,Jaipur,26.9124,75.7873,0,7,2,37.8,0,256.84,0.366,54.71,713,2,Agent,13,1500,180,600
2024-11-25,Leh,34.1526,77.5771,0,11,0,2.1,0,1621.16,-0.052,85.87,685,2,Kiosk,7,600,90,220
2024-07-09,Leh,34.1526,77.5771,0,7,1,17.2,0,137.07,0.756,100.81,383,3,Web,10,600,90,220
2024-04-07,Jaipur,26.9124,75.7873,1,4,6,31.8,0,891.1,0.199,66.26,1274,2,Agent,5,1500,180,600
2025-06-26,Goa,15.2993,74.124,0,6,3,38.3,0,364.85,0.585,73.63,1331,2,App,6,2000,250,800
2024-08-16,Varanasi,25.3176,82.9739,0,8,4,32.1,1,614.53,0.743,57.07,627,1,Kiosk,10,1400,160,500
2024-06-21,Leh,34.1526,77.5771,0,6,4,18.7,0,290.14,-0.381,92.48,556,1,Web,6,600,90,220
2025-04-17,Agra,27.1767,78.0081,0,4,3,31.1,0,76.46,1.0,61.86,915,2,App,2,1300,150,550
2024-09-02,Leh,34.1526,77.5771,0,9,0,9.7,0,270.63,-0.321,88.67,211,3,Agent,19,600,90,220
2024-07-24,Jaipur,26.9124,75.7873,0,7,2,36.8,0,519.26,0.777,61.25,799,1,Agent,22,1500,180,600
2024-10-02,Agra,27.1767,78.0081,0,10,2,22.4,0,229.16,-0.488,59.61,784,2,Kiosk,5,1300,150,550
2024-06-10,Agra,27.1767,78.0081,0,6,0,35.5,0,475.36,-0.162,64.83,850,1,Agent,7,1300,150,550
2024-12-26,Leh,34.1526,77.5771,0,12,3,-0.8,0,259.6,-0.616,107.24,255,3,Web,5,600,90,220
2024-02-21,Varanasi,25.3176,82.9739,0,2,2,22.4,0,264.67,-0.053,52.66,1014,2,App,33,1400,160,500
2024-05-14,Varanasi,25.3176,82.9739,0,5,1,37.0,0,1060.12,-0.179,53.78,1408,3,Web,15,1400,160,500
2025-04-12,Goa,15.2993,74.124,1,4,5,33.9,0,131.51,-0.14,80.05,1743,2,Web,6,2000,250,800
2024-07-20,Andaman,11.7401,92.6586,1,7,5,35.8,1,144.06,-0.615,100.06,390,2,Agent,16,900,120,300
2025-01-15,Kerala,10.8505,76.2711,0,1,2,22.2,0,518.12,0.304,68.87,1650,3,App,3,1700,220,700
2025-04-03,Manali,32.2432,77.1892,0,4,3,19.8,0,690.59,0.02,71.4,848,1,Kiosk,6,1200,140,450
2024-08-27,Kerala,10.8505,76.2711,0,8,1,33.1,0,250.2,0.199,70.31,1001,3,Agent,13,1700,220,700
2024-04-15,Kerala,10.8505,76.2711,0,4,0,34.9,0,168.4,0.797,70.81,1192,3,App,26,1700,220,700
2024-08-03,Goa,15.2993,74.124,1,8,5,35.7,0,434.19,0.296,79.8,1223,1,Agent,29,2000,250,800
2024-02-23,Jaipur,26.9124,75.7873,0,2,4,22.7,0,408.07,-0.323,64.79,1040,2,Agent,1,1500,180,600
2024-01-02,Jaipur,26.9124,75.7873,0,1,1,21.7,0,1134.41,-1.0,61.8,1364,2,Agent,14,1500,180,600
2025-04-11,Goa,15.2993,74.124,0,4,4,36.8,0,315.47,0.166,80.14,1423,2,Web,12,2000,250,800
2024-06-18,Agra,27.1767,78.0081,0,6,1,37.0,0,294.89,0.097,59.1,917,2,Web,1,1300,150,550
2024-08-28,Varanasi,25.3176,82.9739,0,8,2,33.3,0,243.85,0.018,54.06,778,2,Web,16,1400,160,500
2024-01-28,Kerala,10.8505,76.2711,1,1,6,20.5,1,341.71,0.607,61.21,1412,2,Agent,4,1700,220,700
2024-07-26,Jaipur,26.9124,75.7873,0,7,4,38.2,0,90.01,0.582,57.87,908,2,Web,1,1500,180,600
2025-07-20,Andaman,11.7401,92.6586,1,7,6,37.1,0,452.8,-0.322,86.38,619,3,Agent,1,900,120,300
2024-04-15,Manali,32.2432,77.1892,0,4,0,18.8,0,78.7,0.179,79.85,627,2,Agent,13,1200,140,450
2024-07-23,Leh,34.1526,77.5771,0,7,1,19.7,0,1340.13,0.177,92.74,697,3,Agent,21,600,90,220
2024-04-04,Goa,15.2993,74.124,0,4,3,32.4,0,227.54,0.072,81.46,1357,3,Kiosk,6,2000,250,800
2025-08-05,Goa,15.2993,74.124,0,8,1,37.3,0,88.44,-0.167,77.63,691,1,Kiosk,14,2000,250,800
2025-09-07,Jaipur,26.9124,75.7873,1,9,6,27.4,0,319.77,0.514,64.22,731,2,App,8,1500,180,600
2024-01-08,Varanasi,25.3176,82.9739,0,1,0,18.4,0,82.03,0.349,57.13,717,1,App,3,1400,160,500
2024-05-12,Andaman,11.7401,92.6586,1,5,6,38.1,0,358.67,-0.459,93.44,730,2,Web,26,900,120,300
2024-12-23,Jaipur,26.9124,75.7873,0,12,0,16.0,0,321.72,0.251,55.83,881,3,Web,15,1500,180,600
2024-04-21,Goa,15.2993,74.124,1,4,6,34.2,0,58.12,0.282,83.38,1536,1,Agent,22,2000,250,800
2024-08-18,Varanasi,25.3176,82.9739,1,8,6,31.7,1,183.68,-0.079,46.3,800,4,Agent,28,1400,160,500
2025-09-27,Kerala,10.8505,76.2711,1,9,5,28.4,0,138.19,-0.296,68.16,1097,3,Web,5,1700,220,700
2024-07-21,Jaipur,26.9124,75.7873,1,7,6,36.3,0,565.1,0.395,66.4,1199,1,Agent,12,1500,180,600
2024-08-15,Andaman,11.7401,92.6586,0,8,3,33.4,0,449.42,-0.007,82.15,448,2,Web,2,900,120,300
2024-04-14,Andaman,11.7401,92.6586,1,4,6,31.6,0,261.58,1.0,103.95,611,1,Agent,24,900,120,300
2024-12-13,Jaipur,26.9124,75.7873,0,12,4,17.4,0,344.69,-0.156,65.96,856,1,App,5,1500,180,600
2024-08-25,Varanasi,25.3176,82.9739,1,8,6,34.0,0,248.66,-0.866,46.74,755,2,Web,15,1400,160,500
2025-01-16,Leh,34.1526,77.5771,0,1,3,0.7,0,43.32,0.532,93.43,280,1,Agent,10,600,90,220
2024-11-25,Varanasi,25.3176,82.9739,0,11,0,17.7,0,443.19,0.013,57.91,1109,3,Kiosk,3,1400,160,500
2024-09-30,Jaipur,26.9124,75.7873,0,9,0,29.2,0,245.43,0.538,67.84,612,2,Web,17,1500,180,600
2025-03-27,Agra,27.1767,78.0081,0,3,3,25.2,0,822.03,0.726,60.44,1245,2,Kiosk,10,1300,150,550
2025-01-09,Varanasi,25.3176,82.9739,0,1,3,18.0,0,223.89,0.232,58.59,945,2,App,9,1400,160,500
2025-06-30,Leh,34.1526,77.5771,0,6,0,19.4,0,305.07,0.071,91.75,517,3,App,24,600,90,220
2024-10-17,Jaipur,26.9124,75.7873,0,10,3,22.0,0,307.03,-0.294,53.73,845,1,Web,31,1500,180,600
2024-11-23,Kerala,10.8505,76.2711,1,11,5,21.9,0,497.33,-0.175,66.13,1739,2,App,17,1700,220,700
2024-10-14,Agra,27.1767,78.0081,0,10,0,20.2,0,774.53,-0.802,57.26,883,1,Agent,20,1300,150,550
2024-01-28,Jaipur,26.9124,75.7873,1,1,6,20.0,0,47.81,0.35,65.62,1022,2,Agent,1,1500,180,600
2024-03-10,Varanasi,25.3176,82.9739,1,3,6,25.8,0,338.14,-0.027,48.45,1266,2,Agent,2,1400,160,500
2025-01-09,Manali,32.2432,77.1892,0,1,3,6.2,0,322.89,0.312,75.89,782,2,App,8,1200,140,450
2024-05-28,Andaman,11.7401,92.6586,0,5,1,34.6,0,329.64,-0.164,93.96,444,2,Agent,4,900,120,300
2025-07-02,Agra,27.1767,78.0081,0,7,2,36.4,0,457.63,-0.152,65.02,960,2,App,16,1300,150,550
2025-08-17,Kerala,10.8505,76.2711,1,8,6,33.3,0,580.51,-0.545,70.92,1283,2,Agent,4,1700,220,700
2025-01-27,Andaman,11.7401,92.6586,0,1,0,21.0,0,93.28,-0.287,87.04,449,3,Agent,13,900,120,300
2025-05-28,Goa,15.2993,74.124,0,5,2,38.7,0,77.05,-0.437,75.41,1279,2,Kiosk,13,2000,250,800
2025-09-11,Manali,32.2432,77.1892,0,9,3,16.2,0,1369.61,0.433,75.34,632,2,Agent,9,1200,140,450
2024-02-21,Kerala,10.8505,76.2711,0,2,2,23.1,0,90.87,-0.353,64.71,1055,3,Kiosk,6,1700,220,700
2025-01-25,Manali,32.2432,77.1892,1,1,5,7.2,0,736.97,-0.285,80.9,1185,4,App,22,1200,140,450
2025-09-25,Kerala,10.8505,76.2711,0,9,3,29.6,0,473.8,-1.0,66.83,831,2,App,5,1700,220,700
2024-09-30,Manali,32.2432,77.1892,0,9,0,15.5,1,293.6,0.352,77.93,539,2,Agent,12,1200,140,450
2024-01-09,Jaipur,26.9124,75.7873,0,1,1,19.5,0,815.33,0.614,68.69,1355,1,Web,8,1500,180,600
2025-03-27,Leh,34.1526,77.5771,0,3,3,10.4,0,708.95,-0.404,102.98,529,3,App,30,600,90,220
2024-11-20,Manali,32.2432,77.1892,0,11,2,6.1,0,236.28,0.447,76.03,654,1,Agent,4,1200,140,450
2024-08-20,Leh,34.1526,77.5771,0,8,1,15.8,1,117.35,0.602,96.73,289,2,Agent,6,600,90,220
2024-10-13,Manali,32.2432,77.1892,1,10,6,9.7,0,435.47,-0.234,77.23,617,3,Agent,30,1200,140,450
2024-08-30,Agra,27.1767,78.0081,0,8,4,30.8,0,846.25,-0.522,56.7,874,2,Agent,9,1300,150,550
2024-07-05,Jaipur,26.9124,75.7873,0,7,4,36.0,0,181.43,-0.131,59.59,728,2,Agent,3,1500,180,600
2024-10-23,Kerala,10.8505,76.2711,0,10,2,22.9,0,577.0,0.381,73.59,928,3,App,4,1700,220,700
2024-02-22,Kerala,10.8505,76.2711,0,2,3,23.7,0,609.0,0.027,64.36,1110,2,Kiosk,8,1700,220,700
2024-04-14,Goa,15.2993,74.124,1,4,6,34.1,0,816.98,-0.086,89.13,2505,3,Agent,17,2000,250,800
2024-05-03,Andaman,11.7401,92.6586,0,5,4,35.8,0,623.42,0.922,97.25,515,2,Agent,23,900,120,300
2025-06-23,Agra,27.1767,78.0081,0,6,0,36.6,0,154.24,0.532,67.19,746,2,App,17,1300,150,550
2024-07-05,Leh,34.1526,77.5771,0,7,4,19.3,0,127.38,0.151,97.67,380,2,Web,15,600,90,220
2024-09-28,Jaipur,26.9124,75.7873,1,9,5,28.0,0,152.99,0.295,64.26,672,2,Kiosk,5,1500,180,600
2025-09-04,Varanasi,25.3176,82.9739,0,9,3,27.0,0,513.93,-0.435,54.11,627,2,Agent,14,1400,160,500
2025-05-14,Leh,34.1526,77.5771,0,5,2,18.5,0,117.91,-0.256,108.55,386,2,Web,17,600,90,220
2024-06-04,Agra,27.1767,78.0081,0,6,1,37.5,0,463.94,0.778,63.07,958,2,Kiosk,4,1300,150,550
2024-08-13,Manali,32.2432,77.1892,0,8,1,18.7,0,220.99,-0.582,69.45,680,4,App,13,1200,140,450
2025-04-19,Manali,32.2432,77.1892,1,4,5,18.1,0,517.41,0.109,71.36,913,2,Agent,18,1200,140,450
2025-02-06,Goa,15.2993,74.124,0,2,3,25.0,0,560.07,-0.598,83.8,1375,3,App,3,2000,250,800
2025-07-04,Manali,32.2432,77.1892,0,7,4,24.2,1,155.03,0.712,79.9,558,1,Agent,17,1200,140,450
2024-07-15,Kerala,10.8505,76.2711,0,7,0,38.0,0,183.49,-0.497,76.7,1034,2,Agent,9,1700,220,700
2024-06-01,Kerala,10.8505,76.2711,1,6,5,38.3,0,259.27,0.1,67.02,1030,2,Kiosk,7,1700,220,700
2025-02-01,Goa,15.2993,74.124,1,2,5,27.6,0,257.66,-0.097,83.07,1373,2,Kiosk,5,2000,250,800
2025-08-17,Agra,27.1767,78.0081,1,8,6,33.1,0,247.28,0.363,59.04,821,2,Agent,13,1300,150,550
2024-10-16,Manali,32.2432,77.1892,0,10,2,11.6,0,426.28,0.259,72.14,521,1,Kiosk,8,1200,140,450
2025-06-09,Kerala,10.8505,76.2711,0,6,0,38.8,0,482.57,-0.086,69.89,514,1,App,8,1700,220,700
2024-03-18,Goa,15.2993,74.124,0,3,0,27.7,0,725.51,0.649,85.68,2641,2,Kiosk,16,2000,250,800
2025-02-02,Leh,34.1526,77.5771,1,2,6,5.2,0,229.38,1.0,94.27,397,1,Kiosk,24,600,90,220
2024-04-23,Goa,15.2993,74.124,0,4,1,34.8,0,124.06,-0.709,80.28,952,1,Web,5,2000,250,800
2024-06-19,Andaman,11.7401,92.6586,0,6,2,36.8,0,1908.0,-0.4,98.22,1031,2,Agent,5,900,120,300
2024-10-04,Agra,27.1767,78.0081,0,10,4,21.2,0,1397.62,0.977,56.7,1454,3,Kiosk,23,1300,150,550
2024-03-06,Goa,15.2993,74.124,0,3,2,29.3,0,419.43,-0.342,77.61,1611,3,Web,15,2000,250,800
2024-01-28,Jaipur,26.9124,75.7873,1,1,6,19.7,0,711.56,-0.317,60.21,1645,2,App,7,1500,180,600
2025-08-13,Kerala,10.8505,76.2711,0,8,2,33.2,0,232.44,0.128,61.54,763,2,App,15,1700,220,700
2024-01-19,Kerala,10.8505,76.2711,0,1,4,19.1,0,280.02,0.02,66.21,1129,2,App,1,1700,220,700
2025-01-08,Leh,34.1526,77.5771,0,1,2,2.9,0,730.43,-0.089,101.09,432,2,Web,2,600,90,220
2024-07-16,Varanasi,25.3176,82.9739,0,7,1,35.3,1,135.73,0.956,48.18,587,2,Agent,13,1400,160,500
2025-03-27,Agra,27.1767,78.0081,0,3,3,26.4,0,572.71,-0.106,57.34,945,2,App,4,1300,150,550
2025-08-04,Andaman,11.7401,92.6586,0,8,0,34.5,1,349.27,-0.364,83.13,399,1,Agent,10,900,120,300
2025-10-01,Andaman,11.7401,92.6586,0,10,2,26.4,0,114.03,0.064,89.14,341,3,Web,5,900,120,300
2024-11-14,Varanasi,25.3176,82.9739,0,11,3,19.2,0,316.41,0.198,48.38,800,3,Kiosk,3,1400,160,500
2024-12-24,Varanasi,25.3176,82.9739,0,12,1,16.4,0,235.18,-0.163,52.7,711,2,Kiosk,8,1400,160,500
2024-02-16,Agra,27.1767,78.0081,0,2,4,22.8,0,93.56,-0.037,60.19,719,2,App,39,1300,150,550
2024-06-30,Manali,32.2432,77.1892,1,6,6,24.5,1,185.24,0.089,74.02,869,2,Kiosk,7,1200,140,450
2024-02-16,Jaipur,26.9124,75.7873,0,2,4,22.4,0,800.38,-0.208,62.78,1274,3,Kiosk,10,1500,180,600
2024-12-08,Goa,15.2993,74.124,1,12,6,20.0,0,819.11,-0.124,75.79,2367,2,Web,1,2000,250,800
2024-03-14,Agra,27.1767,78.0081,0,3,3,27.3,0,234.92,0.603,58.07,963,2,Kiosk,17,1300,150,550
2025-06-04,Manali,32.2432,77.1892,0,6,2,25.4,0,64.89,0.769,72.86,702,2,Web,36,1200,140,450
2024-08-18,Goa,15.2993,74.124,1,8,6,34.6,0,344.5,-0.17,78.86,1406,2,Kiosk,17,2000,250,800
2024-09-03,Kerala,10.8505,76.2711,0,9,1,30.2,0,15.08,-0.121,72.75,655,2,Agent,25,1700,220,700
2024-10-22,Goa,15.2993,74.124,0,10,1,23.3,1,42.19,0.511,65.96,905,3,Kiosk,17,2000,250,800
2025-01-15,Agra,27.1767,78.0081,0,1,2,17.3,0,149.11,0.917,60.56,767,1,Kiosk,16,1300,150,550
2024-12-26,Jaipur,26.9124,75.7873,0,12,3,16.5,0,387.91,1.0,60.44,844,2,Kiosk,25,1500,180,600
2024-03-14,Varanasi,25.3176,82.9739,0,3,3,28.1,0,185.6,0.216,51.81,993,2,App,9,1400,160,500
2024-07-09,Leh,34.1526,77.5771,0,7,1,19.8,0,651.97,0.307,96.69,400,2,Kiosk,2,600,90,220
2024-11-16,Andaman,11.7401,92.6586,1,11,5,19.4,0,582.66,-0.688,86.04,380,2,Agent,5,900,120,300
2024-04-09,Agra,27.1767,78.0081,0,4,1,31.6,0,543.19,0.563,60.89,1008,3,App,14,1300,150,550
2025-03-19,Leh,34.1526,77.5771,0,3,2,10.5,0,179.32,-0.083,97.68,330,2,Web,3,600,90,220
2024-11-22,Goa,15.2993,74.124,0,11,4,21.5,0,393.84,0.769,78.9,1271,2,Kiosk,11,2000,250,800
2025-07-16,Varanasi,25.3176,82.9739,0,7,2,35.6,0,419.79,-0.481,50.85,701,2,Agent,15,1400,160,500
2025-04-24,Agra,27.1767,78.0081,0,4,3,30.4,0,514.58,0.42,60.07,1151,2,App,25,1300,150,550
2024-09-03,Goa,15.2993,74.124,0,9,1,28.6,1,179.29,-0.605,77.1,530,2,App,8,2000,250,800
2024-08-22,Agra,27.1767,78.0081,0,8,3,30.2,0,47.53,-0.003,58.66,608,2,App,21,1300,150,550
2024-02-06,Jaipur,26.9124,75.7873,0,2,1,22.4,1,159.16,-0.159,55.63,926,2,Web,1,1500,180,600
2025-03-02,Andaman,11.7401,92.6586,1,3,6,27.8,0,415.9,0.158,94.23,652,1,Web,1,900,120,300
2025-02-13,Manali,32.2432,77.1892,0,2,3,9.7,0,889.51,-0.028,69.75,1166,3,App,4,1200,140,450
2024-12-09,Varanasi,25.3176,82.9739,0,12,0,15.2,0,35.31,0.2,52.44,781,3,Kiosk,7,1400,160,500
2025-08-02,Agra,27.1767,78.0081,1,8,5,32.3,0,574.13,0.473,66.85,997,1,Web,13,1300,150,550
2025-02-12,Andaman,11.7401,92.6586,0,2,2,22.9,0,212.26,0.286,95.51,429,2,Kiosk,13,900,120,300
2024-04-08,Varanasi,25.3176,82.9739,0,4,0,30.6,0,494.18,0.461,62.97,1070,2,Web,20,1400,160,500
2024-08-22,Jaipur,26.9124,75.7873,0,8,3,32.5,0,484.71,0.14,64.95,816,3,Agent,13,1500,180,600
2024-08-19,Andaman,11.7401,92.6586,0,8,0,33.6,1,260.73,-0.906,81.04,381,1,Kiosk,40,900,120,300
2024-03-26,Kerala,10.8505,76.2711,0,3,1,27.5,0,159.77,-0.382,75.03,919,3,Agent,4,1700,220,700
2024-09-06,Jaipur,26.9124,75.7873,0,9,4,26.5,0,94.85,0.256,63.27,564,3,App,5,1500,180,600
2025-06-27,Varanasi,25.3176,82.9739,0,6,4,37.4,0,131.26,-0.108,53.94,883,2,App,23,1400,160,500
2025-05-17,Jaipur,26.9124,75.7873,1,5,5,36.1,0,111.85,-0.475,60.37,1019,2,Agent,4,1500,180,600
2024-01-03,Varanasi,25.3176,82.9739,0,1,2,18.1,0,381.55,0.641,50.98,1088,3,Web,7,1400,160,500
2024-05-01,Andaman,11.7401,92.6586,0,5,2,38.4,0,408.18,1.0,95.02,696,2,Web,2,900,120,300
2025-03-11,Manali,32.2432,77.1892,0,3,1,13.3,1,216.18,0.204,82.42,747,3,Agent,34,1200,140,450
2025-09-07,Kerala,10.8505,76.2711,1,9,6,30.2,1,215.39,0.851,65.9,680,2,Web,4,1700,220,700
2024-11-09,Jaipur,26.9124,75.7873,1,11,5,17.2,0,283.88,0.003,62.09,849,2,Web,26,1500,180,600
2024-04-30,Goa,15.2993,74.124,0,4,1,33.4,1,141.2,0.111,82.8,853,3,Agent,6,2000,250,800
2025-07-30,Jaipur,26.9124,75.7873,0,7,2,37.3,0,256.26,-0.37,54.06,905,3,Kiosk,7,1500,180,600
2025-01-18,Kerala,10.8505,76.2711,1,1,5,19.7,0,121.07,1.0,61.01,924,2,Web,5,1700,220,700
2025-09-19,Goa,15.2993,74.124,0,9,4,29.3,0,244.48,-0.633,82.67,821,2,Web,9,2000,250,800
2024-11-01,Jaipur,26.9124,75.7873,0,11,4,18.5,0,207.88,-0.087,54.73,850,1,Web,15,1500,180,600
2024-08-30,Andaman,11.7401,92.6586,0,8,4,32.6,1,627.68,0.002,90.89,363,3,Agent,18,900,120,300
2025-08-15,Goa,15.2993,74.124,0,8,4,34.9,0,438.27,-0.412,74.43,1069,3,Kiosk,1,2000,250,800
2024-04-03,Leh,34.1526,77.5771,0,4,2,15.1,0,338.47,-0.071,95.65,450,2,Web,14,600,90,220
2025-08-15,Goa,15.2993,74.124,0,8,4,34.6,0,961.29,-0.141,82.43,1063,2,Agent,18,2000,250,800
2024-03-03,Kerala,10.8505,76.2711,1,3,6,30.6,0,636.53,-0.008,64.6,1926,2,Agent,8,1700,220,700
2024-10-12,Goa,15.2993,74.124,1,10,5,24.8,0,544.3,-0.105,74.2,1905,2,Web,13,2000,250,800
2024-02-11,Andaman,11.7401,92.6586,1,2,6,22.2,0,350.91,0.091,90.48,509,2,App,4,900,120,300
2025-04-22,Jaipur,26.9124,75.7873,0,4,1,31.2,0,998.44,0.058,61.43,1428,2,Kiosk,6,1500,180,600
2025-09-26,Agra,27.1767,78.0081,0,9,4,28.2,0,342.22,0.09,54.09,465,1,Agent,12,1300,150,550
2024-04-12,Leh,34.1526,77.5771,0,4,4,14.2,0,403.78,-0.048,96.78,411,2,Agent,17,600,90,220
2024-01-25,Agra,27.1767,78.0081,0,1,3,19.4,0,284.36,-0.135,57.09,810,1,Agent,3,1300,150,550
2024-03-13,Varanasi,25.3176,82.9739,0,3,2,26.5,0,39.47,-0.906,51.65,816,2,Web,9,1400,160,500
2024-06-15,Leh,34.1526,77.5771,1,6,5,19.4,0,274.76,0.676,91.86,605,2,Web,1,600,90,220
2024-08-14,Varanasi,25.3176,82.9739,0,8,2,33.6,1,319.09,0.665,48.53,557,2,Kiosk,16,1400,160,500
2025-03-17,Kerala,10.8505,76.2711,0,3,0,28.3,0,169.41,0.025,73.07,1199,2,App,14,1700,220,700
2024-09-12,Varanasi,25.3176,82.9739,0,9,3,27.2,0,368.42,-0.592,50.85,411,2,App,20,1400,160,500
2025-07-06,Agra,27.1767,78.0081,1,7,6,34.6,1,332.35,0.028,64.22,876,3,Agent,1,1300,150,550
2024-01-03,Kerala,10.8505,76.2711,0,1,2,19.3,0,206.62,0.284,72.26,1186,3,App,22,1700,220,700
2024-03-02,Agra,27.1767,78.0081,1,3,5,27.3,0,220.01,0.912,59.17,1231,2,Agent,13,1300,150,550
2024-11-04,Jaipur,26.9124,75.7873,0,11,0,17.9,0,1070.14,-0.344,57.74,1246,2,App,14,1500,180,600
2025-03-14,Andaman,11.7401,92.6586,0,3,4,27.6,0,100.48,-0.369,97.86,407,2,App,25,900,120,300
2025-03-30,Andaman,11.7401,92.6586,1,3,6,29.3,0,285.93,0.405,96.68,679,3,App,9,900,120,300
2025-01-25,Jaipur,26.9124,75.7873,1,1,5,19.3,0,903.62,-0.251,65.84,1535,1,Web,14,1500,180,600
2024-05-24,Kerala,10.8505,76.2711,0,5,4,34.9,0,623.77,-0.217,63.37,1306,2,App,6,1700,220,700
2025-04-08,Agra,27.1767,78.0081,0,4,1,33.2,0,554.43,0.461,67.3,1360,1,App,13,1300,150,550
2024-09-03,Jaipur,26.9124,75.7873,0,9,1,30.6,0,1040.57,0.501,58.8,831,1,App,2,1500,180,600
2025-04-11,Manali,32.2432,77.1892,0,4,4,21.2,0,880.26,1.0,78.04,882,4,Kiosk,6,1200,140,450
2024-03-28,Kerala,10.8505,76.2711,0,3,3,30.3,0,221.6,-0.115,71.11,1259,2,Agent,6,1700,220,700
2025-03-12,Leh,34.1526,77.5771,0,3,2,10.3,0,570.81,0.531,95.72,498,3,App,7,600,90,220
2025-07-30,Manali,32.2432,77.1892,0,7,2,22.2,0,313.48,0.627,67.73,886,2,App,3,1200,140,450
2024-03-21,Jaipur,26.9124,75.7873,0,3,3,27.6,0,151.93,0.001,71.06,739,2,Kiosk,2,1500,180,600
2024-01-06,Varanasi,25.3176,82.9739,1,1,5,19.4,0,587.83,0.296,52.37,1383,2,App,8,1400,160,500
2024-03-19,Agra,27.1767,78.0081,0,3,1,27.3,0,565.66,-0.572,52.9,938,2,Kiosk,12,1300,150,550
2024-09-29,Goa,15.2993,74.124,1,9,6,33.0,0,139.39,0.3,77.67,814,1,Kiosk,15,2000,250,800
2024-10-29,Andaman,11.7401,92.6586,0,10,1,23.4,0,31.3,0.465,86.01,442,2,Kiosk,4,900,120,300
2024-10-10,Kerala,10.8505,76.2711,0,10,3,23.7,0,384.51,0.226,64.63,695,3,Web,38,1700,220,700
2024-02-16,Leh,34.1526,77.5771,0,2,4,5.3,0,452.36,0.348,105.2,306,3,Kiosk,13,600,90,220
2024-04-07,Manali,32.2432,77.1892,1,4,6,19.1,0,175.26,0.099,76.44,873,2,Web,26,1200,140,450
2025-07-13,Varanasi,25.3176,82.9739,1,7,6,36.6,0,101.98,0.494,61.23,838,3,Kiosk,3,1400,160,500
2024-01-15,Agra,27.1767,78.0081,0,1,0,17.7,0,234.96,-0.404,61.22,760,2,Kiosk,13,1300,150,550
2025-04-01,Manali,32.2432,77.1892,0,4,1,20.3,0,380.24,0.929,70.39,595,1,App,15,1200,140,450
2024-01-19,Kerala,10.8505,76.2711,0,1,4,21.5,0,824.35,0.521,69.78,1545,3,App,12,1700,220,700
2025-05-25,Kerala,10.8505,76.2711,1,5,6,38.4,1,335.9,-0.618,69.3,1315,3,Web,4,1700,220,700
2024-06-24,Leh,34.1526,77.5771,0,6,0,22.1,0,239.02,0.047,96.98,412,1,Web,17,600,90,220
2024-03-21,Manali,32.2432,77.1892,0,3,3,16.6,0,601.14,-0.331,68.13,1153,2,App,4,1200,140,450
2024-08-29,Leh,34.1526,77.5771,0,8,3,13.7,0,214.12,-0.187,89.66,315,2,App,7,600,90,220
2024-02-17,Manali,32.2432,77.1892,1,2,5,10.7,0,557.47,1.0,79.07,1037,3,Web,6,1200,140,450
2024-01-25,Jaipur,26.9124,75.7873,0,1,3,18.8,0,146.27,-0.188,59.9,1044,2,App,9,1500,180,600
2024-02-07,Agra,27.1767,78.0081,0,2,2,24.0,1,479.79,-0.075,59.07,754,2,Agent,9,1300,150,550
2025-03-21,Leh,34.1526,77.5771,0,3,4,10.2,0,941.46,-0.204,100.69,506,3,Agent,13,600,90,220
2024-08-09,Varanasi,25.3176,82.9739,0,8,4,30.5,0,331.09,0.553,53.33,705,3,Web,5,1400,160,500
2025-01-30,Goa,15.2993,74.124,0,1,3,22.3,0,208.46,0.078,75.74,1224,2,App,13,2000,250,800
2024-10-19,Varanasi,25.3176,82.9739,1,10,5,23.4,0,490.59,-0.012,49.84,878,2,Kiosk,7,1400,160,500
2024-11-21,Manali,32.2432,77.1892,0,11,3,6.6,0,314.02,-0.397,65.13,519,2,Agent,12,1200,140,450
2024-01-02,Goa,15.2993,74.124,0,1,1,21.3,0,182.92,0.745,77.0,1330,3,Web,9,2000,250,800
2025-03-22,Goa,15.2993,74.124,1,3,5,29.4,1,636.62,-0.539,87.37,1329,2,Web,14,2000,250,800
2025-02-04,Leh,34.1526,77.5771,0,2,1,5.4,0,152.92,-0.211,108.02,428,2,Kiosk,8,600,90,220
2025-04-15,Jaipur,26.9124,75.7873,0,4,1,31.7,0,175.81,0.43,61.24,1020,2,App,25,1500,180,600
2024-04-21,Leh,34.1526,77.5771,1,4,6,14.0,0,696.68,0.522,97.85,550,2,Web,28,600,90,220
2025-08-12,Andaman,11.7401,92.6586,0,8,1,33.3,0,129.11,-0.527,95.62,329,1,Agent,5,900,120,300
2025-04-13,Kerala,10.8505,76.2711,1,4,6,34.1,1,494.58,0.54,62.0,1353,2,Web,24,1700,220,700
2024-04-22,Manali,32.2432,77.1892,0,4,0,20.7,0,151.19,0.216,73.98,576,2,Kiosk,13,1200,140,450
2024-08-19,Agra,27.1767,78.0081,0,8,0,30.0,0,55.83,0.002,58.95,628,1,Kiosk,6,1300,150,550
2024-08-01,Leh,34.1526,77.5771,0,8,3,13.9,1,462.23,0.515,100.36,338,2,Agent,9,600,90,220
2024-05-11,Goa,15.2993,74.124,1,5,5,39.4,0,300.52,0.07,80.18,1657,2,Web,9,2000,250,800
2024-11-28,Agra,27.1767,78.0081,0,11,3,17.7,0,717.11,0.179,54.53,885,1,Agent,35,1300,150,550
2024-05-25,Kerala,10.8505,76.2711,1,5,5,38.2,0,344.57,-0.328,72.59,1276,1,Kiosk,35,1700,220,700
2024-07-20,Kerala,10.8505,76.2711,1,7,5,37.0,0,374.63,0.501,69.92,1176,4,App,6,1700,220,700
2025-08-03,Andaman,11.7401,92.6586,1,8,6,34.7,0,261.56,0.472,100.24,464,2,App,20,900,120,300
2024-11-25,Agra,27.1767,78.0081,0,11,0,16.6,0,587.03,-0.682,51.09,974,2,Kiosk,9,1300,150,550
2025-03-20,Jaipur,26.9124,75.7873,0,3,3,28.7,1,701.54,-0.26,57.24,1175,2,Web,13,1500,180,600
2025-08-29,Jaipur,26.9124,75.7873,0,8,4,32.5,0,605.5,-0.049,58.68,1036,2,Kiosk,12,1500,180,600
2025-04-12,Leh,34.1526,77.5771,1,4,5,15.6,0,388.98,0.357,91.33,448,2,Kiosk,15,600,90,220
2024-10-10,Goa,15.2993,74.124,0,10,3,25.4,0,138.96,0.607,76.61,842,1,Web,3,2000,250,800
2024-01-05,Manali,32.2432,77.1892,0,1,4,5.0,0,244.0,0.359,73.42,938,1,App,3,1200,140,450
2024-09-15,Agra,27.1767,78.0081,1,9,6,26.9,0,347.48,0.603,54.12,700,1,Kiosk,22,1300,150,550
2024-07-19,Goa,15.2993,74.124,0,7,4,39.9,0,63.1,-0.324,75.29,827,2,App,12,2000,250,800
2024-10-31,Kerala,10.8505,76.2711,0,10,3,22.9,1,115.2,0.708,69.9,809,2,Kiosk,3,1700,220,700
2024-11-29,Agra,27.1767,78.0081,0,11,4,16.5,0,741.16,0.465,47.66,1168,2,App,9,1300,150,550
2024-03-15,Kerala,10.8505,76.2711,0,3,4,28.6,0,82.87,-0.525,80.98,978,2,Kiosk,4,1700,220,700
2024-02-13,Agra,27.1767,78.0081,0,2,1,22.7,1,1100.35,0.718,55.81,926,2,Kiosk,6,1300,150,550
2024-01-17,Kerala,10.8505,76.2711,0,1,2,19.4,0,20.13,0.009,68.78,1028,2,App,17,1700,220,700
2024-01-27,Goa,15.2993,74.124,1,1,5,20.8,0,275.23,0.374,76.19,1668,2,Kiosk,10,2000,250,800
2025-08-09,Manali,32.2432,77.1892,1,8,5,21.2,0,32.68,-0.041,73.62,651,3,Agent,2,1200,140,450
2024-05-29,Agra,27.1767,78.0081,0,5,2,36.6,0,753.3,0.158,52.62,1223,1,Agent,4,1300,150,550
2024-12-17,Leh,34.1526,77.5771,0,12,1,-0.1,0,45.88,0.032,91.56,268,2,App,14,600,90,220
2024-07-14,Leh,34.1526,77.5771,1,7,6,19.8,0,272.5,0.198,97.67,427,2,Web,4,600,90,220
2024-12-21,Goa,15.2993,74.124,1,12,5,19.1,0,701.0,0.197,79.02,1178,1,Agent,1,2000,250,800
2024-01-06,Leh,34.1526,77.5771,1,1,5,0.9,0,492.95,1.0,104.91,430,2,App,2,600,90,220
2025-03-17,Goa,15.2993,74.124,0,3,0,29.7,0,649.38,-1.0,77.8,1370,3,Web,13,2000,250,800
2024-07-20,Agra,27.1767,78.0081,1,7,5,33.2,0,14.3,-0.52,56.57,487,2,Agent,25,1300,150,550
2024-05-28,Jaipur,26.9124,75.7873,0,5,1,37.2,0,98.41,-0.004,68.7,786,3,App,30,1500,180,600
2025-02-18,Agra,27.1767,78.0081,0,2,1,23.7,0,937.11,-0.217,61.06,1197,3,Web,3,1300,150,550
2024-06-27,Varanasi,25.3176,82.9739,0,6,3,38.0,1,44.96,-0.062,59.66,650,3,Web,7,1400,160,500
2024-09-30,Leh,34.1526,77.5771,0,9,0,10.7,1,498.58,-0.455,95.58,244,3,App,1,600,90,220
2024-03-23,Goa,15.2993,74.124,1,3,5,29.6,0,801.62,-0.741,85.17,1914,2,Kiosk,27,2000,250,800
2024-01-05,Leh,34.1526,77.5771,0,1,4,0.8,0,130.37,0.578,98.73,241,2,App,13,600,90,220
2024-04-30,Varanasi,25.3176,82.9739,0,4,1,31.5,0,223.39,0.271,59.16,728,3,App,12,1400,160,500
2024-01-01,Leh,34.1526,77.5771,0,1,0,2.0,0,264.8,-0.235,98.07,308,2,Web,11,600,90,220
2025-02-04,Agra,27.1767,78.0081,0,2,1,23.6,0,165.06,1.0,51.05,865,2,Kiosk,17,1300,150,550
2025-03-17,Andaman,11.7401,92.6586,0,3,0,28.3,0,503.28,-0.483,86.63,567,3,Agent,8,900,120,300
2024-02-23,Leh,34.1526,77.5771,0,2,4,6.3,0,292.33,0.396,96.45,278,2,Agent,20,600,90,220
2024-08-20,Kerala,10.8505,76.2711,0,8,1,34.0,0,63.01,0.6,69.4,967,2,App,5,1700,220,700
2025-05-15,Jaipur,26.9124,75.7873,0,5,3,36.2,0,460.05,0.13,66.61,1023,3,App,6,1500,180,600
2024-12-20,Andaman,11.7401,92.6586,0,12,4,17.8,0,675.78,0.001,78.89,442,2,App,2,900,120,300
2025-05-29,Andaman,11.7401,92.6586,0,5,3,37.6,0,406.17,-0.06,96.49,600,2,Web,34,900,120,300
2024-09-19,Agra,27.1767,78.0081,0,9,3,28.3,1,750.68,0.012,62.09,706,1,Kiosk,13,1300,150,550
2024-03-23,Manali,32.2432,77.1892,1,3,5,14.6,0,146.64,-0.221,73.13,656,3,Kiosk,2,1200,140,450
2024-03-28,Leh,34.1526,77.5771,0,3,3,9.9,0,390.3,0.866,104.34,307,2,Web,3,600,90,220
2025-03-30,Jaipur,26.9124,75.7873,1,3,6,26.3,0,268.19,0.598,60.43,1399,2,Agent,36,1500,180,600
2024-07-31,Leh,34.1526,77.5771,0,7,2,20.6,0,180.09,0.181,94.45,400,3,Kiosk,19,600,90,220
2025-06-01,Varanasi,25.3176,82.9739,1,6,6,37.1,0,341.11,0.17,55.9,910,2,Web,7,1400,160,500
2024-11-11,Jaipur,26.9124,75.7873,0,11,0,20.0,0,562.52,-1.0,59.81,881,2,Agent,1,1500,180,600
2025-02-05,Leh,34.1526,77.5771,0,2,2,5.1,0,1074.69,-0.331,98.34,546,1,Agent,21,600,90,220
2024-07-08,Kerala,10.8505,76.2711,0,7,0,38.3,0,151.75,-0.031,66.31,804,1,App,34,1700,220,700
2024-06-30,Kerala,10.8505,76.2711,1,6,6,39.2,0,56.98,0.906,72.96,1384,3,Agent,10,1700,220,700
2025-04-27,Goa,15.2993,74.124,1,4,6,35.4,0,414.16,0.316,86.61,1607,3,Web,17,2000,250,800
2025-08-05,Jaipur,26.9124,75.7873,0,8,1,31.8,0,345.56,-0.036,65.61,638,1,App,15,1500,180,600
2024-04-24,Manali,32.2432,77.1892,0,4,2,21.4,0,671.18,-0.184,79.89,863,3,Kiosk,5,1200,140,450
2025-09-05,Jaipur,26.9124,75.7873,0,9,4,27.6,1,204.95,-0.29,60.29,522,1,App,11,1500,180,600
2024-08-30,Varanasi,25.3176,82.9739,0,8,4,31.5,0,1048.64,0.085,54.82,917,3,App,13,1400,160,500
2025-06-21,Manali,32.2432,77.1892,1,6,5,24.3,0,541.5,-0.126,85.17,1179,1,Web,13,1200,140,450
2024-12-15,Manali,32.2432,77.1892,1,12,6,5.9,0,242.44,0.032,73.26,641,3,Kiosk,14,1200,140,450
2024-08-30,Jaipur,26.9124,75.7873,0,8,4,34.3,0,160.5,0.143,65.94,687,2,Web,4,1500,180,600
2024-09-20,Varanasi,25.3176,82.9739,0,9,4,27.2,0,565.03,-0.089,52.81,729,2,Web,34,1400,160,500
2024-03-17,Goa,15.2993,74.124,1,3,6,29.7,0,414.93,0.61,77.34,1285,2,Kiosk,23,2000,250,800
2024-03-18,Manali,32.2432,77.1892,0,3,0,14.0,0,329.62,-0.936,83.5,706,3,Agent,2,1200,140,450
2025-05-01,Manali,32.2432,77.1892,0,5,3,22.7,1,1109.0,0.487,74.13,899,3,Agent,10,1200,140,450
2024-01-04,Leh,34.1526,77.5771,0,1,3,1.5,0,923.8,-0.71,96.65,452,3,Kiosk,4,600,90,220
2024-02-15,Leh,34.1526,77.5771,0,2,3,5.6,0,379.84,-0.244,96.96,288,2,Web,4,600,90,220
2024-09-21,Kerala,10.8505,76.2711,1,9,5,29.3,0,259.47,0.073,63.48,880,1,App,22,1700,220,700
2024-01-15,Leh,34.1526,77.5771,0,1,0,2.4,1,182.72,0.337,100.53,388,3,Web,8,600,90,220
2024-02-01,Jaipur,26.9124,75.7873,0,2,3,22.1,0,140.54,-0.322,61.81,822,2,Agent,17,1500,180,600
2024-05-26,Leh,34.1526,77.5771,1,5,6,17.4,0,238.11,0.204,102.1,524,3,Agent,4,600,90,220
2025-06-28,Andaman,11.7401,92.6586,1,6,5,39.3,0,262.54,-0.362,87.7,555,2,Kiosk,12,900,120,300
2025-02-20,Manali,32.2432,77.1892,0,2,3,8.3,0,255.38,-0.515,80.51,701,2,Kiosk,19,1200,140,450
2024-09-20,Agra,27.1767,78.0081,0,9,4,26.6,1,150.21,-0.512,57.5,468,2,Agent,13,1300,150,550
2024-10-04,Jaipur,26.9124,75.7873,0,10,4,22.6,0,802.83,0.079,61.53,1080,1,Agent,9,1500,180,600
2025-04-30,Agra,27.1767,78.0081,0,4,2,29.9,0,222.16,-0.139,58.35,972,2,Agent,7,1300,150,550
2025-09-06,Agra,27.1767,78.0081,1,9,5,27.9,0,476.06,0.256,64.52,855,1,Web,12,1300,150,550
2024-12-21,Manali,32.2432,77.1892,1,12,5,6.2,0,416.84,0.609,78.12,789,2,Web,3,1200,140,450
2024-09-12,Goa,15.2993,74.124,0,9,3,29.8,0,112.12,-0.358,75.24,663,1,Kiosk,34,2000,250,800
2024-10-07,Varanasi,25.3176,82.9739,0,10,0,22.1,0,274.19,0.003,44.04,895,2,Web,26,1400,160,500
2025-07-08,Kerala,10.8505,76.2711,0,7,1,36.6,0,362.74,0.137,66.68,722,3,Agent,8,1700,220,700
2025-08-04,Varanasi,25.3176,82.9739,0,8,0,33.9,1,475.98,-0.508,49.73,749,1,Agent,15,1400,160,500
2024-01-04,Varanasi,25.3176,82.9739,0,1,3,17.5,0,335.42,0.474,45.22,840,1,Web,12,1400,160,500
2024-10-23,Andaman,11.7401,92.6586,0,10,2,23.2,0,286.64,-0.989,95.21,403,3,App,1,900,120,300
2025-06-28,Varanasi,25.3176,82.9739,1,6,5,36.9,0,288.49,0.372,60.0,1075,2,Web,4,1400,160,500
2025-06-12,Manali,32.2432,77.1892,0,6,3,25.9,0,1019.61,1.0,69.96,1295,1,App,8,1200,140,450
2024-02-29,Andaman,11.7401,92.6586,0,2,3,23.4,0,204.24,-0.363,98.25,427,2,Kiosk,8,900,120,300
2024-09-23,Kerala,10.8505,76.2711,0,9,0,29.2,1,371.03,0.55,59.04,588,1,Agent,7,1700,220,700
2024-07-31,Jaipur,26.9124,75.7873,0,7,2,36.5,0,101.09,0.186,64.28,757,1,Agent,10,1500,180,600
2024-03-14,Agra,27.1767,78.0081,0,3,3,26.4,0,281.92,0.401,54.69,963,2,Agent,11,1300,150,550
2024-11-09,Goa,15.2993,74.124,1,11,5,22.4,0,1092.48,0.343,79.89,1987,2,Agent,16,2000,250,800
2024-07-08,Leh,34.1526,77.5771,0,7,0,17.7,0,471.26,0.58,97.68,437,2,App,6,600,90,220
2025-07-20,Leh,34.1526,77.5771,1,7,6,18.5,0,374.29,0.2,98.65,542,2,App,17,600,90,220
2024-07-21,Manali,32.2432,77.1892,1,7,6,23.2,0,1281.46,0.105,81.07,1394,2,Kiosk,8,1200,140,450
2024-03-14,Jaipur,26.9124,75.7873,0,3,3,27.1,0,287.97,-0.283,62.03,1119,2,Web,27,1500,180,600
2025-04-16,Leh,34.1526,77.5771,0,4,2,14.5,0,123.53,-0.326,96.42,352,3,Web,6,600,90,220
2024-04-02,Goa,15.2993,74.124,0,4,1,34.2,0,740.73,0.88,78.89,1718,3,Kiosk,11,2000,250,800
2025-09-04,Goa,15.2993,74.124,0,9,3,29.5,0,135.36,0.466,81.32,878,4,Web,5,2000,250,800
2024-10-13,Kerala,10.8505,76.2711,1,10,6,23.2,1,550.23,-0.324,61.16,1577,2,Kiosk,26,1700,220,700
2024-05-16,Manali,32.2432,77.1892,0,5,3,22.6,0,118.14,-0.033,77.52,642,2,Kiosk,14,1200,140,450
2024-07-14,Manali,32.2432,77.1892,1,7,6,22.7,0,245.85,-0.339,75.54,858,1,Web,9,1200,140,450
2025-03-25,Kerala,10.8505,76.2711,0,3,1,30.3,0,502.23,0.785,68.39,1212,2,Kiosk,6,1700,220,700
2024-11-21,Leh,34.1526,77.5771,0,11,3,0.5,0,455.0,-0.543,102.33,369,2,App,3,600,90,220
2024-03-15,Agra,27.1767,78.0081,0,3,4,26.0,0,542.93,-0.268,68.25,1055,2,Web,7,1300,150,550
2024-04-10,Varanasi,25.3176,82.9739,0,4,2,32.3,0,398.61,0.704,59.68,834,2,Kiosk,10,1400,160,500
2024-08-27,Manali,32.2432,77.1892,0,8,1,19.9,0,500.54,-0.549,71.53,807,2,App,8,1200,140,450
2024-03-20,Manali,32.2432,77.1892,0,3,2,15.0,0,949.62,1.0,85.59,1119,3,Kiosk,3,1200,140,450
2025-01-03,Goa,15.2993,74.124,0,1,4,21.0,0,290.61,0.053,82.58,1366,2,Agent,24,2000,250,800
2025-07-12,Jaipur,26.9124,75.7873,1,7,5,37.0,0,767.08,0.428,59.8,1534,3,Kiosk,10,1500,180,600
2024-11-23,Jaipur,26.9124,75.7873,1,11,5,18.9,0,986.93,0.041,56.35,1961,2,Agent,9,1500,180,600
2024-09-11,Goa,15.2993,74.124,0,9,2,29.2,0,123.18,0.441,76.83,747,3,Agent,9,2000,250,800
2025-05-07,Varanasi,25.3176,82.9739,0,5,2,35.7,0,884.18,0.447,51.1,1441,2,Web,1,1400,160,500
2025-04-07,Goa,15.2993,74.124,0,4,0,34.5,0,2588.81,-0.347,75.74,2935,1,Agent,11,2000,250,800
2025-09-08,Leh,34.1526,77.5771,0,9,0,10.0,0,86.45,0.034,97.55,184,3,Kiosk,3,600,90,220
2024-05-20,Kerala,10.8505,76.2711,0,5,0,37.7,0,735.76,0.349,60.93,1532,1,Web,6,1700,220,700
2025-05-01,Andaman,11.7401,92.6586,0,5,3,35.1,0,310.98,-0.835,95.48,437,1,Kiosk,14,900,120,300
2025-09-21,Kerala,10.8505,76.2711,1,9,6,29.1,0,252.01,0.777,73.35,894,2,Web,9,1700,220,700
2024-06-28,Manali,32.2432,77.1892,0,6,4,25.5,0,110.92,-1.0,73.31,705,2,Kiosk,11,1200,140,450
2024-09-22,Jaipur,26.9124,75.7873,1,9,6,28.5,0,717.12,0.197,58.07,1213,3,Agent,17,1500,180,600
2024-07-22,Varanasi,25.3176,82.9739,0,7,0,36.0,0,180.95,0.637,58.11,871,3,App,19,1400,160,500
2025-06-30,Kerala,10.8505,76.2711,0,6,0,39.4,0,284.69,0.877,73.83,1012,2,Web,5,1700,220,700
2025-05-23,Varanasi,25.3176,82.9739,0,5,4,35.6,0,170.3,0.573,51.5,931,2,Kiosk,12,1400,160,500
2025-02-16,Manali,32.2432,77.1892,1,2,6,10.1,0,706.2,0.391,82.24,1056,2,Kiosk,6,1200,140,450
2024-02-23,Jaipur,26.9124,75.7873,0,2,4,23.7,0,116.23,-0.667,57.91,629,2,App,3,1500,180,600
2024-09-19,Goa,15.2993,74.124,0,9,3,29.5,0,367.22,0.31,82.21,1102,2,App,14,2000,250,800
2024-03-22,Varanasi,25.3176,82.9739,0,3,4,27.8,0,1224.12,-0.11,56.1,1692,1,Web,1,1400,160,500
2024-09-17,Varanasi,25.3176,82.9739,0,9,1,28.4,0,270.69,0.147,47.95,461,1,Kiosk,9,1400,160,500
2025-08-04,Leh,34.1526,77.5771,0,8,0,15.0,1,14.96,-0.048,90.41,257,3,Web,1,600,90,220
2025-09-06,Varanasi,25.3176,82.9739,1,9,5,28.4,0,421.61,-0.299,50.36,877,2,Agent,6,1400,160,500
2024-04-28,Goa,15.2993,74.124,1,4,6,35.7,0,672.59,-0.217,86.19,1720,3,App,3,2000,250,800
2024-08-05,Jaipur,26.9124,75.7873,0,8,0,32.7,0,317.44,-0.227,59.81,644,3,Web,6,1500,180,600
2024-02-17,Goa,15.2993,74.124,1,2,5,24.4,0,824.62,0.995,76.57,2021,2,App,7,2000,250,800
2024-04-25,Varanasi,25.3176,82.9739,0,4,3,30.2,0,269.79,-0.766,53.23,1159,2,App,6,1400,160,500
2024-03-23,Leh,34.1526,77.5771,1,3,5,10.6,0,330.46,-0.401,91.47,470,3,Kiosk,3,600,90,220
2025-08-27,Jaipur,26.9124,75.7873,0,8,2,32.6,0,628.39,0.593,54.82,878,2,Agent,8,1500,180,600
2024-03-23,Goa,15.2993,74.124,1,3,5,29.2,0,204.68,-0.721,73.97,1927,2,Web,4,2000,250,800
2024-03-02,Leh,34.1526,77.5771,1,3,5,11.1,0,272.14,-0.297,106.22,417,1,Agent,1,600,90,220
2025-01-06,Varanasi,25.3176,82.9739,0,1,0,16.6,0,260.46,0.485,48.82,871,2,App,13,1400,160,500
2024-08-28,Leh,34.1526,77.5771,0,8,2,15.8,0,385.67,0.083,99.45,354,2,Web,31,600,90,220
2024-04-25,Kerala,10.8505,76.2711,0,4,3,33.9,0,698.11,0.762,69.62,1554,2,Web,24,1700,220,700
2024-11-29,Andaman,11.7401,92.6586,0,11,4,19.5,0,783.85,-0.594,86.58,472,2,App,16,900,120,300
2024-10-25,Leh,34.1526,77.5771,0,10,4,3.1,0,540.43,0.028,99.13,323,2,Web,29,600,90,220
2024-01-28,Manali,32.2432,77.1892,1,1,6,6.5,1,975.45,0.551,73.04,1318,2,Kiosk,7,1200,140,450
2024-04-06,Andaman,11.7401,92.6586,1,4,5,33.6,0,75.2,0.236,90.81,606,3,Agent,3,900,120,300
2024-01-19,Varanasi,25.3176,82.9739,0,1,4,17.1,0,102.5,0.776,54.15,808,2,Agent,5,1400,160,500
2024-02-24,Kerala,10.8505,76.2711,1,2,5,23.0,0,830.01,0.594,77.54,2110,1,Kiosk,19,1700,220,700
2024-01-05,Varanasi,25.3176,82.9739,0,1,4,19.4,0,696.78,0.219,58.09,1421,2,Web,16,1400,160,500
2025-09-18,Leh,34.1526,77.5771,0,9,3,9.3,1,357.7,-0.272,94.32,280,1,App,2,600,90,220
2024-02-02,Goa,15.2993,74.124,0,2,4,25.3,1,166.59,0.195,78.03,1084,2,Kiosk,5,2000,250,800
2024-05-22,Manali,32.2432,77.1892,0,5,2,24.7,0,20.05,0.897,87.33,483,3,App,14,1200,140,450
2025-08-06,Jaipur,26.9124,75.7873,0,8,2,32.9,0,144.72,-0.021,64.1,659,3,Kiosk,22,1500,180,600
2024-01-12,Leh,34.1526,77.5771,0,1,4,1.3,0,208.78,1.0,105.52,337,3,Web,2,600,90,220
2025-02-03,Leh,34.1526,77.5771,0,2,0,5.1,1,894.58,-0.074,98.21,411,3,Agent,7,600,90,220
2024-09-29,Kerala,10.8505,76.2711,1,9,6,26.4,0,251.72,-0.063,69.24,903,2,Web,12,1700,220,700
2024-01-05,Manali,32.2432,77.1892,0,1,4,6.8,0,260.02,0.01,82.71,818,3,App,7,1200,140,450
2025-03-12,Kerala,10.8505,76.2711,0,3,2,28.5,0,265.98,0.261,72.52,1254,3,Web,3,1700,220,700
2025-08-11,Jaipur,26.9124,75.7873,0,8,0,31.4,1,343.77,-0.245,63.54,747,2,Agent,12,1500,180,600
2024-01-23,Agra,27.1767,78.0081,0,1,1,18.2,0,77.05,-0.082,60.13,593,3,Web,6,1300,150,550
2024-07-20,Andaman,11.7401,92.6586,1,7,5,36.1,0,146.46,-0.094,91.35,512,1,Web,5,900,120,300
2024-01-03,Varanasi,25.3176,82.9739,0,1,2,18.3,0,197.94,-0.041,46.34,983,2,App,9,1400,160,500
2025-02-05,Andaman,11.7401,92.6586,0,2,2,22.1,0,358.4,0.408,94.41,496,2,Agent,37,900,120,300
2024-03-11,Kerala,10.8505,76.2711,0,3,0,29.8,0,284.86,-0.715,64.97,1159,1,App,21,1700,220,700
2024-07-02,Jaipur,26.9124,75.7873,0,7,1,35.7,0,537.25,1.0,56.07,760,1,Web,10,1500,180,600
2024-08-06,Leh,34.1526,77.5771,0,8,1,14.0,0,43.23,0.292,94.04,280,1,Kiosk,12,600,90,220
2024-06-03,Kerala,10.8505,76.2711,0,6,0,39.4,0,602.63,-0.17,79.09,1288,3,Web,9,1700,220,700
2024-09-23,Jaipur,26.9124,75.7873,0,9,0,27.5,1,1006.34,0.14,55.38,1072,2,Web,16,1500,180,600
2025-09-02,Leh,34.1526,77.5771,0,9,1,9.1,0,472.51,-0.309,99.31,196,3,App,15,600,90,220
2025-08-01,Goa,15.2993,74.124,0,8,4,32.4,1,97.95,-0.243,78.45,625,3,Web,9,2000,250,800
2024-02-02,Jaipur,26.9124,75.7873,0,2,4,22.7,0,483.27,0.314,64.24,1256,2,Agent,38,1500,180,600
2024-05-14,Leh,34.1526,77.5771,0,5,1,19.3,0,946.78,-0.509,97.92,445,2,App,15,600,90,220
2025-04-08,Kerala,10.8505,76.2711,0,4,1,33.2,0,521.86,0.416,74.05,1413,3,App,11,1700,220,700
2024-04-18,Varanasi,25.3176,82.9739,0,4,3,32.2,0,757.59,0.573,55.65,997,1,Agent,14,1400,160,500
2025-06-12,Kerala,10.8505,76.2711,0,6,3,40.2,0,369.06,-0.013,62.54,1201,2,App,5,1700,220,700
2024-05-22,Manali,32.2432,77.1892,0,5,2,22.5,0,354.86,-0.406,72.39,828,1,Agent,19,1200,140,450
2024-08-30,Jaipur,26.9124,75.7873,0,8,4,32.9,0,415.23,-0.327,66.49,958,2,Kiosk,8,1500,180,600
2025-09-24,Kerala,10.8505,76.2711,0,9,2,28.8,0,305.83,0.025,63.3,745,2,Kiosk,8,1700,220,700
2024-06-15,Kerala,10.8505,76.2711,1,6,5,37.6,1,86.06,-0.813,74.28,947,3,Kiosk,3,1700,220,700
2024-08-10,Jaipur,26.9124,75.7873,1,8,5,31.8,0,523.24,-0.418,58.04,1053,2,Kiosk,6,1500,180,600
2024-02-03,Leh,34.1526,77.5771,1,2,5,4.6,0,64.03,0.057,94.17,368,2,Web,12,600,90,220
2024-02-26,Goa,15.2993,74.124,0,2,0,27.1,0,545.82,0.799,88.13,1335,3,Kiosk,7,2000,250,800
2025-03-25,Agra,27.1767,78.0081,0,3,1,26.0,0,176.5,0.372,55.47,799,2,Web,26,1300,150,550
2024-10-29,Jaipur,26.9124,75.7873,0,10,1,21.7,0,331.61,-0.585,61.61,628,2,Web,30,1500,180,600
2025-06-21,Manali,32.2432,77.1892,1,6,5,25.9,0,562.95,-0.312,76.79,1138,3,App,6,1200,140,450
2024-10-10,Jaipur,26.9124,75.7873,0,10,3,24.9,0,461.27,-0.055,52.83,896,2,Web,9,1500,180,600
2025-05-03,Jaipur,26.9124,75.7873,1,5,5,36.8,0,172.85,0.239,65.3,920,1,Agent,5,1500,180,600
2025-03-14,Manali,32.2432,77.1892,0,3,4,13.8,0,205.83,0.558,80.21,510,3,App,6,1200,140,450
2024-04-07,Varanasi,25.3176,82.9739,1,4,6,30.5,0,429.17,0.877,54.43,1203,2,Kiosk,2,1400,160,500
2024-08-29,Manali,32.2432,77.1892,0,8,3,19.2,0,136.41,-0.901,71.52,631,1,Web,9,1200,140,450
2024-03-01,Manali,32.2432,77.1892,0,3,4,14.6,0,338.64,0.675,64.49,677,2,Agent,24,1200,140,450
2024-07-20,Goa,15.2993,74.124,1,7,5,39.7,0,356.32,-0.091,82.71,1325,1,App,27,2000,250,800
2025-02-11,Varanasi,25.3176,82.9739,0,2,1,21.0,0,594.64,0.452,50.59,1218,1,Web,2,1400,160,500
2024-07-18,Kerala,10.8505,76.2711,0,7,3,39.3,0,520.46,-0.368,78.66,1241,2,Web,10,1700,220,700
2025-08-10,Jaipur,26.9124,75.7873,1,8,6,34.4,0,116.86,-0.255,65.63,672,3,App,10,1500,180,600
2024-07-05,Goa,15.2993,74.124,0,7,4,37.2,0,336.43,-0.232,75.68,1152,2,Web,4,2000,250,800
2024-04-16,Agra,27.1767,78.0081,0,4,1,30.2,0,696.57,-0.074,62.1,1125,2,Web,8,1300,150,550
2024-09-11,Goa,15.2993,74.124,0,9,2,28.9,0,244.57,0.227,78.55,949,2,App,23,2000,250,800
2024-01-02,Leh,34.1526,77.5771,0,1,1,2.5,0,242.45,0.065,107.62,429,1,App,8,600,90,220
2024-10-31,Leh,34.1526,77.5771,0,10,3,4.8,0,1026.61,-0.57,96.36,484,2,Kiosk,26,600,90,220
2025-07-14,Manali,32.2432,77.1892,0,7,0,24.1,0,386.72,0.432,74.91,964,2,Agent,37,1200,140,450
2025-01-21,Andaman,11.7401,92.6586,0,1,1,19.3,0,412.82,0.907,89.95,451,2,Kiosk,1,900,120,300
2025-08-29,Agra,27.1767,78.0081,0,8,4,33.8,0,236.11,-0.093,62.16,679,2,Kiosk,9,1300,150,550
2025-05-01,Leh,34.1526,77.5771,0,5,3,18.1,0,71.99,0.42,100.07,252,2,Agent,6,600,90,220
2024-12-13,Varanasi,25.3176,82.9739,0,12,4,16.3,0,502.46,-0.559,42.42,876,2,Kiosk,1,1400,160,500
2025-05-06,Andaman,11.7401,92.6586,0,5,1,37.1,0,542.09,0.635,94.84,345,2,Agent,4,900,120,300
2024-01-11,Manali,32.2432,77.1892,0,1,3,3.7,0,702.92,0.525,73.28,1025,2,Kiosk,14,1200,140,450
2024-07-06,Varanasi,25.3176,82.9739,1,7,5,35.5,0,166.89,-0.602,52.63,868,2,Kiosk,18,1400,160,500
2024-07-12,Goa,15.2993,74.124,0,7,4,38.2,1,1114.85,-0.066,78.44,1587,2,Kiosk,26,2000,250,800
2024-09-23,Leh,34.1526,77.5771,0,9,0,10.1,0,384.02,-0.759,94.08,245,1,Kiosk,12,600,90,220
2024-02-08,Agra,27.1767,78.0081,0,2,3,21.5,0,149.11,-0.343,58.93,825,2,Agent,26,1300,150,550
2025-05-02,Manali,32.2432,77.1892,0,5,4,22.8,0,326.17,-0.378,73.17,589,2,Web,18,1200,140,450
2024-11-30,Jaipur,26.9124,75.7873,1,11,5,19.1,1,1713.46,-0.431,64.73,1768,2,Kiosk,21,1500,180,600
2025-02-03,Leh,34.1526,77.5771,0,2,0,4.9,0,419.81,0.028,90.31,313,2,Web,13,600,90,220
2025-02-13,Jaipur,26.9124,75.7873,0,2,3,22.8,0,394.79,0.099,67.67,1303,2,Agent,8,1500,180,600
2024-04-14,Andaman,11.7401,92.6586,1,4,6,33.9,1,1052.79,-0.382,96.56,792,3,Kiosk,16,900,120,300
2024-02-28,Manali,32.2432,77.1892,0,2,2,9.3,0,384.28,-0.488,77.48,555,1,Agent,11,1200,140,450
2024-05-13,Jaipur,26.9124,75.7873,0,5,0,37.6,0,1027.38,-0.063,57.34,1578,3,Web,9,1500,180,600
2024-04-22,Goa,15.2993,74.124,0,4,0,33.5,0,226.12,-0.857,86.45,1503,2,Agent,8,2000,250,800
2024-09-20,Goa,15.2993,74.124,0,9,4,30.4,0,54.71,-0.163,81.49,876,3,App,10,2000,250,800
2024-01-25,Agra,27.1767,78.0081,0,1,3,18.2,0,408.58,1.0,53.16,1250,2,Agent,10,1300,150,550
2025-06-15,Goa,15.2993,74.124,1,6,6,41.1,0,182.22,0.247,83.07,1022,3,Web,3,2000,250,800
2024-01-21,Goa,15.2993,74.124,1,1,6,21.7,0,304.01,0.06,72.72,1735,3,App,23,2000,250,800
2025-01-26,Goa,15.2993,74.124,1,1,6,21.5,0,395.76,0.321,82.95,1237,2,App,3,2000,250,800
2025-08-07,Leh,34.1526,77.5771,0,8,3,14.1,1,1071.66,0.169,96.37,519,2,Web,19,600,90,220
2024-07-08,Goa,15.2993,74.124,0,7,0,40.3,0,752.92,0.001,79.77,1544,2,App,8,2000,250,800
2024-10-26,Leh,34.1526,77.5771,1,10,5,5.5,0,117.91,-0.34,103.23,317,2,Kiosk,3,600,90,220
2024-11-22,Manali,32.2432,77.1892,0,11,4,4.4,0,752.44,0.513,60.58,706,2,App,19,1200,140,450
2024-12-01,Andaman,11.7401,92.6586,1,12,6,19.2,0,287.41,0.303,93.27,368,1,App,19,900,120,300
2025-02-16,Leh,34.1526,77.5771,1,2,6,5.3,0,484.41,-0.035,98.06,430,2,App,2,600,90,220
2025-02-06,Jaipur,26.9124,75.7873,0,2,3,22.9,0,196.8,-0.726,70.08,981,3,Agent,4,1500,180,600
2025-05-03,Andaman,11.7401,92.6586,1,5,5,35.6,0,235.36,0.011,90.57,634,2,Agent,37,900,120,300
2025-02-09,Leh,34.1526,77.5771,1,2,6,4.9,0,243.49,-0.604,100.06,469,2,Agent,10,600,90,220
2024-05-28,Agra,27.1767,78.0081,0,5,1,34.9,0,191.22,-0.54,56.44,999,2,Kiosk,3,1300,150,550
2025-08-04,Goa,15.2993,74.124,0,8,0,33.9,0,161.09,-0.338,77.89,904,3,App,28,2000,250,800
2025-08-03,Leh,34.1526,77.5771,1,8,6,16.5,0,153.33,-0.145,97.11,403,2,Kiosk,10,600,90,220
2025-06-02,Kerala,10.8505,76.2711,0,6,0,38.9,0,285.38,0.272,68.54,1272,3,Kiosk,17,1700,220,700
2024-08-26,Agra,27.1767,78.0081,0,8,0,31.5,0,125.38,0.895,58.83,622,3,Agent,16,1300,150,550
2024-03-22,Agra,27.1767,78.0081,0,3,4,26.3,0,410.79,-0.714,67.82,1047,1,App,18,1300,150,550
2024-02-12,Leh,34.1526,77.5771,0,2,0,4.6,0,641.91,0.564,106.3,345,1,Agent,3,600,90,220
2024-12-28,Varanasi,25.3176,82.9739,1,12,5,16.2,0,63.3,-0.148,43.9,866,3,App,7,1400,160,500
2024-11-28,Varanasi,25.3176,82.9739,0,11,3,19.2,0,44.65,-0.122,48.24,668,2,Web,15,1400,160,500
2024-09-08,Kerala,10.8505,76.2711,1,9,6,28.9,0,504.42,-0.122,68.48,767,2,Agent,2,1700,220,700
2024-03-01,Jaipur,26.9124,75.7873,0,3,4,27.8,0,515.74,0.519,64.11,1211,3,Agent,17,1500,180,600
2024-12-16,Andaman,11.7401,92.6586,0,12,0,18.2,0,206.73,0.122,98.49,423,2,Web,26,900,120,300
2024-08-14,Manali,32.2432,77.1892,0,8,2,20.2,0,388.89,-0.432,87.44,710,2,App,15,1200,140,450
2025-05-23,Jaipur,26.9124,75.7873,0,5,4,35.6,0,301.04,-0.147,66.91,1186,3,Kiosk,11,1500,180,600
2025-09-02,Varanasi,25.3176,82.9739,0,9,1,27.3,0,47.28,-1.0,59.39,506,2,Kiosk,20,1400,160,500
2025-03-01,Varanasi,25.3176,82.9739,1,3,5,26.2,0,147.82,1.0,52.04,949,3,Web,11,1400,160,500
2025-01-26,Leh,34.1526,77.5771,1,1,6,0.9,0,518.76,-0.42,98.73,523,2,Agent,1,600,90,220
2025-03-08,Manali,32.2432,77.1892,1,3,5,13.9,0,208.34,0.212,67.9,709,2,Web,9,1200,140,450
2025-01-03,Leh,34.1526,77.5771,0,1,4,2.2,0,475.67,0.241,97.72,453,2,App,10,600,90,220
2025-04-20,Goa,15.2993,74.124,1,4,6,36.8,0,335.56,0.76,77.07,1622,2,Agent,14,2000,250,800
2025-08-08,Manali,32.2432,77.1892,0,8,4,21.0,0,642.2,0.306,82.39,1065,2,App,25,1200,140,450
2025-03-25,Agra,27.1767,78.0081,0,3,1,26.9,0,124.61,0.649,63.22,998,1,Web,13,1300,150,550
2025-01-13,Kerala,10.8505,76.2711,0,1,0,20.9,0,639.87,-0.438,68.74,1261,2,Web,2,1700,220,700
2025-05-18,Kerala,10.8505,76.2711,1,5,6,37.1,0,564.01,-0.814,68.34,2036,3,App,12,1700,220,700
2025-04-13,Leh,34.1526,77.5771,1,4,6,14.0,0,460.33,0.081,99.01,501,3,Agent,5,600,90,220
2024-01-01,Goa,15.2993,74.124,0,1,0,20.7,0,749.43,-0.117,82.5,1347,3,Web,18,2000,250,800
2025-08-28,Varanasi,25.3176,82.9739,0,8,3,33.2,0,241.68,1.0,47.9,579,2,Agent,13,1400,160,500
2024-07-16,Manali,32.2432,77.1892,0,7,1,21.9,0,219.72,-0.092,71.48,754,1,Agent,1,1200,140,450
2025-07-18,Leh,34.1526,77.5771,0,7,4,19.8,1,97.35,-0.014,91.87,374,2,App,18,600,90,220
2025-08-20,Manali,32.2432,77.1892,0,8,2,20.6,0,460.3,-0.287,80.62,646,2,Agent,10,1200,140,450
2025-02-26,Jaipur,26.9124,75.7873,0,2,2,23.6,0,369.23,-0.271,66.39,856,1,Agent,16,1500,180,600
2024-02-16,Varanasi,25.3176,82.9739,0,2,4,20.8,0,586.72,-0.206,50.8,1135,2,Kiosk,2,1400,160,500
2025-02-23,Agra,27.1767,78.0081,1,2,6,21.6,0,689.27,0.271,60.56,1048,2,App,4,1300,150,550
2024-08-01,Manali,32.2432,77.1892,0,8,3,18.6,0,586.42,0.605,70.82,862,1,Agent,7,1200,140,450
2024-05-20,Varanasi,25.3176,82.9739,0,5,0,36.2,0,681.76,-0.31,43.02,1180,1,Web,28,1400,160,500
2025-08-14,Goa,15.2993,74.124,0,8,3,33.3,0,1072.4,-0.39,83.89,1834,3,Agent,3,2000,250,800
2025-01-21,Leh,34.1526,77.5771,0,1,1,2.4,0,464.83,-0.033,96.25,351,2,App,1,600,90,220
2025-01-20,Leh,34.1526,77.5771,0,1,0,2.2,0,358.78,-0.517,102.46,313,2,Web,4,600,90,220
2024-11-29,Varanasi,25.3176,82.9739,0,11,4,18.0,0,589.23,0.052,50.01,1017,2,Web,13,1400,160,500
2024-03-02,Agra,27.1767,78.0081,1,3,5,27.2,0,904.59,-0.31,63.09,1549,1,Kiosk,10,1300,150,550
2025-03-19,Varanasi,25.3176,82.9739,0,3,2,26.8,0,1515.57,0.591,56.38,2083,2,Agent,24,1400,160,500
2025-09-11,Varanasi,25.3176,82.9739,0,9,3,27.4,0,238.77,0.632,52.44,625,3,Kiosk,20,1400,160,500
2025-01-05,Varanasi,25.3176,82.9739,1,1,6,20.0,0,841.81,-0.762,55.45,1606,3,Kiosk,15,1400,160,500
2024-10-11,Agra,27.1767,78.0081,0,10,4,22.1,0,282.19,-1.0,50.49,783,2,App,9,1300,150,550
2024-10-17,Jaipur,26.9124,75.7873,0,10,3,23.7,0,1067.01,0.091,64.17,1311,2,Kiosk,6,1500,180,600
2025-05-25,Jaipur,26.9124,75.7873,1,5,6,35.9,0,259.33,-0.607,64.73,1195,2,App,14,1500,180,600
2025-07-09,Jaipur,26.9124,75.7873,0,7,2,35.1,0,608.47,0.199,63.76,1049,2,Agent,6,1500,180,600
2024-11-23,Agra,27.1767,78.0081,1,11,5,18.5,0,850.13,0.761,65.13,796,3,App,6,1300,150,550
2024-11-18,Goa,15.2993,74.124,0,11,0,21.0,0,597.11,-0.142,81.63,1655,3,Web,14,2000,250,800
2024-11-09,Goa,15.2993,74.124,1,11,5,22.3,0,180.65,-0.823,86.52,999,3,Agent,13,2000,250,800
2024-12-13,Leh,34.1526,77.5771,0,12,4,-0.7,0,154.95,1.0,100.65,244,4,Agent,20,600,90,220
2025-06-30,Varanasi,25.3176,82.9739,0,6,0,37.2,0,457.67,-0.328,56.9,1091,2,Web,15,1400,160,500
2025-05-11,Goa,15.2993,74.124,1,5,6,38.3,0,191.64,-0.118,91.46,1537,2,App,7,2000,250,800
2024-04-18,Andaman,11.7401,92.6586,0,4,3,31.9,0,339.71,-0.606,91.85,541,2,Agent,23,900,120,300
2024-11-22,Varanasi,25.3176,82.9739,0,11,4,19.3,0,552.69,-0.282,51.21,1005,2,Agent,1,1400,160,500
2024-12-15,Agra,27.1767,78.0081,1,12,6,16.7,0,343.56,-0.105,47.42,1017,2,Kiosk,6,1300,150,550
2024-08-17,Kerala,10.8505,76.2711,1,8,5,34.4,0,258.94,0.005,66.16,1079,2,App,10,1700,220,700
2024-10-14,Kerala,10.8505,76.2711,0,10,0,23.4,0,764.47,-0.069,72.66,1048,2,Kiosk,10,1700,220,700
2025-04-28,Jaipur,26.9124,75.7873,0,4,0,35.5,0,105.21,0.035,68.89,1142,3,App,9,1500,180,600
2025-03-25,Manali,32.2432,77.1892,0,3,1,15.5,0,240.36,0.325,71.08,474,2,Agent,32,1200,140,450
2024-03-16,Leh,34.1526,77.5771,1,3,5,9.3,0,156.41,0.526,99.52,498,1,Web,9,600,90,220
2024-07-29,Manali,32.2432,77.1892,0,7,0,23.4,0,166.73,0.102,83.45,831,3,Web,16,1200,140,450
2024-12-14,Agra,27.1767,78.0081,1,12,5,18.3,0,79.13,0.084,57.09,821,3,Agent,13,1300,150,550
2024-05-08,Andaman,11.7401,92.6586,0,5,2,35.9,0,561.23,-0.37,92.32,611,2,Agent,7,900,120,300
2025-06-23,Andaman,11.7401,92.6586,0,6,0,37.7,0,544.8,-0.958,95.77,539,2,Kiosk,14,900,120,300
2024-07-27,Agra,27.1767,78.0081,1,7,5,36.6,0,261.55,-0.298,54.93,1034,1,Agent,22,1300,150,550
2024-05-27,Agra,27.1767,78.0081,0,5,0,34.2,0,220.38,0.594,50.66,882,2,Web,32,1300,150,550
2025-02-05,Jaipur,26.9124,75.7873,0,2,2,20.8,0,309.69,0.982,73.47,1019,2,Web,4,1500,180,600
2025-07-12,Varanasi,25.3176,82.9739,1,7,5,34.5,1,91.93,0.607,62.23,720,2,Web,7,1400,160,500
2025-07-20,Andaman,11.7401,92.6586,1,7,6,35.6,0,192.61,-0.244,84.64,527,1,Kiosk,21,900,120,300
2024-05-25,Kerala,10.8505,76.2711,1,5,5,36.3,0,683.56,1.0,68.33,2086,2,Kiosk,23,1700,220,700
2024-04-12,Leh,34.1526,77.5771,0,4,4,14.5,0,73.08,-0.398,97.48,350,2,App,12,600,90,220
2024-01-20,Goa,15.2993,74.124,1,1,5,21.9,0,73.46,-0.113,76.76,1196,2,Kiosk,17,2000,250,800
2025-07-10,Jaipur,26.9124,75.7873,0,7,3,36.0,0,322.39,0.929,62.25,890,1,Agent,12,1500,180,600
2024-01-16,Goa,15.2993,74.124,0,1,1,21.1,0,775.54,0.068,79.94,1548,1,App,16,2000,250,800
2025-02-28,Agra,27.1767,78.0081,0,2,4,21.6,0,209.75,0.142,57.33,663,3,Web,3,1300,150,550
2024-07-19,Jaipur,26.9124,75.7873,0,7,4,36.9,0,52.41,0.407,54.86,792,3,App,13,1500,180,600
2024-12-22,Leh,34.1526,77.5771,1,12,6,0.2,0,749.35,-0.591,93.54,430,2,App,7,600,90,220
2024-04-15,Agra,27.1767,78.0081,0,4,0,30.4,0,636.94,0.802,57.18,1502,4,Agent,5,1300,150,550
2025-03-02,Varanasi,25.3176,82.9739,1,3,6,27.1,0,1171.1,0.89,51.02,2196,1,Kiosk,12,1400,160,500
2024-05-14,Agra,27.1767,78.0081,0,5,1,36.1,0,428.73,-0.019,65.47,793,2,App,2,1300,150,550
2024-11-10,Manali,32.2432,77.1892,1,11,6,6.5,0,449.16,1.0,82.73,710,4,App,25,1200,140,450
2025-03-16,Agra,27.1767,78.0081,1,3,6,26.2,0,133.31,0.983,53.53,525,2,App,15,1300,150,550
2024-08-31,Agra,27.1767,78.0081,1,8,5,35.0,1,613.57,-0.558,50.29,581,2,Kiosk,3,1300,150,550
2024-04-02,Manali,32.2432,77.1892,0,4,1,20.2,1,275.53,0.35,80.95,778,3,Web,10,1200,140,450
2025-06-08,Leh,34.1526,77.5771,1,6,6,19.2,0,556.08,0.185,103.9,749,2,Kiosk,32,600,90,220
2024-04-15,Varanasi,25.3176,82.9739,0,4,0,32.4,0,786.99,0.271,56.47,1406,3,App,7,1400,160,500
2024-08-31,Manali,32.2432,77.1892,1,8,5,19.9,0,131.71,-0.024,74.51,870,3,Kiosk,10,1200,140,450
2025-08-26,Varanasi,25.3176,82.9739,0,8,1,32.2,0,52.12,0.289,53.79,588,1,App,13,1400,160,500
2024-11-23,Manali,32.2432,77.1892,1,11,5,5.4,0,747.74,-0.103,82.99,1022,3,App,12,1200,140,450
2024-02-13,Kerala,10.8505,76.2711,0,2,1,25.6,0,134.48,-0.055,68.75,885,2,Kiosk,2,1700,220,700
2024-01-23,Kerala,10.8505,76.2711,0,1,1,21.5,0,241.19,-0.389,72.25,796,1,App,16,1700,220,700
2025-09-08,Varanasi,25.3176,82.9739,0,9,0,26.5,0,598.11,-0.263,57.49,531,3,Kiosk,7,1400,160,500
2024-12-21,Leh,34.1526,77.5771,1,12,5,-1.2,0,32.8,-0.962,102.13,272,3,Web,5,600,90,220
2024-02-16,Varanasi,25.3176,82.9739,0,2,4,21.0,0,321.65,-0.828,53.68,621,2,App,4,1400,160,500
2025-08-01,Jaipur,26.9124,75.7873,0,8,4,34.0,0,198.12,0.561,60.04,617,1,Agent,8,1500,180,600
2025-04-04,Jaipur,26.9124,75.7873,0,4,4,33.3,0,529.9,0.373,59.67,1120,2,Agent,19,1500,180,600
2025-09-11,Leh,34.1526,77.5771,0,9,3,9.8,0,126.13,-0.316,91.2,257,2,Web,13,600,90,220
2024-01-13,Agra,27.1767,78.0081,1,1,5,18.8,0,507.29,-0.424,51.94,1011,2,Web,4,1300,150,550
2025-03-11,Andaman,11.7401,92.6586,0,3,1,28.6,1,427.03,-0.788,84.84,416,2,App,42,900,120,300
2024-07-03,Jaipur,26.9124,75.7873,0,7,2,35.5,1,585.06,0.068,55.11,570,2,Kiosk,7,1500,180,600
2025-07-04,Jaipur,26.9124,75.7873,0,7,4,35.7,1,285.95,0.495,66.86,951,2,Kiosk,15,1500,180,600
2025-01-15,Varanasi,25.3176,82.9739,0,1,2,18.1,0,584.01,0.052,57.79,1036,2,App,5,1400,160,500
2024-06-08,Jaipur,26.9124,75.7873,1,6,5,39.0,1,115.5,0.448,66.48,800,2,Kiosk,9,1500,180,600
2025-08-13,Andaman,11.7401,92.6586,0,8,2,33.7,0,371.71,-0.196,89.37,393,2,App,3,900,120,300
2025-04-22,Andaman,11.7401,92.6586,0,4,1,34.0,0,789.18,-0.033,87.91,636,2,Web,43,900,120,300
2024-04-12,Jaipur,26.9124,75.7873,0,4,4,33.2,0,294.47,0.548,68.96,1155,3,Web,11,1500,180,600
2024-07-02,Kerala,10.8505,76.2711,0,7,1,40.5,0,207.23,-0.061,71.3,817,3,Web,4,1700,220,700
2024-08-09,Leh,34.1526,77.5771,0,8,4,17.7,0,318.28,-0.373,91.03,348,2,Web,4,600,90,220
2025-04-03,Jaipur,26.9124,75.7873,0,4,3,33.2,0,72.68,-0.027,70.25,922,1,App,13,1500,180,600
2025-03-21,Kerala,10.8505,76.2711,0,3,4,29.6,0,534.14,0.168,68.31,1512,3,Agent,3,1700,220,700
2025-08-27,Andaman,11.7401,92.6586,0,8,2,33.5,0,412.98,-0.18,92.85,374,1,App,43,900,120,300
2025-07-12,Goa,15.2993,74.124,1,7,5,38.8,0,1093.35,0.114,86.49,1272,3,Agent,3,2000,250,800
2024-05-04,Goa,15.2993,74.124,1,5,5,38.5,0,795.99,-0.634,81.96,2214,2,Agent,12,2000,250,800
2024-08-05,Jaipur,26.9124,75.7873,0,8,0,31.0,0,149.46,-0.05,59.84,795,2,Agent,15,1500,180,600
2025-08-31,Varanasi,25.3176,82.9739,1,8,6,32.3,0,640.36,0.843,50.13,1185,2,Kiosk,41,1400,160,500
2025-06-21,Agra,27.1767,78.0081,1,6,5,36.6,0,359.88,0.424,59.47,1254,1,Kiosk,2,1300,150,550
2024-11-24,Varanasi,25.3176,82.9739,1,11,6,19.0,0,693.46,0.388,46.74,1382,2,Web,38,1400,160,500
2024-01-03,Kerala,10.8505,76.2711,0,1,2,20.7,0,428.81,0.249,68.41,1306,1,Kiosk,10,1700,220,700
2025-05-26,Goa,15.2993,74.124,0,5,0,39.8,0,715.86,-0.476,82.64,1529,2,App,10,2000,250,800
2025-08-26,Varanasi,25.3176,82.9739,0,8,1,32.1,0,841.36,-0.745,55.67,833,2,Web,11,1400,160,500
2024-09-20,Jaipur,26.9124,75.7873,0,9,4,29.0,0,670.98,-0.019,56.81,824,2,App,23,1500,180,600
2024-01-08,Kerala,10.8505,76.2711,0,1,0,19.3,0,355.77,0.565,80.06,1026,2,Kiosk,10,1700,220,700
2025-03-24,Agra,27.1767,78.0081,0,3,0,27.0,0,718.95,-0.109,59.51,1184,1,Kiosk,9,1300,150,550
2025-02-24,Varanasi,25.3176,82.9739,0,2,0,22.4,0,310.87,0.481,53.64,1228,1,App,21,1400,160,500
2024-11-08,Agra,27.1767,78.0081,0,11,4,19.9,0,1322.78,0.9,51.7,1128,2,Agent,10,1300,150,550
2025-08-08,Leh,34.1526,77.5771,0,8,4,16.5,0,284.97,-0.524,94.37,280,3,Agent,11,600,90,220
2024-07-27,Leh,34.1526,77.5771,1,7,5,18.8,0,7.65,0.697,102.04,397,1,App,1,600,90,220
2024-06-29,Andaman,11.7401,92.6586,1,6,5,38.8,0,422.95,-0.047,107.07,626,3,App,11,900,120,300
2024-10-29,Varanasi,25.3176,82.9739,0,10,1,20.9,0,285.27,-1.0,53.53,576,3,App,14,1400,160,500
2025-07-08,Jaipur,26.9124,75.7873,0,7,1,37.8,0,580.36,0.418,66.02,705,2,App,21,1500,180,600
2025-08-18,Andaman,11.7401,92.6586,0,8,0,32.0,0,477.29,-0.149,83.24,460,1,Agent,16,900,120,300
2025-04-06,Goa,15.2993,74.124,1,4,6,35.4,0,167.31,1.0,79.7,1649,1,Agent,16,2000,250,800
2025-03-26,Jaipur,26.9124,75.7873,0,3,2,27.7,0,849.34,0.547,63.03,1234,1,Agent,11,1500,180,600
2024-07-23,Andaman,11.7401,92.6586,0,7,1,37.9,0,460.32,-0.31,95.0,392,2,Web,8,900,120,300
2025-07-19,Leh,34.1526,77.5771,1,7,5,18.4,0,33.81,0.03,99.43,416,1,App,10,600,90,220
2025-04-25,Andaman,11.7401,92.6586,0,4,4,33.9,0,385.66,0.982,103.39,502,3,App,4,900,120,300
2024-01-30,Leh,34.1526,77.5771,0,1,1,0.1,0,412.74,0.021,106.88,429,3,Web,6,600,90,220
2025-02-13,Jaipur,26.9124,75.7873,0,2,3,21.8,0,1155.95,0.85,62.28,1302,3,Web,10,1500,180,600
2025-06-05,Agra,27.1767,78.0081,0,6,3,36.7,0,215.73,-0.059,57.09,811,2,App,8,1300,150,550
2025-01-20,Varanasi,25.3176,82.9739,0,1,0,18.2,0,367.05,0.42,53.9,1109,3,Web,22,1400,160,500
2024-10-31,Agra,27.1767,78.0081,0,10,3,20.7,1,246.43,0.642,51.01,626,3,Kiosk,7,1300,150,550
2025-02-03,Manali,32.2432,77.1892,0,2,0,10.9,0,498.08,0.451,81.47,858,2,App,34,1200,140,450
2025-02-19,Varanasi,25.3176,82.9739,0,2,2,22.8,0,222.51,-0.144,53.97,759,2,Kiosk,15,1400,160,500
2025-05-30,Kerala,10.8505,76.2711,0,5,4,37.9,0,269.42,0.387,68.6,1006,1,Agent,6,1700,220,700
2024-09-01,Andaman,11.7401,92.6586,1,9,6,28.0,0,33.72,-0.196,90.71,296,3,Web,12,900,120,300
2024-11-25,Manali,32.2432,77.1892,0,11,0,7.8,0,761.51,0.038,71.96,1039,3,Agent,11,1200,140,450
2024-09-01,Goa,15.2993,74.124,1,9,6,31.3,0,585.72,-0.758,77.66,1366,3,App,1,2000,250,800
2024-03-05,Jaipur,26.9124,75.7873,0,3,1,29.8,0,426.46,0.044,68.8,1057,1,App,14,1500,180,600
2025-06-21,Kerala,10.8505,76.2711,1,6,5,39.3,1,817.03,-0.21,76.24,1540,2,Kiosk,6,1700,220,700
2024-03-10,Leh,34.1526,77.5771,1,3,6,9.5,0,292.75,0.758,101.83,522,2,App,15,600,90,220
2025-07-08,Kerala,10.8505,76.2711,0,7,1,39.8,0,230.53,-0.126,62.23,780,3,Web,30,1700,220,700
2024-08-11,Agra,27.1767,78.0081,1,8,6,32.1,0,769.02,0.598,60.42,924,3,App,8,1300,150,550
2025-09-14,Agra,27.1767,78.0081,1,9,6,27.4,0,228.92,0.12,62.93,756,2,Agent,5,1300,150,550
2025-03-31,Jaipur,26.9124,75.7873,0,3,0,27.7,0,138.67,0.317,70.4,1087,2,App,8,1500,180,600
2025-06-20,Goa,15.2993,74.124,0,6,4,42.2,0,162.13,0.651,88.42,1068,2,Kiosk,26,2000,250,800
2024-01-16,Jaipur,26.9124,75.7873,0,1,1,19.8,0,237.03,0.022,59.86,919,1,Web,12,1500,180,600
2025-01-02,Jaipur,26.9124,75.7873,0,1,3,18.3,0,700.72,-0.346,66.68,1112,2,Kiosk,4,1500,180,600
2025-04-20,Leh,34.1526,77.5771,1,4,6,13.1,0,374.01,0.255,109.55,516,3,Kiosk,11,600,90,220
2024-10-11,Manali,32.2432,77.1892,0,10,4,9.1,0,534.74,-0.023,67.75,518,4,App,4,1200,140,450
2024-11-26,Manali,32.2432,77.1892,0,11,1,6.5,0,283.86,0.762,75.3,652,1,Kiosk,1,1200,140,450
2024-08-17,Goa,15.2993,74.124,1,8,5,35.7,0,426.35,-0.254,67.12,1437,3,Agent,17,2000,250,800
2024-06-15,Goa,15.2993,74.124,1,6,5,39.6,0,283.81,-0.379,87.17,1289,4,Web,12,2000,250,800
2025-04-08,Kerala,10.8505,76.2711,0,4,1,34.3,0,398.65,-0.094,73.52,1294,2,App,7,1700,220,700
2024-09-16,Manali,32.2432,77.1892,0,9,0,13.3,0,214.28,-0.463,70.26,595,2,Kiosk,4,1200,140,450
2025-08-17,Agra,27.1767,78.0081,1,8,6,30.2,0,244.35,0.507,50.9,887,1,Kiosk,20,1300,150,550
2024-11-06,Kerala,10.8505,76.2711,0,11,2,21.3,0,182.79,0.371,66.05,1151,2,Web,3,1700,220,700
2025-02-23,Kerala,10.8505,76.2711,1,2,6,25.9,0,833.04,0.275,72.53,1999,3,Web,8,1700,220,700
2024-08-18,Jaipur,26.9124,75.7873,1,8,6,35.2,0,228.04,-0.381,62.81,807,2,Web,14,1500,180,600
2024-06-16,Kerala,10.8505,76.2711,1,6,6,39.6,0,381.04,-0.198,74.87,1446,3,App,11,1700,220,700
2025-01-27,Andaman,11.7401,92.6586,0,1,0,20.0,0,137.84,0.658,98.28,471,2,Web,8,900,120,300
2025-02-04,Varanasi,25.3176,82.9739,0,2,1,21.5,0,332.29,0.628,55.09,921,2,Web,10,1400,160,500
2024-03-15,Kerala,10.8505,76.2711,0,3,4,29.1,0,177.72,0.876,74.76,883,2,Web,9,1700,220,700
2024-06-01,Goa,15.2993,74.124,1,6,5,41.0,0,547.31,-0.695,84.19,1874,2,Agent,6,2000,250,800
2024-12-20,Agra,27.1767,78.0081,0,12,4,18.1,0,355.88,-0.39,46.54,790,1,Kiosk,12,1300,150,550
2025-07-16,Agra,27.1767,78.0081,0,7,2,35.4,0,1459.01,-0.246,53.13,1043,3,Kiosk,6,1300,150,550
2025-06-21,Goa,15.2993,74.124,1,6,5,39.9,0,194.32,0.417,78.74,1371,1,Web,7,2000,250,800
2024-01-29,Andaman,11.7401,92.6586,0,1,0,21.4,0,154.66,0.434,97.93,467,2,Web,6,900,120,300
2024-06-08,Kerala,10.8505,76.2711,1,6,5,39.8,0,111.13,0.342,75.8,1108,2,App,22,1700,220,700
2025-07-13,Andaman,11.7401,92.6586,1,7,6,38.3,0,531.6,0.062,94.05,574,1,Web,6,900,120,300
2025-02-27,Varanasi,25.3176,82.9739,0,2,3,21.6,0,976.46,0.24,53.54,1326,3,Agent,9,1400,160,500
2024-07-04,Andaman,11.7401,92.6586,0,7,3,36.0,0,233.92,0.461,99.39,396,3,Agent,10,900,120,300
2024-07-03,Kerala,10.8505,76.2711,0,7,2,39.3,0,116.56,-0.165,77.27,823,2,Web,7,1700,220,700
2025-02-16,Jaipur,26.9124,75.7873,1,2,6,23.5,0,1189.79,0.403,56.8,2162,2,Web,2,1500,180,600
2025-06-25,Andaman,11.7401,92.6586,0,6,2,38.2,0,634.09,0.403,93.41,502,2,Web,5,900,120,300
2025-07-23,Leh,34.1526,77.5771,0,7,2,20.6,0,158.63,0.49,96.21,429,2,App,37,600,90,220
2024-11-01,Leh,34.1526,77.5771,0,11,4,2.1,0,369.94,0.23,101.96,337,2,App,7,600,90,220
2025-07-26,Varanasi,25.3176,82.9739,1,7,5,37.1,0,409.34,-0.522,51.93,1012,3,Web,1,1400,160,500
2024-04-13,Andaman,11.7401,92.6586,1,4,5,33.6,0,527.85,0.322,101.13,732,3,Agent,13,900,120,300
2024-12-23,Jaipur,26.9124,75.7873,0,12,0,17.8,0,442.47,0.468,58.4,1054,3,Kiosk,12,1500,180,600
2024-07-19,Manali,32.2432,77.1892,0,7,4,24.6,1,58.06,-0.424,71.15,577,2,App,27,1200,140,450
2025-06-24,Manali,32.2432,77.1892,0,6,1,24.9,0,418.23,-0.137,74.5,933,2,Web,5,1200,140,450
2024-05-11,Leh,34.1526,77.5771,1,5,5,18.2,0,148.2,-0.185,98.4,396,2,App,39,600,90,220
2025-03-14,Varanasi,25.3176,82.9739,0,3,4,28.2,0,90.46,-0.556,45.55,919,3,App,12,1400,160,500
2024-08-07,Leh,34.1526,77.5771,0,8,2,15.6,0,375.63,0.391,89.02,508,1,App,5,600,90,220
2024-08-03,Agra,27.1767,78.0081,1,8,5,32.9,0,262.5,-0.695,54.61,723,2,Web,13,1300,150,550
2025-03-29,Agra,27.1767,78.0081,1,3,5,26.6,0,152.44,-0.983,66.05,940,2,Kiosk,13,1300,150,550
2025-05-03,Leh,34.1526,77.5771,1,5,5,17.8,0,990.93,0.287,101.7,739,2,App,5,600,90,220
2025-07-23,Leh,34.1526,77.5771,0,7,2,17.4,0,168.72,0.657,97.37,423,2,Web,13,600,90,220
2025-01-26,Agra,27.1767,78.0081,1,1,6,16.6,0,291.48,-0.069,56.38,851,2,App,9,1300,150,550
2024-10-05,Andaman,11.7401,92.6586,1,10,5,22.5,1,377.15,-0.231,82.08,472,2,Kiosk,15,900,120,300
2025-03-13,Manali,32.2432,77.1892,0,3,3,16.0,0,577.54,-0.182,75.35,852,3,Kiosk,8,1200,140,450
2024-12-01,Kerala,10.8505,76.2711,1,12,6,19.6,0,208.01,-0.2,74.07,1220,2,Web,17,1700,220,700
2024-07-11,Agra,27.1767,78.0081,0,7,3,35.5,0,958.45,-0.975,57.02,870,2,Kiosk,8,1300,150,550
2024-02-11,Agra,27.1767,78.0081,1,2,6,21.4,0,418.56,0.091,63.05,1036,1,Agent,16,1300,150,550
2025-08-08,Agra,27.1767,78.0081,0,8,4,30.2,0,255.92,0.343,52.62,725,4,App,22,1300,150,550
2024-05-27,Varanasi,25.3176,82.9739,0,5,0,35.4,0,615.64,0.683,55.29,803,3,App,9,1400,160,500
2025-01-28,Goa,15.2993,74.124,0,1,1,22.0,0,1001.59,-0.408,82.74,1943,2,Web,22,2000,250,800
2024-07-30,Kerala,10.8505,76.2711,0,7,1,35.1,0,184.29,-0.523,67.61,1110,2,Agent,4,1700,220,700
2024-01-01,Manali,32.2432,77.1892,0,1,0,5.7,0,206.25,0.304,65.62,781,3,App,25,1200,140,450
2025-06-02,Goa,15.2993,74.124,0,6,0,40.6,0,123.09,-0.09,73.08,1061,2,App,8,2000,250,800
2024-06-04,Goa,15.2993,74.124,0,6,1,39.0,0,416.25,-0.12,76.89,1433,2,App,32,2000,250,800
2025-05-27,Manali,32.2432,77.1892,0,5,1,24.3,0,196.64,0.428,80.49,730,3,App,12,1200,140,450
2024-01-15,Andaman,11.7401,92.6586,0,1,0,19.3,0,180.11,0.748,94.14,341,3,Agent,4,900,120,300
2024-04-10,Goa,15.2993,74.124,0,4,2,34.5,0,412.9,0.006,84.05,1120,1,Agent,11,2000,250,800
2024-04-14,Andaman,11.7401,92.6586,1,4,6,33.1,1,326.7,0.265,88.37,582,2,Kiosk,10,900,120,300
2025-04-21,Agra,27.1767,78.0081,0,4,0,31.9,0,420.0,-0.17,59.65,864,2,Web,36,1300,150,550
2024-01-09,Jaipur,26.9124,75.7873,0,1,1,19.6,0,391.85,0.188,66.7,1115,2,Kiosk,12,1500,180,600
2024-05-02,Goa,15.2993,74.124,0,5,3,39.2,0,109.43,0.702,84.06,1230,2,Agent,16,2000,250,800
2025-06-09,Goa,15.2993,74.124,0,6,0,40.1,1,164.0,0.268,84.14,1100,1,Kiosk,26,2000,250,800
2024-08-09,Kerala,10.8505,76.2711,0,8,4,34.6,0,1043.76,-0.065,65.35,1099,4,Kiosk,18,1700,220,700
2025-02-06,Varanasi,25.3176,82.9739,0,2,3,22.5,0,224.12,0.194,54.37,674,2,Agent,7,1400,160,500
2025-07-16,Jaipur,26.9124,75.7873,0,7,2,38.1,0,282.77,-0.631,65.2,911,1,Kiosk,7,1500,180,600
2025-09-10,Goa,15.2993,74.124,0,9,2,29.8,0,556.11,1.0,77.06,1017,3,Kiosk,10,2000,250,800
2025-07-09,Andaman,11.7401,92.6586,0,7,2,37.3,0,32.78,0.266,94.12,275,4,Agent,4,900,120,300
2024-07-16,Andaman,11.7401,92.6586,0,7,1,37.1,0,1705.13,0.021,98.44,712,2,Web,8,900,120,300
2025-03-06,Leh,34.1526,77.5771,0,3,3,10.4,0,688.48,-0.371,100.35,433,2,App,2,600,90,220
2024-11-05,Jaipur,26.9124,75.7873,0,11,1,20.8,0,242.64,0.539,65.13,931,2,Agent,24,1500,180,600
2025-01-30,Leh,34.1526,77.5771,0,1,3,1.9,0,771.56,0.204,99.0,475,1,Kiosk,18,600,90,220
2025-09-02,Andaman,11.7401,92.6586,0,9,1,26.6,0,231.53,-0.391,85.43,257,2,Web,2,900,120,300
2025-02-23,Leh,34.1526,77.5771,1,2,6,5.7,0,459.99,-0.241,95.86,383,2,Agent,5,600,90,220
2024-10-09,Jaipur,26.9124,75.7873,0,10,2,21.8,0,437.34,1.0,61.21,845,1,Web,10,1500,180,600
2025-04-15,Manali,32.2432,77.1892,0,4,1,17.3,0,219.02,0.308,83.57,662,2,App,14,1200,140,450
2025-08-07,Kerala,10.8505,76.2711,0,8,3,33.4,0,682.95,-0.007,65.71,1081,2,Agent,21,1700,220,700
2024-05-03,Kerala,10.8505,76.2711,0,5,4,39.7,0,247.61,0.111,73.32,1191,1,Agent,8,1700,220,700
2025-07-05,Agra,27.1767,78.0081,1,7,5,35.9,0,444.01,0.428,62.21,1150,3,Kiosk,3,1300,150,550
2024-12-31,Varanasi,25.3176,82.9739,0,12,1,17.5,0,592.12,-0.015,53.38,1045,2,Agent,5,1400,160,500
2025-03-31,Andaman,11.7401,92.6586,0,3,0,29.6,0,403.01,0.34,92.12,539,3,App,7,900,120,300
2024-06-05,Goa,15.2993,74.124,0,6,2,40.4,0,665.05,0.433,87.72,1327,3,Kiosk,11,2000,250,800
2025-05-11,Jaipur,26.9124,75.7873,1,5,6,37.9,0,717.36,-0.906,68.45,1427,1,App,17,1500,180,600
2024-04-11,Varanasi,25.3176,82.9739,0,4,3,34.5,0,843.8,-0.695,54.43,1124,2,Agent,7,1400,160,500
2024-03-29,Agra,27.1767,78.0081,0,3,4,26.8,0,235.29,0.244,57.84,948,3,Web,5,1300,150,550
2024-01-12,Kerala,10.8505,76.2711,0,1,4,20.0,0,334.98,-0.091,74.83,1295,3,Agent,1,1700,220,700
2024-11-10,Andaman,11.7401,92.6586,1,11,6,16.8,0,143.38,-0.197,91.4,559,2,Kiosk,4,900,120,300
2025-03-16,Kerala,10.8505,76.2711,1,3,6,30.1,0,302.01,0.179,69.62,1761,3,Web,13,1700,220,700
2024-11-11,Kerala,10.8505,76.2711,0,11,0,19.4,0,603.62,-0.602,63.73,1141,2,Agent,9,1700,220,700
2025-07-09,Andaman,11.7401,92.6586,0,7,2,37.4,0,194.93,0.99,98.81,438,2,Kiosk,31,900,120,300
2025-07-09,Goa,15.2993,74.124,0,7,2,36.9,1,856.21,-0.465,76.56,1309,2,Agent,8,2000,250,800
2024-03-18,Manali,32.2432,77.1892,0,3,0,14.9,0,57.57,-0.284,80.97,612,3,Agent,6,1200,140,450
2025-07-17,Manali,32.2432,77.1892,0,7,3,22.7,0,478.49,0.623,79.68,826,3,Kiosk,10,1200,140,450
2024-10-11,Leh,34.1526,77.5771,0,10,4,5.0,0,279.77,0.123,93.48,333,2,App,3,600,90,220
2024-10-14,Leh,34.1526,77.5771,0,10,0,4.8,0,1233.56,-0.786,91.89,413,3,App,6,600,90,220
2025-05-08,Leh,34.1526,77.5771,0,5,3,19.0,0,376.67,0.1,108.76,355,2,Web,26,600,90,220
2025-03-28,Jaipur,26.9124,75.7873,0,3,4,27.9,0,134.43,1.0,68.71,806,2,App,10,1500,180,600
2025-08-02,Jaipur,26.9124,75.7873,1,8,5,33.6,0,824.87,0.382,67.18,1047,1,Kiosk,5,1500,180,600
2025-04-22,Agra,27.1767,78.0081,0,4,1,34.3,0,300.26,-0.081,63.8,856,2,Agent,8,1300,150,550
2024-08-23,Leh,34.1526,77.5771,0,8,4,14.0,0,454.83,-0.292,94.65,413,2,Agent,2,600,90,220
2025-04-28,Manali,32.2432,77.1892,0,4,0,19.1,0,315.47,-0.301,74.72,605,3,Web,1,1200,140,450
2024-02-26,Agra,27.1767,78.0081,0,2,0,23.0,0,450.44,-0.278,66.57,935,3,Kiosk,14,1300,150,550
2024-02-18,Andaman,11.7401,92.6586,1,2,6,22.4,0,306.38,-0.734,93.76,776,3,Agent,12,900,120,300
2024-04-12,Kerala,10.8505,76.2711,0,4,4,34.4,0,1230.05,-0.029,74.12,1797,2,Agent,5,1700,220,700
2025-04-05,Leh,34.1526,77.5771,1,4,5,14.3,0,221.49,-0.241,91.89,431,3,Kiosk,1,600,90,220
2025-03-14,Agra,27.1767,78.0081,0,3,4,26.8,0,502.19,0.811,66.24,1022,1,App,14,1300,150,550
2024-03-10,Kerala,10.8505,76.2711,1,3,6,29.6,0,198.15,-0.272,77.31,1409,3,App,1,1700,220,700
2025-01-08,Agra,27.1767,78.0081,0,1,2,18.1,0,444.02,0.272,53.77,1237,2,Web,17,1300,150,550
2024-03-21,Agra,27.1767,78.0081,0,3,3,26.9,0,193.29,0.543,62.3,609,1,App,6,1300,150,550
2024-05-08,Agra,27.1767,78.0081,0,5,2,35.6,0,464.64,0.261,60.56,906,1,Agent,4,1300,150,550
2025-01-05,Goa,15.2993,74.124,1,1,6,21.8,0,320.09,0.174,82.43,2251,3,App,20,2000,250,800
2024-10-09,Jaipur,26.9124,75.7873,0,10,2,23.5,0,1005.04,-0.192,60.86,1161,3,App,9,1500,180,600
2025-06-01,Agra,27.1767,78.0081,1,6,6,38.4,0,609.59,-0.028,63.3,1194,2,Agent,5,1300,150,550
2025-06-10,Jaipur,26.9124,75.7873,0,6,1,38.1,0,307.03,-0.04,64.87,1049,2,Web,21,1500,180,600
2025-02-16,Jaipur,26.9124,75.7873,1,2,6,23.2,0,1070.84,0.287,70.98,1392,3,App,5,1500,180,600
2025-02-17,Manali,32.2432,77.1892,0,2,0,11.0,0,272.66,-0.022,75.44,662,3,Web,10,1200,140,450
2025-05-18,Kerala,10.8505,76.2711,1,5,6,38.9,0,836.37,-0.023,71.59,2156,3,App,10,1700,220,700
2024-05-01,Kerala,10.8505,76.2711,0,5,2,36.7,1,697.97,0.319,75.02,1500,3,Web,8,1700,220,700
2024-12-30,Agra,27.1767,78.0081,0,12,0,15.9,0,276.22,0.064,55.65,648,3,Agent,4,1300,150,550
2025-02-10,Varanasi,25.3176,82.9739,0,2,0,22.2,0,760.09,0.033,53.71,1324,2,Kiosk,3,1400,160,500
2024-02-25,Manali,32.2432,77.1892,1,2,6,10.1,0,631.43,-0.247,81.3,959,2,App,22,1200,140,450
